project_id,team_id,total_commits,weekly_commits,inactive_days,overdue_tasks,bug_count,high_priority_bugs,task_completion_rate,code_quality_score,collaboration_score,overall_ci_score,progress_percentage,delay_count,risk_status
P0556,T019,229,28,25,6,34,4,56,43,38,50,45,4,High Risk
MR0492,T076,197,19,6,2,13,2,79,66,58,75,74,3,Medium Risk
P0528,T014,290,21,23,1,29,4,42,35,36,70,66,1,Medium Risk
MR0926,T082,213,13,8,2,8,1,64,78,67,53,77,2,Medium Risk
LR0990,T024,493,43,2,1,7,1,89,83,80,94,80,1,Low Risk
P0071,T025,149,24,25,5,36,7,82,39,52,94,22,2,High Risk
P1757,T059,258,25,10,3,19,7,83,47,27,32,84,2,Medium Risk
P0212,T047,496,19,12,10,7,7,55,62,71,68,18,1,High Risk
P0197,T046,117,56,23,5,24,10,93,64,37,93,76,2,High Risk
P0804,T063,475,3,21,11,26,7,42,47,65,37,59,9,High Risk
MR0410,T045,104,21,5,2,11,3,80,64,58,54,70,4,Medium Risk
MR0837,T006,170,19,5,4,5,2,69,63,50,71,63,2,Medium Risk
P1147,T076,64,20,10,3,11,10,55,41,33,64,53,4,High Risk
P1499,T065,454,4,9,9,27,4,40,41,84,26,79,9,High Risk
MR0859,T051,169,21,6,2,14,2,58,62,78,55,59,2,Medium Risk
MR0483,T049,213,22,5,2,19,4,66,56,61,75,58,1,Medium Risk
P1186,T028,21,44,1,15,26,9,95,64,50,72,83,6,High Risk
P0472,T047,175,47,5,12,0,8,95,77,75,25,65,2,High Risk
P0595,T044,172,15,17,2,11,10,49,43,66,94,89,8,High Risk
P0322,T068,435,31,10,7,5,0,95,90,45,76,93,2,Low Risk
P1418,T001,112,52,25,5,4,8,91,47,49,45,77,7,High Risk
P1675,T034,170,33,17,5,21,5,58,71,49,34,95,8,High Risk
MR0591,T033,210,12,10,3,15,4,56,63,62,65,53,1,Medium Risk
P1704,T030,171,6,25,1,25,10,92,73,40,34,98,5,High Risk
LR0541,T073,310,20,0,0,1,1,92,86,96,92,96,0,Low Risk
P0206,T022,25,26,13,15,15,6,40,35,92,44,32,6,High Risk
MR0888,T083,198,15,10,5,20,3,62,74,52,52,65,4,Medium Risk
MR0249,T081,181,16,6,4,19,4,56,55,50,55,64,1,Medium Risk
LR0132,T067,201,37,0,0,4,0,85,93,99,96,85,1,Low Risk
P1256,T069,128,5,22,2,15,7,98,82,92,47,89,4,High Risk
LR0300,T074,333,57,3,1,5,1,99,92,100,92,89,0,Low Risk
P1227,T049,302,34,18,15,3,5,51,85,41,80,29,5,High Risk
MR0919,T004,224,10,5,3,5,4,72,57,68,74,59,1,Medium Risk
LR0465,T018,207,24,0,1,7,0,98,88,86,86,99,0,Low Risk
LR0384,T045,357,31,2,0,7,0,98,97,96,84,83,1,Low Risk
P0150,T093,233,23,0,2,32,9,97,76,26,91,97,0,Low Risk
P0870,T080,387,56,7,11,19,1,52,63,44,67,40,9,High Risk
P1979,T016,480,4,13,3,10,1,31,67,56,76,12,9,High Risk
LR0457,T064,335,34,0,1,7,0,89,82,98,81,94,1,Low Risk
MR0866,T001,112,15,9,5,18,3,75,80,67,57,76,3,Medium Risk
LR0213,T043,457,45,0,1,0,0,99,80,98,87,98,1,Low Risk
P1007,T044,468,9,16,7,13,10,89,74,39,90,79,0,High Risk
MR0048,T035,115,15,9,4,9,4,69,61,80,70,83,2,Medium Risk
P0706,T003,447,52,1,11,30,1,41,61,61,43,40,9,High Risk
MR0144,T071,187,10,9,2,16,4,63,78,51,51,63,2,Medium Risk
MR0597,T032,171,22,10,4,14,3,74,74,74,76,82,1,Medium Risk
P1988,T001,191,18,11,14,34,4,69,41,57,25,93,9,High Risk
P0180,T067,435,21,21,3,34,7,81,34,70,60,27,9,High Risk
P0110,T063,425,30,5,11,29,0,52,76,84,84,51,9,High Risk
MR0079,T017,148,8,7,4,14,2,64,75,80,73,52,1,Medium Risk
P1056,T015,275,18,22,12,4,1,63,97,57,87,26,10,High Risk
MR0953,T090,180,23,10,4,5,1,80,68,52,54,55,1,Medium Risk
P0315,T043,456,17,19,13,26,1,48,61,77,58,72,5,High Risk
P1823,T059,95,39,0,13,20,0,36,69,21,44,95,1,Medium Risk
P0568,T016,26,30,13,9,23,2,77,54,48,94,32,5,High Risk
P0880,T041,83,16,23,5,38,0,62,30,94,20,70,2,High Risk
LR0231,T010,433,54,0,0,3,1,87,96,91,97,86,0,Low Risk
P1412,T072,312,6,16,0,32,9,89,99,80,65,12,10,High Risk
MR0225,T040,228,20,10,2,19,1,74,58,74,63,68,4,Medium Risk
MR0937,T090,233,12,5,2,8,1,69,68,70,58,77,4,Medium Risk
MR0250,T089,125,11,9,5,16,4,63,65,71,67,75,2,Medium Risk
P0930,T064,278,31,1,13,33,4,28,59,87,53,10,2,High Risk
LR0579,T075,485,56,2,1,6,0,87,97,89,88,98,0,Low Risk
MR0380,T081,177,24,6,5,6,1,71,77,57,63,78,4,Medium Risk
LR0293,T080,493,39,3,0,5,1,95,91,87,89,81,0,Low Risk
P1503,T080,297,17,11,4,14,9,64,51,57,25,95,7,High Risk
MR0783,T002,234,11,6,4,7,3,73,72,57,63,74,3,Medium Risk
P0606,T057,326,13,24,1,14,0,38,49,40,24,52,5,High Risk
P1989,T065,32,55,17,5,35,3,50,39,54,78,97,6,High Risk
P0015,T049,442,42,5,1,10,10,65,34,64,47,14,0,Medium Risk
P1262,T046,425,42,23,10,23,4,56,50,64,49,35,4,High Risk
MR0239,T041,239,8,10,2,15,3,69,69,53,61,80,2,Medium Risk
MR0319,T089,239,21,10,4,6,1,79,58,64,54,54,1,Medium Risk
P0009,T082,18,41,17,12,5,10,28,46,24,21,100,7,High Risk
P0890,T017,74,60,16,9,35,0,72,33,97,50,60,6,High Risk
MR0149,T006,168,20,9,3,11,4,70,59,70,70,61,3,Medium Risk
MR0552,T046,208,15,9,2,18,3,69,75,68,61,83,1,Medium Risk
P1445,T097,299,22,13,10,11,10,99,36,94,55,17,7,High Risk
P0394,T047,322,51,20,0,18,4,53,68,95,70,39,1,Medium Risk
P1583,T081,493,26,21,1,9,1,24,41,44,26,24,4,High Risk
LR0859,T067,363,35,1,1,5,1,92,100,89,95,97,0,Low Risk
P0539,T081,56,7,0,3,8,7,22,80,31,73,73,1,Medium Risk
P1488,T023,369,28,9,0,13,3,76,98,26,42,73,8,Medium Risk
P0808,T008,433,56,4,9,5,3,46,60,81,61,12,5,High Risk
MR0415,T069,88,22,9,5,7,1,74,69,65,60,68,3,Medium Risk
P0799,T097,472,51,11,1,20,4,55,74,96,71,31,0,Low Risk
MR0540,T099,148,13,9,3,16,4,62,62,73,78,72,4,Medium Risk
P1816,T098,349,6,2,13,40,5,54,100,87,86,78,3,High Risk
LR0330,T049,330,53,0,0,3,1,99,95,82,94,86,1,Low Risk
LR0648,T095,461,58,0,0,3,0,97,88,95,99,82,1,Low Risk
P1425,T012,20,46,9,7,37,3,30,76,76,71,37,8,High Risk
LR0360,T037,209,60,0,1,5,1,91,96,84,87,86,0,Low Risk
MR0322,T060,228,20,5,3,18,3,70,73,74,69,64,2,Medium Risk
P0788,T082,33,47,5,9,35,0,91,57,75,67,16,9,High Risk
P1993,T071,184,48,25,8,16,10,78,75,96,77,56,6,High Risk
P1117,T032,358,8,16,13,14,3,42,60,67,94,15,10,High Risk
P1321,T019,342,34,22,15,25,4,46,48,100,47,57,7,High Risk
MR0657,T021,153,8,9,2,13,2,60,57,51,73,55,3,Medium Risk
P1553,T037,321,4,16,4,22,4,97,78,100,21,41,5,High Risk
P0033,T081,427,20,13,13,33,0,20,95,70,93,88,5,High Risk
P0464,T068,230,50,12,7,17,8,68,44,60,31,66,8,High Risk
LR0516,T089,301,44,1,0,2,1,93,97,97,88,91,0,Low Risk
LR0296,T075,288,59,3,1,6,0,85,96,96,85,99,0,Low Risk
P0167,T044,101,39,4,3,37,2,33,43,54,30,83,6,Medium Risk
LR0863,T016,428,40,0,1,4,1,96,85,82,89,85,1,Low Risk
P0415,T063,400,53,6,13,16,1,81,41,68,52,34,8,High Risk
P0034,T017,288,60,21,11,4,6,24,61,99,75,69,9,High Risk
P0185,T069,439,45,25,15,20,1,96,47,28,99,51,6,High Risk
MR0023,T028,204,24,8,3,10,4,56,56,59,73,62,2,Medium Risk
MR0241,T019,198,11,4,4,13,1,60,63,55,71,51,2,Medium Risk
MR0302,T040,219,19,4,2,14,3,56,60,60,58,71,4,Medium Risk
P1953,T010,193,41,3,15,7,6,73,99,49,67,46,9,High Risk
MR0750,T086,124,9,5,2,5,3,74,67,57,54,51,4,Medium Risk
P1622,T099,46,10,20,2,10,1,24,41,90,20,58,9,High Risk
P1243,T091,55,2,24,12,39,5,63,60,58,53,74,0,High Risk
MR0550,T052,141,12,4,4,8,3,61,61,63,60,75,3,Medium Risk
P0722,T098,46,52,18,15,15,5,81,48,50,39,77,5,High Risk
P1175,T015,216,57,7,3,12,7,84,93,70,83,11,1,Medium Risk
P0671,T096,90,53,10,10,34,4,38,31,83,22,73,10,High Risk
MR0332,T055,239,21,7,4,15,1,62,79,76,55,60,3,Medium Risk
P1747,T027,372,23,8,3,20,4,54,92,61,60,95,8,High Risk
LR0425,T092,240,32,0,0,5,1,94,86,83,97,86,1,Low Risk
P1557,T063,370,52,12,4,35,0,82,41,71,74,90,1,Low Risk
LR0867,T047,234,56,1,0,3,1,92,93,91,99,93,0,Low Risk
MR0537,T007,219,16,9,3,12,3,75,64,55,58,65,2,Medium Risk
LR0585,T090,424,25,3,0,8,1,93,98,84,84,85,0,Low Risk
P1745,T064,36,22,23,6,33,4,89,92,45,80,54,2,High Risk
MR0868,T029,169,9,5,5,19,2,60,71,73,63,67,4,Medium Risk
P0719,T096,445,22,19,7,9,4,87,30,63,33,39,10,High Risk
P1371,T065,313,14,4,5,9,2,41,63,70,87,87,3,Low Risk
LR0980,T019,233,27,1,0,0,1,99,86,90,84,97,1,Low Risk
MR0931,T036,110,12,7,5,11,4,59,57,77,64,63,2,Medium Risk
LR0021,T073,469,51,3,1,3,1,96,88,90,98,91,1,Low Risk
LR0611,T088,370,60,1,1,1,0,98,96,91,98,87,0,Low Risk
P1627,T084,352,34,12,10,23,2,37,50,67,97,95,5,High Risk
LR0426,T054,448,28,2,0,0,1,87,96,83,92,87,0,Low Risk
MR0054,T008,166,21,6,5,14,2,61,78,67,66,55,3,Medium Risk
MR0008,T094,94,13,7,4,12,3,74,69,69,75,68,4,Medium Risk
P0600,T096,142,14,0,10,30,10,72,63,97,87,70,2,High Risk
P1748,T063,470,21,5,4,0,6,85,41,42,45,37,9,High Risk
LR0352,T084,485,36,1,1,2,0,87,90,98,90,88,0,Low Risk
P1430,T037,318,49,23,5,2,2,75,56,85,34,40,3,High Risk
P1115,T044,286,32,4,1,1,3,73,36,45,80,55,0,Low Risk
P0643,T019,223,33,1,3,3,10,20,91,44,86,37,2,Medium Risk
P0403,T008,445,59,7,4,32,3,29,89,40,91,71,10,High Risk
P0491,T013,204,32,7,11,34,6,99,52,81,78,80,3,High Risk
LR0500,T051,448,57,3,0,6,1,100,81,91,88,88,0,Low Risk
P1004,T098,234,12,4,1,19,10,59,37,92,71,57,1,Medium Risk
LR0115,T088,500,59,3,1,0,1,88,96,87,81,87,0,Low Risk
MR0485,T054,174,19,5,4,19,4,63,78,78,57,79,2,Medium Risk
P1879,T027,441,58,25,15,25,8,97,98,84,34,43,0,High Risk
LR0474,T090,201,28,2,0,0,1,97,96,100,96,88,0,Low Risk
P0271,T075,283,43,18,10,26,8,51,70,54,64,87,9,High Risk
LR0342,T096,327,52,0,0,7,1,100,84,80,90,85,0,Low Risk
MR0059,T033,84,11,7,4,20,2,69,62,76,57,83,2,Medium Risk
MR0199,T033,164,25,4,5,17,4,61,66,79,60,69,1,Medium Risk
P1045,T005,192,27,23,13,8,8,34,95,75,79,91,6,High Risk
MR0498,T051,144,24,9,4,13,4,70,57,53,68,65,3,Medium Risk
LR0794,T063,384,53,0,0,0,1,92,83,86,87,95,0,Low Risk
LR0393,T098,323,30,0,1,1,0,92,80,83,93,86,1,Low Risk
MR0471,T007,152,11,6,5,17,3,73,57,77,62,79,2,Medium Risk
MR0838,T039,186,10,8,4,10,3,78,76,69,62,69,2,Medium Risk
LR0359,T094,396,20,0,1,0,1,88,80,96,86,93,0,Low Risk
LR0335,T006,443,23,2,0,7,1,95,85,85,90,95,0,Low Risk
P0018,T047,397,49,9,1,9,7,32,48,99,58,47,4,Medium Risk
MR0655,T051,103,23,10,4,5,4,78,79,79,56,56,2,Medium Risk
P1211,T083,111,1,3,8,26,2,65,62,23,23,13,8,High Risk
LR0118,T030,389,25,0,1,5,1,86,98,84,90,86,1,Low Risk
P0230,T026,398,18,6,12,21,1,37,74,36,81,94,2,Medium Risk
P1118,T069,424,5,18,13,12,8,68,59,50,27,51,7,High Risk
P1293,T071,474,22,6,12,30,5,73,42,96,51,46,7,High Risk
P0496,T067,243,11,16,12,4,0,33,52,77,44,100,1,High Risk
MR0545,T072,84,18,4,4,13,4,79,61,74,55,71,3,Medium Risk
P0462,T084,442,2,23,1,25,8,86,76,33,95,78,2,High Risk
LR0904,T008,330,25,1,0,2,0,88,86,92,84,82,1,Low Risk
P1564,T046,191,12,16,1,25,5,56,88,89,53,77,5,High Risk
LR0554,T078,414,52,0,1,7,0,86,82,81,96,97,1,Low Risk
P0319,T061,88,52,19,3,30,8,77,94,45,37,49,2,High Risk
LR0454,T095,386,43,3,1,8,0,96,93,94,88,93,1,Low Risk
MR0266,T096,157,23,5,5,20,4,57,63,66,66,60,4,Medium Risk
LR0453,T081,246,37,3,1,0,0,91,85,88,91,89,0,Low Risk
P1492,T015,250,51,14,7,5,7,70,56,21,24,43,6,High Risk
MR0573,T057,182,15,4,5,8,1,63,78,68,60,63,3,Medium Risk
P1290,T046,252,43,21,8,16,0,79,43,40,56,96,3,High Risk
MR0323,T023,178,22,9,2,10,1,63,57,79,72,70,2,Medium Risk
MR0519,T069,189,15,4,3,13,2,58,66,73,73,73,1,Medium Risk
MR0394,T070,174,21,4,5,8,3,70,56,66,57,62,4,Medium Risk
LR0234,T021,380,27,3,1,5,0,98,80,91,84,100,1,Low Risk
P0658,T061,138,26,5,8,8,6,90,69,25,68,81,4,High Risk
P1057,T036,192,56,0,5,24,10,49,53,44,35,72,4,High Risk
LR0120,T084,222,25,0,1,5,0,88,92,80,93,85,0,Low Risk
MR0195,T016,250,14,7,2,12,1,61,74,56,57,62,1,Medium Risk
MR0895,T056,242,18,8,4,8,3,55,68,67,70,85,3,Medium Risk
P1663,T031,496,22,19,14,38,3,68,51,44,40,62,10,High Risk
P1331,T094,414,14,3,3,30,7,89,45,96,69,68,4,Medium Risk
P1179,T037,451,44,7,9,9,6,56,61,62,51,34,2,High Risk
MR0721,T006,89,20,10,3,7,3,58,69,58,61,74,2,Medium Risk
LR0158,T006,474,43,3,0,1,1,95,82,84,85,92,1,Low Risk
P0299,T048,79,32,24,13,36,0,39,32,67,99,71,4,High Risk
P0094,T093,406,60,2,4,32,3,40,59,36,46,78,7,Medium Risk
LR0405,T068,377,60,1,0,7,1,91,98,97,93,94,1,Low Risk
MR0549,T005,198,15,7,4,5,1,67,71,72,80,52,1,Medium Risk
P1576,T061,467,39,6,12,22,1,79,70,85,58,19,8,High Risk
MR0746,T093,116,9,5,4,9,3,63,74,73,76,62,1,Medium Risk
LR0887,T044,321,59,2,0,7,1,87,95,89,98,94,0,Low Risk
P1794,T093,77,36,18,0,34,8,35,96,32,77,65,4,High Risk
P0024,T098,365,17,9,2,12,3,67,79,71,26,86,0,Low Risk
MR0351,T029,83,19,8,4,16,3,70,71,80,50,84,3,Medium Risk
MR0624,T022,110,16,7,3,17,4,77,59,80,60,51,2,Medium Risk
P1732,T042,387,5,21,4,34,4,95,74,50,94,50,9,High Risk
P1085,T072,249,9,24,1,4,2,38,62,88,69,91,2,Medium Risk
MR0992,T032,224,12,6,4,17,3,74,60,66,64,62,2,Medium Risk
LR0666,T023,255,27,3,1,4,1,91,85,81,81,81,0,Low Risk
LR0379,T016,373,57,2,0,0,1,100,97,90,83,84,1,Low Risk
P1273,T051,283,55,2,3,35,6,73,60,86,24,91,10,High Risk
P0306,T009,195,40,3,10,29,10,36,98,39,65,57,10,High Risk
LR0903,T083,312,54,0,0,4,1,88,84,85,80,97,1,Low Risk
LR0762,T093,214,39,3,0,7,1,95,93,98,90,82,0,Low Risk
P0599,T052,442,13,18,7,19,0,79,73,93,90,47,1,Medium Risk
MR0880,T090,216,20,4,4,9,3,67,57,78,59,73,2,Medium Risk
P0872,T047,447,58,13,2,30,9,40,66,100,85,63,9,High Risk
LR0546,T049,225,41,2,0,5,1,100,93,100,81,88,0,Low Risk
LR0122,T005,354,51,0,0,5,1,95,86,83,91,87,1,Low Risk
P1361,T045,429,49,8,0,37,9,20,33,29,85,100,1,Medium Risk
P1937,T056,226,1,15,3,22,10,97,75,45,62,93,6,High Risk
LR0759,T027,316,29,1,0,0,1,85,94,84,98,99,1,Low Risk
MR0645,T025,213,13,7,3,6,4,65,75,72,63,50,4,Medium Risk
P1540,T059,193,33,22,14,30,8,68,58,38,84,100,4,High Risk
LR0211,T035,404,36,1,0,8,1,92,96,85,92,94,0,Low Risk
P1053,T096,484,19,22,3,10,10,52,63,92,94,76,3,High Risk
P1567,T083,136,46,12,10,40,6,90,43,47,56,26,7,High Risk
MR0247,T036,175,25,10,4,20,3,78,58,61,78,53,2,Medium Risk
P1927,T021,88,51,12,14,2,6,57,85,94,20,20,6,High Risk
LR0024,T009,234,44,0,0,3,0,96,80,94,82,92,0,Low Risk
P0409,T089,108,15,14,11,12,5,31,63,79,71,99,8,High Risk
P0100,T045,275,59,2,15,13,0,89,46,23,41,79,4,High Risk
P1212,T092,124,40,22,0,26,7,85,38,22,78,33,8,High Risk
P1433,T024,491,51,18,5,32,7,51,72,52,25,52,5,High Risk
P0316,T033,333,7,6,7,3,8,29,35,27,67,54,7,High Risk
P1174,T076,122,8,0,2,6,1,70,60,28,98,69,5,Low Risk
P1236,T025,276,47,1,8,10,2,22,80,48,95,70,1,Low Risk
MR0160,T079,242,23,8,5,19,4,77,74,50,75,82,4,Medium Risk
LR0733,T032,255,40,2,1,8,0,85,85,96,91,87,0,Low Risk
MR0973,T034,221,25,4,5,10,2,58,56,56,63,69,3,Medium Risk
MR0641,T054,138,22,9,2,11,2,59,68,53,72,79,3,Medium Risk
P0752,T021,346,27,9,2,3,3,40,43,76,37,26,8,High Risk
MR0116,T094,170,13,7,3,9,2,63,71,53,79,66,3,Medium Risk
P0157,T081,45,15,8,4,17,10,79,31,61,30,97,2,High Risk
LR0562,T005,412,30,3,1,4,1,85,81,85,89,89,1,Low Risk
P0121,T080,427,51,4,5,5,4,52,81,79,67,95,5,Medium Risk
P1455,T087,465,19,23,6,27,2,65,67,45,20,31,6,High Risk
P0512,T046,378,4,19,6,18,0,98,63,94,100,64,2,Medium Risk
P1518,T069,56,9,9,11,34,1,54,58,69,92,33,10,High Risk
MR0505,T062,162,12,9,5,9,1,67,73,51,79,74,2,Medium Risk
LR0017,T054,399,53,2,0,7,0,88,84,98,85,95,1,Low Risk
MR0441,T058,85,13,10,3,20,1,73,67,69,75,79,1,Medium Risk
LR0847,T089,346,24,0,1,8,0,100,80,81,89,91,0,Low Risk
P1603,T066,307,52,5,2,27,4,32,66,71,61,87,4,Medium Risk
MR0779,T087,147,24,6,2,9,2,67,80,60,65,66,1,Medium Risk
MR0804,T084,191,23,7,4,9,1,73,78,70,60,57,2,Medium Risk
P0677,T076,202,7,23,12,33,5,93,65,50,41,80,5,High Risk
P0241,T031,45,15,16,14,36,4,100,98,36,87,85,3,High Risk
P1024,T078,435,36,4,13,25,1,76,45,66,57,63,5,High Risk
LR0217,T057,200,53,1,0,7,1,88,89,89,97,80,0,Low Risk
P1512,T079,64,36,15,4,25,8,44,78,69,73,35,2,High Risk
LR0814,T075,444,32,1,0,5,1,85,89,86,92,99,1,Low Risk
MR0226,T061,82,12,9,5,9,4,61,60,55,52,78,1,Medium Risk
MR0800,T081,142,24,9,4,7,1,80,65,55,63,70,4,Medium Risk
MR0764,T096,92,21,7,4,18,1,65,80,50,70,69,2,Medium Risk
LR0883,T001,374,52,2,1,6,0,95,85,95,98,93,0,Low Risk
P0487,T065,432,3,21,4,24,6,98,69,40,59,97,8,High Risk
MR0362,T043,194,18,10,3,8,3,69,74,50,73,67,3,Medium Risk
P1874,T030,493,6,16,7,32,7,40,40,64,87,59,1,High Risk
LR0462,T010,355,37,1,1,5,0,89,94,80,97,84,1,Low Risk
LR0438,T044,379,52,1,1,4,0,93,95,86,89,80,1,Low Risk
P0355,T063,248,28,3,8,1,9,48,63,46,67,31,9,High Risk
P1018,T004,430,7,8,3,3,8,88,75,92,52,74,7,High Risk
MR0664,T076,130,15,10,4,14,4,74,62,80,78,83,3,Medium Risk
P1742,T059,219,9,13,15,17,0,64,74,62,60,42,6,High Risk
LR0331,T017,362,20,3,0,4,1,94,89,99,93,93,0,Low Risk
LR0404,T093,207,33,2,0,4,1,87,98,100,99,100,1,Low Risk
P1221,T015,179,19,1,11,31,9,69,95,82,59,49,10,High Risk
P0052,T084,104,54,14,11,29,0,88,70,77,68,18,8,High Risk
LR0723,T046,293,31,3,0,3,0,98,91,81,84,89,1,Low Risk
P1721,T002,346,2,11,7,36,0,76,93,56,84,94,0,Low Risk
P0074,T088,212,4,10,0,15,9,90,83,77,59,39,6,High Risk
P1689,T016,418,56,18,6,39,8,38,52,51,29,36,6,High Risk
LR0586,T031,377,30,0,1,8,1,94,94,87,97,83,1,Low Risk
P0439,T016,489,14,3,10,31,8,86,51,54,58,61,8,High Risk
P1475,T059,307,58,4,0,35,6,59,68,100,30,26,4,Medium Risk
LR0761,T045,217,28,0,0,2,0,100,89,84,84,84,1,Low Risk
P0803,T058,393,6,15,6,16,10,34,81,94,21,38,1,High Risk
P0466,T077,263,37,10,5,11,6,74,99,70,48,93,2,Medium Risk
MR0085,T031,144,22,7,3,7,2,74,79,63,54,52,1,Medium Risk
P1065,T054,22,14,21,12,9,0,29,61,26,92,84,9,High Risk
MR0911,T031,159,19,10,4,9,4,65,64,54,73,70,2,Medium Risk
P0158,T031,228,45,0,14,37,3,30,47,54,89,31,6,High Risk
LR0004,T080,370,46,3,1,0,0,90,95,85,84,96,1,Low Risk
P1654,T076,179,42,18,2,19,10,33,89,50,28,51,7,High Risk
P0053,T063,175,13,10,9,8,9,34,44,23,91,84,4,High Risk
P1345,T013,304,59,6,0,13,1,40,32,56,60,71,9,Medium Risk
P0221,T002,456,5,22,8,36,1,95,31,80,23,49,10,High Risk
P0565,T089,385,7,23,2,26,5,45,58,65,89,16,0,Medium Risk
P0027,T015,356,18,12,7,15,0,20,47,87,93,26,4,Medium Risk
P1584,T097,429,22,1,13,31,0,84,79,79,31,90,2,Medium Risk
LR0015,T094,442,36,1,1,1,0,98,88,81,89,82,1,Low Risk
P0215,T042,208,10,1,3,17,2,73,51,29,29,87,5,Low Risk
LR0058,T058,481,29,1,1,0,0,98,92,98,81,98,0,Low Risk
P0938,T005,146,20,7,11,21,8,31,54,59,87,63,8,High Risk
P0552,T083,76,32,4,9,27,7,90,76,80,59,26,5,High Risk
MR0027,T007,180,23,8,2,5,3,76,68,65,79,85,2,Medium Risk
LR0587,T088,299,44,0,1,5,0,93,95,82,85,93,1,Low Risk
P0326,T006,401,21,0,4,33,10,80,72,53,48,50,9,High Risk
MR0271,T037,106,9,8,2,5,1,56,80,78,78,65,1,Medium Risk
MR0976,T055,138,11,9,4,15,4,56,68,70,68,64,3,Medium Risk
P1671,T063,17,8,19,14,38,3,97,34,63,33,41,6,High Risk
P0830,T045,38,21,6,2,26,10,83,87,25,20,77,2,Medium Risk
MR0117,T100,231,18,5,4,6,4,77,60,69,69,57,2,Medium Risk
P0753,T067,160,22,20,2,18,8,63,96,43,62,97,8,High Risk
MR0703,T019,175,9,10,4,17,1,55,57,70,62,69,4,Medium Risk
MR0238,T002,179,9,4,3,5,2,57,77,59,74,79,3,Medium Risk
LR0477,T021,299,59,3,0,4,1,89,82,100,84,91,1,Low Risk
P0045,T083,470,6,19,6,34,5,78,77,91,80,41,3,High Risk
MR0988,T059,188,19,7,3,20,2,79,61,75,54,62,3,Medium Risk
P1554,T002,33,36,11,15,4,8,94,31,28,68,88,9,High Risk
P0502,T019,311,4,19,9,21,9,84,92,32,21,47,3,High Risk
LR0399,T001,423,52,2,0,0,0,86,89,81,89,91,0,Low Risk
P0977,T088,391,57,19,13,1,5,82,96,39,50,29,5,High Risk
LR0528,T062,246,30,2,0,5,0,99,89,92,99,89,1,Low Risk
P1193,T084,443,54,9,7,5,5,88,87,68,43,97,9,High Risk
P0811,T051,348,60,7,2,34,7,87,89,88,60,25,2,Medium Risk
P1000,T063,478,53,7,6,1,5,75,30,79,80,77,4,Medium Risk
P0569,T087,419,34,3,0,8,9,53,68,97,92,97,7,Medium Risk
LR0793,T032,326,50,3,0,2,1,85,98,95,85,88,1,Low Risk
MR0809,T042,137,25,4,2,8,4,78,74,73,60,65,1,Medium Risk
LR0032,T006,227,37,1,1,2,0,94,86,87,83,90,0,Low Risk
P0367,T027,153,4,10,14,10,3,47,87,62,78,71,8,High Risk
P0458,T100,301,42,8,13,18,7,70,43,22,79,28,2,High Risk
P0257,T037,33,37,5,8,3,5,43,82,90,86,78,3,Medium Risk
LR0187,T042,257,40,2,0,8,0,88,90,94,90,83,0,Low Risk
LR0271,T080,271,50,1,1,1,0,96,100,100,83,99,0,Low Risk
P1477,T052,121,34,12,14,7,5,53,67,39,24,90,10,High Risk
P0577,T074,238,45,17,2,16,3,35,52,93,21,70,7,High Risk
LR0340,T080,429,21,2,0,7,0,96,99,80,98,81,0,Low Risk
LR0141,T036,360,24,3,0,5,0,89,81,87,83,92,0,Low Risk
LR0283,T096,499,51,2,1,7,0,98,86,80,87,91,0,Low Risk
MR0737,T001,233,11,10,3,9,4,69,71,80,53,63,3,Medium Risk
P1765,T074,41,3,23,13,19,2,25,35,36,26,16,9,High Risk
LR0305,T041,277,54,1,0,6,0,98,95,88,97,84,1,Low Risk
LR0894,T058,250,42,0,0,6,1,93,99,85,93,95,0,Low Risk
P0292,T050,396,56,16,5,15,1,26,72,68,59,39,8,High Risk
P0730,T036,477,12,12,12,39,4,80,60,88,85,96,2,High Risk
P1614,T029,194,34,7,4,39,9,79,88,30,44,66,1,Medium Risk
P0135,T082,365,30,15,2,26,1,43,32,45,28,74,5,Medium Risk
P1511,T007,56,17,5,9,1,6,55,67,41,39,92,5,High Risk
MR0222,T011,211,21,5,4,9,1,79,57,62,79,60,4,Medium Risk
P0681,T063,176,54,14,2,26,8,68,90,77,28,47,4,High Risk
MR0474,T005,202,9,6,2,11,1,67,58,54,76,53,2,Medium Risk
P0264,T046,245,7,21,4,13,1,74,37,69,89,24,7,High Risk
LR0429,T034,214,42,1,0,3,0,94,99,98,94,85,0,Low Risk
MR0350,T087,93,13,4,5,16,3,76,66,50,68,80,4,Medium Risk
LR0242,T039,294,22,1,1,1,1,87,81,93,100,86,0,Low Risk
P0765,T023,460,10,9,13,31,1,27,81,54,74,45,1,High Risk
P0057,T077,14,3,0,3,4,0,70,66,51,61,87,9,Low Risk
LR0785,T074,499,27,0,0,6,1,92,96,82,81,90,1,Low Risk
P0683,T038,41,20,10,9,5,4,45,67,31,92,42,1,Medium Risk
P1294,T017,377,21,10,8,2,7,71,34,96,93,28,8,High Risk
LR0186,T017,384,57,0,1,0,1,90,94,87,98,99,0,Low Risk
P1310,T019,326,12,21,13,13,8,52,32,53,97,69,10,High Risk
MR0401,T061,208,23,7,4,14,4,75,70,74,53,74,2,Medium Risk
P0545,T077,284,21,11,5,27,7,92,96,26,81,52,7,High Risk
P1861,T086,230,30,20,5,8,6,77,36,48,40,61,9,High Risk
LR0709,T084,437,26,2,0,1,1,100,98,93,82,98,1,Low Risk
MR0932,T047,161,25,6,3,7,2,67,75,58,72,85,1,Medium Risk
P1729,T018,377,1,21,3,34,4,79,98,79,91,75,1,Medium Risk
LR0346,T096,410,54,0,1,0,1,88,86,86,98,90,0,Low Risk
P0839,T083,252,29,25,10,13,1,47,48,47,55,71,8,High Risk
P0171,T003,472,36,1,4,9,7,46,63,42,26,11,0,Medium Risk
LR0025,T055,462,51,0,1,7,0,94,95,90,90,81,0,Low Risk
MR0847,T064,129,25,10,5,9,3,80,79,51,75,67,2,Medium Risk
MR0585,T098,230,13,9,3,12,1,56,72,77,61,71,1,Medium Risk
P1551,T034,263,51,0,9,18,3,49,88,67,91,59,7,Medium Risk
P1589,T066,300,53,11,8,11,4,64,50,71,42,58,7,High Risk
LR0764,T038,332,41,0,0,3,1,91,98,94,89,80,0,Low Risk
P0189,T016,383,15,5,3,38,6,91,69,74,21,57,10,High Risk
P0013,T004,112,8,9,9,25,7,97,55,40,99,95,6,High Risk
MR0839,T082,241,9,7,4,18,3,56,62,54,56,77,3,Medium Risk
P0323,T073,268,8,21,11,5,1,63,89,31,44,31,10,High Risk
P0986,T093,483,45,15,3,21,10,25,59,20,22,23,7,High Risk
MR0630,T006,161,24,10,3,12,1,62,67,57,71,61,4,Medium Risk
P0433,T066,17,23,23,12,6,8,70,31,25,69,29,2,High Risk
P1092,T062,265,26,2,5,36,10,44,89,94,74,20,0,Medium Risk
LR0895,T069,206,57,1,1,6,1,89,98,83,81,82,0,Low Risk
LR0837,T077,213,42,2,0,2,1,95,95,94,82,93,0,Low Risk
LR0892,T082,468,35,0,0,6,0,86,98,97,93,84,1,Low Risk
LR0239,T066,453,51,3,1,3,1,85,87,82,98,96,0,Low Risk
MR0124,T014,85,19,9,5,8,1,68,68,72,64,53,2,Medium Risk
MR0685,T071,236,10,9,4,8,1,78,59,78,76,59,3,Medium Risk
P1806,T074,16,55,16,0,30,7,93,53,70,84,99,9,High Risk
P1316,T007,418,56,11,13,14,1,65,77,65,94,56,1,High Risk
LR0958,T035,470,30,0,1,8,0,89,91,87,82,91,1,Low Risk
P1097,T014,68,16,15,9,22,1,42,55,64,83,20,6,High Risk
P1946,T065,245,27,14,0,21,9,99,37,74,35,86,8,High Risk
P1033,T044,184,1,23,12,34,3,45,63,91,85,60,7,High Risk
P1019,T018,442,34,9,9,32,9,89,42,97,84,66,6,High Risk
P0239,T001,235,16,21,11,2,2,97,68,70,20,94,0,High Risk
P0175,T065,428,19,5,15,23,4,55,50,66,43,21,10,High Risk
LR0241,T067,495,42,1,1,7,1,93,96,81,91,95,1,Low Risk
LR0568,T079,259,47,0,1,0,1,100,97,97,96,82,0,Low Risk
P0819,T058,116,46,5,1,3,10,90,54,76,65,32,3,Medium Risk
P0991,T083,435,31,9,13,29,0,44,61,92,55,89,9,High Risk
P1917,T052,57,13,11,3,3,8,52,68,32,64,11,10,High Risk
P1114,T059,166,8,22,1,16,5,26,45,95,88,45,2,High Risk
P1379,T081,428,53,10,10,38,2,59,36,25,95,36,8,High Risk
P1427,T036,450,23,3,3,3,10,53,97,25,33,78,5,High Risk
P0411,T011,140,7,5,2,6,4,30,78,47,37,74,6,Medium Risk
P1139,T075,244,55,7,3,38,0,59,57,64,81,35,0,Low Risk
P0818,T071,397,57,0,3,34,9,21,83,88,20,24,2,Medium Risk
LR0963,T013,222,48,3,1,2,0,89,100,93,96,91,0,Low Risk
P1733,T063,500,11,11,13,37,10,81,43,93,66,37,9,High Risk
LR0349,T064,477,27,3,1,0,1,87,99,88,100,82,0,Low Risk
P1451,T027,463,26,4,6,21,7,41,57,25,58,79,5,High Risk
P0228,T059,82,21,10,10,17,7,85,38,43,86,19,6,High Risk
LR0701,T078,499,50,2,0,7,1,93,84,99,96,87,0,Low Risk
P1581,T080,397,27,4,14,14,6,43,57,20,65,98,1,High Risk
P1162,T036,170,8,24,10,23,9,93,77,43,91,13,4,High Risk
P0352,T051,219,45,13,3,8,8,90,77,23,94,90,4,Medium Risk
P1394,T078,471,51,15,10,11,0,86,30,54,81,89,3,Medium Risk
P1264,T075,363,15,18,3,16,7,47,93,77,73,34,10,High Risk
P1238,T087,233,11,16,8,9,10,57,98,77,51,36,0,High Risk
P1201,T090,280,35,3,14,35,8,84,39,58,41,86,4,High Risk
LR0179,T050,420,28,2,0,6,1,98,90,81,92,97,0,Low Risk
LR0467,T007,331,60,2,1,4,0,99,82,83,83,87,1,Low Risk
LR0011,T007,297,48,0,0,2,0,95,84,81,88,81,0,Low Risk
P1378,T024,56,57,10,13,39,4,35,85,81,72,85,7,High Risk
P0070,T006,103,26,2,4,3,8,71,58,49,21,84,7,High Risk
MR0598,T089,115,21,9,4,11,3,80,59,74,77,72,3,Medium Risk
P0046,T016,441,32,14,9,33,3,22,55,39,49,88,5,High Risk
P1069,T099,201,47,9,10,33,3,20,59,69,73,23,10,High Risk
MR0494,T089,142,15,10,2,5,2,64,67,63,64,83,3,Medium Risk
P0184,T034,156,53,24,11,22,0,37,100,75,99,62,1,High Risk
LR0251,T059,312,51,3,0,2,1,88,88,85,97,86,0,Low Risk
P1414,T024,406,16,16,2,24,2,60,91,52,57,91,2,Medium Risk
P1587,T051,19,8,0,9,16,10,77,30,64,52,39,0,High Risk
P1271,T020,245,43,2,14,36,5,37,42,43,71,27,10,High Risk
P1415,T075,287,20,16,0,7,6,38,71,43,35,63,3,High Risk
P0140,T089,62,34,5,6,2,2,43,40,54,39,49,9,High Risk
MR0354,T066,98,14,4,4,13,4,73,66,61,61,82,4,Medium Risk
MR0212,T020,210,20,10,5,20,3,76,77,64,71,64,1,Medium Risk
P0310,T046,349,12,12,0,17,1,34,40,31,63,61,5,Medium Risk
P0267,T085,159,3,24,1,15,8,27,97,99,79,61,7,High Risk
MR0151,T030,184,9,10,4,5,1,59,73,60,74,82,4,Medium Risk
LR0169,T090,405,21,2,0,3,1,90,98,87,95,87,0,Low Risk
MR0208,T057,148,10,5,3,7,1,75,72,70,57,69,3,Medium Risk
P0064,T081,438,45,2,12,31,5,58,78,60,28,39,4,High Risk
LR0572,T004,345,31,2,1,0,0,92,80,92,87,90,0,Low Risk
P1992,T075,455,41,12,14,37,9,38,94,64,22,37,3,High Risk
P1579,T071,482,18,6,0,10,8,86,67,58,70,21,1,Low Risk
LR0683,T064,306,44,2,1,5,1,90,89,97,82,80,1,Low Risk
P0145,T020,419,12,13,7,12,5,95,85,21,48,96,1,Medium Risk
MR0457,T097,123,25,5,3,14,3,76,78,56,74,67,4,Medium Risk
MR0402,T047,201,17,5,5,5,2,80,79,54,70,58,3,Medium Risk
MR0993,T077,233,10,8,4,13,1,79,68,60,55,54,1,Medium Risk
P1406,T007,439,16,18,13,14,1,73,82,78,64,37,6,High Risk
MR0667,T041,90,18,8,2,18,2,80,58,69,54,64,1,Medium Risk
LR0580,T004,471,28,3,1,8,1,91,90,97,85,80,0,Low Risk
P0777,T070,142,42,2,13,9,6,96,73,22,79,57,1,Medium Risk
LR0172,T095,437,41,1,1,3,1,89,100,82,93,81,1,Low Risk
MR0025,T008,199,18,6,4,10,4,73,72,62,68,64,3,Medium Risk
P1965,T033,234,1,15,1,31,1,24,93,69,94,53,5,Medium Risk
P0970,T098,49,29,2,2,29,2,90,87,96,21,60,5,Low Risk
LR0282,T088,288,26,1,0,8,0,86,82,100,80,95,0,Low Risk
P0252,T088,18,47,22,12,35,1,37,88,61,26,13,2,High Risk
MR0615,T028,250,19,6,2,5,1,63,77,71,74,58,3,Medium Risk
P0865,T093,366,17,8,4,21,10,88,97,55,66,64,0,Medium Risk
P0810,T038,493,1,7,0,40,10,31,83,33,25,82,6,High Risk
P1599,T093,243,5,7,2,23,4,75,30,33,32,73,10,High Risk
LR0593,T069,415,30,0,0,0,1,90,89,97,84,93,0,Low Risk
MR0493,T091,249,10,5,5,16,2,55,62,68,78,85,4,Medium Risk
P1299,T091,65,17,1,2,29,1,80,57,89,47,53,8,Low Risk
MR0871,T049,187,13,7,2,7,2,73,68,72,71,74,3,Medium Risk
P0280,T099,408,29,4,0,4,1,71,90,61,79,17,8,Low Risk
P1462,T034,309,40,9,7,13,1,65,58,54,68,11,4,Medium Risk
P1423,T046,238,2,23,14,19,6,47,97,72,67,84,0,High Risk
MR0284,T004,128,9,4,3,11,3,65,71,76,70,52,2,Medium Risk
P1573,T035,237,18,4,7,28,3,64,94,74,36,15,7,High Risk
P0359,T014,379,2,23,3,26,5,57,48,68,98,18,0,Medium Risk
MR0928,T021,156,20,6,2,20,3,55,77,72,50,64,3,Medium Risk
P0300,T021,224,15,20,11,40,9,25,40,97,46,28,3,High Risk
P1076,T026,49,17,15,6,13,9,62,69,91,80,90,9,High Risk
P1030,T054,163,33,2,14,0,7,29,54,41,42,56,6,High Risk
P0535,T034,17,52,22,5,2,4,54,83,85,42,16,7,High Risk
MR0318,T028,197,10,10,5,20,3,72,64,70,79,85,3,Medium Risk
MR0253,T074,185,22,7,2,20,4,64,63,80,66,63,1,Medium Risk
P1771,T013,104,59,13,15,32,10,89,37,91,32,99,5,High Risk
LR0919,T072,289,22,0,1,7,0,85,85,95,83,83,1,Low Risk
P0416,T012,94,22,0,4,8,4,74,71,56,37,76,6,Medium Risk
P0840,T042,73,25,14,9,24,4,95,89,70,36,43,8,High Risk
LR0628,T027,237,37,3,1,5,1,96,94,85,89,81,0,Low Risk
MR0805,T095,208,23,10,4,6,2,78,57,77,59,69,2,Medium Risk
P1043,T032,419,57,17,9,10,8,95,78,26,28,93,9,High Risk
P1498,T072,253,33,12,1,0,4,49,96,65,33,35,1,Medium Risk
P1399,T018,296,12,1,11,36,9,95,30,22,83,46,5,High Risk
P0309,T076,388,53,15,3,26,6,23,74,43,22,81,1,High Risk
P1533,T028,454,6,3,3,36,3,81,80,86,72,88,7,Medium Risk
LR0488,T044,407,23,0,0,5,0,100,99,85,87,100,1,Low Risk
MR0285,T030,222,20,5,4,19,4,79,73,61,57,78,2,Medium Risk
LR0619,T054,223,41,3,0,2,1,88,84,93,87,80,1,Low Risk
P1074,T026,21,22,0,3,37,6,62,92,90,41,29,3,Medium Risk
MR0300,T063,81,13,10,5,16,1,60,74,78,69,54,4,Medium Risk
MR0053,T095,104,23,4,5,9,2,68,71,71,65,68,4,Medium Risk
MR0518,T026,102,24,5,2,6,3,63,80,70,56,64,3,Medium Risk
P0762,T004,116,4,1,15,25,9,58,38,35,45,67,1,High Risk
LR0772,T086,250,42,0,0,7,0,91,97,87,92,94,1,Low Risk
P1111,T035,86,15,2,11,4,6,61,76,45,69,76,2,High Risk
P1877,T007,477,8,8,15,8,5,51,78,78,20,45,10,High Risk
LR0054,T082,495,22,3,1,6,0,99,80,80,85,81,0,Low Risk
P0059,T084,28,4,5,15,26,9,95,39,98,94,39,10,High Risk
P0077,T061,134,14,8,5,40,0,59,69,62,70,74,5,Medium Risk
P0369,T002,381,8,9,13,21,9,23,55,94,23,71,8,High Risk
LR0430,T031,312,45,3,0,7,1,92,88,88,89,93,0,Low Risk
MR0201,T088,211,11,7,3,15,1,71,72,77,68,61,3,Medium Risk
P0734,T094,73,38,18,15,35,9,83,35,25,92,15,5,High Risk
MR0830,T095,202,24,10,5,14,4,73,55,72,51,80,2,Medium Risk
LR0320,T053,281,52,2,0,5,0,100,85,86,100,88,0,Low Risk
LR0385,T079,424,41,2,1,4,1,90,81,88,86,86,1,Low Risk
LR0731,T020,331,58,1,1,4,0,87,91,81,97,92,1,Low Risk
P1840,T073,392,32,12,6,27,6,27,43,38,20,15,10,High Risk
LR0665,T030,451,48,0,1,0,1,94,91,96,90,82,0,Low Risk
P0125,T025,21,57,6,15,18,4,55,48,88,98,91,9,High Risk
MR0473,T036,227,22,10,3,5,2,77,60,67,64,77,4,Medium Risk
MR0732,T003,151,19,7,5,10,1,76,69,58,61,65,3,Medium Risk
LR0257,T092,379,24,0,0,0,1,92,89,81,95,81,0,Low Risk
LR0314,T018,429,54,0,1,3,0,92,87,86,88,99,0,Low Risk
P0430,T036,198,17,6,7,37,5,33,85,33,52,27,3,High Risk
P1974,T067,224,44,10,3,9,5,85,96,92,67,50,10,High Risk
MR0954,T007,104,19,4,2,9,1,56,69,54,67,53,2,Medium Risk
P0817,T038,365,2,20,12,22,6,27,97,54,96,41,7,High Risk
LR0717,T021,315,25,0,1,1,0,87,81,82,81,81,1,Low Risk
MR0056,T034,82,17,6,4,20,2,59,66,53,73,63,2,Medium Risk
P1692,T064,331,40,18,1,1,7,41,83,84,62,84,9,High Risk
P0388,T076,357,3,3,14,37,2,89,49,64,95,34,8,High Risk
P0031,T094,297,4,13,0,15,9,59,55,22,97,48,5,High Risk
P1176,T022,249,57,16,7,13,2,69,93,79,22,86,6,High Risk
P0204,T098,178,44,0,13,2,5,66,60,31,99,44,4,High Risk
P1026,T098,403,39,4,7,37,1,29,63,40,61,47,6,Medium Risk
MR0858,T098,227,12,4,4,13,4,79,57,68,56,85,4,Medium Risk
MR0758,T057,146,17,9,5,16,3,63,71,80,59,80,3,Medium Risk
P0894,T014,174,33,3,8,13,4,56,52,38,87,12,3,Medium Risk
LR0679,T045,239,36,0,1,3,0,100,87,86,98,100,1,Low Risk
LR0667,T096,431,27,0,0,6,0,92,96,92,88,95,1,Low Risk
P0479,T088,360,11,9,5,28,7,47,66,25,30,52,6,High Risk
P1685,T082,125,19,11,0,31,0,46,43,38,84,33,5,Low Risk
P1351,T056,199,53,9,4,18,4,98,49,90,67,71,8,Medium Risk
P0444,T015,197,6,23,8,23,7,100,74,67,56,76,1,High Risk
LR0771,T029,347,24,1,1,4,1,96,98,82,86,85,0,Low Risk
P1339,T012,60,33,25,6,8,6,31,76,66,39,53,4,High Risk
P0193,T013,342,45,21,13,23,10,50,35,81,34,13,1,High Risk
LR0970,T028,216,27,0,1,6,1,85,94,99,87,82,0,Low Risk
P1129,T071,293,29,4,6,29,0,89,81,51,25,52,9,Medium Risk
P0007,T011,117,57,8,15,23,1,32,69,86,83,66,4,High Risk
P0440,T032,109,33,19,6,22,0,91,81,72,88,42,6,High Risk
P0290,T077,39,54,10,14,17,2,68,66,51,78,72,9,High Risk
P1107,T049,72,26,23,1,7,8,24,68,55,63,36,2,High Risk
MR0694,T089,104,13,10,2,16,2,57,78,71,52,63,1,Medium Risk
MR0417,T094,165,17,8,5,12,4,65,80,70,74,51,3,Medium Risk
MR0941,T049,198,11,7,4,9,1,73,71,76,79,57,4,Medium Risk
P1922,T001,170,26,10,8,40,3,41,70,92,97,54,4,High Risk
LR0478,T054,456,31,0,1,4,0,89,87,93,95,93,1,Low Risk
LR0368,T085,492,53,0,1,6,0,98,91,92,92,93,0,Low Risk
P1736,T041,88,41,24,12,37,5,92,79,34,73,51,6,High Risk
LR0685,T066,291,32,2,1,8,1,97,86,100,85,91,1,Low Risk
MR0883,T090,214,8,4,3,13,4,59,59,74,59,56,2,Medium Risk
P0195,T006,12,7,10,11,11,5,84,75,74,20,64,2,High Risk
P0451,T004,96,3,13,1,33,2,36,95,40,70,90,6,Medium Risk
P1594,T096,61,16,25,2,17,0,43,52,59,90,98,10,High Risk
P1106,T044,422,58,7,8,11,10,92,33,69,65,76,7,High Risk
P0030,T037,102,41,15,8,20,9,46,63,45,67,51,3,High Risk
P0786,T007,468,31,4,10,25,6,55,63,24,66,86,6,High Risk
MR0998,T067,91,11,9,2,11,1,57,58,52,74,70,2,Medium Risk
LR0623,T092,488,48,1,1,5,0,94,80,83,100,84,1,Low Risk
LR0908,T069,232,50,0,0,4,0,97,84,90,98,100,1,Low Risk
MR0388,T059,245,16,6,4,18,1,58,72,67,64,50,2,Medium Risk
MR0787,T089,104,14,8,3,14,2,62,62,59,65,71,2,Medium Risk
P0882,T076,291,50,9,9,9,4,27,96,33,76,42,6,High Risk
MR0700,T072,118,23,5,3,7,3,65,80,69,58,81,4,Medium Risk
LR0370,T047,385,47,1,0,3,0,87,91,86,84,89,1,Low Risk
LR0737,T021,246,26,1,1,0,1,92,88,100,81,83,1,Low Risk
MR0595,T036,145,19,8,2,18,2,60,74,55,51,50,2,Medium Risk
P0223,T099,252,23,10,7,7,5,30,51,70,86,23,0,Medium Risk
P1996,T099,112,24,17,14,40,2,28,85,39,79,57,6,High Risk
P1718,T070,240,25,3,15,8,6,71,32,94,55,92,4,High Risk
P0574,T030,41,37,17,1,16,2,86,41,23,48,46,3,Medium Risk
MR0329,T035,130,15,4,5,18,1,76,78,71,73,58,4,Medium Risk
MR0378,T013,98,12,10,2,20,1,55,66,50,64,67,4,Medium Risk
P1538,T099,157,17,9,1,8,7,85,39,68,67,84,7,Medium Risk
P1259,T074,363,48,6,11,0,3,32,37,21,36,26,2,High Risk
LR0755,T013,286,42,3,1,2,1,99,86,86,84,81,0,Low Risk
P1346,T063,156,26,23,2,17,1,53,56,86,39,51,5,High Risk
P0081,T097,34,4,18,13,23,2,74,99,90,73,47,4,High Risk
P0258,T059,499,35,10,13,36,8,76,70,64,21,41,8,High Risk
P0296,T042,438,38,19,1,22,7,97,39,52,89,62,8,High Risk
LR0093,T052,261,41,0,1,5,0,85,86,87,82,82,0,Low Risk
P1035,T069,150,30,23,11,12,2,47,53,25,23,19,9,High Risk
P1546,T022,254,15,13,11,40,8,58,74,34,23,69,8,High Risk
P1841,T080,339,51,8,14,28,4,49,98,86,84,86,7,High Risk
P1741,T008,208,17,0,13,36,4,21,81,58,53,38,6,High Risk
LR0376,T023,235,22,3,1,3,1,97,96,99,99,82,1,Low Risk
P0655,T096,108,31,17,2,14,6,66,75,40,71,99,3,High Risk
LR0777,T055,225,41,0,0,8,1,87,88,89,96,97,1,Low Risk
LR0856,T065,391,36,1,1,1,0,100,83,100,93,98,0,Low Risk
LR0326,T055,242,39,1,1,1,1,85,100,82,91,97,0,Low Risk
MR0183,T057,234,14,6,5,20,3,71,77,75,76,51,2,Medium Risk
MR0568,T033,183,16,5,4,18,3,65,77,79,70,68,2,Medium Risk
MR0571,T084,97,23,6,4,18,4,66,80,50,60,82,3,Medium Risk
LR0813,T053,420,50,2,0,8,0,100,100,89,97,89,0,Low Risk
LR0531,T039,305,20,3,0,4,0,99,97,97,85,82,0,Low Risk
P0656,T042,211,16,8,4,10,8,53,75,92,51,69,2,High Risk
P1910,T014,287,34,10,3,21,1,45,46,31,57,99,6,Medium Risk
P1746,T040,17,24,4,7,37,7,100,71,35,96,73,8,High Risk
LR0416,T097,436,38,3,1,8,0,86,87,100,88,91,1,Low Risk
LR0214,T011,316,60,2,0,0,1,99,100,80,88,93,0,Low Risk
P0412,T029,296,41,10,8,4,2,26,42,65,36,39,0,Medium Risk
P0979,T031,107,9,11,0,32,0,86,65,20,84,94,10,Medium Risk
P1172,T048,230,49,14,13,37,1,76,54,78,84,72,1,High Risk
P1432,T014,354,47,22,7,39,1,54,69,67,90,88,2,High Risk
P1075,T056,115,16,11,6,9,10,23,87,28,76,37,3,High Risk
P1023,T040,216,33,23,3,32,5,49,84,94,49,16,10,High Risk
MR0227,T072,210,10,4,4,12,2,61,65,52,52,66,3,Medium Risk
P0721,T047,400,24,7,0,4,8,66,70,31,52,68,7,High Risk
P0153,T061,169,9,3,3,33,10,38,30,65,81,20,8,High Risk
P0949,T006,207,30,6,9,12,0,80,40,85,75,73,2,Medium Risk
LR0358,T063,316,35,1,1,6,0,86,88,94,94,85,0,Low Risk
P1831,T086,102,43,9,5,6,4,99,33,29,56,84,7,High Risk
P0103,T058,84,59,22,0,14,1,80,44,88,28,12,0,Medium Risk
MR0456,T080,231,10,9,2,19,1,61,59,72,60,63,2,Medium Risk
P0732,T093,42,11,7,9,28,8,73,92,44,72,38,7,High Risk
P0240,T066,63,59,12,7,7,3,70,92,35,42,42,0,Medium Risk
MR0352,T066,129,23,9,3,11,2,73,61,58,57,52,4,Medium Risk
LR0974,T001,472,47,0,0,5,1,91,92,83,99,90,1,Low Risk
P1728,T098,25,51,6,7,17,5,55,65,87,28,31,5,High Risk
LR0094,T058,261,42,1,0,1,1,95,91,81,98,80,1,Low Risk
LR0841,T053,458,51,0,0,0,1,90,92,90,86,93,1,Low Risk
P0858,T076,290,54,4,15,6,4,63,52,74,46,34,4,High Risk
P1158,T041,402,35,4,10,22,5,39,31,85,52,32,3,High Risk
P0863,T005,43,58,14,3,17,4,87,80,36,92,33,2,Medium Risk
LR0520,T025,328,52,3,1,0,0,93,86,96,82,88,1,Low Risk
LR0848,T099,348,56,2,1,4,0,89,94,94,88,87,1,Low Risk
LR0726,T070,300,47,2,0,6,0,85,85,88,82,95,0,Low Risk
MR0793,T050,241,20,9,4,5,1,65,63,57,56,74,2,Medium Risk
P0756,T047,117,13,4,1,14,4,88,100,71,50,39,3,Low Risk
P0333,T066,472,25,16,5,26,1,63,39,58,67,87,0,Medium Risk
P0745,T025,262,20,9,10,23,6,43,94,70,81,56,8,High Risk
MR0289,T087,80,10,5,2,20,2,78,62,66,70,51,3,Medium Risk
LR0644,T082,440,37,0,0,5,1,92,87,98,94,97,0,Low Risk
LR0275,T013,206,35,2,0,8,0,93,83,82,88,84,0,Low Risk
MR0632,T001,123,13,5,4,9,4,64,78,59,67,69,3,Medium Risk
MR0803,T084,159,25,9,4,13,1,58,69,72,73,50,4,Medium Risk
MR0780,T037,95,13,5,5,17,3,75,63,56,52,61,2,Medium Risk
MR0129,T007,106,18,4,4,16,3,67,64,60,53,70,2,Medium Risk
LR0084,T097,376,22,0,0,3,0,93,94,90,93,92,1,Low Risk
LR0703,T052,366,27,2,0,0,0,85,88,80,80,81,1,Low Risk
MR0963,T019,130,17,6,3,11,2,55,74,63,73,72,3,Medium Risk
P0908,T056,363,15,20,10,8,5,70,57,76,81,34,2,High Risk
LR0284,T062,439,54,0,0,3,1,90,96,100,98,100,1,Low Risk
P1164,T016,403,24,3,13,14,7,79,55,27,69,38,5,High Risk
LR0184,T073,386,29,1,1,2,0,100,82,86,84,94,1,Low Risk
MR0723,T094,249,12,5,3,17,2,64,71,59,58,60,3,Medium Risk
LR0212,T068,414,60,0,1,6,1,91,91,100,94,97,0,Low Risk
LR0068,T026,341,56,2,1,6,0,85,96,95,96,84,0,Low Risk
P0555,T044,62,28,17,14,4,6,77,40,27,76,56,1,High Risk
MR0026,T083,214,9,5,5,6,1,58,58,50,75,80,3,Medium Risk
MR0610,T035,228,11,5,2,18,1,78,70,68,73,61,3,Medium Risk
P0832,T092,18,22,3,7,37,4,58,36,22,44,30,5,Medium Risk
MR0432,T003,216,15,5,2,20,2,80,70,66,58,58,1,Medium Risk
MR0202,T052,100,14,10,2,19,1,60,59,71,60,63,2,Medium Risk
LR0091,T100,478,43,1,1,7,0,91,94,87,83,89,1,Low Risk
P1755,T004,59,43,4,15,34,10,91,87,30,58,19,8,High Risk
P0812,T014,285,36,24,9,25,3,36,49,54,70,51,9,High Risk
P0889,T054,495,14,9,12,5,1,92,43,93,51,100,8,High Risk
LR0464,T028,322,45,3,0,8,1,97,89,87,99,98,1,Low Risk
LR0989,T042,271,37,3,0,8,0,93,98,98,91,98,1,Low Risk
P1660,T043,364,40,12,0,1,9,97,52,97,48,95,8,High Risk
LR0510,T078,423,47,3,0,5,1,99,81,97,95,99,1,Low Risk
P1234,T060,409,51,1,7,7,2,55,39,68,98,58,7,Medium Risk
MR0874,T028,234,22,7,5,12,3,65,71,58,56,51,2,Medium Risk
P1449,T017,371,23,11,8,7,8,62,36,78,23,88,7,High Risk
LR0874,T050,266,28,2,0,4,0,89,94,87,95,86,1,Low Risk
P1966,T034,122,60,13,1,36,10,43,46,49,92,74,2,High Risk
P0694,T086,471,34,10,9,36,0,21,88,21,32,53,7,High Risk
P1058,T004,92,40,4,5,9,6,98,33,37,50,91,5,Medium Risk
P1799,T023,19,34,12,0,36,8,66,32,73,50,90,1,Medium Risk
P1028,T025,199,49,15,12,28,5,96,91,40,54,88,5,High Risk
P1537,T011,364,36,21,11,39,9,66,92,59,66,88,3,High Risk
MR0433,T096,129,15,5,2,11,2,68,69,68,53,55,3,Medium Risk
P1703,T030,426,34,6,6,13,8,85,70,27,69,65,10,High Risk
LR0336,T023,435,22,0,0,7,1,85,95,93,90,82,1,Low Risk
P0347,T022,325,55,1,7,29,3,92,64,53,96,37,10,Medium Risk
P0924,T051,329,42,8,13,40,0,57,55,66,61,17,8,High Risk
MR0260,T061,157,17,10,5,6,4,69,80,51,68,68,3,Medium Risk
P1188,T071,263,29,5,14,27,6,97,36,33,30,96,9,High Risk
P0843,T100,313,35,22,3,1,6,87,56,28,96,55,7,High Risk
MR0279,T048,91,12,5,5,7,1,65,80,73,66,55,3,Medium Risk
MR0777,T094,155,14,5,5,10,2,56,66,79,70,62,2,Medium Risk
LR0728,T053,207,53,2,0,0,1,96,92,91,98,91,0,Low Risk
LR0828,T055,325,42,2,1,5,1,91,82,84,90,94,1,Low Risk
P1421,T007,254,60,8,13,37,5,79,69,41,88,79,0,High Risk
P1925,T045,390,11,15,13,29,0,21,90,30,87,69,3,High Risk
P0179,T058,100,28,10,2,38,3,97,84,39,89,77,3,Low Risk
LR0277,T092,217,30,2,0,5,0,88,89,86,87,86,1,Low Risk
MR0186,T057,88,9,8,5,6,3,61,66,52,58,81,2,Medium Risk
P0813,T051,171,46,8,15,12,3,37,100,33,22,57,1,High Risk
P1878,T084,63,1,22,5,24,10,94,39,51,39,41,2,High Risk
P1337,T039,303,26,11,7,1,7,24,92,35,63,86,4,High Risk
MR0159,T084,95,22,8,4,9,3,70,72,69,64,75,4,Medium Risk
MR0108,T035,248,22,10,3,11,4,57,77,59,61,78,3,Medium Risk
P1558,T090,127,4,2,3,21,1,47,70,23,26,85,9,Medium Risk
LR0802,T096,233,44,0,0,0,1,89,80,88,92,88,0,Low Risk
LR0177,T038,447,48,2,1,1,1,97,87,93,95,87,0,Low Risk
P1813,T048,421,55,17,4,19,10,91,73,33,43,65,9,High Risk
P0174,T059,446,34,18,3,14,7,55,55,38,77,55,2,High Risk
LR0355,T089,492,52,2,0,3,1,86,91,98,94,92,0,Low Risk
MR0058,T007,221,23,4,3,18,1,72,58,71,79,54,3,Medium Risk
P0332,T043,340,54,22,2,36,8,55,74,40,57,37,7,High Risk
P1362,T084,141,10,4,13,12,1,84,31,33,61,13,6,High Risk
P0431,T096,468,42,25,2,11,3,95,54,59,20,84,8,High Risk
MR0653,T033,150,21,8,4,10,2,59,71,60,70,70,3,Medium Risk
LR0010,T048,365,35,2,1,1,0,95,95,82,98,81,0,Low Risk
P1105,T052,245,25,4,10,8,4,75,77,73,44,19,3,High Risk
LR0563,T086,497,41,0,1,0,1,93,86,92,86,89,1,Low Risk
P0480,T076,434,55,1,5,40,1,39,73,33,72,22,3,Low Risk
P1279,T005,122,16,3,3,17,4,25,96,82,62,28,5,Medium Risk
LR0604,T061,372,40,3,0,6,1,88,85,93,95,93,0,Low Risk
P0747,T066,212,5,5,4,30,0,69,42,95,24,66,8,Medium Risk
P1770,T096,326,7,15,4,25,4,95,94,35,49,69,1,Medium Risk
MR0555,T072,183,21,10,2,11,4,64,68,68,69,58,1,Medium Risk
LR0338,T019,235,25,0,1,4,1,86,82,95,81,90,0,Low Risk
MR0752,T089,167,16,7,5,18,4,69,76,62,65,51,1,Medium Risk
P1941,T081,406,45,10,4,32,9,27,72,32,73,32,9,High Risk
P1796,T043,482,31,15,5,2,10,28,36,74,63,60,6,High Risk
P0325,T058,302,30,15,2,31,9,54,50,36,41,84,4,High Risk
P1269,T051,22,57,20,13,22,5,63,35,65,83,11,7,High Risk
P0469,T090,166,47,12,8,37,6,39,77,38,57,37,8,High Risk
P0562,T042,392,27,10,14,19,7,76,54,70,35,25,7,High Risk
LR0631,T077,319,31,3,0,1,1,86,98,97,84,87,0,Low Risk
LR0351,T082,357,50,3,0,7,0,98,86,91,92,93,1,Low Risk
LR0079,T041,312,54,3,0,6,1,87,97,86,99,98,0,Low Risk
MR0785,T083,214,25,8,4,9,3,71,59,73,58,53,3,Medium Risk
LR0971,T052,312,51,3,1,7,0,92,95,86,94,91,0,Low Risk
LR0347,T021,401,23,1,1,8,0,95,81,85,94,81,0,Low Risk
P0062,T087,314,49,9,15,13,8,81,65,98,92,58,9,High Risk
LR0804,T045,252,30,3,1,0,1,93,80,95,97,87,0,Low Risk
P1898,T031,452,17,10,12,33,4,58,47,32,48,35,1,High Risk
LR0877,T045,341,22,2,0,2,1,88,86,86,95,91,1,Low Risk
P0255,T072,35,7,4,8,3,7,68,86,37,25,25,1,High Risk
MR0782,T010,193,20,5,4,19,3,57,74,57,80,67,1,Medium Risk
P1095,T023,272,6,20,14,10,6,22,70,78,63,12,7,High Risk
P1062,T037,57,31,15,0,33,9,51,95,73,78,20,0,Medium Risk
P0916,T062,70,28,5,9,3,10,97,72,52,35,95,6,High Risk
P1042,T026,104,14,15,11,6,10,28,32,37,39,85,6,High Risk
LR0567,T047,414,50,2,0,5,1,90,94,92,89,83,1,Low Risk
P0068,T057,135,48,1,4,25,4,68,45,66,71,20,9,Medium Risk
P1872,T075,31,25,18,5,29,4,47,98,84,36,57,0,High Risk
LR0789,T040,321,43,1,0,8,0,95,85,96,82,99,1,Low Risk
P0222,T096,464,38,2,4,3,2,63,52,55,32,63,1,Low Risk
P1963,T033,255,58,16,1,13,10,36,98,47,61,17,1,High Risk
LR0409,T039,394,57,1,0,2,0,95,96,84,86,87,0,Low Risk
LR0878,T095,227,45,1,1,4,0,95,96,84,91,84,0,Low Risk
MR0174,T083,142,12,5,2,12,2,74,71,73,69,57,2,Medium Risk
P0089,T044,321,57,1,2,14,6,74,95,36,29,74,4,Medium Risk
P1808,T053,246,16,16,8,11,9,88,42,99,69,27,7,High Risk
P1676,T044,350,33,9,13,6,2,92,95,23,33,71,10,High Risk
LR0829,T045,257,22,2,1,5,0,92,92,97,81,85,1,Low Risk
P1489,T005,59,57,17,6,29,3,20,79,38,40,74,2,High Risk
MR0033,T023,225,15,5,3,5,1,69,70,80,71,64,2,Medium Risk
P1722,T068,438,49,0,7,6,8,83,50,96,66,92,6,High Risk
MR0807,T053,120,21,8,5,19,4,70,78,67,62,52,4,Medium Risk
P0437,T078,305,55,6,12,27,7,33,57,84,80,84,3,High Risk
MR0580,T031,83,19,10,4,12,4,56,69,60,58,58,1,Medium Risk
MR0601,T003,135,23,9,2,18,3,71,80,59,79,83,2,Medium Risk
MR0190,T047,101,17,8,5,18,1,75,55,58,51,58,1,Medium Risk
MR0403,T046,141,12,6,4,19,4,72,71,58,72,61,4,Medium Risk
LR0348,T061,230,55,2,0,2,0,92,86,86,92,98,0,Low Risk
MR0442,T055,119,24,7,3,6,3,60,59,65,73,56,1,Medium Risk
MR0570,T001,238,19,10,2,14,1,68,61,80,68,54,4,Medium Risk
P1514,T090,204,51,0,1,3,9,56,76,66,49,57,5,Medium Risk
LR0649,T044,496,32,1,0,8,1,85,92,94,98,87,0,Low Risk
MR0275,T091,119,13,4,3,8,4,69,56,66,55,52,4,Medium Risk
P1737,T054,336,36,8,5,31,1,85,70,58,89,67,7,Medium Risk
P1403,T015,299,54,18,11,33,9,80,93,66,50,89,8,High Risk
P0284,T009,98,26,15,7,29,5,55,90,93,56,81,9,High Risk
P0713,T023,278,8,20,0,24,4,20,90,56,30,44,3,High Risk
P0275,T010,11,55,18,12,30,0,71,35,91,31,32,7,High Risk
LR0273,T079,452,56,1,1,8,1,99,89,89,99,81,0,Low Risk
P0622,T078,278,52,14,0,14,4,98,55,88,66,25,7,Medium Risk
P1923,T062,251,25,17,6,0,2,86,61,89,93,50,1,Medium Risk
P0866,T025,22,60,14,8,36,5,23,100,25,44,99,4,High Risk
MR0944,T010,196,11,4,2,17,3,73,58,63,62,64,4,Medium Risk
P1643,T061,426,36,0,11,12,4,76,100,92,91,38,3,Medium Risk
LR0484,T044,322,36,0,0,5,1,88,84,92,91,80,0,Low Risk
MR0995,T100,232,8,7,3,5,1,71,57,53,59,57,1,Medium Risk
P0424,T035,39,26,17,3,2,6,27,78,68,36,76,10,High Risk
LR0992,T033,431,33,3,1,3,0,85,80,80,90,85,0,Low Risk
P1222,T010,140,25,13,12,17,0,82,67,48,78,24,2,Medium Risk
P0507,T045,187,3,2,10,10,0,90,97,64,49,28,10,High Risk
MR0861,T026,194,19,7,3,20,2,67,73,52,74,68,1,Medium Risk
MR0564,T008,246,21,8,5,5,1,66,68,71,56,53,2,Medium Risk
P1124,T019,451,41,9,0,20,6,76,99,57,83,80,0,Low Risk
LR0513,T042,260,57,1,0,2,0,90,99,86,88,86,0,Low Risk
P0501,T045,160,12,20,9,34,7,90,57,36,27,13,8,High Risk
P1109,T045,96,32,18,0,27,5,22,63,68,43,100,1,Medium Risk
P1282,T010,19,35,1,12,31,8,72,34,54,64,19,2,High Risk
P0550,T004,226,45,6,3,24,0,46,98,89,56,49,4,Low Risk
P0558,T028,45,36,12,3,30,6,25,42,40,94,90,0,Medium Risk
P1602,T010,136,19,1,14,17,4,39,61,98,73,57,1,High Risk
P0603,T023,89,25,5,6,19,0,66,77,59,87,66,7,Medium Risk
P0443,T065,110,46,10,7,4,8,72,93,100,87,23,3,High Risk
P1780,T087,90,26,17,12,1,10,73,84,37,71,56,7,High Risk
P0219,T055,381,50,11,4,0,3,96,41,57,95,33,3,Low Risk
LR0108,T049,313,57,0,1,8,1,87,83,84,87,84,1,Low Risk
P0898,T034,348,28,18,8,21,10,99,78,25,100,89,2,High Risk
P0737,T073,112,36,2,5,1,0,45,89,67,73,59,3,Low Risk
MR0324,T062,164,8,9,3,6,2,67,60,79,69,58,2,Medium Risk
LR0481,T047,430,28,3,0,7,1,89,86,94,87,99,1,Low Risk
MR0817,T025,135,13,9,3,7,3,60,72,77,60,68,4,Medium Risk
LR0060,T049,209,24,3,0,5,0,99,94,97,90,96,0,Low Risk
P1905,T033,201,55,0,6,35,6,67,68,25,85,18,6,Medium Risk
MR0383,T094,197,18,9,2,6,3,78,75,76,66,77,2,Medium Risk
P1667,T019,268,47,14,10,35,2,51,44,100,81,30,5,High Risk
MR0959,T092,120,10,8,2,13,3,74,80,53,51,68,1,Medium Risk
LR0830,T014,374,49,2,1,5,1,89,100,87,98,92,1,Low Risk
MR0131,T025,164,9,8,3,10,1,56,69,72,58,57,1,Medium Risk
MR0342,T024,182,13,7,3,20,3,75,79,56,71,75,4,Medium Risk
LR0482,T098,436,39,0,0,4,1,92,90,97,84,81,0,Low Risk
P1205,T043,432,16,20,8,2,0,24,91,72,92,77,0,Medium Risk
P1160,T054,162,42,25,11,30,8,90,90,23,79,99,0,High Risk
LR0291,T082,251,50,1,0,5,0,100,82,80,93,93,1,Low Risk
P1534,T055,69,26,11,3,10,0,52,65,68,47,49,9,High Risk
P0806,T100,401,41,1,15,2,10,86,94,54,33,87,3,High Risk
LR0707,T033,286,40,2,1,5,0,99,96,95,80,85,0,Low Risk
P1875,T032,124,22,10,11,2,3,77,73,56,45,96,1,High Risk
MR0276,T009,117,11,7,3,13,4,79,58,58,56,81,3,Medium Risk
P0579,T028,396,52,18,7,8,4,24,55,98,47,77,7,High Risk
LR0280,T026,320,36,2,0,3,1,99,89,89,100,82,1,Low Risk
MR0419,T022,106,22,9,4,5,2,77,65,51,61,70,3,Medium Risk
P1363,T052,66,4,19,8,36,0,30,98,84,72,69,4,High Risk
P0001,T035,287,54,17,9,14,2,72,79,84,73,96,6,High Risk
MR0427,T061,234,11,10,3,10,2,79,68,77,73,60,2,Medium Risk
MR0729,T042,231,11,5,4,7,4,65,60,59,77,51,4,Medium Risk
MR0846,T084,130,21,9,3,19,3,60,65,74,69,76,1,Medium Risk
P0965,T049,359,34,14,5,32,3,39,57,95,63,40,10,High Risk
MR0254,T082,80,10,8,4,17,4,73,66,73,67,80,2,Medium Risk
P1012,T094,207,32,17,1,8,2,90,93,29,38,19,0,Low Risk
P0248,T077,90,54,2,6,23,5,47,35,46,87,87,4,Medium Risk
P1426,T099,280,30,4,4,39,7,75,33,58,40,53,0,Medium Risk
LR0112,T070,347,48,0,1,8,0,90,99,90,93,96,0,Low Risk
MR0977,T045,88,19,4,5,13,3,76,75,57,61,81,2,Medium Risk
MR0408,T088,183,14,7,4,10,3,66,79,50,69,65,4,Medium Risk
MR0794,T006,139,12,5,3,18,4,59,75,73,66,70,3,Medium Risk
P1510,T061,477,59,22,14,38,6,96,71,84,77,57,4,High Risk
MR0516,T080,159,22,6,2,7,4,69,61,54,65,80,4,Medium Risk
P0651,T046,119,10,11,5,2,5,53,49,67,98,60,0,Medium Risk
P1968,T014,117,46,5,6,3,4,59,61,30,83,85,6,Medium Risk
LR0047,T039,464,25,3,0,1,1,98,82,81,91,89,1,Low Risk
P1559,T029,167,20,2,14,40,9,67,54,44,20,69,7,High Risk
MR0801,T085,193,25,5,4,20,3,68,57,54,63,85,3,Medium Risk
P0176,T067,377,4,3,15,19,2,58,54,63,56,15,2,High Risk
P0279,T065,358,3,7,8,9,6,75,83,53,21,50,6,High Risk
P1136,T092,338,15,0,3,23,0,39,58,58,81,68,8,Low Risk
MR0553,T086,162,9,7,5,6,2,67,74,76,76,73,2,Medium Risk
LR0485,T020,447,33,1,0,5,0,86,99,81,93,89,0,Low Risk
LR0431,T063,431,45,2,0,6,1,92,100,82,83,95,1,Low Risk
LR0530,T098,482,23,0,0,0,0,99,97,88,89,88,1,Low Risk
MR0520,T060,244,18,10,4,10,1,71,59,53,64,77,3,Medium Risk
P0692,T076,174,5,15,8,16,8,46,39,47,95,34,8,High Risk
MR0962,T033,104,8,5,4,16,3,70,62,74,54,50,4,Medium Risk
P0417,T076,265,12,19,8,13,1,76,46,92,42,22,2,High Risk
LR0890,T085,373,58,0,1,6,0,91,96,88,96,94,0,Low Risk
P0218,T093,154,43,9,5,24,4,95,88,64,68,84,10,High Risk
LR0489,T034,477,24,2,0,3,0,85,86,81,96,100,0,Low Risk
P1972,T047,479,7,25,4,20,10,93,78,86,29,89,7,High Risk
MR0406,T097,80,11,7,4,5,4,59,68,74,69,61,1,Medium Risk
MR0112,T049,95,19,6,5,19,2,65,59,72,69,66,4,Medium Risk
P0904,T043,30,6,5,6,18,8,58,46,68,37,98,10,High Risk
LR0926,T049,278,29,0,0,2,0,99,92,87,100,93,0,Low Risk
P0913,T096,304,21,25,8,30,1,26,66,28,53,99,5,High Risk
MR0470,T072,149,17,8,5,10,1,71,69,80,73,73,3,Medium Risk
P0728,T086,316,50,5,11,40,2,80,69,55,33,52,0,Medium Risk
MR0756,T029,192,8,4,2,7,2,70,55,63,70,65,2,Medium Risk
MR0080,T025,201,20,6,5,9,3,55,66,80,66,52,3,Medium Risk
LR0826,T006,426,38,3,0,1,0,88,86,95,89,100,1,Low Risk
LR0156,T062,500,46,0,1,7,0,96,84,84,100,84,1,Low Risk
P0450,T066,63,26,1,13,33,10,39,60,58,56,79,4,High Risk
P1396,T029,179,5,13,10,0,1,50,80,97,75,96,2,High Risk
P0377,T079,149,24,19,7,7,1,46,67,25,76,89,5,High Risk
MR0143,T080,88,15,4,3,8,4,79,57,73,57,57,4,Medium Risk
P1753,T018,413,2,0,14,25,7,85,93,65,56,57,1,High Risk
MR0967,T023,93,8,6,5,5,3,62,61,74,76,65,3,Medium Risk
P0434,T063,377,41,11,14,3,0,64,100,50,44,78,8,High Risk
P0953,T053,449,35,4,1,38,2,91,45,54,43,45,1,Low Risk
P0372,T044,278,59,8,9,6,3,65,100,70,95,34,4,Medium Risk
MR0278,T016,189,24,10,4,6,1,60,56,63,62,52,3,Medium Risk
LR0397,T100,289,55,3,0,4,1,86,80,86,87,97,0,Low Risk
P1422,T008,439,33,25,4,26,2,36,75,95,41,60,6,High Risk
P0701,T058,162,42,23,7,25,1,73,86,69,22,12,2,High Risk
LR0868,T039,251,37,0,0,2,0,100,93,81,92,84,0,Low Risk
P0645,T039,460,32,10,5,35,7,36,66,72,32,31,9,High Risk
P1458,T066,207,21,16,13,24,0,69,61,63,65,13,1,High Risk
P0666,T072,110,29,22,13,15,3,71,35,57,20,73,10,High Risk
P1504,T058,338,30,9,3,31,4,90,83,82,29,62,0,Low Risk
P1428,T085,487,16,2,11,2,8,98,96,66,81,13,2,High Risk
P1633,T074,278,35,5,4,25,5,83,48,29,34,20,1,Medium Risk
LR0421,T080,317,51,2,1,5,0,91,89,86,94,91,0,Low Risk
P1481,T083,362,8,20,3,7,4,34,74,35,84,77,2,High Risk
P1165,T082,498,27,17,1,24,9,55,96,51,91,86,8,High Risk
P0795,T039,303,45,24,3,21,7,46,84,86,79,54,7,High Risk
MR0592,T035,222,18,7,4,18,1,80,55,69,75,75,2,Medium Risk
P0247,T023,436,32,16,10,3,6,49,91,62,91,92,3,High Risk
MR0816,T060,97,14,8,3,16,3,59,57,66,55,65,1,Medium Risk
P0735,T017,450,52,5,15,33,3,71,95,35,90,61,3,High Risk
P0506,T030,268,1,21,1,25,5,36,49,66,61,55,5,High Risk
LR0441,T031,304,25,1,1,0,0,86,91,96,95,80,1,Low Risk
P1190,T089,381,56,9,5,34,0,24,98,79,91,84,5,Medium Risk
MR0373,T076,109,23,9,2,18,4,75,65,76,74,70,1,Medium Risk
MR0444,T089,103,20,4,2,16,3,79,60,60,69,64,3,Medium Risk
P1615,T035,368,5,11,8,1,2,40,74,55,94,90,8,High Risk
P0533,T008,162,30,15,4,32,9,87,33,23,90,49,9,High Risk
P0933,T002,200,1,16,15,15,5,39,37,45,42,10,3,High Risk
P0109,T018,188,24,13,14,10,2,97,39,97,49,58,2,High Risk
P1868,T076,429,11,16,15,18,10,32,42,87,50,22,6,High Risk
P0950,T050,481,3,17,12,12,5,81,30,98,23,75,4,High Risk
LR0414,T093,497,34,3,0,4,1,98,99,95,100,96,1,Low Risk
LR0949,T068,358,56,3,0,8,1,92,90,98,85,91,0,Low Risk
MR0206,T062,146,19,10,5,15,1,78,58,69,72,65,1,Medium Risk
LR0224,T068,445,25,1,0,6,1,93,92,87,94,97,0,Low Risk
LR0975,T087,365,49,0,0,3,1,91,92,80,93,80,0,Low Risk
MR0958,T098,119,16,9,4,7,4,68,56,80,64,81,2,Medium Risk
P0544,T009,433,7,2,9,6,2,64,60,81,83,70,7,Medium Risk
P1766,T034,312,15,18,12,39,3,27,91,50,63,35,4,High Risk
LR0495,T041,321,34,1,0,4,0,98,98,92,88,83,0,Low Risk
LR0935,T080,241,45,0,1,0,0,96,89,83,93,86,0,Low Risk
P0260,T007,90,42,22,12,18,1,25,79,33,58,71,1,High Risk
P1515,T023,16,29,1,3,3,4,89,90,73,65,12,8,Medium Risk
P1779,T021,91,28,10,7,26,5,73,52,89,84,22,3,Medium Risk
P1863,T011,368,53,2,7,34,5,45,84,36,97,11,10,High Risk
P1296,T096,370,4,0,5,5,9,27,77,100,70,37,1,Medium Risk
P0928,T016,58,53,7,8,12,6,77,57,99,63,57,5,High Risk
P0613,T021,241,13,25,11,3,10,68,30,95,29,28,0,High Risk
LR0632,T039,418,41,0,1,3,0,96,94,99,88,88,0,Low Risk
P1232,T034,47,11,2,12,2,10,39,77,21,38,41,3,High Risk
P0220,T089,220,11,18,3,2,6,51,37,64,82,81,8,High Risk
MR0130,T029,139,11,9,2,15,1,59,59,76,63,58,1,Medium Risk
P0486,T010,181,28,9,3,27,10,72,78,39,32,99,8,High Risk
LR0317,T060,400,39,2,0,5,1,94,93,88,89,83,1,Low Risk
LR0165,T081,240,39,2,0,4,0,89,97,93,92,90,1,Low Risk
MR0522,T079,155,12,10,2,7,1,65,62,53,79,69,2,Medium Risk
LR0993,T061,242,58,3,1,3,1,89,83,99,97,91,0,Low Risk
P0259,T074,166,51,25,14,23,8,30,34,66,25,42,3,High Risk
MR0843,T038,86,8,7,3,7,3,56,80,74,63,76,1,Medium Risk
P0387,T097,26,38,9,14,14,7,67,82,29,75,100,4,High Risk
P0848,T048,405,26,17,14,21,5,77,42,82,47,29,0,High Risk
LR0574,T044,382,34,0,0,6,1,96,99,88,94,98,0,Low Risk
MR0234,T016,216,17,9,4,20,4,76,77,75,63,58,4,Medium Risk
MR0613,T091,87,15,7,2,7,1,56,56,80,54,70,3,Medium Risk
MR0102,T094,137,22,4,4,16,2,77,62,71,62,56,2,Medium Risk
LR0862,T017,355,55,0,0,3,0,93,88,91,94,85,0,Low Risk
P1624,T010,71,55,11,13,14,10,97,43,96,85,73,5,High Risk
P1002,T045,57,58,5,0,38,1,83,39,20,31,55,2,Low Risk
P0210,T046,148,34,10,14,29,9,81,85,45,100,86,2,High Risk
MR0621,T079,233,16,6,4,10,2,80,71,68,65,77,1,Medium Risk
LR0092,T008,448,51,1,1,8,1,99,89,87,91,80,1,Low Risk
P1949,T014,26,47,11,1,14,9,37,43,62,69,40,9,High Risk
P0911,T009,408,39,3,9,38,9,79,50,57,52,80,7,High Risk
P1719,T056,355,24,23,12,24,3,26,82,44,33,69,1,High Risk
LR0553,T061,419,58,0,1,7,1,87,96,97,97,96,1,Low Risk
LR0985,T089,476,56,1,1,5,1,88,98,90,83,91,0,Low Risk
LR0164,T063,217,42,3,0,3,0,90,93,96,97,94,0,Low Risk
P0597,T086,486,39,19,8,23,5,91,76,41,92,95,0,High Risk
P1951,T052,206,42,1,2,3,0,53,62,44,49,100,8,Low Risk
MR0765,T060,109,12,10,3,12,2,79,65,64,66,76,4,Medium Risk
P0297,T029,436,7,20,2,37,5,71,97,56,99,58,4,High Risk
MR0717,T009,212,23,5,2,5,3,66,57,65,61,63,4,Medium Risk
P0508,T035,174,28,3,15,7,2,54,66,24,100,29,6,High Risk
LR0865,T061,458,54,2,0,2,0,97,96,84,88,94,1,Low Risk
P0008,T003,39,21,7,10,37,6,73,57,89,98,19,10,High Risk
LR0253,T077,277,57,2,0,4,0,91,88,98,93,80,0,Low Risk
MR0055,T042,210,24,10,2,20,2,74,78,62,69,71,1,Medium Risk
LR0030,T089,455,46,2,0,1,0,99,85,96,89,94,1,Low Risk
LR0149,T047,384,41,3,0,3,1,92,92,85,89,96,0,Low Risk
LR0087,T045,411,31,0,1,2,0,93,97,99,91,95,1,Low Risk
MR0118,T007,167,8,4,5,11,3,73,57,79,65,78,3,Medium Risk
LR0551,T095,352,49,2,0,2,0,96,99,89,91,94,0,Low Risk
MR0359,T048,156,11,4,2,19,2,64,69,76,64,84,1,Medium Risk
P0178,T025,244,54,23,10,32,7,94,50,70,41,86,3,High Risk
MR0854,T088,144,25,10,5,6,2,63,74,69,70,52,4,Medium Risk
LR0779,T071,204,60,3,1,2,0,100,88,99,97,97,0,Low Risk
P0791,T030,441,4,20,7,32,9,82,47,96,44,27,7,High Risk
P1335,T047,55,29,22,9,31,0,63,48,79,86,24,0,High Risk
P0679,T087,186,38,4,10,5,4,95,53,26,27,22,6,High Risk
MR0454,T024,151,10,10,5,8,3,74,68,79,55,83,2,Medium Risk
MR0013,T068,238,11,9,2,13,1,67,75,76,50,77,2,Medium Risk
P1437,T035,377,32,3,11,3,7,51,52,33,48,100,8,High Risk
P0097,T042,32,40,18,14,33,0,63,38,57,35,41,4,High Risk
P0044,T008,382,47,22,1,4,2,45,55,25,26,90,7,High Risk
P1815,T063,479,52,9,10,28,5,50,44,56,23,80,9,High Risk
P1491,T019,15,50,9,7,20,8,21,77,37,66,33,5,High Risk
P1229,T093,234,31,25,14,30,9,79,58,61,76,41,1,High Risk
P0760,T016,455,18,9,1,25,7,51,63,38,67,48,8,High Risk
MR0627,T046,201,13,6,3,16,3,74,77,74,51,73,1,Medium Risk
LR0019,T099,497,36,2,1,4,1,93,87,90,90,86,1,Low Risk
LR0750,T079,483,41,2,0,6,1,96,99,83,85,80,1,Low Risk
MR0067,T030,230,15,6,3,9,4,63,78,52,62,63,3,Medium Risk
P0026,T044,94,16,5,6,5,10,88,77,88,99,62,3,Medium Risk
LR0303,T058,237,49,3,0,0,0,98,93,93,82,88,1,Low Risk
P1611,T084,123,50,25,1,39,5,70,88,54,70,46,10,High Risk
P0680,T046,349,40,0,2,21,0,95,61,27,70,56,1,Low Risk
P1843,T041,402,53,15,9,1,0,61,88,66,76,21,7,High Risk
LR0645,T014,388,26,3,1,8,1,92,91,82,99,83,0,Low Risk
P1223,T099,497,39,14,11,33,1,75,60,66,45,82,9,High Risk
P0782,T040,305,52,5,10,7,0,77,84,89,33,80,0,Medium Risk
MR0668,T063,101,8,8,2,12,1,69,78,79,51,60,2,Medium Risk
MR0814,T099,158,19,4,5,20,1,62,58,77,72,57,2,Medium Risk
LR0339,T042,445,23,2,1,0,0,88,98,81,92,99,0,Low Risk
P1357,T068,475,41,14,15,32,5,71,99,42,67,10,3,High Risk
P1616,T049,374,48,8,7,8,8,24,85,88,53,84,6,High Risk
MR0128,T099,205,13,10,4,17,4,63,59,62,74,58,1,Medium Risk
LR0383,T089,253,43,0,1,0,1,95,81,97,90,88,0,Low Risk
LR0148,T035,222,59,2,1,5,1,99,83,95,98,88,1,Low Risk
P0884,T041,250,46,18,14,4,8,26,90,90,23,84,4,High Risk
P0383,T073,72,26,3,8,3,7,92,69,45,84,68,3,Medium Risk
LR0836,T014,485,27,3,1,7,0,100,90,86,81,81,1,Low Risk
P1338,T019,397,25,17,8,33,3,98,68,88,71,13,2,High Risk
LR0753,T016,498,23,1,1,4,0,92,95,86,92,98,1,Low Risk
P0032,T004,161,7,19,8,7,6,59,48,71,97,72,0,High Risk
LR0182,T072,314,48,2,1,5,0,85,86,80,80,95,0,Low Risk
LR0035,T063,398,31,1,1,0,1,92,83,89,90,89,1,Low Risk
MR0608,T033,198,22,4,3,10,4,64,69,79,76,59,1,Medium Risk
P0611,T046,310,46,23,8,30,8,67,71,49,59,22,4,High Risk
P0571,T085,216,53,21,9,27,8,100,79,82,24,57,5,High Risk
P0344,T037,162,6,19,10,12,6,86,30,33,46,86,0,High Risk
P1886,T056,367,16,5,0,34,8,36,70,88,79,86,10,High Risk
P1651,T036,330,32,22,13,0,3,51,33,90,97,67,1,High Risk
MR0039,T039,95,11,4,3,12,2,64,60,72,50,75,3,Medium Risk
LR0497,T071,355,25,0,1,5,1,94,83,95,96,97,1,Low Risk
P1048,T004,309,30,5,9,37,6,74,85,29,38,76,4,High Risk
MR0629,T077,227,11,6,2,19,1,65,62,54,72,62,4,Medium Risk
P1072,T060,98,39,18,13,34,3,80,71,71,81,29,0,High Risk
P1812,T079,61,56,8,10,39,7,98,59,62,55,65,8,High Risk
MR0487,T045,124,20,9,3,8,2,71,76,65,64,58,2,Medium Risk
LR0536,T070,486,28,0,0,0,0,92,83,94,98,84,0,Low Risk
P0966,T055,214,35,10,11,0,6,83,31,52,71,76,8,High Risk
P0529,T086,173,46,19,2,33,9,94,57,61,39,62,7,High Risk
P0177,T096,413,16,14,11,10,3,70,38,22,83,27,8,High Risk
P0423,T073,99,1,21,14,28,1,31,50,64,29,62,2,High Risk
MR0369,T069,135,15,9,4,8,2,59,74,58,61,79,3,Medium Risk
MR0242,T039,114,14,6,2,6,3,69,67,69,73,71,1,Medium Risk
LR0020,T073,356,32,1,1,1,0,85,81,90,85,88,0,Low Risk
P0573,T039,456,25,10,13,19,2,33,88,35,29,32,8,High Risk
MR0538,T030,217,11,8,3,20,4,69,74,65,51,78,3,Medium Risk
P0289,T090,479,34,1,2,38,7,98,73,37,48,47,1,Low Risk
LR0659,T015,240,38,3,1,8,1,89,92,94,92,98,1,Low Risk
LR0922,T100,385,52,0,1,2,1,96,96,97,82,94,0,Low Risk
LR0633,T013,301,59,0,0,1,0,93,88,90,82,98,1,Low Risk
P1591,T041,477,49,3,11,40,9,25,83,20,89,40,9,High Risk
MR0943,T013,247,19,4,3,19,3,79,59,64,63,64,2,Medium Risk
LR0100,T093,359,28,2,1,1,1,100,85,80,93,82,1,Low Risk
P1392,T061,407,12,14,14,2,5,85,73,59,53,67,7,High Risk
LR0855,T040,450,28,2,0,5,1,85,98,100,96,83,1,Low Risk
P1740,T065,243,3,24,7,24,2,52,37,85,63,55,0,High Risk
P1730,T100,341,54,25,8,34,1,91,58,71,24,96,8,High Risk
P1919,T062,387,4,18,0,13,2,60,53,84,77,44,1,Low Risk
MR0101,T068,207,9,6,4,7,4,78,77,70,64,61,3,Medium Risk
P0371,T083,395,37,1,4,21,9,60,87,39,96,51,5,Medium Risk
MR0293,T032,247,9,7,5,9,1,79,78,54,58,66,2,Medium Risk
MR0713,T063,102,9,7,2,16,2,65,70,65,61,82,2,Medium Risk
LR0635,T028,446,49,1,1,1,0,88,88,96,81,91,1,Low Risk
MR0412,T008,150,13,7,2,20,1,80,73,67,58,67,4,Medium Risk
LR0070,T038,358,38,3,1,3,0,93,82,84,86,94,1,Low Risk
P0142,T099,106,58,0,9,21,10,42,81,99,42,90,8,High Risk
MR0356,T065,143,19,6,5,20,1,55,73,54,69,57,4,Medium Risk
P0492,T001,123,15,11,4,24,2,24,56,92,52,73,5,High Risk
P0199,T024,132,19,25,7,36,3,87,43,84,49,82,0,High Risk
P1789,T092,230,7,15,15,2,5,72,70,68,99,31,5,High Risk
LR0527,T039,492,22,0,0,6,0,90,83,87,88,96,1,Low Risk
MR0925,T012,187,15,9,4,8,4,71,74,56,66,70,1,Medium Risk
P1457,T089,495,10,10,1,2,0,85,63,48,29,97,9,Medium Risk
P0196,T031,430,50,12,4,3,9,23,100,25,96,43,0,High Risk
P0875,T046,316,20,17,13,35,1,54,89,43,63,58,2,High Risk
LR0440,T034,313,29,3,1,6,0,92,81,83,84,88,0,Low Risk
MR0824,T096,192,22,8,5,6,2,62,78,51,67,71,1,Medium Risk
P0841,T003,307,37,13,11,39,9,30,36,40,56,51,2,High Risk
P0582,T001,159,48,22,0,12,3,67,35,88,74,45,2,Medium Risk
MR0949,T037,183,13,5,4,18,3,76,72,54,73,58,1,Medium Risk
P0906,T030,490,55,12,3,2,2,30,86,83,65,98,4,Medium Risk
P0632,T056,270,9,14,1,36,0,96,45,95,29,18,0,Low Risk
LR0577,T030,277,31,1,1,6,1,88,91,80,91,99,1,Low Risk
P0163,T023,305,12,1,1,18,8,32,71,51,23,75,2,Medium Risk
LR0074,T099,324,42,2,1,3,1,100,98,95,83,92,1,Low Risk
LR0081,T012,376,46,0,1,1,1,93,84,92,82,92,1,Low Risk
P1761,T052,344,10,4,3,37,7,60,74,70,38,35,3,Medium Risk
LR0662,T067,211,59,2,1,0,0,94,95,89,91,97,0,Low Risk
P0926,T026,105,25,20,12,20,5,33,47,42,51,53,7,High Risk
P1833,T023,435,45,9,11,39,3,89,99,84,52,40,0,Medium Risk
P0548,T094,437,47,24,13,33,7,62,58,76,36,72,4,High Risk
LR0294,T041,449,31,1,1,6,1,92,96,82,91,85,0,Low Risk
P1189,T002,197,9,8,6,38,3,87,72,43,57,32,2,Medium Risk
P2000,T036,476,22,16,6,6,10,76,100,41,23,70,5,High Risk
LR0098,T066,200,29,2,0,0,1,89,86,82,92,97,1,Low Risk
P0612,T097,57,26,11,6,17,2,31,53,58,39,60,8,High Risk
LR0195,T052,425,45,2,0,2,1,100,88,83,98,86,1,Low Risk
MR0662,T032,106,22,7,2,5,1,71,58,50,75,71,3,Medium Risk
P1508,T024,102,48,7,1,1,9,34,63,83,52,95,1,Medium Risk
P1870,T021,113,57,19,2,5,4,36,70,69,25,56,10,High Risk
P0743,T045,97,46,7,5,14,0,34,97,48,80,42,10,High Risk
P0638,T024,178,50,12,15,32,7,54,48,40,97,94,8,High Risk
MR0536,T091,229,12,5,2,13,3,60,64,68,78,64,3,Medium Risk
LR0016,T009,430,29,3,0,2,1,88,85,92,84,88,0,Low Risk
MR0762,T013,203,14,7,5,5,1,77,56,67,60,81,1,Medium Risk
P1098,T066,326,17,15,2,14,8,55,99,68,50,92,2,High Risk
P1484,T020,454,55,24,12,28,8,61,61,72,51,42,8,High Risk
P0049,T039,72,39,13,6,28,1,91,64,29,82,68,9,High Risk
P1352,T048,301,60,14,4,19,3,65,100,88,65,54,6,High Risk
P0922,T062,37,56,4,3,39,10,89,33,40,91,90,5,Medium Risk
MR0563,T052,235,8,5,5,6,4,61,74,52,74,77,3,Medium Risk
P0757,T049,98,38,21,3,32,5,57,99,88,76,79,1,High Risk
LR0125,T042,314,46,3,0,7,1,95,85,96,81,97,0,Low Risk
LR0367,T067,423,49,2,1,2,0,88,100,99,81,97,1,Low Risk
P1468,T050,23,46,18,15,6,3,25,50,28,71,23,5,High Risk
MR0643,T017,119,19,7,2,18,4,60,57,65,66,56,2,Medium Risk
P1695,T063,68,45,17,6,38,9,60,58,88,27,67,2,High Risk
P1323,T064,291,32,8,5,3,8,96,93,90,56,16,6,High Risk
P1177,T069,377,3,18,6,36,0,28,98,81,59,95,1,Medium Risk
P1948,T098,313,3,23,8,27,5,51,78,24,91,93,3,High Risk
P1214,T009,352,57,21,9,27,0,94,41,54,43,89,1,High Risk
MR0934,T098,138,20,8,3,8,2,77,79,72,55,82,4,Medium Risk
LR0534,T060,368,59,0,1,2,0,92,100,84,99,95,0,Low Risk
LR0288,T062,383,55,0,0,6,0,88,97,85,86,93,0,Low Risk
LR0782,T046,203,26,0,0,4,1,91,85,90,97,96,1,Low Risk
LR0678,T092,407,43,1,1,6,0,85,80,99,82,89,0,Low Risk
P1071,T030,463,23,0,13,23,9,83,43,28,39,34,8,High Risk
MR0730,T089,161,12,8,2,10,1,75,70,63,61,63,4,Medium Risk
LR0831,T020,476,39,0,0,8,1,94,82,96,90,99,0,Low Risk
LR0442,T078,332,59,3,1,1,1,90,99,94,93,86,0,Low Risk
MR0604,T035,217,13,10,2,17,4,75,63,62,74,81,4,Medium Risk
P1715,T042,125,47,14,1,22,7,20,49,88,66,95,10,High Risk
MR0022,T057,166,10,8,4,6,4,78,68,69,76,52,4,Medium Risk
LR0197,T002,355,40,0,0,6,0,99,91,82,100,81,0,Low Risk
P1150,T026,104,47,14,8,30,5,66,65,63,26,68,8,High Risk
MR0087,T099,221,15,5,3,7,3,65,66,74,66,80,3,Medium Risk
LR0229,T037,350,44,0,0,1,0,100,84,85,98,100,0,Low Risk
LR0964,T027,242,51,1,1,0,0,89,83,89,89,100,0,Low Risk
LR0610,T097,448,44,2,0,0,0,86,92,91,97,89,1,Low Risk
P1552,T032,400,27,6,8,35,3,47,36,31,44,24,1,Medium Risk
LR0555,T092,242,36,0,1,1,1,94,92,82,94,84,1,Low Risk
P1289,T098,347,14,18,9,29,8,72,96,23,37,81,5,High Risk
MR0862,T067,224,16,5,2,10,1,55,61,50,72,58,4,Medium Risk
LR0808,T050,447,32,3,0,0,1,90,84,81,85,93,0,Low Risk
P1642,T032,463,7,6,10,0,0,31,80,96,100,22,10,High Risk
P0868,T041,160,55,4,6,32,0,53,79,85,61,80,0,Low Risk
P0927,T051,159,6,13,2,3,9,82,31,87,81,46,5,High Risk
MR0211,T093,191,25,8,5,5,1,68,78,71,63,64,3,Medium Risk
P0998,T028,302,6,23,7,1,9,59,57,88,48,71,3,High Risk
MR0021,T049,155,19,5,3,11,3,75,76,79,61,75,1,Medium Risk
P1830,T096,451,11,18,2,30,0,63,74,44,69,93,0,Low Risk
P1133,T025,133,30,2,1,2,3,37,82,46,74,56,2,Low Risk
P1341,T002,129,33,0,3,10,1,44,95,30,44,100,6,Low Risk
MR0675,T026,167,22,10,3,7,2,60,68,69,60,69,4,Medium Risk
P0211,T038,425,50,5,12,10,4,28,42,39,25,36,4,High Risk
MR0980,T052,149,8,10,3,11,4,59,63,79,79,62,3,Medium Risk
P0060,T045,444,16,2,10,10,8,91,53,56,67,42,5,High Risk
MR0671,T100,162,9,4,2,8,2,80,74,52,74,61,3,Medium Risk
LR0620,T042,497,39,1,0,3,1,89,93,97,91,84,0,Low Risk
MR0898,T097,94,13,4,4,12,3,55,56,56,77,81,2,Medium Risk
MR0947,T087,179,25,8,5,16,3,72,80,75,80,59,3,Medium Risk
P0766,T046,320,1,3,1,13,9,64,50,69,87,93,2,Low Risk
LR0103,T062,253,39,0,1,2,1,90,94,95,92,80,1,Low Risk
MR0230,T079,232,15,7,5,19,1,75,72,59,64,81,3,Medium Risk
P1079,T073,106,43,20,13,33,6,39,31,29,41,11,6,High Risk
LR0660,T016,474,25,3,0,0,0,88,94,98,90,100,1,Low Risk
MR0743,T041,155,8,10,3,6,3,67,71,71,67,62,3,Medium Risk
LR0045,T084,229,23,2,0,5,0,87,90,99,90,92,0,Low Risk
LR0067,T045,313,41,1,0,4,0,97,86,99,82,89,1,Low Risk
P0583,T006,287,50,21,4,11,9,66,39,48,77,90,7,High Risk
LR0124,T022,443,46,2,0,5,1,92,82,98,89,83,0,Low Risk
MR0529,T034,169,8,7,3,14,1,75,59,73,54,80,2,Medium Risk
MR0617,T054,103,9,6,5,15,2,65,72,80,64,66,2,Medium Risk
P0941,T014,378,50,2,10,15,10,50,39,97,43,66,8,High Risk
P1081,T095,254,45,18,8,23,4,70,52,46,50,80,2,High Risk
P0188,T005,211,7,1,5,22,4,21,94,51,52,31,10,High Risk
MR0106,T030,229,23,8,3,20,2,59,56,66,68,59,2,Medium Risk
LR0311,T022,305,34,1,1,5,0,99,81,89,82,82,0,Low Risk
LR0677,T024,361,49,1,1,7,0,95,92,93,100,84,0,Low Risk
MR0095,T042,185,13,4,2,12,3,76,73,54,70,78,4,Medium Risk
MR0820,T029,141,14,5,4,15,2,59,71,80,80,78,4,Medium Risk
P1601,T068,464,51,15,11,26,0,79,90,85,38,54,8,High Risk
MR0857,T039,196,11,8,2,8,4,58,74,72,63,81,4,Medium Risk
P0227,T054,267,45,4,14,40,8,25,38,23,36,70,10,High Risk
P1613,T024,220,39,22,14,6,5,29,71,73,73,18,6,High Risk
P0536,T098,273,51,19,12,36,3,67,88,72,49,46,2,High Risk
MR0849,T009,101,20,5,5,6,3,69,57,70,50,77,3,Medium Risk
MR0216,T036,133,12,7,4,13,4,60,68,79,63,55,4,Medium Risk
MR0127,T031,184,13,5,3,8,1,60,77,60,79,82,4,Medium Risk
P0698,T098,140,54,17,12,0,8,67,34,65,63,19,8,High Risk
MR0614,T093,225,10,9,5,15,3,58,78,66,59,75,1,Medium Risk
LR0375,T100,355,30,3,1,4,1,92,87,90,95,99,0,Low Risk
P1778,T069,144,39,19,1,1,0,38,47,100,89,29,7,Medium Risk
MR0625,T015,237,22,8,2,7,4,64,67,65,77,58,4,Medium Risk
LR0805,T019,409,31,1,0,7,1,86,90,87,83,86,1,Low Risk
P1038,T070,430,29,6,0,4,6,99,60,76,57,29,0,Low Risk
P0209,T004,62,10,9,12,39,3,56,86,43,54,48,6,High Risk
P1847,T047,380,27,24,12,40,10,94,42,63,46,71,2,High Risk
P0566,T086,399,23,18,3,40,4,81,79,26,54,53,4,High Risk
P0314,T010,324,10,20,5,14,3,23,51,40,26,23,6,High Risk
P0602,T054,139,49,18,3,28,10,98,76,100,81,72,8,High Risk
P0234,T054,440,60,13,3,6,7,55,63,100,70,41,7,High Risk
P1261,T059,360,34,19,9,1,3,33,31,62,65,20,2,High Risk
P0932,T064,419,6,1,14,29,4,43,60,34,42,69,9,High Risk
MR0221,T056,146,16,5,3,15,4,66,71,79,50,69,3,Medium Risk
P1724,T090,179,29,5,12,1,7,85,89,21,28,11,5,High Risk
P0112,T016,275,44,5,0,34,0,73,66,96,55,54,1,Low Risk
LR0705,T015,334,35,2,1,4,0,92,98,98,90,97,0,Low Risk
P1090,T036,164,11,13,5,22,2,89,87,29,23,82,7,High Risk
LR0743,T095,307,35,2,1,5,0,96,85,100,83,92,0,Low Risk
LR0029,T067,242,55,3,0,0,1,98,94,84,82,94,0,Low Risk
MR0945,T010,249,9,8,4,5,4,78,57,50,73,51,3,Medium Risk
P1744,T022,492,24,25,15,37,1,62,59,41,72,84,6,High Risk
P0473,T010,490,19,1,1,5,9,22,86,77,74,38,4,Medium Risk
LR0097,T036,431,35,3,1,6,0,91,81,97,84,87,1,Low Risk
MR0733,T032,153,8,5,4,18,2,74,65,52,50,65,4,Medium Risk
P1787,T012,396,21,12,1,40,0,68,92,33,68,34,0,Low Risk
MR0277,T086,138,15,10,4,5,2,70,71,72,51,54,3,Medium Risk
P1374,T024,378,45,11,15,3,8,71,61,75,94,70,7,High Risk
MR0704,T013,236,14,7,5,6,1,56,71,65,74,59,1,Medium Risk
P0362,T046,342,5,13,14,31,3,48,56,38,70,61,8,High Risk
P0136,T061,211,24,8,10,36,9,30,70,72,53,28,5,High Risk
P1135,T001,338,53,15,1,25,8,93,36,69,52,31,5,High Risk
P1152,T054,180,46,1,6,28,7,95,95,22,96,19,8,Medium Risk
LR0469,T088,224,52,2,1,8,1,91,80,84,86,92,0,Low Risk
P1054,T024,407,45,4,13,4,6,77,66,48,92,64,10,High Risk
MR0317,T010,238,23,10,2,11,3,74,72,62,54,52,3,Medium Risk
P0023,T006,132,46,13,11,19,1,83,50,86,90,73,5,High Risk
P1973,T061,234,26,25,0,28,2,61,70,36,22,81,8,High Risk
LR0953,T068,435,26,2,0,7,0,92,93,86,83,89,0,Low Risk
P1653,T058,213,2,18,11,11,4,65,54,24,54,59,2,High Risk
P0696,T059,211,36,23,10,21,6,81,39,93,47,99,0,High Risk
P0421,T069,200,25,18,5,12,9,26,65,54,69,10,0,High Risk
MR0950,T051,90,18,5,5,11,1,67,57,53,62,61,2,Medium Risk
P0461,T052,51,34,5,9,18,0,32,96,29,72,97,3,Medium Risk
P1068,T023,145,30,4,0,29,9,75,67,34,36,66,7,Medium Risk
P0088,T018,427,49,21,10,36,3,71,51,48,85,99,2,High Risk
P0283,T091,386,51,23,8,34,10,21,52,54,62,69,4,High Risk
LR0999,T026,243,30,0,0,7,0,100,95,84,97,80,1,Low Risk
P1314,T068,428,58,2,15,5,7,51,64,94,85,47,10,High Risk
P1408,T052,200,21,15,8,12,4,65,60,70,70,60,3,High Risk
MR0795,T022,193,8,5,5,7,4,63,68,52,59,51,4,Medium Risk
LR0113,T053,390,49,2,1,1,1,87,94,87,86,99,0,Low Risk
P0860,T028,273,1,25,12,31,7,95,36,99,90,90,3,High Risk
P0534,T100,427,45,12,14,3,8,79,67,21,25,42,8,High Risk
MR0510,T006,116,10,5,5,19,2,79,69,71,59,85,4,Medium Risk
MR0784,T093,200,12,8,2,20,2,69,75,67,68,75,1,Medium Risk
P1420,T048,402,32,3,14,40,9,91,98,37,59,94,7,High Risk
MR0396,T073,245,18,5,5,14,1,56,60,56,55,82,1,Medium Risk
MR0169,T038,202,20,8,5,5,2,59,69,51,63,55,2,Medium Risk
LR0801,T012,455,26,0,0,3,0,99,100,99,91,89,1,Low Risk
MR0372,T040,245,18,5,3,13,4,59,59,57,65,76,3,Medium Risk
MR0939,T070,143,15,7,4,12,3,71,74,65,75,71,3,Medium Risk
LR0899,T027,309,21,3,1,6,0,85,97,80,86,94,1,Low Risk
P1645,T086,219,12,20,11,8,2,65,69,98,83,65,5,High Risk
P1413,T008,458,54,8,8,13,8,92,75,58,37,49,10,High Risk
MR0909,T030,195,24,9,4,13,2,74,80,58,65,77,3,Medium Risk
LR0298,T024,295,51,0,0,7,0,99,88,89,85,96,0,Low Risk
P0943,T056,380,24,14,11,8,4,60,31,39,39,25,4,High Risk
LR0252,T011,438,26,2,0,5,1,99,93,84,88,87,0,Low Risk
MR0905,T005,224,25,8,3,19,1,57,60,71,69,52,3,Medium Risk
P1652,T074,272,59,3,10,4,7,34,50,94,49,90,1,High Risk
LR0216,T008,287,53,0,1,7,0,98,83,82,93,95,0,Low Risk
LR0247,T054,359,50,3,1,4,1,89,86,91,100,86,1,Low Risk
P0122,T059,226,38,23,10,26,0,99,78,71,76,89,6,High Risk
P0888,T026,29,37,24,11,37,5,77,99,81,52,100,6,High Risk
LR0835,T081,222,28,2,0,2,0,89,80,95,95,86,1,Low Risk
P0686,T036,134,53,12,10,25,3,84,100,71,83,31,6,High Risk
LR0959,T007,275,53,1,1,7,1,96,83,87,97,99,1,Low Risk
P0414,T036,127,10,6,10,26,2,21,99,60,51,61,8,High Risk
P0790,T016,324,8,12,12,29,1,26,52,40,100,94,2,High Risk
LR0190,T031,277,48,0,0,2,1,89,99,98,89,91,0,Low Risk
P1570,T093,116,42,13,6,8,0,33,44,98,53,35,0,Medium Risk
P1804,T036,107,14,2,6,36,10,25,70,85,36,64,5,High Risk
MR0850,T087,167,12,7,2,6,2,58,56,57,73,73,4,Medium Risk
P1393,T093,447,26,13,14,35,7,77,61,23,52,81,7,High Risk
LR0139,T074,209,20,0,1,3,1,96,91,89,82,100,1,Low Risk
P0273,T063,303,26,16,5,6,9,56,94,26,68,75,3,High Risk
LR0592,T095,423,31,0,0,4,1,90,84,100,93,81,0,Low Risk
P0522,T068,210,10,8,3,10,8,43,90,55,84,44,7,High Risk
P0523,T088,169,52,21,5,14,6,27,99,98,41,33,4,High Risk
MR0237,T007,161,21,7,3,12,4,66,77,65,78,65,2,Medium Risk
P1913,T100,469,1,6,5,18,7,44,53,20,62,34,5,High Risk
P0351,T003,368,2,12,3,19,7,56,100,37,100,13,2,Medium Risk
P1619,T037,484,50,23,0,12,1,46,84,61,63,96,2,Medium Risk
P1862,T060,44,48,2,10,2,9,87,60,27,27,50,8,High Risk
MR0107,T004,85,11,9,2,7,3,75,57,58,72,75,2,Medium Risk
P1962,T004,449,9,2,9,6,0,80,60,99,27,47,4,Medium Risk
P0652,T017,159,12,18,8,13,0,59,63,67,69,95,0,Medium Risk
LR0412,T073,421,29,1,1,8,1,93,98,93,83,86,0,Low Risk
MR0443,T030,195,12,8,5,10,1,70,68,73,66,76,4,Medium Risk
MR0701,T048,235,18,6,4,20,1,57,68,65,80,76,2,Medium Risk
P1447,T020,240,50,1,10,14,6,26,49,99,80,14,5,High Risk
P1954,T063,138,48,25,2,8,8,97,72,62,63,17,7,High Risk
MR0735,T044,184,24,7,2,19,2,55,63,55,75,76,2,Medium Risk
LR0329,T063,312,21,2,1,3,0,98,91,85,93,86,1,Low Risk
P0169,T041,243,26,3,0,6,4,57,99,68,32,27,1,Low Risk
MR0707,T070,133,14,9,5,7,1,59,72,56,77,73,4,Medium Risk
P0963,T077,363,53,22,5,1,8,58,35,61,55,73,6,High Risk
P0946,T006,227,43,6,5,21,5,38,59,72,39,48,10,High Risk
P0463,T090,364,16,15,0,10,7,82,71,31,29,18,2,Medium Risk
MR0428,T093,131,11,7,2,16,2,67,80,64,54,68,2,Medium Risk
P0329,T060,119,17,16,5,34,7,80,92,39,80,33,8,High Risk
P1658,T033,431,6,14,9,25,1,97,47,27,47,85,1,Medium Risk
LR0259,T079,426,58,1,1,6,0,100,82,84,81,94,0,Low Risk
LR0692,T091,425,47,1,0,7,0,85,96,85,91,92,0,Low Risk
LR0304,T058,374,54,0,1,6,0,98,82,94,97,89,0,Low Risk
P0368,T005,30,38,5,8,29,2,20,34,31,97,66,7,High Risk
MR0452,T027,241,20,6,4,6,3,73,68,52,54,54,1,Medium Risk
MR0015,T083,82,12,8,5,16,4,58,69,70,60,77,3,Medium Risk
LR0834,T095,309,43,3,1,3,0,86,96,80,89,99,1,Low Risk
MR0126,T044,209,8,10,4,6,3,73,80,77,52,72,1,Medium Risk
P0773,T030,52,16,20,2,40,2,67,58,60,63,17,8,High Risk
P1285,T095,242,20,16,5,11,0,33,32,49,80,78,3,Medium Risk
LR0537,T058,459,34,2,0,0,0,86,81,82,91,91,0,Low Risk
MR0579,T089,148,22,4,3,13,2,70,63,50,75,74,3,Medium Risk
MR0139,T025,194,13,5,2,17,3,76,58,77,62,74,3,Medium Risk
P0499,T086,267,55,17,7,4,2,89,74,95,88,62,6,High Risk
P1235,T002,173,9,21,2,19,3,93,82,36,21,84,8,High Risk
P1513,T040,36,26,8,0,31,10,31,95,88,74,49,10,High Risk
P0436,T021,482,55,2,0,16,1,73,38,93,68,14,0,Low Risk
P1252,T097,407,11,6,1,21,0,64,75,82,77,75,5,Low Risk
P0366,T070,21,34,10,0,37,1,69,97,90,55,74,3,Low Risk
P1367,T004,22,45,9,1,27,3,28,63,99,36,45,3,Medium Risk
P0277,T036,465,34,4,7,25,10,82,99,51,35,72,1,High Risk
LR0640,T005,258,46,3,0,5,0,88,93,86,82,90,1,Low Risk
MR0768,T018,181,11,8,3,11,2,64,73,77,64,60,4,Medium Risk
MR0440,T082,176,22,6,5,7,3,76,75,53,58,85,3,Medium Risk
P0408,T072,393,59,23,9,20,0,95,82,32,34,39,8,High Risk
P1469,T026,53,13,20,8,22,5,94,74,58,97,92,3,High Risk
MR0364,T075,236,13,9,4,7,2,73,79,57,58,79,2,Medium Risk
MR0678,T071,219,16,5,2,19,3,59,64,77,71,53,1,Medium Risk
P0845,T035,300,35,6,2,23,10,74,47,24,75,38,0,Medium Risk
P1911,T010,342,6,0,2,17,4,74,34,57,80,98,10,Medium Risk
MR0312,T063,184,22,8,5,12,3,67,69,79,63,50,2,Medium Risk
P0087,T068,124,29,1,5,5,9,83,88,79,85,87,1,Medium Risk
P1544,T005,150,39,15,7,6,7,69,98,87,43,21,3,High Risk
LR0046,T022,228,49,3,0,6,1,96,98,93,93,90,1,Low Risk
LR0072,T052,422,22,2,0,6,0,99,93,81,88,93,0,Low Risk
LR0365,T022,365,45,1,1,6,0,98,89,98,100,98,1,Low Risk
P1850,T093,201,37,3,10,32,1,47,99,91,51,91,4,Medium Risk
P0856,T003,57,59,14,15,2,8,57,90,95,81,53,10,High Risk
MR0957,T057,182,24,6,5,20,4,70,59,73,71,73,4,Medium Risk
P0079,T088,336,1,20,8,26,4,34,38,92,29,35,1,High Risk
P0945,T075,375,41,0,0,18,4,75,60,22,31,34,8,Medium Risk
P0200,T085,81,19,8,7,18,1,88,87,23,44,42,5,Medium Risk
LR0064,T034,393,22,2,0,5,0,93,93,91,95,89,0,Low Risk
P1617,T082,26,39,4,14,28,8,31,83,48,66,61,7,High Risk
P0802,T027,470,26,23,2,12,4,91,88,69,88,50,0,Medium Risk
LR0406,T032,471,39,1,1,3,1,93,91,83,81,97,1,Low Risk
LR0391,T005,427,35,1,1,2,0,87,99,89,90,82,0,Low Risk
P1984,T025,454,46,19,4,29,0,48,72,56,34,71,9,High Risk
LR0913,T033,485,22,3,1,2,1,99,87,84,83,89,0,Low Risk
P0232,T065,420,33,12,8,7,7,78,60,89,98,82,5,High Risk
P1407,T073,396,25,3,10,7,5,61,31,91,45,19,7,High Risk
LR0005,T036,239,58,1,0,7,0,91,87,100,87,92,1,Low Risk
MR0347,T095,145,16,10,2,20,3,63,64,66,79,81,4,Medium Risk
LR0651,T071,306,44,2,1,4,0,97,97,92,95,99,1,Low Risk
LR0248,T040,362,37,0,0,3,0,96,91,94,91,88,1,Low Risk
LR0427,T039,469,21,2,1,7,0,86,88,90,83,89,1,Low Risk
LR0929,T092,200,41,3,1,3,1,88,87,82,85,91,1,Low Risk
P1628,T002,386,14,6,6,30,1,77,96,49,70,99,2,Low Risk
MR0818,T071,193,17,10,3,14,4,79,60,77,60,60,1,Medium Risk
P1144,T017,205,50,15,8,37,7,90,96,71,100,54,9,High Risk
MR0560,T051,184,22,10,2,11,2,57,80,72,78,55,4,Medium Risk
P0192,T033,167,1,23,15,28,0,86,46,23,89,48,4,High Risk
P0105,T078,88,11,8,12,34,4,57,42,68,33,43,3,High Risk
LR0952,T051,316,35,2,1,3,0,98,82,83,99,83,1,Low Risk
MR0670,T060,140,14,10,5,20,3,61,63,68,67,74,2,Medium Risk
LR0669,T032,249,60,1,1,5,0,95,86,89,84,84,0,Low Risk
P1860,T100,385,30,17,8,6,0,71,93,48,22,38,0,Medium Risk
LR0475,T034,379,37,1,1,4,0,87,92,95,88,96,1,Low Risk
LR0228,T088,236,59,0,1,8,0,100,80,82,98,97,0,Low Risk
MR0429,T086,185,20,9,5,19,3,56,62,79,55,76,1,Medium Risk
MR0860,T050,202,18,4,5,17,4,63,55,55,78,83,2,Medium Risk
MR0046,T042,147,14,10,5,5,4,70,80,54,62,64,3,Medium Risk
LR0408,T027,274,44,3,0,6,0,94,95,99,80,87,0,Low Risk
LR0006,T056,432,37,1,0,6,1,99,99,96,90,94,0,Low Risk
LR0760,T052,399,50,3,1,3,1,92,91,83,80,92,1,Low Risk
MR0829,T070,170,15,9,3,12,3,72,79,62,53,68,1,Medium Risk
P1916,T046,114,7,25,6,11,1,98,99,47,38,51,9,High Risk
MR0902,T094,146,10,8,5,17,1,77,58,54,70,77,3,Medium Risk
MR0057,T044,187,20,9,3,6,2,70,75,63,72,53,4,Medium Risk
P1814,T007,197,20,3,13,6,4,21,58,43,60,55,3,High Risk
MR0399,T036,198,8,9,4,18,2,71,77,50,52,67,2,Medium Risk
P0995,T067,185,21,5,4,20,1,83,35,100,67,58,2,Low Risk
P0465,T081,288,28,10,8,17,4,39,38,96,29,85,3,High Risk
P1500,T013,480,38,16,11,36,10,35,43,89,86,22,7,High Risk
MR0790,T060,244,24,6,2,8,3,61,59,71,75,59,1,Medium Risk
MR0942,T048,198,21,4,5,14,1,76,63,69,52,57,3,Medium Risk
LR0160,T048,410,51,3,0,6,0,94,85,87,96,91,0,Low Risk
P1237,T023,30,7,10,6,6,9,38,63,81,21,36,4,High Risk
LR0413,T029,362,23,2,0,8,0,93,95,96,87,84,0,Low Risk
MR0523,T082,131,16,6,4,19,4,68,57,62,78,81,3,Medium Risk
P0213,T009,195,14,7,1,1,5,21,70,23,52,43,7,High Risk
P1037,T029,273,57,17,1,35,6,56,97,62,27,28,0,Medium Risk
MR0869,T002,86,25,5,4,5,4,70,63,71,55,65,3,Medium Risk
P0901,T020,65,43,19,2,4,10,65,60,74,62,41,3,High Risk
P1838,T063,242,6,6,15,5,4,77,58,53,95,47,6,High Risk
LR0816,T017,203,41,3,0,3,1,87,85,91,100,93,0,Low Risk
P0742,T020,52,53,9,9,0,7,92,92,55,57,22,5,High Risk
MR0706,T073,157,15,8,2,15,3,72,60,58,69,81,4,Medium Risk
MR0090,T096,171,12,6,5,11,3,67,65,75,53,75,1,Medium Risk
LR0668,T053,212,35,1,1,7,1,97,99,91,99,100,0,Low Risk
P1207,T054,140,40,9,15,4,0,44,62,82,27,70,7,High Risk
P0510,T055,275,46,15,9,8,1,30,48,29,34,77,3,High Risk
P0598,T099,328,48,3,12,30,6,91,48,45,84,69,3,High Risk
LR0997,T095,487,34,2,1,0,0,94,94,81,95,91,1,Low Risk
P0982,T079,64,32,12,1,6,1,55,69,37,47,29,8,Medium Risk
LR0795,T012,212,33,0,0,4,1,88,84,100,80,98,0,Low Risk
MR0517,T065,193,24,7,4,6,2,63,74,58,50,52,3,Medium Risk
P0519,T033,56,56,14,15,37,9,47,86,36,62,54,4,High Risk
P1507,T018,291,23,21,13,18,9,75,65,26,29,78,10,High Risk
P0768,T030,407,30,1,13,37,7,92,56,99,28,16,6,High Risk
LR0637,T083,497,43,0,0,0,1,97,97,87,92,82,0,Low Risk
LR0744,T036,297,30,2,0,1,1,99,95,87,92,85,1,Low Risk
P0422,T099,112,22,9,15,6,6,59,64,49,23,37,4,High Risk
P0124,T018,12,32,25,10,21,8,46,51,80,35,96,6,High Risk
LR0742,T075,496,24,1,1,3,0,86,84,81,98,85,0,Low Risk
MR0755,T017,102,15,4,3,17,4,66,68,52,68,84,2,Medium Risk
P1809,T085,409,53,11,2,11,8,77,75,36,94,52,2,Medium Risk
P0820,T059,409,57,13,15,31,7,93,54,44,45,26,8,High Risk
P1404,T084,312,6,11,5,27,4,51,85,78,60,61,6,High Risk
P1383,T060,217,13,19,7,25,7,63,52,94,40,19,2,High Risk
P0101,T071,260,49,10,13,14,8,95,79,44,74,47,8,High Risk
MR0514,T064,211,19,9,3,14,3,59,79,61,77,60,1,Medium Risk
P1284,T024,97,57,25,11,22,6,85,71,81,96,19,2,High Risk
MR0690,T023,171,21,4,5,12,4,58,63,69,55,55,4,Medium Risk
MR0037,T071,178,10,9,4,6,2,60,66,76,51,67,1,Medium Risk
MR0491,T037,112,22,4,3,5,3,78,69,70,72,66,4,Medium Risk
P1104,T071,146,38,13,7,31,9,60,59,77,84,54,10,High Risk
LR0921,T020,493,29,0,1,1,0,89,81,80,92,92,0,Low Risk
MR0170,T027,90,14,10,4,13,3,56,57,56,57,64,2,Medium Risk
MR0187,T018,142,16,8,5,9,3,62,61,65,67,62,4,Medium Risk
LR0861,T094,327,41,3,0,5,1,97,93,97,80,84,0,Low Risk
P1353,T060,10,57,25,1,29,3,40,77,92,71,97,10,High Risk
P1565,T002,419,39,9,5,18,0,68,33,100,67,60,3,Low Risk
MR0307,T038,124,25,6,2,5,3,62,61,71,69,56,3,Medium Risk
MR0077,T003,113,11,4,3,13,1,68,69,60,62,73,1,Medium Risk
P0983,T097,499,13,2,15,34,7,40,84,77,96,77,9,High Risk
P0457,T036,360,27,7,6,36,9,60,79,48,73,46,3,High Risk
MR0612,T045,104,24,9,5,8,4,80,75,70,71,66,2,Medium Risk
LR0950,T017,394,39,1,0,8,0,95,99,86,94,100,1,Low Risk
LR0821,T003,314,45,3,0,4,0,98,88,85,98,82,1,Low Risk
P0382,T034,426,36,22,5,31,1,88,43,51,27,51,3,High Risk
MR0724,T037,151,25,9,4,11,3,72,56,79,66,62,1,Medium Risk
P1883,T084,471,39,17,13,28,1,82,62,61,21,35,4,High Risk
MR0340,T029,183,8,8,4,16,2,80,68,57,59,54,4,Medium Risk
P1011,T063,497,49,13,15,7,2,83,39,61,41,40,10,High Risk
P1593,T061,358,41,14,15,24,2,87,61,51,30,27,10,High Risk
MR0990,T028,80,19,8,4,20,1,62,57,67,54,59,2,Medium Risk
P0663,T068,272,43,12,15,21,9,48,73,53,39,91,4,High Risk
LR0629,T030,433,59,0,0,3,1,87,99,80,93,98,0,Low Risk
MR0652,T064,93,8,4,4,8,4,61,58,69,56,79,3,Medium Risk
MR0620,T091,230,11,6,3,9,4,74,65,70,69,84,3,Medium Risk
P1790,T092,166,30,10,6,4,3,85,39,90,96,73,4,Medium Risk
LR0988,T067,329,48,3,0,1,0,85,89,85,83,88,0,Low Risk
MR0122,T088,142,25,9,2,17,2,58,68,54,80,59,4,Medium Risk
MR0028,T020,248,11,4,4,20,3,60,73,69,69,60,2,Medium Risk
MR0576,T015,174,15,10,5,20,3,75,71,59,55,67,1,Medium Risk
P0846,T067,457,60,24,3,39,7,79,33,98,56,61,8,High Risk
P0543,T060,309,30,9,1,30,8,84,50,89,92,99,2,Medium Risk
P0092,T056,206,45,16,1,36,2,28,56,21,28,72,1,Medium Risk
MR0547,T067,168,12,5,5,20,1,55,79,78,54,68,3,Medium Risk
MR0123,T026,202,16,5,4,14,2,68,60,73,69,51,2,Medium Risk
P1197,T096,233,33,22,14,9,5,80,99,65,45,58,10,High Risk
P1103,T095,388,8,0,10,27,2,83,45,27,71,99,0,Low Risk
LR0671,T030,308,57,3,0,8,1,85,84,96,90,81,1,Low Risk
P1792,T075,91,33,3,12,35,2,96,36,69,67,69,9,High Risk
LR0250,T017,208,22,3,0,2,1,92,90,100,81,99,1,Low Risk
P1827,T058,350,40,0,12,23,5,48,41,80,83,46,1,Medium Risk
LR0150,T021,297,40,0,1,6,1,100,99,85,84,85,0,Low Risk
MR0578,T025,117,12,8,5,17,1,65,57,61,56,77,4,Medium Risk
P1776,T094,460,46,0,13,6,8,55,85,27,100,29,2,High Risk
P1049,T092,273,48,22,8,20,3,32,30,27,75,15,10,High Risk
LR0822,T072,225,50,0,0,1,1,93,98,97,87,86,0,Low Risk
P1832,T050,347,60,13,0,4,9,94,41,95,97,12,1,Medium Risk
P0899,T013,204,46,19,7,24,2,81,48,50,85,37,6,High Risk
P1460,T056,213,56,17,5,29,2,82,75,76,50,39,1,Medium Risk
P1612,T056,80,54,8,11,5,0,78,88,99,68,84,3,Medium Risk
P0238,T041,33,34,18,3,15,3,45,73,48,87,24,2,Medium Risk
P1502,T074,219,20,10,10,40,5,46,77,28,98,67,7,High Risk
LR0341,T011,406,37,3,1,7,1,89,87,97,92,96,1,Low Risk
P1134,T062,33,46,5,12,7,9,95,31,35,60,58,9,High Risk
LR0882,T001,213,50,1,1,4,0,96,100,80,80,87,0,Low Risk
LR0719,T035,491,49,1,0,8,0,90,92,88,83,84,0,Low Risk
P0164,T045,454,2,15,1,29,1,44,46,100,96,40,10,High Risk
LR0289,T030,281,20,1,1,2,1,87,97,81,82,99,0,Low Risk
P1836,T003,106,48,3,10,16,5,87,42,61,85,69,3,Medium Risk
P0253,T036,137,47,13,6,25,6,90,72,77,84,100,4,High Risk
LR0290,T060,463,59,3,1,7,1,100,86,92,100,80,0,Low Risk
MR0384,T095,96,13,7,3,12,2,77,72,70,72,78,1,Medium Risk
LR0806,T009,499,31,1,0,6,0,93,93,83,98,90,0,Low Risk
P1539,T017,108,56,1,10,33,3,69,69,31,63,32,3,Medium Risk
P0931,T054,307,55,1,7,15,1,25,34,83,63,88,1,Low Risk
LR0026,T079,219,37,1,0,6,1,97,98,92,80,94,0,Low Risk
P1698,T100,49,42,10,15,38,7,25,85,85,69,48,7,High Risk
MR0908,T006,114,19,4,5,14,3,58,70,61,71,50,2,Medium Risk
LR0979,T043,412,52,2,0,4,0,87,94,82,98,90,1,Low Risk
MR0393,T022,125,12,10,2,15,2,79,67,66,62,57,3,Medium Risk
LR0403,T015,468,58,1,0,2,0,90,86,95,85,88,1,Low Risk
LR0227,T079,369,20,1,0,8,0,90,99,99,100,95,0,Low Risk
LR0226,T040,306,38,3,0,7,1,95,90,96,82,94,1,Low Risk
P1091,T089,67,39,9,13,21,7,95,90,31,33,20,9,High Risk
MR0179,T057,184,24,5,4,5,1,60,66,68,70,71,2,Medium Risk
MR0827,T002,127,17,9,5,13,4,75,67,74,53,64,2,Medium Risk
P1938,T005,201,57,3,9,10,9,55,82,34,30,14,9,High Risk
P1182,T038,300,20,16,3,20,0,84,64,68,48,58,9,High Risk
P1453,T069,173,33,4,2,19,0,74,77,67,22,56,9,Medium Risk
P0594,T012,375,48,2,2,23,10,38,80,52,99,38,8,High Risk
P0678,T077,393,54,4,11,2,7,29,72,25,93,40,6,High Risk
P0042,T035,97,16,23,3,21,9,78,40,51,87,78,9,High Risk
P1834,T036,346,26,4,4,33,8,100,60,54,70,45,9,High Risk
LR0390,T023,270,23,2,0,6,0,100,80,81,96,83,1,Low Risk
LR0155,T011,336,23,1,0,1,1,92,83,97,83,87,0,Low Risk
P1942,T060,232,45,9,1,7,2,50,36,94,75,23,1,Low Risk
P0244,T028,477,57,18,2,33,4,54,70,59,43,33,9,High Risk
P1125,T036,209,14,17,0,34,3,32,31,46,33,26,0,Medium Risk
P1340,T018,123,1,3,1,29,8,74,73,99,53,85,6,Medium Risk
P1867,T015,145,59,3,2,26,7,32,84,94,75,61,2,Medium Risk
MR0215,T047,245,19,7,2,6,3,66,61,57,72,55,2,Medium Risk
MR0168,T025,238,25,9,5,13,4,74,62,55,69,68,3,Medium Risk
P1443,T079,273,20,5,10,8,6,69,53,58,25,92,8,High Risk
P0262,T008,67,27,17,14,31,2,34,83,28,24,86,8,High Risk
MR0722,T051,238,24,9,3,8,3,72,76,56,63,66,4,Medium Risk
MR0255,T064,130,11,5,2,15,1,59,62,67,72,68,4,Medium Risk
LR0243,T018,378,28,1,0,8,1,85,82,81,88,98,1,Low Risk
LR0689,T004,205,28,0,0,8,0,97,84,90,98,91,0,Low Risk
LR0655,T073,251,56,1,1,6,1,97,92,87,94,100,1,Low Risk
P0835,T068,252,16,25,14,25,8,96,90,94,74,63,1,High Risk
MR0566,T020,229,15,6,5,11,2,69,75,76,52,83,1,Medium Risk
MR0666,T013,109,11,4,4,19,3,79,67,68,74,53,1,Medium Risk
MR0001,T002,92,23,10,2,16,3,59,57,66,78,55,1,Medium Risk
LR0803,T032,360,30,0,0,1,1,98,97,81,99,83,0,Low Risk
P0341,T087,103,27,18,13,19,4,33,57,38,45,99,3,High Risk
P1873,T078,451,28,3,12,3,4,67,99,23,20,65,8,High Risk
P0749,T095,57,52,13,5,28,4,31,67,40,56,43,0,Medium Risk
P1892,T069,118,1,11,7,3,0,88,64,55,71,75,2,Medium Risk
P0481,T025,205,55,25,8,32,7,49,57,99,55,14,6,High Risk
P1865,T007,84,45,11,10,32,3,48,46,73,56,32,10,High Risk
LR0219,T059,310,32,0,1,4,1,96,81,87,86,87,0,Low Risk
LR0616,T022,327,28,0,1,3,1,85,98,92,94,92,0,Low Risk
LR0269,T040,414,24,1,1,1,0,100,81,100,99,81,0,Low Risk
P0784,T057,292,11,21,10,21,9,79,72,42,100,36,5,High Risk
MR0425,T029,98,13,10,2,13,2,57,61,55,71,58,2,Medium Risk
MR0301,T001,194,20,7,4,6,4,65,74,50,75,69,4,Medium Risk
LR0607,T020,238,51,0,0,7,1,97,93,90,88,99,1,Low Risk
MR0196,T078,95,18,10,3,18,3,80,65,59,69,79,1,Medium Risk
MR0637,T040,131,18,10,3,15,2,59,71,72,79,81,1,Medium Risk
LR0494,T093,235,31,0,0,1,0,88,99,98,85,86,1,Low Risk
P1726,T057,388,1,22,2,8,9,71,63,51,76,18,2,High Risk
P1845,T044,300,51,23,15,12,8,73,64,96,23,98,3,High Risk
LR0621,T094,254,34,3,0,8,0,100,99,91,100,81,1,Low Risk
LR0811,T077,210,28,1,0,6,1,89,98,80,95,87,1,Low Risk
P1785,T044,67,58,25,11,3,9,100,63,33,79,63,3,High Risk
P1272,T075,156,43,13,0,31,3,48,90,43,23,41,6,Medium Risk
MR0229,T006,117,22,7,4,16,4,76,75,62,65,77,2,Medium Risk
LR0003,T021,353,20,3,0,7,1,93,91,89,86,97,1,Low Risk
P1128,T016,183,27,3,6,20,2,89,85,33,90,93,7,Medium Risk
P0627,T002,318,45,20,15,20,1,96,87,48,97,88,1,High Risk
P0348,T076,208,26,5,11,23,4,65,57,38,84,92,2,Medium Risk
MR0503,T062,194,9,5,3,5,2,63,66,52,76,60,4,Medium Risk
LR0542,T003,473,22,3,0,1,0,99,97,80,93,94,0,Low Risk
P1566,T099,63,45,9,9,29,1,51,42,58,73,71,3,Medium Risk
LR0099,T002,497,30,2,0,6,0,86,89,85,92,90,0,Low Risk
P0980,T082,281,10,9,6,24,7,50,91,76,92,47,10,High Risk
P1424,T088,40,2,6,9,0,8,81,57,26,78,53,1,High Risk
MR0438,T052,237,18,8,5,14,1,58,63,62,53,66,4,Medium Risk
MR0366,T052,226,25,5,2,11,1,57,65,50,65,52,3,Medium Risk
P0912,T003,56,32,1,2,32,2,61,52,51,47,43,7,Medium Risk
LR0496,T047,455,56,2,0,2,1,99,89,81,92,83,0,Low Risk
P0633,T095,464,54,0,12,28,7,65,78,43,35,35,5,High Risk
P1750,T094,93,3,24,5,31,1,48,50,34,31,49,6,High Risk
P0446,T095,91,56,7,11,14,2,40,42,51,50,32,9,High Risk
P0618,T043,388,44,16,10,29,3,24,85,24,42,29,3,High Risk
LR0104,T094,493,38,0,0,0,1,85,92,90,88,82,0,Low Risk
P1897,T055,16,50,18,14,17,10,49,61,97,55,10,7,High Risk
LR0171,T034,251,20,1,1,7,1,100,97,92,88,100,0,Low Risk
LR0595,T055,213,20,0,0,4,0,97,100,89,96,89,0,Low Risk
LR0844,T095,442,26,0,0,7,0,94,91,84,91,80,1,Low Risk
LR0432,T078,205,58,1,0,0,0,93,87,99,86,86,1,Low Risk
MR0390,T032,86,20,8,4,6,3,62,63,56,60,51,2,Medium Risk
MR0375,T005,100,8,4,4,6,3,61,69,68,62,69,1,Medium Risk
P1466,T043,447,59,24,1,16,7,68,38,91,25,99,5,High Risk
P1673,T043,291,10,18,12,0,4,99,59,64,44,59,8,High Risk
LR0114,T013,281,36,1,0,5,0,89,85,86,89,92,1,Low Risk
P0116,T065,409,46,21,13,31,2,47,99,92,89,93,7,High Risk
P1495,T059,439,14,3,2,23,2,92,66,89,84,39,1,Low Risk
P0354,T053,432,19,8,11,13,10,22,76,79,52,14,5,High Risk
P1233,T007,277,41,16,1,38,5,95,88,66,24,14,9,High Risk
P0614,T034,127,37,9,9,35,10,52,74,52,71,47,7,High Risk
MR0507,T047,144,20,4,2,10,2,60,64,63,72,77,1,Medium Risk
MR0791,T008,100,13,6,4,18,2,60,60,52,54,67,3,Medium Risk
LR0345,T023,427,24,3,0,8,0,89,95,89,85,93,0,Low Risk
MR0715,T003,131,12,10,2,5,1,73,66,75,65,61,2,Medium Risk
LR0638,T099,341,60,0,1,3,0,96,96,96,88,94,0,Low Risk
MR0759,T086,154,14,9,4,16,2,67,70,52,55,83,2,Medium Risk
P0058,T054,147,32,9,7,32,3,87,55,69,78,78,1,Medium Risk
MR0098,T002,179,21,8,4,6,1,73,79,79,63,60,1,Medium Risk
MR0991,T008,123,20,10,4,10,3,60,79,77,55,79,1,Medium Risk
LR0906,T098,421,38,1,1,3,0,96,85,91,97,99,0,Low Risk
MR0912,T083,221,10,6,2,11,2,55,70,54,77,62,4,Medium Risk
P1254,T034,333,31,21,10,27,0,48,62,71,42,18,10,High Risk
MR0330,T062,83,12,5,2,8,2,77,65,67,69,59,1,Medium Risk
LR0504,T017,377,24,3,1,1,0,86,90,100,93,97,0,Low Risk
LR0334,T068,366,42,2,1,2,1,87,97,89,100,94,1,Low Risk
MR0528,T040,173,8,4,4,7,4,60,73,64,58,60,1,Medium Risk
MR0813,T056,174,20,6,5,19,1,58,75,73,50,71,3,Medium Risk
P1903,T001,463,42,7,6,1,2,78,45,39,35,48,8,High Risk
LR0260,T029,251,24,3,0,3,0,100,90,87,86,87,1,Low Risk
P1899,T098,236,23,22,4,0,8,67,96,28,75,26,1,High Risk
P0561,T033,294,6,6,4,27,7,38,72,100,45,30,8,High Risk
P0708,T091,357,11,9,9,32,0,33,84,46,68,23,3,Medium Risk
P1648,T077,139,46,7,9,27,2,55,34,75,31,57,0,Medium Risk
P0425,T001,311,31,9,9,0,0,70,63,68,37,18,8,High Risk
P1094,T096,393,40,23,15,38,10,92,59,61,22,47,6,High Risk
P1377,T027,305,26,7,6,30,0,36,54,49,74,53,9,High Risk
P0648,T086,369,60,8,7,31,0,70,87,30,28,19,4,Medium Risk
P0073,T056,224,13,9,7,28,8,58,56,53,73,17,6,High Risk
LR0523,T040,371,52,0,1,1,1,94,92,100,85,95,0,Low Risk
P1887,T049,273,21,18,3,29,7,68,57,38,74,91,2,High Risk
P1727,T018,449,13,5,15,16,6,91,43,47,72,23,4,High Risk
P1006,T082,90,60,4,8,34,1,24,55,66,23,32,5,High Risk
P0621,T077,46,23,19,14,16,5,23,30,22,48,80,7,High Risk
MR0320,T088,240,9,6,4,15,4,64,60,70,64,84,2,Medium Risk
P0288,T069,337,38,10,4,24,4,46,92,76,78,76,3,Medium Risk
P0554,T056,479,26,24,9,6,2,32,92,90,72,63,6,High Risk
LR0382,T010,336,36,0,0,2,0,90,93,85,95,81,1,Low Risk
P1895,T088,257,33,8,2,38,0,48,32,84,23,67,5,Medium Risk
LR0145,T080,206,60,0,0,0,1,92,92,83,91,85,0,Low Risk
P1555,T079,156,17,2,8,31,5,55,35,57,96,25,5,Medium Risk
MR0546,T066,221,12,6,3,11,1,80,75,52,59,83,3,Medium Risk
LR0258,T078,318,25,3,1,7,0,91,94,96,92,89,1,Low Risk
LR0548,T100,259,47,0,1,0,0,100,93,93,87,95,1,Low Risk
P0999,T072,194,45,24,12,11,4,76,93,38,76,22,1,High Risk
MR0178,T054,232,25,8,3,13,1,74,76,54,80,65,2,Medium Risk
P1690,T054,406,36,24,13,27,1,94,100,34,24,77,8,High Risk
MR0274,T046,248,21,4,3,14,3,75,66,66,65,56,3,Medium Risk
P1398,T032,489,33,3,0,27,8,65,81,99,41,45,7,Medium Risk
P1578,T064,150,56,11,12,21,9,40,80,94,39,80,4,High Risk
P1621,T037,498,54,11,1,15,10,83,94,90,34,59,1,Medium Risk
MR0654,T063,237,12,9,5,7,3,79,58,79,62,50,4,Medium Risk
MR0726,T008,217,23,8,3,20,2,72,74,75,51,78,4,Medium Risk
MR0978,T082,100,11,4,2,7,1,65,75,65,75,64,2,Medium Risk
LR0322,T094,347,28,2,1,1,1,93,81,86,93,86,1,Low Risk
MR0590,T053,165,11,8,5,14,4,74,80,67,64,59,2,Medium Risk
P0441,T091,140,28,1,3,7,7,49,44,86,31,10,0,Medium Risk
P0509,T024,212,5,23,8,39,0,70,69,68,60,19,3,High Risk
P1101,T012,232,43,16,15,34,0,41,51,45,54,40,10,High Risk
P0590,T078,301,28,3,11,12,2,39,75,44,65,48,10,High Risk
P1961,T053,215,22,20,11,38,3,41,65,30,100,11,4,High Risk
P0650,T029,365,25,16,10,24,10,68,79,22,26,11,8,High Risk
P1547,T022,177,22,19,12,7,3,42,61,34,81,61,9,High Risk
MR0640,T064,193,10,10,2,20,4,79,57,76,53,66,3,Medium Risk
MR0920,T009,172,15,6,5,8,3,63,57,58,55,52,2,Medium Risk
LR0324,T032,220,26,1,1,6,1,90,93,92,97,86,1,Low Risk
MR0856,T077,233,24,9,3,12,1,65,73,75,77,70,1,Medium Risk
LR0535,T099,437,51,0,0,1,1,98,80,85,97,81,0,Low Risk
P1456,T086,401,60,20,1,21,8,40,41,34,70,64,5,High Risk
LR0246,T034,394,52,1,1,7,1,93,100,82,99,83,0,Low Risk
P0661,T073,264,27,15,8,13,8,40,59,80,38,43,10,High Risk
P0631,T022,203,22,13,4,29,4,73,34,35,53,52,3,Medium Risk
P0673,T088,275,5,13,3,24,4,76,91,44,92,43,9,High Risk
P1250,T068,44,60,13,14,19,2,42,87,30,72,75,5,High Risk
P1739,T065,353,59,7,12,27,5,67,78,71,95,59,10,High Risk
P0483,T057,295,26,11,3,27,1,28,60,26,86,37,6,Medium Risk
P1585,T046,175,51,7,2,2,1,78,37,87,45,16,4,Low Risk
P1980,T092,11,6,20,14,16,10,38,100,26,79,75,8,High Risk
MR0409,T058,134,19,4,3,14,1,63,59,51,69,85,2,Medium Risk
P1939,T097,436,43,15,9,34,4,21,99,47,46,76,10,High Risk
P1463,T072,401,55,0,1,37,10,94,47,68,55,57,6,Medium Risk
LR0765,T080,245,57,0,0,6,0,95,82,98,94,81,1,Low Risk
LR0571,T069,426,33,0,1,5,0,96,91,93,89,100,1,Low Risk
LR0380,T052,473,24,0,1,1,0,98,81,86,91,97,0,Low Risk
P0857,T015,435,43,15,7,40,8,65,89,49,29,58,7,High Risk
P1226,T025,140,23,20,5,25,2,32,64,34,31,65,7,High Risk
P1191,T042,450,54,9,13,16,8,37,64,39,22,52,6,High Risk
LR0766,T029,289,31,0,0,0,0,94,98,83,83,88,0,Low Risk
MR0282,T053,160,15,4,2,14,1,60,60,54,54,73,3,Medium Risk
P0531,T067,48,19,24,14,18,1,57,37,73,97,79,0,High Risk
LR0658,T021,293,42,3,0,7,1,89,91,93,87,93,1,Low Risk
P0050,T025,383,18,4,3,32,2,64,97,60,92,74,4,Low Risk
MR0695,T027,229,11,9,4,9,1,59,72,58,79,70,2,Medium Risk
MR0683,T086,196,10,7,3,13,2,64,55,64,50,81,2,Medium Risk
P0859,T051,192,57,24,6,20,1,58,42,83,68,37,2,High Risk
LR0923,T043,483,56,3,1,6,1,95,97,82,83,91,0,Low Risk
P1073,T019,455,60,14,14,28,5,51,88,75,48,44,6,High Risk
P0720,T051,15,25,20,15,22,0,68,51,98,73,76,9,High Risk
P0152,T023,77,31,1,13,27,1,37,98,98,63,34,2,Medium Risk
LR0167,T040,428,56,3,1,0,0,98,99,86,97,84,1,Low Risk
LR0981,T017,491,26,2,0,0,0,89,93,100,92,90,1,Low Risk
P1661,T013,166,30,3,6,7,4,55,31,42,55,45,7,High Risk
P1657,T073,287,59,17,14,23,10,55,96,34,43,14,7,High Risk
LR0178,T034,474,23,2,0,2,1,93,86,89,87,94,0,Low Risk
LR0313,T048,328,31,1,0,1,1,90,85,96,82,83,0,Low Risk
MR0082,T085,168,24,8,3,17,3,73,58,52,64,84,2,Medium Risk
LR0173,T092,490,24,3,0,4,0,92,80,92,97,84,1,Low Risk
LR0956,T086,211,22,1,0,7,0,90,85,84,99,92,1,Low Risk
LR0858,T050,279,58,2,0,4,1,90,88,99,95,99,0,Low Risk
LR0944,T061,497,53,3,0,6,0,92,97,82,85,90,1,Low Risk
MR0600,T041,115,11,9,4,7,3,55,74,65,79,74,4,Medium Risk
LR0729,T009,269,53,2,1,8,0,99,90,88,94,81,1,Low Risk
LR0223,T073,302,45,3,1,5,0,85,82,92,98,83,1,Low Risk
P1768,T068,257,58,1,4,6,1,75,31,55,92,81,1,Low Risk
P1784,T021,376,53,2,9,38,9,60,73,38,29,69,3,High Risk
MR0012,T010,91,16,6,5,17,1,63,80,55,60,54,3,Medium Risk
P1386,T012,211,26,3,8,34,4,50,39,47,87,81,3,Medium Risk
LR0514,T074,428,57,3,1,3,1,98,89,86,100,89,1,Low Risk
P1400,T051,247,14,20,9,9,5,33,47,25,88,92,1,High Risk
P1196,T095,255,43,3,7,19,5,66,74,20,22,32,1,Medium Risk
MR0766,T084,217,8,10,3,11,4,55,60,52,66,58,1,Medium Risk
P1476,T033,123,29,22,13,6,10,74,51,96,60,58,10,High Risk
LR0487,T077,362,55,3,1,7,0,92,94,99,81,90,1,Low Risk
MR0496,T001,143,13,4,5,19,3,76,56,79,79,60,3,Medium Risk
LR0881,T061,305,20,1,0,3,1,86,82,88,98,98,0,Low Risk
P0298,T025,301,43,20,3,7,0,84,86,92,74,55,2,Medium Risk
LR0078,T058,365,25,3,1,0,1,93,92,97,84,85,1,Low Risk
P1265,T085,145,11,24,5,16,3,50,84,41,71,23,8,High Risk
MR0334,T084,155,10,5,5,20,1,79,76,53,59,74,2,Medium Risk
P0959,T095,457,47,16,15,5,7,88,77,43,64,95,1,High Risk
P1607,T065,223,9,20,10,7,6,94,92,69,56,38,8,High Risk
LR0708,T059,421,42,2,1,2,1,88,95,95,97,93,1,Low Risk
P0909,T093,165,34,13,10,8,9,49,49,57,47,87,9,High Risk
P1930,T040,281,34,13,7,5,9,65,85,53,70,93,2,High Risk
P1610,T007,193,31,9,14,23,6,52,72,64,53,27,6,High Risk
LR0928,T083,447,37,1,1,0,1,98,98,96,85,82,0,Low Risk
P1375,T086,436,16,14,2,27,7,81,94,97,81,73,6,High Risk
P1287,T057,202,36,23,1,39,8,44,82,53,96,80,0,High Risk
MR0987,T093,182,22,6,4,10,4,75,67,60,72,70,4,Medium Risk
P0350,T075,455,58,11,7,28,3,97,97,69,83,16,10,High Risk
P1369,T017,139,42,18,13,5,1,21,38,53,31,13,3,High Risk
LR0131,T006,410,44,2,1,1,1,85,88,92,93,82,0,Low Risk
P0644,T086,119,31,17,12,37,4,96,73,42,98,75,3,High Risk
LR0866,T039,388,29,2,1,7,0,90,85,95,85,100,0,Low Risk
LR0043,T086,306,54,2,1,1,1,87,89,88,99,85,0,Low Risk
P1682,T047,53,59,24,1,29,4,65,68,76,51,90,8,High Risk
P0670,T051,318,12,22,6,38,4,88,60,28,77,44,0,High Risk
MR0623,T099,115,20,5,3,6,4,64,70,55,55,50,1,Medium Risk
LR0128,T083,221,28,0,0,3,0,94,96,90,80,88,0,Low Risk
MR0261,T063,106,15,9,4,20,4,71,66,80,71,52,4,Medium Risk
LR0769,T085,224,29,3,1,6,0,86,82,85,83,96,1,Low Risk
P1819,T018,251,8,4,5,32,6,72,65,43,42,86,8,High Risk
P1180,T009,378,14,19,15,3,6,64,86,52,54,91,3,High Risk
MR0368,T088,123,9,10,3,6,1,59,78,61,59,73,3,Medium Risk
MR0955,T023,188,15,9,2,12,4,62,63,72,58,51,1,Medium Risk
LR0209,T034,424,29,2,1,3,1,95,99,84,99,80,1,Low Risk
P1851,T071,380,51,8,2,23,7,70,72,28,71,28,5,Medium Risk
P1588,T030,184,36,16,15,27,0,34,92,64,34,50,10,High Risk
MR0796,T053,114,9,7,4,10,3,60,62,64,71,59,3,Medium Risk
LR0255,T005,456,31,0,1,1,0,85,92,95,89,96,0,Low Risk
LR0373,T023,450,35,1,0,0,1,86,83,86,95,81,0,Low Risk
P1358,T053,203,59,18,8,32,10,95,51,79,60,99,10,High Risk
P0787,T024,217,41,20,4,30,0,34,44,45,59,99,0,Medium Risk
MR0587,T043,189,20,8,4,17,3,62,62,69,76,80,3,Medium Risk
P0141,T027,58,59,8,4,38,10,90,97,58,87,57,2,Medium Risk
P0789,T095,295,28,25,10,15,9,32,85,81,30,88,4,High Risk
P0324,T082,319,26,20,1,16,0,80,75,68,92,44,2,Low Risk
LR0690,T040,319,30,1,0,6,0,85,94,86,90,92,0,Low Risk
P0715,T020,457,28,12,14,13,0,65,49,77,76,51,7,High Risk
LR0196,T077,499,27,1,0,7,1,86,83,87,96,100,0,Low Risk
MR0310,T016,85,16,4,3,14,1,62,80,66,54,82,4,Medium Risk
MR0688,T098,247,12,8,4,15,3,60,80,79,71,82,3,Medium Risk
MR0180,T060,170,17,7,4,17,3,66,64,59,57,68,2,Medium Risk
MR0521,T062,93,21,7,4,9,2,80,60,70,76,58,3,Medium Risk
P1908,T023,121,8,25,5,36,10,33,100,28,69,67,7,High Risk
P0619,T032,354,9,3,2,33,2,78,86,21,39,59,6,Low Risk
P0407,T014,276,41,5,9,28,0,46,56,44,47,22,9,High Risk
LR0207,T051,278,55,0,0,5,1,92,84,83,89,81,1,Low Risk
LR0038,T092,433,53,0,0,4,1,92,93,100,100,94,1,Low Risk
MR0083,T079,238,11,7,5,18,3,72,76,51,76,80,3,Medium Risk
LR0853,T008,382,39,1,1,0,1,87,91,85,85,85,0,Low Risk
LR0418,T054,335,36,3,0,5,0,87,96,86,94,87,0,Low Risk
P0498,T026,286,9,10,1,5,4,91,83,69,53,90,10,High Risk
MR0915,T079,152,20,7,2,7,1,67,80,76,54,80,1,Medium Risk
P0343,T014,499,34,25,3,15,8,48,39,33,27,26,0,High Risk
LR0578,T017,293,24,0,1,0,1,90,80,86,100,99,1,Low Risk
MR0921,T089,92,11,9,2,20,4,70,73,66,63,61,4,Medium Risk
P0783,T015,111,3,1,2,33,5,98,69,67,71,72,3,Low Risk
MR0005,T023,188,16,4,2,7,2,68,64,75,63,57,4,Medium Risk
P1324,T077,127,29,7,3,8,1,31,52,44,95,100,7,Medium Risk
MR0461,T016,185,14,8,3,7,4,62,69,62,76,85,3,Medium Risk
MR0778,T008,111,11,5,4,10,4,55,65,66,69,54,2,Medium Risk
P0304,T039,188,20,18,15,40,6,78,84,23,87,32,8,High Risk
MR0371,T083,125,24,4,3,5,3,63,62,63,68,56,3,Medium Risk
LR0460,T063,489,28,2,1,6,1,92,94,84,94,80,1,Low Risk
P0665,T025,168,17,1,8,15,3,38,98,40,40,90,9,High Risk
P1178,T098,455,33,19,9,37,4,34,87,62,97,10,7,High Risk
P1245,T036,120,10,22,0,17,10,76,78,71,26,33,6,High Risk
LR0437,T048,459,25,0,1,2,1,91,80,85,80,94,1,Low Risk
MR0358,T019,119,24,8,2,6,4,63,68,72,60,55,1,Medium Risk
MR0132,T021,216,24,7,3,15,3,58,66,60,54,76,3,Medium Risk
MR0565,T042,171,18,8,4,17,3,67,57,67,52,75,3,Medium Risk
LR0869,T033,412,20,1,0,3,0,98,93,85,83,85,1,Low Risk
P0085,T008,174,41,25,6,17,2,84,64,45,61,76,3,High Risk
MR0451,T060,206,22,8,5,11,4,73,76,76,76,72,4,Medium Risk
P1801,T052,280,25,0,10,21,4,53,99,53,71,45,10,High Risk
P0942,T068,405,28,4,2,5,10,78,79,74,90,38,0,Low Risk
P0962,T032,360,53,14,5,7,1,67,87,33,93,99,3,Medium Risk
P0842,T042,159,5,12,12,9,0,37,40,52,29,53,6,High Risk
LR0603,T074,257,60,0,1,2,1,93,88,98,89,93,1,Low Risk
LR0686,T031,249,26,3,1,4,0,86,97,99,90,85,1,Low Risk
MR0150,T070,221,19,7,5,8,4,58,76,76,51,81,3,Medium Risk
P0867,T050,311,27,5,12,9,7,54,52,48,72,42,5,High Risk
MR0719,T084,84,17,8,4,8,2,55,58,54,76,76,3,Medium Risk
MR0050,T005,136,23,7,4,13,3,80,57,71,78,55,2,Medium Risk
P0291,T034,491,15,17,12,15,4,72,45,35,54,26,10,High Risk
LR0012,T033,410,34,2,0,3,0,93,94,81,82,93,1,Low Risk
LR0544,T043,448,37,2,1,6,0,89,95,93,90,80,0,Low Risk
LR0203,T094,380,42,2,0,6,1,93,92,100,85,85,0,Low Risk
MR0413,T029,171,8,6,4,19,2,61,68,60,67,71,4,Medium Risk
MR0616,T046,186,18,5,4,6,2,55,59,58,52,57,2,Medium Risk
P0605,T009,161,56,19,13,19,8,61,100,46,93,26,6,High Risk
LR0698,T071,426,24,1,1,4,1,87,100,99,87,81,0,Low Risk
P0917,T003,53,32,23,14,14,9,53,47,53,59,49,9,High Risk
MR0155,T034,211,22,10,2,15,3,62,66,75,53,82,2,Medium Risk
LR0443,T023,341,30,3,0,4,1,90,91,87,83,88,0,Low Risk
P1100,T008,104,26,21,12,40,8,59,41,67,48,91,7,High Risk
P1089,T009,292,5,22,2,13,3,89,99,37,82,21,10,High Risk
MR0884,T063,128,13,9,4,20,2,63,72,76,71,51,1,Medium Risk
MR0152,T098,145,23,6,5,17,4,80,71,61,59,67,3,Medium Risk
P1625,T011,451,23,15,12,1,8,100,92,36,53,55,10,High Risk
LR0515,T092,446,45,1,1,1,0,92,88,93,82,87,1,Low Risk
P0822,T017,372,33,7,2,1,4,52,69,82,62,84,6,Medium Risk
LR0168,T052,256,56,1,1,3,1,94,94,87,92,99,1,Low Risk
LR0479,T010,221,55,1,0,2,0,95,96,100,99,87,1,Low Risk
MR0775,T033,85,25,10,3,19,2,71,71,63,56,78,2,Medium Risk
MR0224,T044,135,25,10,3,11,4,60,66,78,53,58,2,Medium Risk
MR0689,T046,194,22,5,3,16,1,64,63,56,56,75,1,Medium Risk
P1303,T048,28,17,3,12,27,0,77,87,51,31,71,7,High Risk
P1001,T042,224,56,20,1,9,4,28,99,71,56,77,5,High Risk
MR0286,T093,245,22,7,4,7,2,71,69,56,64,61,3,Medium Risk
MR0561,T100,100,13,6,5,9,2,79,57,52,56,61,4,Medium Risk
P1506,T087,215,57,4,3,3,9,98,43,59,26,82,5,High Risk
P1478,T073,378,1,3,6,26,6,81,55,31,73,94,7,High Risk
P0019,T042,475,2,11,1,17,5,83,93,42,60,63,1,Low Risk
P1638,T063,112,21,15,10,21,1,86,92,63,44,48,1,High Risk
P1668,T046,226,6,8,0,18,9,71,45,68,38,17,5,High Risk
P0494,T034,370,37,10,15,32,8,80,99,44,91,67,0,High Risk
P1126,T062,31,7,19,8,9,5,86,51,56,70,42,5,High Risk
P1405,T008,129,9,15,9,12,8,31,82,39,42,10,3,High Risk
MR0094,T041,233,19,10,3,19,1,71,67,63,55,82,4,Medium Risk
MR0864,T084,161,23,9,2,19,2,68,75,59,60,68,4,Medium Risk
LR0722,T031,251,47,2,0,8,0,97,88,96,91,95,1,Low Risk
LR0448,T016,386,48,3,1,3,1,91,85,86,83,86,0,Low Risk
LR0424,T063,349,23,1,0,6,1,100,100,97,99,100,1,Low Risk
LR0270,T048,221,45,3,0,3,1,99,92,87,91,96,0,Low Risk
LR0133,T095,228,23,0,1,2,0,86,81,95,90,86,0,Low Risk
P0585,T010,292,16,9,2,29,3,72,94,91,84,75,0,Low Risk
LR0624,T005,297,32,0,1,7,1,87,99,81,85,90,1,Low Risk
P0688,T071,333,15,13,3,17,6,69,79,98,87,100,1,Medium Risk
MR0333,T073,120,18,8,3,11,3,75,78,62,72,56,3,Medium Risk
LR0285,T040,367,20,0,0,7,1,91,93,88,93,88,0,Low Risk
MR0134,T034,117,24,10,3,9,4,66,60,57,65,50,4,Medium Risk
P1609,T003,382,12,21,11,28,1,60,62,55,58,80,9,High Risk
LR0673,T032,399,58,2,0,0,0,96,96,95,91,81,1,Low Risk
LR0233,T030,297,54,1,1,6,0,88,80,90,96,86,1,Low Risk
P1010,T093,89,21,17,6,39,9,72,85,91,29,51,5,High Risk
MR0200,T006,98,17,10,3,19,1,68,79,52,74,78,4,Medium Risk
LR0308,T001,358,60,3,1,3,1,87,97,99,90,90,1,Low Risk
P0361,T035,353,34,25,8,20,5,36,74,73,24,48,0,High Risk
MR0397,T010,84,24,4,3,20,2,57,73,67,75,75,2,Medium Risk
MR0648,T066,187,17,6,4,15,3,79,59,55,80,54,1,Medium Risk
LR0925,T095,380,48,3,1,6,1,98,82,88,93,100,0,Low Risk
P1678,T017,198,30,24,3,30,9,27,62,88,55,52,1,High Risk
P1311,T088,464,26,6,7,15,0,59,84,86,56,39,8,Medium Risk
P1171,T092,54,24,11,2,28,6,70,94,68,94,32,1,Medium Risk
P1955,T012,212,16,22,5,23,7,93,69,52,100,63,10,High Risk
P0801,T094,195,17,23,10,39,2,48,58,77,41,94,10,High Risk
LR0401,T050,330,30,1,0,0,1,89,89,87,87,81,1,Low Risk
P0345,T011,470,23,18,13,3,6,86,73,21,93,93,3,High Risk
LR0695,T087,362,47,3,1,3,1,95,93,90,87,81,1,Low Risk
P0987,T002,454,14,16,9,19,1,80,67,33,71,74,0,Medium Risk
LR0526,T090,254,33,3,0,2,0,92,97,83,90,82,0,Low Risk
P0744,T039,186,32,6,15,30,2,44,81,69,30,89,2,High Risk
LR0947,T087,250,29,1,1,7,1,90,80,80,82,96,1,Low Risk
P1672,T063,170,50,6,0,2,4,71,44,61,99,86,9,Medium Risk
LR0447,T062,386,32,0,0,7,1,99,93,85,83,96,0,Low Risk
LR0023,T045,431,40,0,0,2,1,100,80,94,92,91,0,Low Risk
P0114,T022,113,56,22,12,10,5,80,70,58,25,91,9,High Risk
P1438,T042,37,60,11,8,4,10,23,43,30,84,56,5,High Risk
LR0972,T091,348,21,0,0,6,0,94,94,88,91,82,1,Low Risk
P1242,T046,486,23,9,2,19,3,61,61,77,39,63,6,Medium Risk
P1143,T074,243,31,14,12,20,2,50,42,50,88,65,5,High Risk
LR0410,T033,262,40,2,1,4,0,94,99,91,95,100,0,Low Risk
P1217,T074,121,28,18,13,5,5,61,70,70,95,54,4,High Risk
P1826,T031,234,8,23,10,37,7,58,66,66,68,80,2,High Risk
P1199,T020,116,41,3,5,9,4,32,49,79,55,94,2,Medium Risk
P0086,T001,342,39,8,11,30,9,61,87,29,36,16,2,High Risk
P1519,T002,494,5,0,3,15,3,71,60,55,32,50,2,Low Risk
MR0834,T079,220,10,7,3,18,3,80,78,60,59,73,2,Medium Risk
P1382,T020,216,28,21,5,14,6,65,75,42,62,36,6,High Risk
P1376,T024,340,43,21,15,35,1,96,77,54,26,45,7,High Risk
P0669,T069,497,49,16,9,21,0,82,68,37,47,61,3,High Risk
LR0656,T035,373,22,0,1,6,0,100,91,90,93,83,1,Low Risk
P1015,T065,373,59,11,5,35,8,81,55,89,67,91,0,Medium Risk
P0129,T045,279,24,24,12,21,0,76,77,68,45,31,9,High Risk
P1365,T084,121,35,0,3,1,1,25,59,70,23,30,6,Medium Risk
MR0145,T078,243,14,9,2,14,1,71,63,51,65,53,3,Medium Risk
LR0371,T100,322,29,1,1,8,0,96,84,91,88,82,0,Low Risk
P0892,T099,417,45,25,12,24,2,94,45,70,63,95,0,High Risk
MR0499,T019,162,8,10,2,6,4,67,65,68,54,51,4,Medium Risk
P1360,T020,75,47,24,11,35,4,70,66,51,100,27,3,High Risk
P0308,T007,75,47,5,1,16,1,63,40,39,68,69,1,Low Risk
LR0969,T001,232,43,1,1,2,0,92,81,81,93,92,0,Low Risk
MR0716,T051,203,14,10,4,17,3,56,78,65,62,75,2,Medium Risk
P0384,T084,277,22,18,12,12,0,68,51,77,80,95,0,High Risk
P0151,T034,315,46,7,6,6,10,88,98,85,72,50,0,Medium Risk
LR0175,T003,368,53,2,0,4,1,98,86,89,100,82,0,Low Risk
P1318,T071,45,34,2,10,6,0,61,56,25,21,83,7,High Risk
P1452,T018,478,3,13,3,0,8,88,61,92,49,81,8,High Risk
MR0865,T069,246,15,6,5,20,1,70,58,57,67,69,4,Medium Risk
MR0665,T099,243,9,4,5,5,2,74,73,73,69,80,1,Medium Risk
P0427,T057,428,6,16,6,14,5,65,64,78,41,86,2,High Risk
P0495,T034,191,2,3,15,34,9,93,72,36,50,62,5,High Risk
P1208,T095,219,49,21,10,20,10,31,97,28,72,21,8,High Risk
MR0634,T046,226,22,8,5,10,4,75,80,61,73,50,3,Medium Risk
LR0472,T002,293,38,3,0,1,0,95,93,89,80,100,1,Low Risk
P1209,T005,423,51,1,4,16,3,62,93,76,42,51,4,Medium Risk
P1821,T055,327,41,9,2,40,0,63,40,20,29,48,9,Medium Risk
MR0034,T070,203,8,5,5,18,2,61,55,77,77,85,2,Medium Risk
MR0218,T092,82,19,5,3,11,2,65,63,57,73,54,3,Medium Risk
MR0672,T038,144,13,10,2,19,2,74,60,53,66,52,3,Medium Risk
LR0715,T060,383,52,2,0,1,1,86,85,97,96,94,0,Low Risk
P1967,T013,392,13,22,5,39,8,29,94,55,59,61,9,High Risk
P1240,T053,223,17,11,13,1,10,36,69,90,82,69,4,High Risk
LR0776,T052,273,31,0,1,4,1,96,97,92,80,97,1,Low Risk
LR0180,T050,365,34,3,0,0,1,88,100,81,99,94,0,Low Risk
P0276,T082,177,22,6,2,39,0,74,93,66,23,45,10,Medium Risk
P0490,T033,101,41,10,0,3,6,95,75,51,93,29,1,Low Risk
MR0154,T090,123,16,5,5,15,2,59,74,53,63,61,3,Medium Risk
P1230,T074,32,42,17,3,1,8,42,70,68,74,75,4,High Risk
P0691,T011,285,14,13,10,6,10,83,41,78,72,70,1,High Risk
MR0304,T088,147,19,5,4,17,2,60,76,57,55,59,2,Medium Risk
LR0652,T048,422,33,1,1,1,1,100,85,87,86,97,1,Low Risk
LR0820,T073,412,37,0,1,3,0,98,89,97,81,80,0,Low Risk
LR0529,T052,471,60,2,1,2,1,100,85,94,88,94,0,Low Risk
P1781,T019,165,20,1,3,13,4,63,88,32,99,47,6,Low Risk
MR0663,T035,143,10,10,3,19,1,56,58,52,68,69,2,Medium Risk
LR0756,T054,421,28,3,0,1,0,93,82,96,98,84,0,Low Risk
P1059,T047,451,57,23,14,2,3,63,93,94,46,79,10,High Risk
P0119,T018,157,22,13,6,17,7,33,65,55,44,80,5,High Risk
P1025,T072,21,44,0,5,7,0,83,79,37,66,68,6,Low Risk
MR0017,T054,102,21,7,3,10,1,72,60,50,66,76,4,Medium Risk
P0282,T038,261,28,7,0,22,1,35,87,62,75,88,5,Low Risk
LR0343,T098,206,40,3,1,0,0,98,96,90,98,85,1,Low Risk
P1317,T099,28,8,9,2,14,5,51,92,25,76,62,7,Medium Risk
MR0092,T073,89,24,7,5,19,4,80,68,55,65,51,4,Medium Risk
P0969,T022,51,12,23,14,40,10,57,50,79,97,18,7,High Risk
P1666,T069,55,16,25,8,9,3,89,46,82,25,28,2,High Risk
MR0986,T055,82,24,9,2,8,4,58,55,77,71,76,4,Medium Risk
P1906,T011,13,21,3,1,3,9,98,69,66,83,23,1,Low Risk
LR0565,T096,438,38,0,1,0,0,87,88,93,85,85,0,Low Risk
MR0938,T031,172,15,4,5,5,3,72,74,77,68,65,1,Medium Risk
LR0310,T091,420,34,1,1,1,0,86,89,99,80,90,0,Low Risk
P0620,T013,462,56,10,6,36,3,82,47,35,95,72,1,Medium Risk
LR0119,T015,380,56,1,0,3,0,96,98,82,80,97,1,Low Risk
P1743,T002,314,28,17,15,40,10,20,35,82,96,97,7,High Risk
MR0272,T042,200,9,10,3,11,4,58,75,55,78,71,3,Medium Risk
P0156,T026,166,32,11,11,8,7,27,91,100,51,78,6,High Risk
P1848,T069,452,51,6,10,8,5,41,80,98,84,37,10,High Risk
MR0899,T086,229,18,6,3,20,3,70,67,57,76,85,1,Medium Risk
P1656,T008,98,54,6,7,13,2,64,63,98,32,32,2,Medium Risk
LR0461,T027,343,40,2,1,7,1,99,82,91,81,90,1,Low Risk
P0305,T012,110,19,8,15,28,10,61,52,65,35,24,2,High Risk
LR0583,T023,490,56,0,1,2,1,89,81,90,99,100,0,Low Risk
MR0389,T012,109,16,5,3,14,1,78,69,67,59,65,2,Medium Risk
MR0014,T002,118,16,4,3,7,2,69,60,55,65,60,3,Medium Risk
P1957,T041,187,24,0,5,28,4,84,92,60,34,74,8,Medium Risk
MR0996,T086,103,23,10,2,12,2,59,78,67,70,67,3,Medium Risk
LR0965,T041,299,49,3,1,2,1,98,82,94,93,89,0,Low Risk
P1308,T004,279,23,18,11,24,3,43,45,20,85,68,9,High Risk
LR0423,T022,340,60,3,0,5,1,90,84,94,83,83,1,Low Risk
P0576,T090,54,7,22,10,32,1,35,87,42,28,86,4,High Risk
LR0597,T013,471,20,0,1,8,0,90,97,89,99,86,1,Low Risk
MR0956,T078,115,12,5,4,7,3,59,56,59,57,64,2,Medium Risk
MR0489,T065,232,12,5,2,8,4,69,78,72,72,53,2,Medium Risk
P1707,T012,459,26,1,15,35,8,22,77,50,98,34,0,High Risk
MR0501,T092,123,20,4,3,7,2,76,61,78,50,52,1,Medium Risk
P1300,T018,260,37,18,14,19,4,88,94,27,73,98,5,High Risk
P0133,T022,149,24,11,1,19,4,28,41,57,55,94,0,Medium Risk
LR0954,T069,317,48,3,1,5,0,94,87,94,96,90,0,Low Risk
MR0193,T053,83,18,6,3,8,4,74,57,55,55,58,1,Medium Risk
P0862,T079,70,25,0,1,38,10,86,93,97,84,51,2,Low Risk
P0844,T032,210,26,2,13,27,1,69,83,82,80,77,10,High Risk
P1802,T037,433,23,1,7,9,9,59,42,73,21,86,1,High Risk
P1629,T052,138,45,11,4,15,9,81,92,89,79,73,0,Medium Risk
P1994,T021,441,27,3,1,13,8,53,97,83,84,15,10,High Risk
LR0589,T084,451,48,1,1,4,0,95,91,86,82,90,1,Low Risk
P0270,T087,419,32,24,11,26,7,66,33,92,81,70,10,High Risk
P0630,T095,361,21,13,3,40,5,54,53,37,88,27,3,Medium Risk
P1731,T050,184,55,23,2,19,6,64,34,98,41,60,3,High Risk
P1034,T083,376,8,6,4,16,3,35,50,72,94,96,0,Low Risk
LR0315,T038,331,49,3,1,4,1,99,89,88,100,91,1,Low Risk
P0287,T023,229,24,10,2,29,6,53,72,57,23,55,6,High Risk
P1327,T045,52,22,17,4,36,4,93,43,24,72,24,7,High Risk
LR0930,T051,466,46,2,0,3,1,95,87,100,98,82,1,Low Risk
P0301,T064,492,30,12,2,32,6,62,80,97,57,86,0,Medium Risk
MR0166,T077,249,14,10,5,5,2,58,61,71,61,56,2,Medium Risk
LR0888,T084,422,28,0,1,3,1,91,93,82,94,80,1,Low Risk
MR0589,T056,207,20,9,4,9,2,69,77,65,77,82,1,Medium Risk
P1448,T009,188,49,15,11,16,5,98,91,66,74,15,10,High Risk
P1473,T050,430,47,21,13,29,9,87,38,43,32,58,0,High Risk
LR0818,T025,425,40,1,0,2,1,95,82,88,80,87,0,Low Risk
LR0770,T045,433,40,3,1,8,1,90,94,87,90,81,0,Low Risk
P1187,T092,253,10,21,11,4,0,57,56,57,70,93,0,High Risk
P0066,T002,92,9,16,13,26,5,65,33,84,49,97,4,High Risk
LR0941,T013,374,47,2,1,6,1,90,90,100,96,86,0,Low Risk
P1881,T086,295,48,6,10,10,10,32,88,47,26,51,9,High Risk
P0891,T089,122,42,15,1,25,6,93,95,75,26,19,3,Medium Risk
MR0076,T036,87,20,9,3,19,4,57,58,52,72,60,3,Medium Risk
MR0467,T045,241,23,7,4,8,4,79,61,64,78,69,1,Medium Risk
P1767,T089,453,54,5,10,6,3,86,37,98,87,13,9,High Risk
LR0511,T081,381,20,0,1,4,0,93,87,94,86,86,0,Low Risk
LR0105,T089,226,33,0,0,6,1,86,94,93,86,97,0,Low Risk
LR0009,T010,364,25,0,0,4,1,98,82,88,100,88,1,Low Risk
P0231,T003,266,4,15,6,26,10,66,89,56,82,18,1,High Risk
P0504,T089,41,4,0,11,27,6,27,32,84,100,70,10,High Risk
LR0096,T080,286,55,3,0,7,0,87,80,91,85,87,0,Low Risk
LR0749,T040,272,21,1,0,5,1,91,87,81,80,83,0,Low Risk
P0381,T049,420,37,25,10,40,5,88,69,32,81,11,2,High Risk
MR0036,T020,181,23,8,3,10,1,76,72,60,50,55,3,Medium Risk
P1526,T013,218,26,6,15,25,5,66,61,64,68,83,8,High Risk
MR0044,T087,177,11,5,2,14,2,74,72,62,61,73,1,Medium Risk
LR0116,T100,404,36,2,0,6,1,94,100,96,87,100,1,Low Risk
P1005,T038,120,6,18,14,27,0,46,76,76,30,46,0,High Risk
P1958,T073,227,4,14,2,22,3,55,58,59,86,59,10,High Risk
P0837,T046,72,52,13,12,34,3,80,33,46,65,64,6,High Risk
LR0378,T007,228,29,1,1,7,1,95,99,91,81,89,1,Low Risk
P0375,T075,332,4,10,9,30,0,70,40,23,48,61,9,High Risk
LR0751,T014,330,30,0,0,0,1,100,90,90,88,87,0,Low Risk
LR0799,T060,366,28,3,0,7,0,93,85,88,97,91,0,Low Risk
LR0937,T096,381,38,2,0,2,1,86,80,90,93,85,0,Low Risk
P0940,T056,288,17,10,7,8,2,63,68,51,74,93,5,Medium Risk
P1322,T035,405,60,14,2,13,8,32,81,79,29,66,5,High Risk
MR0556,T080,203,16,7,2,8,1,68,72,79,52,67,2,Medium Risk
MR0400,T037,205,21,5,4,15,2,61,57,69,53,55,4,Medium Risk
LR0506,T053,369,33,2,1,4,0,94,99,92,91,90,0,Low Risk
P0530,T010,364,48,18,6,8,10,25,34,95,31,82,1,High Risk
MR0047,T020,110,22,10,2,6,3,72,74,51,52,65,2,Medium Risk
P0637,T097,76,2,5,8,12,1,65,61,72,63,18,5,Medium Risk
P1270,T014,366,57,13,11,27,10,88,48,23,81,88,6,High Risk
P0186,T013,248,11,20,13,2,3,89,93,73,97,71,7,High Risk
LR0507,T023,281,54,0,0,0,0,87,82,91,100,93,1,Low Risk
LR0625,T037,211,26,1,0,1,0,100,88,83,84,89,1,Low Risk
LR0267,T062,334,42,3,1,0,0,90,88,99,96,84,1,Low Risk
P1798,T040,411,26,2,0,27,6,91,70,23,39,93,2,Low Risk
P1442,T076,21,7,0,5,18,4,30,72,48,81,90,0,Low Risk
P1536,T001,413,17,3,10,36,4,24,93,25,43,73,4,High Risk
P1274,T040,484,46,0,5,24,3,99,81,73,58,43,0,Low Risk
P0608,T046,199,51,17,8,24,2,47,59,28,64,93,7,High Risk
P1713,T077,148,28,3,9,19,0,46,36,51,72,24,2,Medium Risk
MR0971,T004,231,21,4,2,13,2,67,72,79,52,71,3,Medium Risk
LR0549,T040,486,38,0,1,3,0,86,82,83,82,94,0,Low Risk
MR0251,T067,119,10,5,5,14,2,69,72,55,72,73,1,Medium Risk
MR0631,T053,107,14,6,4,20,3,74,79,72,75,58,1,Medium Risk
MR0348,T076,111,10,8,4,14,2,77,80,52,73,80,1,Medium Risk
P1978,T086,393,40,14,3,3,10,91,84,71,41,75,3,High Risk
P0159,T085,52,34,9,13,40,3,20,42,57,45,40,2,High Risk
P1749,T030,397,38,4,9,1,2,82,32,41,50,88,4,Medium Risk
LR0321,T044,429,44,1,0,6,0,100,83,88,80,100,1,Low Risk
P0903,T025,345,29,4,14,10,8,75,32,54,66,80,9,High Risk
P0353,T064,20,31,15,4,17,4,57,51,70,30,76,6,High Risk
P1231,T001,212,58,4,10,30,3,45,62,47,36,89,2,High Risk
MR0480,T005,204,13,10,4,17,4,65,71,64,65,66,1,Medium Risk
P0445,T058,438,29,16,4,17,8,61,44,53,63,41,3,High Risk
MR0916,T097,169,10,6,5,18,1,74,73,57,51,76,3,Medium Risk
P0755,T040,484,43,18,8,14,10,23,41,28,71,52,2,High Risk
P1738,T028,205,9,23,8,40,6,80,38,41,57,48,6,High Risk
MR0960,T004,83,23,4,3,8,4,62,66,66,66,73,4,Medium Risk
P0312,T094,171,33,7,7,27,7,100,93,22,62,31,8,High Risk
P0549,T060,190,21,21,0,36,3,97,82,31,57,86,4,Medium Risk
LR0647,T071,407,31,1,0,2,1,98,95,92,93,82,1,Low Risk
LR0885,T052,386,44,3,1,0,0,85,90,80,87,98,1,Low Risk
P0307,T076,69,9,7,10,14,2,72,51,92,43,65,4,High Risk
P0695,T094,227,14,19,13,24,10,29,38,45,76,19,3,High Risk
P1928,T082,218,6,19,4,40,6,28,63,68,90,96,2,High Risk
MR0071,T029,101,21,5,3,5,3,66,72,58,73,70,2,Medium Risk
P0750,T056,85,5,23,2,0,10,68,70,43,97,30,0,High Risk
P1267,T067,354,44,9,3,19,0,45,52,74,37,95,9,Medium Risk
LR0154,T037,265,34,1,0,2,0,89,85,88,100,88,1,Low Risk
LR0518,T018,460,22,3,1,8,0,99,100,93,92,85,0,Low Risk
P0971,T089,440,5,10,2,40,6,38,78,82,43,12,6,High Risk
P0014,T011,412,6,0,11,31,5,31,93,99,25,78,9,High Risk
P0874,T031,256,49,18,12,20,2,66,54,33,54,68,1,High Risk
P0809,T088,323,32,2,2,9,3,66,32,87,98,59,1,Low Risk
P0515,T035,142,50,15,5,31,6,36,94,52,41,77,10,High Risk
MR0194,T064,80,11,6,3,13,1,61,65,52,79,70,1,Medium Risk
P0410,T091,413,10,11,15,7,2,63,64,29,58,48,0,High Risk
LR0381,T098,332,26,1,0,4,0,100,98,92,87,92,1,Low Risk
MR0265,T034,159,10,10,3,8,3,59,63,77,71,78,3,Medium Risk
P0208,T002,90,11,14,15,8,5,26,37,29,70,13,4,High Risk
LR0111,T004,480,59,2,1,8,1,85,85,97,95,86,0,Low Risk
P0459,T010,314,47,24,11,35,0,45,98,99,64,64,0,High Risk
MR0581,T007,120,18,10,4,8,1,72,63,77,71,58,2,Medium Risk
LR0407,T064,335,25,1,0,1,1,100,86,92,98,100,0,Low Risk
LR0900,T034,250,39,2,1,5,0,92,82,94,88,87,1,Low Risk
LR0459,T092,402,41,1,0,6,1,96,96,84,86,91,0,Low Risk
LR0642,T051,346,48,3,1,4,1,90,89,94,89,87,1,Low Risk
P1884,T074,258,48,9,6,25,6,33,100,57,60,14,6,High Risk
P1714,T034,51,11,12,14,29,10,40,79,72,74,95,1,High Risk
LR0590,T093,283,34,1,0,8,0,93,93,91,100,99,0,Low Risk
LR0230,T070,434,38,1,1,3,0,99,83,93,85,89,1,Low Risk
P0553,T094,282,41,24,1,10,10,30,40,79,72,17,8,High Risk
MR0709,T005,148,15,6,2,19,4,68,71,63,69,50,2,Medium Risk
MR0638,T099,201,20,8,3,9,3,69,66,61,59,64,3,Medium Risk
P1926,T042,84,38,7,11,33,10,48,48,40,46,49,8,High Risk
P0635,T069,320,8,22,6,0,1,99,53,60,67,64,10,High Risk
MR0676,T064,235,15,10,4,8,1,72,61,61,80,75,3,Medium Risk
P0317,T049,12,47,5,13,14,8,89,76,78,23,91,7,High Risk
MR0506,T068,87,19,5,5,19,3,63,65,73,57,66,1,Medium Risk
MR0524,T086,191,18,6,5,9,4,63,70,78,69,85,2,Medium Risk
P1329,T032,414,39,8,1,6,4,58,60,31,32,41,0,Low Risk
P0428,T077,81,14,6,0,2,0,77,40,72,64,99,1,Low Risk
MR0209,T005,175,20,6,3,20,4,62,59,80,64,50,3,Medium Risk
P0106,T050,475,35,3,11,11,5,36,57,20,87,58,0,Medium Risk
P0143,T052,115,59,24,5,9,10,94,57,79,26,49,0,High Risk
LR0185,T024,308,59,3,0,1,0,95,90,95,87,84,0,Low Risk
MR0269,T078,217,17,7,3,6,2,64,74,61,53,51,3,Medium Risk
LR0237,T009,396,52,1,0,6,0,98,93,85,96,91,0,Low Risk
P1950,T081,184,45,5,1,18,7,44,53,45,45,50,8,High Risk
MR0551,T006,159,19,9,3,10,4,78,75,70,57,68,4,Medium Risk
MR0725,T023,130,14,7,3,19,1,65,66,60,57,71,1,Medium Risk
LR0758,T039,416,22,0,1,3,1,87,98,88,93,80,1,Low Risk
MR0930,T049,103,17,7,4,9,2,57,80,52,67,55,4,Medium Risk
P1952,T035,343,5,11,8,9,8,26,45,33,85,19,7,High Risk
LR0680,T009,401,35,3,1,6,1,90,85,87,96,96,0,Low Risk
LR0918,T090,292,32,0,1,0,0,100,90,85,80,93,0,Low Risk
LR0286,T065,226,40,3,1,8,0,99,89,84,98,85,1,Low Risk
P1110,T085,316,47,14,5,38,3,75,50,33,56,66,7,High Risk
LR0356,T100,255,21,0,1,4,0,85,97,85,81,87,1,Low Risk
P0592,T084,26,7,15,1,15,10,47,84,44,99,34,3,High Risk
MR0711,T022,183,17,6,5,8,3,77,64,67,58,50,3,Medium Risk
P1577,T062,330,57,12,9,6,3,40,43,44,45,100,9,High Risk
LR0588,T030,369,28,3,1,0,0,96,97,82,92,97,0,Low Risk
P0214,T007,225,45,0,10,26,5,60,58,22,57,33,8,High Risk
P0779,T073,183,21,18,3,19,7,99,30,28,39,64,3,High Risk
MR0032,T005,153,18,4,4,16,3,71,75,61,65,58,4,Medium Risk
LR0466,T042,458,33,2,0,8,1,88,95,86,97,81,0,Low Risk
LR0044,T092,484,34,0,0,0,1,94,96,86,81,83,1,Low Risk
MR0288,T087,244,22,8,4,11,4,56,58,78,62,61,2,Medium Risk
LR0299,T088,489,46,1,1,6,0,98,94,80,99,90,0,Low Risk
LR0502,T056,384,58,2,0,5,1,91,96,93,87,94,0,Low Risk
P1568,T068,448,31,10,5,28,4,47,91,42,51,74,0,Medium Risk
MR0024,T094,192,21,4,4,16,1,59,58,62,63,72,4,Medium Risk
MR0544,T019,185,11,10,4,5,2,61,77,52,52,68,2,Medium Risk
LR0354,T091,304,60,2,0,0,1,90,85,84,96,99,1,Low Risk
MR0609,T091,117,9,7,3,12,3,73,57,73,60,54,3,Medium Risk
P1344,T059,93,6,12,2,26,1,26,84,79,86,45,6,Medium Risk
LR0014,T076,478,55,2,0,5,0,100,86,85,86,97,1,Low Risk
P0274,T025,59,49,19,9,24,3,25,43,20,21,79,9,High Risk
P0072,T092,248,60,19,13,16,5,74,65,90,95,30,2,High Risk
P1088,T090,372,32,25,15,5,4,85,51,52,54,23,3,High Risk
P0395,T029,239,10,22,15,23,5,41,54,65,70,53,8,High Risk
P0584,T008,339,26,1,6,9,9,64,43,95,99,100,6,High Risk
MR0867,T014,241,15,9,3,18,1,62,74,70,61,76,1,Medium Risk
LR0718,T100,392,59,1,0,8,0,91,97,90,96,90,0,Low Risk
MR0826,T040,190,9,7,2,16,1,78,70,50,50,57,2,Medium Risk
MR0649,T050,124,25,8,2,7,2,61,63,55,59,80,4,Medium Risk
LR0612,T072,213,44,3,0,1,1,99,100,96,90,83,1,Low Risk
LR0319,T045,248,49,1,1,1,1,99,84,95,98,96,0,Low Risk
P1764,T038,482,22,10,10,28,7,24,99,61,56,11,7,High Risk
MR0011,T087,80,21,9,3,13,2,71,72,69,53,55,1,Medium Risk
P1260,T061,162,56,25,6,12,4,76,52,88,92,56,4,High Risk
P0527,T030,313,55,6,8,1,6,27,42,62,46,47,4,High Risk
P0378,T093,279,39,23,5,38,3,33,50,97,50,45,0,High Risk
P1560,T015,104,31,13,12,29,5,25,60,84,64,16,5,High Risk
LR0508,T038,236,31,3,0,2,0,88,85,89,83,88,1,Low Risk
P1964,T059,80,32,11,5,40,0,45,69,35,22,61,9,High Risk
MR0569,T090,141,21,8,3,19,3,63,80,51,52,83,2,Medium Risk
P0349,T055,124,43,18,8,25,0,34,44,72,90,87,4,High Risk
MR0140,T018,219,15,5,3,16,3,70,69,67,51,63,1,Medium Risk
P1710,T056,482,2,25,8,34,8,50,34,88,52,76,10,High Risk
P1051,T020,251,13,8,15,35,1,37,78,42,88,54,1,High Risk
P0591,T042,380,57,5,2,2,10,27,90,72,31,56,8,High Risk
P0520,T020,230,41,19,10,37,0,56,94,86,25,12,7,High Risk
MR0673,T079,134,24,4,3,5,4,68,75,66,51,72,3,Medium Risk
LR0700,T086,296,55,2,1,0,1,90,96,86,94,97,0,Low Risk
P1084,T002,162,54,19,7,17,4,25,64,34,59,28,10,High Risk
LR0357,T100,271,38,2,1,8,0,95,99,92,97,83,0,Low Risk
MR0997,T084,88,20,6,4,16,3,65,65,52,72,71,2,Medium Risk
P1810,T016,57,57,3,8,21,5,21,57,52,94,49,5,High Risk
MR0878,T068,160,17,6,5,20,2,69,74,60,67,66,4,Medium Risk
P0793,T014,387,28,20,5,3,4,81,83,35,27,16,2,High Risk
MR0808,T051,216,8,9,5,6,4,77,66,55,65,85,4,Medium Risk
P1981,T052,256,25,16,6,12,5,62,71,37,36,17,6,High Risk
LR0556,T034,495,36,3,0,8,0,87,97,93,94,90,0,Low Risk
LR0222,T033,461,21,3,1,6,1,89,84,84,100,93,1,Low Risk
P1531,T079,326,44,4,15,35,8,30,81,35,79,51,0,High Risk
P1411,T089,124,13,7,8,5,6,87,33,21,56,47,0,Medium Risk
LR0916,T020,335,48,1,0,8,0,90,88,89,93,83,0,Low Risk
MR0164,T055,146,17,10,2,8,4,59,62,53,76,85,4,Medium Risk
P0084,T059,62,37,9,1,5,8,81,67,45,87,82,8,High Risk
MR0137,T068,120,18,9,4,10,3,72,61,78,60,67,3,Medium Risk
P0021,T066,102,14,23,2,15,5,81,46,89,85,15,0,Medium Risk
LR0245,T065,320,27,0,0,6,0,91,100,99,90,83,0,Low Risk
P1563,T014,149,17,4,3,33,2,62,100,22,26,86,8,Medium Risk
P0974,T089,440,41,21,5,18,6,69,63,81,61,31,6,High Risk
P1711,T076,278,53,15,9,11,2,30,72,55,100,54,0,Medium Risk
LR0600,T017,425,21,3,0,6,0,94,82,98,81,88,1,Low Risk
P1099,T092,490,55,21,1,24,0,56,67,73,20,15,3,Medium Risk
LR0741,T092,450,49,2,0,0,0,88,100,91,83,95,0,Low Risk
P0887,T033,161,17,15,7,9,8,24,71,81,70,51,7,High Risk
LR0417,T098,433,22,2,0,1,0,85,100,94,94,94,1,Low Risk
MR0086,T013,215,9,8,5,11,3,68,66,60,67,76,2,Medium Risk
MR0363,T038,198,17,7,3,8,4,69,78,69,50,52,3,Medium Risk
P0738,T091,299,14,14,12,30,2,81,40,20,74,60,0,High Risk
P1454,T094,287,52,13,1,36,10,59,58,62,81,66,6,High Risk
LR0973,T011,489,59,2,1,2,0,95,96,93,97,95,0,Low Risk
MR0526,T084,96,18,9,4,6,2,65,68,61,80,78,3,Medium Risk
LR0127,T080,252,51,1,1,5,0,94,99,98,89,95,0,Low Risk
P0907,T025,422,16,1,3,40,9,44,54,44,100,66,4,Medium Risk
LR0400,T030,433,55,2,0,5,0,87,85,86,99,84,0,Low Risk
LR0933,T047,491,37,1,1,2,1,91,82,80,92,98,0,Low Risk
P0948,T044,400,58,19,6,8,9,20,65,87,21,13,9,High Risk
LR0499,T007,385,47,2,1,5,1,99,92,80,80,91,1,Low Risk
LR0893,T045,433,43,2,1,0,0,96,85,99,83,88,0,Low Risk
P0716,T027,362,34,4,9,39,6,64,70,58,38,94,4,High Risk
LR0650,T038,285,23,2,0,1,0,89,85,89,100,100,0,Low Risk
P0687,T092,481,34,25,0,23,6,75,50,22,54,57,8,High Risk
MR0411,T036,121,11,6,3,20,3,69,62,68,78,54,4,Medium Risk
LR0942,T098,425,56,0,1,0,1,99,88,99,83,85,0,Low Risk
MR0966,T043,103,18,6,5,13,3,74,59,71,55,61,1,Medium Risk
P0886,T093,231,5,0,14,3,8,54,39,70,23,17,10,High Risk
P0918,T004,168,40,20,14,5,9,49,63,83,91,80,8,High Risk
LR0463,T004,485,50,0,1,7,0,85,87,83,93,83,1,Low Risk
MR0660,T034,244,23,7,5,11,4,68,73,66,75,65,4,Medium Risk
P1266,T061,111,55,9,3,2,7,34,82,33,92,63,4,Medium Risk
P0484,T050,158,1,10,10,34,6,66,40,70,69,77,10,High Risk
LR0991,T050,414,21,1,0,2,0,95,86,84,97,84,1,Low Risk
MR0455,T056,224,19,4,4,11,2,71,65,57,53,75,4,Medium Risk
P0278,T046,255,31,1,5,34,4,84,94,78,74,46,10,Medium Risk
P0989,T086,295,2,19,3,30,0,93,45,69,23,47,3,Medium Risk
LR0085,T089,347,21,1,1,5,0,92,100,90,81,85,0,Low Risk
P1246,T024,98,58,12,11,29,4,79,97,36,95,44,4,High Risk
P0572,T021,159,3,20,13,26,9,99,90,78,25,85,8,High Risk
P1436,T096,166,56,21,8,11,0,20,81,46,28,15,5,High Risk
P0994,T003,134,6,3,14,7,6,40,58,100,84,77,3,High Risk
MR0296,T063,219,18,5,4,17,1,58,63,50,75,76,3,Medium Risk
LR0261,T077,273,25,0,0,1,0,98,85,93,97,87,1,Low Risk
P0586,T032,309,59,9,15,10,2,95,59,39,57,68,7,High Risk
P1350,T014,192,12,8,14,12,0,76,43,61,48,42,7,High Risk
P1008,T045,78,9,23,4,38,0,93,54,81,72,67,1,Medium Risk
P0675,T044,228,51,18,14,30,8,77,80,37,54,81,9,High Risk
P0448,T021,281,29,14,10,11,4,67,43,72,41,45,0,High Risk
MR0889,T072,219,10,6,2,5,3,70,67,58,61,79,3,Medium Risk
LR0995,T049,483,42,2,0,4,0,89,83,93,100,80,1,Low Risk
LR0065,T064,368,39,2,1,3,0,93,80,92,100,89,1,Low Risk
MR0161,T015,101,22,7,5,10,3,55,76,57,75,62,4,Medium Risk
LR0501,T002,312,38,1,1,8,1,98,91,90,86,89,0,Low Risk
P1691,T006,61,43,5,12,3,1,82,69,91,43,45,0,Medium Risk
MR0298,T043,127,15,9,2,11,3,65,66,71,77,84,1,Medium Risk
P1248,T092,76,47,15,6,7,7,89,48,89,90,36,1,High Risk
P1986,T059,223,38,10,8,11,3,78,95,68,28,91,7,High Risk
P0295,T020,270,36,4,6,6,2,39,73,60,40,86,8,High Risk
P1548,T050,162,5,21,2,29,5,95,44,46,44,27,5,High Risk
LR0013,T014,377,49,3,0,4,0,85,81,92,81,94,0,Low Risk
P0589,T011,454,15,15,15,19,8,21,51,29,24,21,7,High Risk
LR0130,T029,431,52,1,0,1,1,88,84,83,89,90,1,Low Risk
MR0062,T091,220,24,10,2,20,3,64,77,62,79,70,2,Medium Risk
P0426,T013,281,31,17,14,32,2,25,40,83,29,63,7,High Risk
P1055,T069,269,34,11,8,17,6,43,68,94,32,48,3,High Risk
MR0321,T077,117,23,7,3,14,4,70,55,60,61,82,2,Medium Risk
P0557,T007,43,56,4,13,39,10,56,74,29,40,59,3,High Risk
MR0533,T048,112,14,10,5,13,1,56,56,69,79,64,4,Medium Risk
LR0576,T081,453,40,2,1,1,0,97,82,83,95,93,1,Low Risk
MR0542,T002,223,12,5,2,13,1,71,56,74,56,66,2,Medium Risk
MR0539,T014,187,14,10,5,14,1,58,80,69,58,73,2,Medium Risk
LR0697,T023,469,59,3,0,8,0,92,83,80,86,86,1,Low Risk
P1194,T027,432,41,11,7,19,0,53,40,94,99,96,2,Medium Risk
P1717,T099,149,41,9,6,23,5,96,39,82,79,57,6,High Risk
MR0157,T027,163,21,5,5,6,4,68,66,53,58,72,2,Medium Risk
MR0605,T054,89,24,5,4,14,2,69,62,56,75,76,1,Medium Risk
MR0923,T047,191,18,9,2,5,3,66,69,59,76,56,2,Medium Risk
LR0458,T098,335,37,2,0,4,1,100,86,98,88,83,0,Low Risk
P1286,T049,163,21,7,6,12,5,67,87,51,88,39,7,High Risk
MR0464,T028,114,22,9,5,16,4,77,64,53,51,81,2,Medium Risk
LR0581,T050,445,29,2,1,4,1,99,88,95,83,92,1,Low Risk
MR0189,T049,104,9,6,4,14,1,58,63,77,54,60,1,Medium Risk
LR0088,T065,294,22,3,1,8,0,92,88,91,80,90,0,Low Risk
P1890,T048,116,53,17,3,16,6,70,62,33,67,22,2,High Risk
P1592,T084,270,27,9,12,24,10,95,41,74,52,80,8,High Risk
MR0525,T013,130,15,5,4,6,1,57,60,73,55,72,3,Medium Risk
LR0163,T059,465,21,3,0,1,1,87,87,97,92,81,0,Low Risk
MR0188,T009,196,21,7,3,15,4,72,78,58,67,55,2,Medium Risk
LR0272,T029,242,32,1,1,0,0,94,86,84,84,95,0,Low Risk
MR0217,T032,137,10,6,2,12,1,58,75,76,76,84,2,Medium Risk
P1138,T044,33,41,10,14,37,9,44,95,74,69,19,9,High Risk
MR0336,T015,88,16,6,4,18,1,66,72,77,79,56,3,Medium Risk
MR0761,T018,181,24,6,4,20,1,71,71,75,67,78,3,Medium Risk
MR0781,T055,136,17,9,5,16,2,67,67,51,63,75,2,Medium Risk
P1712,T051,100,53,10,4,39,0,65,81,69,93,90,3,Low Risk
MR0619,T032,137,19,8,2,10,3,69,79,66,65,80,2,Medium Risk
P0454,T057,471,26,17,15,7,3,25,54,90,80,93,9,High Risk
P0914,T063,101,23,16,7,3,5,20,36,26,39,67,6,High Risk
LR0670,T005,428,56,3,1,8,1,94,86,91,91,91,1,Low Risk
P1200,T008,267,2,0,2,34,8,22,98,62,86,33,7,Medium Risk
P1275,T043,110,13,23,10,39,9,38,91,45,78,37,9,High Risk
P0038,T004,451,47,16,4,21,8,75,32,39,62,59,3,High Risk
P0975,T007,198,34,20,10,5,7,20,59,73,39,97,7,High Risk
P0984,T062,211,28,7,8,8,1,34,83,87,87,76,4,Medium Risk
LR0663,T024,444,59,0,1,6,0,87,90,83,91,93,0,Low Risk
P1419,T072,197,33,10,2,20,9,75,87,96,50,88,10,High Risk
P1561,T094,236,44,15,10,6,3,64,85,90,93,69,4,High Risk
P0040,T034,472,27,0,12,16,9,32,84,80,27,85,10,High Risk
P1487,T014,320,21,7,10,11,7,22,48,38,20,47,10,High Risk
LR0543,T074,340,25,1,1,8,1,96,86,87,99,98,0,Low Risk
P0170,T051,115,44,8,8,3,0,62,47,72,86,86,4,Medium Risk
P1356,T034,380,34,13,14,3,1,87,90,65,26,38,0,High Risk
LR0388,T013,400,48,1,0,1,0,86,83,88,98,81,0,Low Risk
MR0594,T016,145,8,6,2,17,1,69,69,62,50,61,4,Medium Risk
LR0615,T001,405,24,0,0,5,0,86,83,100,87,95,1,Low Risk
LR0754,T086,317,28,2,0,0,0,85,81,88,90,88,0,Low Risk
P1641,T054,21,36,4,13,6,3,60,87,47,88,74,9,High Risk
P1291,T020,285,12,21,5,35,1,97,56,66,59,73,6,High Risk
P1381,T083,194,13,7,3,14,7,22,88,29,38,60,9,High Risk
P1934,T037,259,28,8,15,19,8,51,66,73,60,78,0,High Risk
P0580,T081,449,34,25,7,25,9,47,67,38,59,13,5,High Risk
LR0031,T024,257,25,2,0,0,0,99,91,83,83,88,0,Low Risk
P0893,T032,459,56,22,8,15,3,96,55,53,78,78,2,High Risk
P0781,T076,428,19,23,5,25,7,35,34,94,85,62,3,High Risk
P0160,T036,330,26,0,0,3,4,61,94,34,70,89,3,Low Risk
P0003,T062,108,48,20,5,25,5,27,70,51,23,97,3,High Risk
MR0214,T048,217,17,7,5,20,1,68,59,52,55,79,1,Medium Risk
MR0291,T054,187,11,7,3,8,1,71,55,71,58,78,1,Medium Risk
P0850,T005,385,47,7,4,6,2,26,68,32,37,58,10,High Risk
LR0402,T011,203,50,3,1,7,0,94,80,93,96,89,1,Low Risk
P1597,T080,141,23,20,2,38,1,42,81,70,71,98,0,Medium Risk
P1777,T071,86,8,17,15,36,0,37,84,21,74,54,1,High Risk
P1914,T022,411,59,21,10,34,2,33,50,31,80,24,7,High Risk
P1044,T036,356,45,2,14,11,8,83,57,58,42,61,6,High Risk
P1545,T002,357,46,1,6,38,0,50,75,87,46,42,4,Low Risk
MR0718,T068,247,22,9,4,14,4,79,57,71,77,51,1,Medium Risk
P0054,T086,177,11,1,4,11,7,50,82,73,24,14,9,High Risk
MR0853,T034,150,10,4,2,20,4,57,71,78,78,81,3,Medium Risk
P1912,T023,161,8,6,7,18,1,76,95,31,33,28,6,Medium Risk
LR0823,T079,423,55,0,0,1,1,86,98,85,84,91,0,Low Risk
LR0674,T080,499,55,3,0,1,1,90,83,85,96,91,1,Low Risk
MR0490,T094,80,12,9,5,7,3,79,72,57,76,54,1,Medium Risk
P0825,T072,351,2,12,13,35,8,24,67,79,73,27,4,High Risk
MR0574,T019,219,8,5,5,11,3,76,55,61,53,60,4,Medium Risk
P1390,T079,313,49,24,5,29,10,58,75,45,25,74,10,High Risk
MR0270,T040,116,8,7,2,15,4,77,75,63,51,75,2,Medium Risk
MR0115,T096,178,14,6,4,7,1,60,70,52,67,51,3,Medium Risk
P1608,T070,458,30,22,5,38,3,72,76,47,56,84,8,High Risk
P1595,T040,371,57,19,7,3,5,79,54,39,63,85,5,High Risk
P0772,T067,256,52,12,13,38,10,35,88,81,90,42,10,High Risk
LR0274,T002,463,46,2,0,5,0,95,99,80,97,97,0,Low Risk
P1869,T058,342,56,2,13,20,3,97,57,72,85,83,6,High Risk
P1086,T052,207,49,11,2,19,0,44,50,58,74,55,9,Medium Risk
LR0712,T092,335,59,1,0,4,0,89,88,98,99,92,0,Low Risk
P1326,T073,145,18,2,6,30,10,34,79,48,49,89,0,High Risk
P1464,T008,267,38,7,12,16,3,38,81,45,68,92,0,High Risk
P0807,T079,417,57,23,7,38,3,73,50,78,70,22,4,High Risk
LR0452,T009,390,23,2,0,2,0,95,86,88,85,97,1,Low Risk
LR0476,T052,245,34,3,1,7,0,92,84,94,80,85,1,Low Risk
LR0109,T055,258,40,3,0,4,1,88,91,91,98,97,0,Low Risk
LR0827,T053,348,47,3,1,2,0,95,90,96,99,84,0,Low Risk
MR0929,T057,150,14,10,4,12,1,62,77,80,77,58,1,Medium Risk
LR0235,T013,377,48,3,1,7,0,100,99,91,95,94,1,Low Risk
P0964,T036,199,12,5,8,21,3,37,31,52,94,13,2,Medium Risk
P0399,T097,28,45,5,2,29,5,65,61,64,40,57,2,Medium Risk
MR0747,T005,199,9,5,2,10,4,77,76,50,69,53,3,Medium Risk
P0705,T028,114,21,17,10,13,7,30,89,38,100,19,7,High Risk
P0432,T020,496,59,25,10,28,0,95,99,59,89,30,5,High Risk
P0293,T044,51,5,1,5,11,3,58,53,100,34,15,6,Medium Risk
MR0776,T094,149,12,6,2,19,1,65,63,70,50,83,3,Medium Risk
P0146,T097,221,21,19,5,1,10,55,64,77,42,94,5,High Risk
LR0721,T035,290,28,1,0,4,1,87,84,87,98,86,1,Low Risk
LR0034,T030,346,50,3,0,1,1,100,80,90,83,84,1,Low Risk
MR0798,T045,179,13,4,5,18,4,68,57,71,72,85,3,Medium Risk
P1166,T051,187,22,20,0,16,0,98,88,27,76,43,0,Low Risk
LR0051,T006,385,34,1,0,8,1,89,92,97,85,95,0,Low Risk
MR0512,T054,81,14,6,5,15,4,66,67,76,63,74,4,Medium Risk
P0340,T013,177,49,22,14,28,4,24,30,72,38,49,1,High Risk
LR0415,T035,450,50,3,0,0,0,99,80,96,93,82,1,Low Risk
P0266,T047,32,38,4,0,37,0,91,45,67,55,86,5,Low Risk
MR0104,T078,244,8,5,2,6,2,67,58,59,79,52,4,Medium Risk
P1772,T079,172,11,11,5,24,10,68,62,94,80,35,2,High Risk
P0272,T046,104,5,18,10,12,9,21,30,81,70,82,0,High Risk
P0697,T066,169,17,5,12,37,2,100,53,42,31,32,6,High Risk
MR0964,T001,142,11,10,3,14,4,74,70,70,76,72,3,Medium Risk
P0245,T039,358,7,2,0,14,3,23,86,42,82,92,7,Low Risk
MR0753,T073,216,14,8,3,11,2,73,71,59,62,77,3,Medium Risk
P0477,T038,63,57,22,13,14,8,72,50,52,54,97,2,High Risk
LR0033,T069,410,50,0,0,4,0,90,84,93,84,85,0,Low Risk
MR0392,T057,86,15,8,2,9,3,61,57,65,62,81,1,Medium Risk
MR0075,T061,109,15,4,5,15,2,65,79,78,72,70,2,Medium Risk
P0814,T033,341,36,4,9,12,5,34,36,32,62,94,4,High Risk
P1915,T016,118,13,20,13,35,9,93,68,94,24,42,1,High Risk
MR0367,T096,241,10,4,4,10,3,65,64,61,59,59,3,Medium Risk
MR0935,T086,149,15,7,5,6,1,58,77,79,72,83,1,Medium Risk
P1805,T096,143,19,2,8,9,2,55,85,50,53,41,8,High Risk
LR0873,T008,240,22,0,1,1,0,97,89,95,83,83,1,Low Risk
P0251,T006,62,6,4,4,8,5,82,67,71,50,16,1,Low Risk
P0546,T065,352,15,2,10,22,7,60,64,79,56,51,9,High Risk
P0739,T048,234,59,1,10,32,9,67,83,42,74,97,6,High Risk
P0311,T044,395,36,18,10,40,1,84,87,73,41,14,5,High Risk
P1132,T083,33,39,10,6,9,3,77,41,23,50,74,9,High Risk
P1450,T012,466,59,9,7,34,1,67,32,20,91,55,0,Low Risk
MR0873,T006,232,11,9,2,8,4,77,58,79,64,69,4,Medium Risk
P0016,T040,298,38,19,8,17,8,44,36,47,86,58,10,High Risk
MR0502,T041,249,21,8,2,9,4,65,63,65,55,61,3,Medium Risk
LR0790,T060,226,30,1,0,4,0,94,90,83,84,84,0,Low Risk
MR0205,T016,187,22,9,3,13,2,60,55,62,78,78,4,Medium Risk
P0364,T001,445,46,12,6,21,3,87,39,23,46,71,3,Medium Risk
P0183,T075,464,13,1,1,12,0,42,85,46,83,35,1,Low Risk
P1195,T058,297,16,22,7,17,4,36,39,95,43,18,1,High Risk
LR0471,T033,255,49,2,1,0,0,94,87,99,81,85,1,Low Risk
P1122,T006,422,12,7,8,21,2,84,37,81,83,70,3,Medium Risk
MR0875,T076,165,10,4,2,16,1,77,61,60,67,81,3,Medium Risk
P1183,T082,380,6,8,10,27,0,98,80,43,93,77,1,Low Risk
MR0656,T022,232,10,7,3,19,1,72,74,61,79,73,2,Medium Risk
P0615,T046,360,12,20,4,25,8,58,38,45,73,98,7,High Risk
P1467,T061,298,41,8,7,9,5,100,97,29,71,37,1,Medium Risk
P0402,T035,261,11,18,1,3,4,41,55,37,55,91,0,Medium Risk
P0935,T095,304,52,2,12,37,2,32,33,56,74,83,2,Medium Risk
LR0420,T078,230,26,3,0,8,1,89,84,88,82,86,1,Low Risk
LR0630,T005,472,46,3,1,2,0,97,98,99,95,82,0,Low Risk
LR0781,T081,480,51,3,0,4,1,95,96,92,80,96,1,Low Risk
P0727,T052,315,32,0,9,0,9,82,37,34,96,52,0,Medium Risk
P0827,T084,369,31,17,13,3,0,93,40,52,75,62,4,High Risk
P1522,T092,434,48,0,0,7,9,85,99,94,58,58,5,Medium Risk
P0137,T012,115,42,21,0,23,8,61,32,82,31,63,9,High Risk
P0629,T087,375,39,17,1,27,5,27,94,74,85,49,10,High Risk
P0335,T047,123,20,3,2,26,2,43,64,98,94,42,9,Medium Risk
P0391,T020,268,38,18,6,11,9,83,83,61,98,28,0,High Risk
MR0391,T052,133,23,6,4,17,2,65,57,66,80,54,2,Medium Risk
P1818,T075,384,12,0,4,20,7,42,50,49,48,18,6,High Risk
MR0593,T087,250,24,8,5,5,4,56,60,67,58,62,3,Medium Risk
P0711,T010,447,7,19,3,1,7,30,66,48,86,41,6,High Risk
P1040,T052,355,16,0,1,3,3,83,39,76,61,96,6,Low Risk
LR0606,T038,325,53,1,1,0,1,90,82,82,98,91,0,Low Risk
MR0449,T043,145,10,9,2,15,2,80,63,56,51,83,1,Medium Risk
P1562,T065,24,23,4,3,26,4,65,73,38,51,24,3,Medium Risk
MR0669,T093,219,15,7,3,8,3,80,57,60,53,76,4,Medium Risk
MR0345,T084,194,21,6,5,9,3,68,80,52,50,67,2,Medium Risk
P1113,T056,153,39,0,8,28,9,22,30,75,50,66,8,High Risk
P1224,T012,178,45,23,7,1,3,21,61,85,23,52,6,High Risk
LR0654,T025,267,34,0,1,8,0,94,89,93,91,89,0,Low Risk
LR0422,T054,249,40,1,0,3,0,95,82,91,91,85,1,Low Risk
P1509,T055,53,59,6,11,3,5,23,47,58,35,53,6,High Risk
P1751,T093,424,53,1,12,16,5,65,61,49,38,80,3,High Risk
MR0577,T016,138,12,10,2,14,4,64,56,53,60,59,3,Medium Risk
P0339,T006,328,45,1,5,2,4,95,92,68,38,48,8,Medium Risk
P0216,T045,497,54,17,10,21,7,23,92,79,75,19,9,High Risk
P1342,T007,185,16,17,3,7,3,66,94,29,95,87,1,Medium Risk
MR0339,T055,194,19,8,4,15,1,62,74,65,74,59,4,Medium Risk
MR0739,T003,94,25,10,2,10,4,65,67,65,54,50,1,Medium Risk
LR0575,T053,406,44,2,1,2,0,97,88,88,88,94,0,Low Risk
MR0385,T096,89,21,7,4,17,4,57,79,70,53,80,3,Medium Risk
LR0687,T048,432,55,2,1,7,1,85,85,89,97,85,1,Low Risk
LR0323,T019,255,35,3,1,5,1,97,96,82,97,85,1,Low Risk
P0102,T078,87,19,10,14,31,1,67,70,29,26,58,5,High Risk
LR0845,T068,444,58,1,0,8,0,85,81,96,81,88,1,Low Risk
P0172,T035,429,19,7,2,6,10,37,80,48,48,93,10,High Risk
P0108,T079,361,22,12,7,22,7,85,79,99,71,84,5,High Risk
LR0788,T089,394,53,1,1,2,1,100,96,94,92,81,1,Low Risk
MR0981,T054,199,23,5,2,15,1,61,56,50,67,85,3,Medium Risk
LR0917,T040,453,28,3,0,6,0,95,93,96,93,96,0,Low Risk
LR0657,T060,237,32,2,1,1,0,92,90,83,93,86,0,Low Risk
LR0532,T039,312,46,2,0,1,0,89,90,82,82,91,0,Low Risk
LR0699,T080,325,43,1,1,4,1,91,97,86,85,91,0,Low Risk
LR0664,T023,385,36,1,1,7,1,89,84,96,80,89,0,Low Risk
LR0986,T022,423,60,0,0,0,1,94,94,83,91,98,1,Low Risk
MR0099,T035,192,19,10,3,20,4,59,55,71,63,78,3,Medium Risk
MR0424,T018,154,14,8,3,6,4,66,62,65,50,55,1,Medium Risk
P1041,T053,184,16,0,11,21,8,42,32,31,79,70,3,High Risk
MR0832,T009,166,15,6,2,14,1,80,61,71,59,73,2,Medium Risk
LR0121,T079,325,58,3,1,4,1,86,100,95,100,88,1,Low Risk
P1525,T078,249,36,14,3,11,0,27,36,87,64,89,9,High Risk
MR0404,T070,145,13,7,4,14,1,69,55,72,69,51,1,Medium Risk
LR0249,T004,215,24,3,0,3,0,97,99,81,91,100,0,Low Risk
P0482,T086,185,46,18,4,12,10,22,31,76,30,74,0,High Risk
LR0824,T068,238,52,1,1,8,0,88,85,96,92,85,0,Low Risk
MR0264,T054,145,20,10,3,14,3,57,70,65,69,74,1,Medium Risk
P1763,T093,39,25,25,11,21,0,52,78,31,24,17,8,High Risk
MR0246,T067,81,22,8,4,20,1,66,56,77,58,52,2,Medium Risk
MR0376,T061,229,11,7,5,10,3,67,61,72,65,71,3,Medium Risk
LR0936,T084,264,43,1,1,8,0,91,91,99,83,94,0,Low Risk
LR0938,T066,457,46,2,1,8,1,99,91,100,95,86,1,Low Risk
P0406,T002,375,1,8,14,24,2,48,99,82,44,38,6,High Risk
P0758,T083,392,35,6,5,18,10,91,38,35,20,52,3,High Risk
LR0601,T050,357,51,2,0,2,1,97,93,98,88,97,1,Low Risk
P0098,T020,108,14,8,9,37,3,49,96,76,84,54,8,High Risk
P1334,T023,205,53,24,5,40,4,94,40,36,64,63,4,High Risk
MR0165,T022,233,17,5,3,16,4,78,62,78,65,75,1,Medium Risk
MR0687,T049,224,24,5,5,14,2,63,55,57,60,78,2,Medium Risk
MR0527,T023,142,19,10,3,18,4,78,76,54,62,52,3,Medium Risk
LR0059,T094,221,46,2,0,0,0,100,93,92,86,81,0,Low Risk
LR0792,T006,228,55,0,0,0,0,89,83,84,97,90,0,Low Risk
P0149,T053,454,43,8,9,19,6,92,91,80,70,50,3,High Risk
P0029,T056,217,47,9,15,2,2,45,91,62,83,55,9,High Risk
LR0716,T001,389,20,2,0,8,0,92,98,92,99,91,0,Low Risk
MR0472,T062,229,15,9,2,6,1,68,55,68,66,71,4,Medium Risk
P0693,T075,266,11,25,0,21,3,42,41,56,97,41,2,Medium Risk
P1387,T084,93,42,0,5,14,3,72,78,74,28,20,3,Medium Risk
P1846,T084,410,31,11,8,1,3,55,96,97,90,28,3,Medium Risk
MR0513,T044,145,14,7,3,20,3,79,72,61,69,68,3,Medium Risk
P1600,T043,480,7,16,0,35,9,26,73,46,51,10,2,High Risk
P0702,T035,445,24,7,10,2,8,69,75,69,71,52,3,High Risk
P1709,T052,208,34,9,10,23,0,90,41,84,63,49,3,Medium Risk
P0455,T077,372,18,9,12,40,7,95,75,44,26,79,10,High Risk
LR0041,T086,443,38,1,1,7,1,93,95,91,97,100,0,Low Risk
MR0712,T018,243,20,8,3,19,1,76,74,79,59,61,4,Medium Risk
LR0316,T032,207,48,3,1,3,0,97,86,85,93,82,0,Low Risk
P0610,T013,273,31,0,10,3,2,60,93,26,100,93,1,Low Risk
P0168,T058,62,57,4,4,39,7,56,30,43,57,67,3,Medium Risk
P0731,T057,382,48,4,11,5,2,52,41,84,92,54,7,High Risk
LR0857,T078,342,28,2,0,5,1,89,92,89,84,97,0,Low Risk
MR0575,T036,99,22,10,4,15,1,58,59,62,61,59,4,Medium Risk
LR0639,T085,459,21,2,0,2,0,94,93,93,96,82,0,Low Risk
P1623,T039,223,14,18,8,33,6,94,44,67,85,60,5,High Risk
P0588,T072,242,23,6,10,20,7,74,66,90,80,78,0,Medium Risk
P1402,T045,397,53,8,15,19,6,51,77,70,79,18,7,High Risk
P1701,T021,457,18,4,1,10,3,70,82,77,49,35,5,Low Risk
LR0898,T098,212,57,3,1,4,1,89,90,80,97,100,1,Low Risk
MR0136,T007,205,13,5,2,19,2,80,61,79,71,50,4,Medium Risk
P1380,T100,45,55,18,3,27,3,74,48,76,87,75,4,Medium Risk
LR0090,T023,456,49,2,0,7,1,96,98,86,97,88,1,Low Risk
LR0176,T040,417,56,2,0,7,1,89,89,88,82,84,1,Low Risk
LR0911,T053,331,22,1,1,7,1,92,98,96,89,90,1,Low Risk
MR0918,T005,180,14,4,3,6,1,76,80,57,64,65,3,Medium Risk
MR0228,T040,246,14,4,5,15,2,60,55,78,74,68,1,Medium Risk
P0442,T013,490,25,7,6,36,10,27,63,82,77,44,5,High Risk
LR0052,T031,274,45,3,1,7,1,88,82,82,89,96,1,Low Risk
P1302,T071,133,9,7,13,2,5,84,44,79,72,50,4,High Risk
MR0374,T027,97,16,6,4,15,4,69,66,56,53,67,4,Medium Risk
P1305,T066,410,20,4,2,17,1,65,92,72,21,57,1,Low Risk
P0237,T006,198,33,13,4,12,6,20,74,48,50,17,6,High Risk
P0521,T004,169,57,18,0,30,9,24,32,93,76,58,3,High Risk
P0736,T052,328,2,11,5,21,9,66,58,27,60,11,6,High Risk
MR0531,T093,99,10,4,3,16,1,60,56,62,80,63,4,Medium Risk
LR0107,T021,284,52,3,1,1,0,95,80,88,82,80,0,Low Risk
P0593,T018,341,49,12,9,32,5,49,42,67,82,18,9,High Risk
P1304,T025,454,1,2,6,14,8,25,61,31,57,76,6,High Risk
P1388,T016,115,10,18,1,34,4,26,74,84,60,60,9,High Risk
LR0584,T024,296,27,0,0,6,0,94,85,82,90,97,1,Low Risk
MR0497,T021,211,20,5,3,17,4,57,64,60,68,53,2,Medium Risk
MR0714,T053,150,11,8,4,16,1,77,74,66,61,64,1,Medium Risk
P0905,T054,270,50,11,0,29,2,75,39,94,38,16,1,Low Risk
MR0379,T038,234,25,8,5,6,4,61,77,67,61,52,2,Medium Risk
P1280,T058,231,29,12,0,23,3,47,90,72,41,26,4,Medium Risk
MR0181,T010,104,12,8,4,11,1,71,71,76,75,77,4,Medium Risk
MR0836,T033,112,23,4,2,11,4,56,58,53,66,77,3,Medium Risk
LR0309,T067,348,39,0,0,1,1,98,91,90,91,80,0,Low Risk
MR0163,T006,235,12,10,4,6,4,60,59,74,69,55,1,Medium Risk
MR0267,T050,188,8,8,3,7,3,66,75,76,53,77,4,Medium Risk
MR0156,T058,231,19,5,2,10,2,57,55,66,67,78,3,Medium Risk
P0707,T057,130,29,21,1,19,1,58,76,36,86,81,8,High Risk
MR0515,T090,127,18,7,5,18,1,58,71,79,58,54,3,Medium Risk
P0746,T060,100,37,24,5,33,8,65,85,92,60,65,5,High Risk
P1940,T041,133,12,8,13,21,9,93,58,60,88,20,5,High Risk
LR0634,T039,443,22,0,1,6,1,91,89,88,93,86,1,Low Risk
P0514,T088,263,54,7,13,22,7,86,90,47,71,44,6,High Risk
P0082,T041,123,19,23,12,1,3,57,49,52,74,18,3,High Risk
P1309,T022,309,33,6,4,29,5,44,75,91,62,29,5,Medium Risk
MR0306,T053,215,23,10,3,19,2,65,80,63,50,69,3,Medium Risk
P0915,T061,459,18,5,11,30,3,33,56,77,57,64,1,High Risk
MR0674,T095,159,19,7,4,16,1,63,71,68,73,65,1,Medium Risk
MR0658,T038,174,11,4,3,8,3,76,58,50,60,57,2,Medium Risk
P0775,T078,186,59,23,12,23,1,26,61,65,96,92,10,High Risk
P0330,T038,254,52,11,11,37,8,93,65,87,73,70,1,High Risk
LR0055,T077,249,30,3,1,7,1,88,90,92,98,96,1,Low Risk
LR0002,T025,248,44,3,1,8,0,99,88,84,84,82,0,Low Risk
P0944,T060,121,54,4,11,17,9,44,85,96,49,17,9,High Risk
P0823,T065,148,33,7,5,4,3,38,57,65,78,86,4,Medium Risk
P0910,T009,322,5,2,9,8,8,100,40,72,46,70,9,High Risk
LR0517,T063,451,24,1,1,5,1,100,87,84,88,90,0,Low Risk
P0182,T055,20,41,7,1,19,9,76,36,83,29,96,9,High Risk
P0165,T074,207,21,19,15,26,4,62,78,46,100,12,1,High Risk
P1524,T011,203,6,20,10,26,2,66,66,51,37,15,6,High Risk
P0452,T059,427,29,21,6,25,2,51,79,79,93,96,5,High Risk
LR0539,T100,485,32,2,1,0,1,85,82,89,92,98,0,Low Risk
P1312,T015,77,30,21,15,5,10,75,35,34,40,95,2,High Risk
P1112,T092,222,28,15,7,37,9,25,37,67,30,47,6,High Risk
MR0769,T051,98,20,8,2,12,3,70,62,73,76,73,3,Medium Risk
P1288,T074,191,58,15,11,25,0,32,89,59,27,91,4,High Risk
P0328,T084,310,13,19,2,18,1,24,61,98,50,30,0,Medium Risk
P1791,T037,417,17,16,13,28,3,39,69,65,39,79,5,High Risk
LR0491,T021,395,21,3,0,8,0,89,83,91,97,87,1,Low Risk
MR0535,T051,210,9,4,4,19,2,62,77,76,79,55,4,Medium Risk
LR0008,T015,398,32,3,0,3,1,91,99,95,85,82,1,Low Risk
P1859,T075,243,9,17,4,7,9,64,61,48,22,90,3,High Risk
P0313,T055,133,34,25,9,14,6,48,51,25,70,71,2,High Risk
P0833,T073,219,14,19,5,28,1,57,97,65,77,16,0,Medium Risk
P1202,T080,412,23,21,10,9,4,38,52,57,51,35,7,High Risk
MR0065,T017,131,23,4,2,10,1,78,60,53,51,54,3,Medium Risk
LR0608,T002,420,58,1,0,7,0,99,90,80,97,92,0,Low Risk
LR0135,T075,209,46,1,1,5,1,88,87,91,98,97,1,Low Risk
LR0210,T019,283,55,3,0,1,0,97,99,81,89,85,0,Low Risk
MR0910,T083,132,22,9,2,15,3,69,74,52,66,52,2,Medium Risk
P1482,T008,44,13,11,1,3,3,63,77,52,57,86,0,Low Risk
P0778,T011,79,58,4,10,26,1,30,92,70,100,23,3,Medium Risk
P0800,T033,10,23,8,7,34,10,79,52,87,85,75,5,High Risk
P0055,T099,253,40,4,8,18,4,77,56,25,24,70,8,High Risk
P1921,T029,311,25,2,14,37,4,60,60,94,59,14,6,High Risk
MR0436,T014,147,23,5,4,18,4,69,67,76,71,71,2,Medium Risk
LR0955,T037,222,53,0,1,2,1,99,91,88,100,94,0,Low Risk
P1702,T074,71,51,0,11,40,1,38,79,80,96,76,5,Medium Risk
LR0162,T009,380,59,1,1,7,0,87,85,91,81,95,1,Low Risk
MR0741,T077,87,13,5,4,19,3,72,80,67,77,77,3,Medium Risk
P0988,T031,91,34,21,8,27,4,96,52,96,28,92,9,High Risk
MR0133,T090,94,23,6,3,10,3,65,78,73,56,84,4,Medium Risk
MR0602,T099,193,10,5,2,9,4,64,69,80,50,51,3,Medium Risk
P1395,T025,173,42,4,13,37,8,72,69,35,71,59,8,High Risk
P0769,T011,461,35,25,4,20,4,35,74,32,88,69,6,High Risk
MR0530,T032,206,22,7,4,5,2,55,64,70,69,56,1,Medium Risk
P0286,T011,498,2,22,6,2,5,75,76,44,56,34,7,High Risk
MR0999,T034,120,13,6,3,10,4,66,76,75,61,56,1,Medium Risk
P0429,T047,389,54,4,10,30,8,59,99,90,43,45,5,High Risk
LR0333,T014,331,38,2,1,2,0,89,94,84,85,92,0,Low Risk
LR0080,T005,360,52,3,1,3,0,93,97,92,100,85,1,Low Risk
P0723,T097,117,55,15,14,36,0,64,31,65,47,22,0,High Risk
P0952,T053,215,50,13,15,10,4,52,62,75,85,15,6,High Risk
MR0029,T012,153,13,5,5,20,1,76,64,63,64,78,4,Medium Risk
LR0263,T024,331,42,1,1,1,0,89,97,87,92,96,0,Low Risk
P0990,T063,155,31,15,10,19,4,72,49,100,26,21,4,High Risk
MR0720,T036,201,23,6,2,11,4,68,68,57,76,69,3,Medium Risk
LR0688,T098,230,24,3,1,2,1,98,90,90,93,92,1,Low Risk
P0327,T043,278,31,4,5,10,4,63,62,44,76,26,0,Low Risk
LR0609,T080,214,32,1,0,3,0,100,84,97,96,90,0,Low Risk
P1384,T017,54,51,10,2,17,10,69,87,73,63,20,0,Medium Risk
P1725,T072,44,55,13,12,26,10,21,78,86,33,100,5,High Risk
P1087,T039,98,52,5,11,4,2,81,90,32,51,54,5,High Risk
MR0197,T080,120,9,6,3,16,3,67,56,73,52,67,1,Medium Risk
P0342,T076,272,12,0,15,8,0,39,40,77,99,21,10,High Risk
P0148,T100,249,57,14,5,3,1,54,93,88,68,37,10,High Risk
MR0096,T052,214,17,6,2,11,1,61,66,66,54,50,3,Medium Risk
P1108,T067,111,15,2,2,30,10,92,50,63,43,34,9,High Risk
P0849,T051,342,1,20,5,25,10,51,57,30,77,90,6,High Risk
P0967,T075,489,25,17,8,4,4,98,88,46,57,14,0,High Risk
MR0263,T039,194,10,9,4,6,1,64,70,51,70,72,4,Medium Risk
LR0204,T052,457,34,0,0,5,1,87,92,99,83,84,1,Low Risk
P0662,T025,112,50,20,14,17,1,42,67,44,100,77,5,High Risk
P1003,T057,486,23,18,0,23,10,28,48,59,28,77,5,High Risk
MR0848,T046,228,21,4,3,20,3,66,75,60,77,80,4,Medium Risk
MR0341,T019,232,9,4,2,16,2,57,76,72,63,51,1,Medium Risk
MR0103,T007,96,16,8,2,14,1,65,57,60,78,74,3,Medium Risk
MR0890,T019,108,15,4,2,12,2,63,55,59,57,58,3,Medium Risk
P1880,T068,424,20,19,10,0,3,98,65,55,56,39,10,High Risk
MR0757,T014,239,20,9,2,8,4,80,56,72,66,51,1,Medium Risk
P1204,T096,392,24,1,8,32,6,24,78,58,26,52,4,High Risk
P1991,T024,401,49,19,3,15,10,55,38,93,34,27,4,High Risk
P0025,T011,276,53,8,5,35,2,80,35,68,99,60,10,Medium Risk
MR0748,T009,157,23,5,4,13,1,72,75,68,55,81,2,Medium Risk
LR0684,T096,314,42,3,1,0,1,88,99,80,83,85,0,Low Risk
LR0752,T090,442,52,0,1,3,0,91,88,100,87,86,0,Low Risk
MR0049,T008,189,19,9,3,11,1,76,70,70,71,63,3,Medium Risk
P0876,T050,278,55,11,7,31,8,96,64,24,30,99,4,High Risk
MR0588,T085,126,21,10,3,12,2,64,73,67,56,74,1,Medium Risk
P0939,T039,253,51,21,1,21,9,42,98,66,94,97,5,High Risk
LR0395,T030,482,47,1,1,7,1,95,98,89,81,91,1,Low Risk
MR0337,T038,220,13,10,4,10,2,71,62,67,67,70,1,Medium Risk
MR0961,T016,112,14,8,4,5,1,76,63,66,71,56,1,Medium Risk
P0386,T077,168,22,24,1,40,1,46,79,87,77,96,6,High Risk
MR0040,T050,120,25,7,3,19,4,67,70,60,56,65,1,Medium Risk
MR0327,T041,143,15,9,5,11,4,69,76,51,65,50,3,Medium Risk
LR0910,T018,424,48,3,0,4,0,88,84,98,81,90,1,Low Risk
LR0292,T056,424,56,2,1,4,0,99,87,98,81,83,0,Low Risk
MR0233,T073,186,24,9,3,13,4,78,69,51,77,69,1,Medium Risk
P0937,T056,479,18,0,3,1,2,44,91,83,88,33,10,Medium Risk
MR0430,T018,249,22,4,5,10,4,57,58,55,73,77,1,Medium Risk
LR0361,T042,256,25,0,0,3,0,97,97,81,89,83,1,Low Risk
MR0897,T017,167,17,4,5,14,1,69,78,58,53,80,3,Medium Risk
P1333,T057,401,49,24,0,19,10,55,85,68,91,41,9,High Risk
P1935,T059,53,57,16,7,20,6,50,33,31,20,10,4,High Risk
P0936,T038,252,60,25,15,3,9,66,100,65,40,14,6,High Risk
LR0419,T094,307,53,0,0,4,1,89,85,99,96,85,1,Low Risk
P0567,T038,116,48,9,14,29,7,85,81,55,90,67,0,High Risk
P1855,T010,307,17,1,10,39,10,98,52,84,89,72,7,High Risk
MR0210,T034,185,13,5,3,10,4,66,71,56,63,78,1,Medium Risk
LR0468,T095,358,54,2,0,0,1,91,100,94,84,88,1,Low Risk
P1646,T028,110,30,12,7,19,0,23,83,34,96,13,5,Medium Risk
MR0314,T099,226,22,10,2,5,4,70,73,58,69,53,1,Medium Risk
P1793,T008,67,43,8,7,8,0,67,40,75,98,49,0,Low Risk
P1431,T094,43,31,2,6,39,4,81,90,78,89,22,1,Low Risk
MR0072,T050,128,17,4,2,20,1,55,62,53,71,67,2,Medium Risk
P1014,T044,335,60,19,0,10,0,36,85,48,93,10,2,Low Risk
P1929,T005,389,4,25,8,15,0,65,90,39,65,17,3,High Risk
LR0982,T081,498,43,1,1,1,1,85,82,88,88,83,1,Low Risk
P0127,T047,38,53,23,14,11,10,37,81,41,83,41,4,High Risk
LR0773,T024,412,41,3,1,8,1,95,84,80,99,86,1,Low Risk
P1348,T008,392,26,22,15,28,4,29,84,70,32,28,5,High Risk
P0356,T048,122,43,7,7,27,2,62,68,100,46,10,7,High Risk
P0828,T049,143,59,24,15,15,9,62,95,21,37,45,1,High Risk
P1640,T036,104,9,12,2,36,5,45,98,53,22,47,3,High Risk
P0985,T098,476,59,0,5,6,4,36,97,34,78,45,9,Medium Risk
LR0189,T076,383,35,0,1,3,1,97,93,81,88,80,1,Low Risk
MR0387,T067,179,14,9,5,15,3,58,72,77,79,64,1,Medium Risk
LR0444,T084,332,47,3,0,5,1,85,99,96,90,96,0,Low Risk
P0363,T016,357,10,21,4,24,3,51,92,80,92,13,8,High Risk
LR0350,T083,496,29,0,1,4,0,99,83,87,99,96,0,Low Risk
P0346,T059,454,15,7,0,20,0,36,94,99,29,91,4,Low Risk
LR0727,T084,262,22,2,1,3,0,90,88,85,95,86,1,Low Risk
MR0377,T100,211,22,4,3,17,2,59,58,67,51,78,2,Medium Risk
P0712,T061,238,16,20,1,25,3,20,68,33,69,43,7,High Risk
LR0891,T076,483,58,1,1,8,0,89,94,84,84,83,1,Low Risk
MR0786,T062,145,25,8,3,17,4,69,73,61,64,77,4,Medium Risk
P0011,T027,459,13,6,7,8,1,55,71,32,82,73,0,Low Risk
MR0204,T022,174,11,7,2,9,4,65,64,71,76,84,4,Medium Risk
LR0117,T089,237,54,3,0,5,1,86,82,86,93,96,0,Low Risk
P1835,T029,169,42,25,12,33,2,84,40,48,30,63,1,High Risk
P0794,T012,471,50,8,7,20,9,24,35,75,47,79,3,High Risk
MR0679,T007,111,19,8,5,18,1,62,63,50,61,52,4,Medium Risk
LR0675,T027,201,40,1,1,2,1,99,100,83,99,99,0,Low Risk
P0095,T075,445,7,8,13,1,8,30,58,65,49,80,1,High Risk
P0130,T017,455,2,9,2,4,10,68,78,50,67,23,1,Medium Risk
LR0372,T006,265,42,3,0,4,0,97,88,100,99,99,1,Low Risk
LR0966,T058,487,41,3,1,2,1,85,95,87,89,95,0,Low Risk
MR0870,T097,143,22,5,5,6,3,70,74,73,57,77,3,Medium Risk
LR0264,T088,207,48,0,0,1,1,93,87,82,83,92,1,Low Risk
P1901,T015,168,2,15,9,32,6,45,87,35,69,72,4,High Risk
MR0042,T086,157,21,10,5,14,2,69,57,60,62,61,3,Medium Risk
MR0173,T023,119,18,5,2,8,1,71,77,73,52,73,4,Medium Risk
P1933,T040,334,28,1,12,29,8,100,68,60,91,80,10,High Risk
MR0361,T041,84,25,8,3,5,2,61,67,78,74,63,4,Medium Risk
P1866,T095,16,41,4,13,25,0,33,32,69,34,60,4,High Risk
P1659,T088,437,25,7,0,29,6,50,49,84,91,39,2,Low Risk
P0517,T010,324,10,0,7,34,0,99,39,32,29,92,0,Low Risk
P1858,T009,56,32,25,4,11,4,76,64,50,64,42,9,High Risk
LR0646,T092,472,29,2,0,2,0,97,86,100,86,87,1,Low Risk
LR0244,T042,450,53,3,0,0,1,100,81,83,99,86,1,Low Risk
P1278,T088,312,15,11,4,14,9,23,66,98,23,90,4,High Risk
MR0855,T009,200,19,6,5,6,3,72,60,54,50,58,3,Medium Risk
P0951,T071,239,54,18,2,27,8,82,78,32,56,60,1,High Risk
P1121,T003,260,44,10,0,20,7,100,60,22,98,14,5,Medium Risk
LR0598,T069,316,57,0,1,7,0,99,87,94,88,81,0,Low Risk
LR0205,T050,434,52,1,1,8,1,95,92,99,88,88,0,Low Risk
P0420,T043,421,5,7,10,18,7,94,46,39,34,85,0,High Risk
P0923,T009,400,18,1,6,25,1,79,56,67,45,49,1,Low Risk
LR0914,T069,296,54,3,1,5,0,94,100,90,99,95,0,Low Risk
P0478,T002,414,29,11,10,30,2,57,49,68,29,100,10,High Risk
LR0036,T069,353,25,0,0,8,0,87,90,94,91,83,0,Low Risk
LR0884,T065,451,30,2,0,1,1,86,80,84,93,89,0,Low Risk
P1693,T054,60,53,0,11,19,8,30,97,58,54,30,3,High Risk
MR0841,T050,212,21,10,5,15,2,55,64,56,55,83,2,Medium Risk
P1472,T057,27,14,9,9,27,5,62,42,76,82,58,2,High Risk
LR0602,T009,403,31,1,0,8,1,85,96,87,86,81,0,Low Risk
P1203,T026,303,46,4,2,21,3,41,75,97,89,69,4,Low Risk
LR0439,T098,313,34,1,0,8,0,95,82,100,80,97,1,Low Risk
LR0627,T093,427,21,2,0,7,0,98,84,88,93,84,0,Low Risk
P1670,T030,347,41,23,3,0,2,79,71,88,84,59,5,High Risk
MR0696,T047,169,21,8,2,7,2,57,68,78,69,71,3,Medium Risk
P1971,T003,366,18,15,8,15,2,73,70,49,36,90,7,High Risk
LR0152,T081,434,31,1,1,6,1,86,88,87,86,86,0,Low Risk
P0821,T022,360,39,2,4,15,9,62,73,36,29,25,5,High Risk
P1998,T024,131,43,8,7,34,3,48,45,83,47,89,8,High Risk
MR0823,T036,160,17,10,3,12,2,55,68,63,74,53,2,Medium Risk
P1249,T030,192,34,0,2,8,5,31,92,23,52,48,10,High Risk
MR0407,T039,156,8,10,3,12,3,70,59,69,69,60,1,Medium Risk
LR0713,T002,386,24,3,1,3,0,90,97,94,98,86,1,Low Risk
MR0541,T072,214,10,5,5,20,4,75,60,75,55,66,1,Medium Risk
LR0191,T017,475,38,0,0,1,0,88,81,87,86,95,0,Low Risk
MR0477,T038,110,25,10,4,17,3,63,64,58,80,80,2,Medium Risk
P1047,T085,346,39,20,4,4,8,27,76,64,21,45,0,High Risk
P1889,T055,158,26,11,9,33,3,29,96,35,94,75,2,High Risk
LR0470,T076,336,26,2,0,0,0,100,82,98,89,93,1,Low Risk
P0616,T054,91,60,15,11,17,10,74,50,53,96,99,6,High Risk
P1319,T013,85,27,7,11,31,1,34,34,95,86,26,9,High Risk
MR0845,T079,135,18,8,2,5,2,60,60,70,65,67,1,Medium Risk
MR0885,T012,192,18,9,3,7,3,61,73,50,71,59,3,Medium Risk
MR0901,T067,124,19,8,2,19,4,63,73,69,59,73,1,Medium Risk
LR0137,T013,420,28,3,0,1,0,88,100,90,81,91,1,Low Risk
MR0257,T065,94,13,7,5,8,1,76,67,64,79,56,2,Medium Risk
P1773,T090,57,58,0,11,3,8,44,31,30,67,47,3,High Risk
MR0933,T075,196,24,5,4,16,4,79,79,79,64,51,4,Medium Risk
P0132,T013,380,27,14,13,17,9,36,73,95,92,88,1,High Risk
LR0851,T092,341,51,3,1,2,0,92,95,85,90,99,0,Low Risk
P0078,T027,472,5,23,6,3,1,48,85,76,79,37,10,High Risk
LR0053,T025,386,40,2,1,8,0,94,96,96,89,99,0,Low Risk
P0725,T044,85,19,12,4,23,7,73,99,52,28,26,3,High Risk
P1315,T090,427,53,5,10,38,9,50,80,41,20,29,3,High Risk
P1852,T023,322,56,16,0,25,9,56,77,92,78,75,0,Medium Risk
MR0904,T081,197,10,5,2,8,4,62,77,62,67,71,4,Medium Risk
MR0043,T076,206,25,10,2,10,3,73,69,57,75,82,2,Medium Risk
MR0294,T066,156,12,8,3,6,3,60,55,71,74,75,1,Medium Risk
P1373,T069,152,54,18,5,38,0,29,89,32,63,67,3,Medium Risk
P1856,T092,225,39,6,15,19,9,47,92,33,64,40,2,High Risk
P1320,T031,277,28,9,15,0,10,73,50,50,58,33,9,High Risk
LR0561,T064,383,51,0,1,5,1,90,86,90,100,87,1,Low Risk
MR0831,T060,230,13,6,3,5,3,62,55,75,80,73,2,Medium Risk
MR0245,T052,139,22,5,2,18,1,76,64,56,76,74,4,Medium Risk
MR0872,T042,190,12,10,5,9,3,78,79,61,65,66,1,Medium Risk
P0376,T076,316,25,24,6,35,9,22,90,83,72,46,5,High Risk
P1909,T062,119,38,4,6,3,6,21,67,33,83,49,9,High Risk
P0334,T019,423,51,11,8,8,4,37,81,25,90,26,10,High Risk
LR0987,T030,220,36,1,1,4,0,93,97,93,90,91,0,Low Risk
MR0734,T031,203,17,5,3,13,4,63,65,78,53,75,4,Medium Risk
LR0366,T018,239,57,1,0,5,1,98,82,96,96,91,1,Low Risk
P1605,T092,339,1,3,6,1,1,30,34,60,97,78,6,Medium Risk
P1119,T047,68,56,18,4,26,1,86,93,73,67,99,4,Medium Risk
MR0772,T096,123,19,8,3,18,1,78,80,80,65,83,3,Medium Risk
P1944,T004,431,41,17,3,30,6,58,92,66,83,27,5,High Risk
LR0998,T092,343,58,0,1,1,0,96,99,99,83,90,1,Low Risk
LR0377,T047,442,41,1,1,8,0,85,99,97,91,98,1,Low Risk
MR0346,T031,168,18,10,5,20,3,61,62,67,65,83,3,Medium Risk
P1343,T017,329,13,1,15,39,3,98,33,63,25,75,1,High Risk
P0321,T020,60,57,13,3,9,4,77,80,53,38,25,7,High Risk
P1620,T024,370,15,25,2,35,0,56,96,20,33,99,5,High Risk
MR0236,T066,220,15,4,3,10,1,59,78,57,78,50,4,Medium Risk
LR0061,T016,211,37,0,1,6,0,89,91,86,95,85,0,Low Risk
LR0220,T051,375,47,0,1,6,0,94,85,81,87,89,1,Low Risk
P1674,T069,173,37,3,15,10,4,25,82,27,31,45,8,High Risk
P1943,T052,236,12,1,4,8,3,25,76,67,47,37,4,Medium Risk
P0261,T043,366,3,9,4,10,7,63,62,21,95,97,7,High Risk
MR0114,T003,246,17,6,3,10,4,64,74,61,53,56,3,Medium Risk
LR0040,T020,373,31,1,1,7,1,91,81,92,87,81,0,Low Risk
P0690,T039,149,60,25,12,30,0,47,99,31,43,81,7,High Risk
P0902,T064,150,59,16,15,23,10,50,80,42,59,26,10,High Risk
LR0307,T084,296,47,3,1,1,1,96,89,98,91,93,0,Low Risk
LR0027,T086,427,50,3,1,5,0,97,86,85,82,84,0,Low Risk
P0139,T081,299,58,24,6,29,8,30,83,27,79,48,7,High Risk
P1918,T089,334,33,18,5,23,10,33,41,24,27,22,8,High Risk
P1829,T043,220,54,1,8,13,2,32,68,66,73,57,7,Medium Risk
P1574,T084,182,20,19,0,34,1,40,48,96,20,98,2,Medium Risk
P0320,T058,272,28,12,12,14,9,29,61,82,41,31,9,High Risk
P0654,T058,496,46,6,3,9,9,81,44,79,88,91,6,High Risk
LR0138,T005,295,26,2,1,1,0,91,80,91,98,92,1,Low Risk
MR0191,T024,169,13,4,5,18,2,67,60,63,74,50,1,Medium Risk
P0559,T051,227,14,3,9,21,7,26,52,71,60,78,8,High Risk
LR0188,T026,211,45,1,0,2,0,97,96,81,96,99,1,Low Risk
P0113,T017,483,11,12,2,19,1,87,77,21,84,18,1,Low Risk
P0532,T059,477,52,16,0,31,2,96,49,31,20,19,0,Low Risk
P0225,T073,237,43,0,14,32,10,71,54,74,49,49,9,High Risk
P0724,T012,463,2,8,13,13,9,60,51,20,63,40,1,High Risk
MR0213,T031,232,19,7,5,10,1,63,68,80,71,84,2,Medium Risk
MR0927,T031,106,11,6,4,13,3,62,76,66,59,60,1,Medium Risk
P1434,T083,288,49,5,1,10,1,56,98,71,32,83,2,Low Risk
LR0374,T044,253,34,0,1,5,0,99,82,97,84,87,0,Low Risk
MR0084,T100,115,12,7,2,8,3,68,68,77,50,73,4,Medium Risk
MR1000,T018,123,10,8,3,20,3,76,65,63,63,68,2,Medium Risk
P1459,T068,232,30,18,2,27,10,95,59,51,59,64,10,High Risk
MR0596,T084,126,14,7,3,15,2,62,68,50,75,74,3,Medium Risk
LR0763,T060,492,45,1,1,4,1,88,88,92,82,91,0,Low Risk
P0847,T090,167,44,23,3,12,7,57,60,48,41,63,3,High Risk
P0194,T033,316,47,7,4,30,7,50,84,81,32,98,2,Medium Risk
P1465,T066,193,7,16,0,0,1,55,55,90,45,49,9,High Risk
LR0622,T090,497,41,3,1,0,0,92,89,96,98,87,1,Low Risk
P0947,T078,310,39,16,8,12,5,31,87,44,58,91,4,High Risk
LR0022,T092,207,49,3,1,3,1,89,80,98,81,80,1,Low Risk
LR0552,T091,461,24,3,1,8,0,86,81,82,91,92,1,Low Risk
P1630,T021,326,8,10,14,10,5,46,60,97,28,20,10,High Risk
P0118,T074,259,43,13,2,37,1,96,96,64,74,84,7,Medium Risk
P0646,T086,497,21,23,11,14,7,23,53,62,28,93,7,High Risk
P1871,T041,406,13,16,2,27,0,100,90,99,27,45,8,Medium Risk
P0004,T051,299,9,11,7,10,1,74,53,41,41,67,10,High Risk
P0075,T057,286,38,14,9,34,5,52,89,43,89,60,8,High Risk
P1756,T072,19,5,13,3,1,3,81,69,74,62,68,6,Medium Risk
P0468,T025,171,30,24,10,31,5,86,55,88,46,84,3,High Risk
P0006,T077,475,11,18,4,26,2,33,75,49,52,62,4,High Risk
P1247,T055,229,16,23,14,33,6,77,48,58,52,39,8,High Risk
P0920,T064,73,60,1,7,30,4,78,67,83,66,31,2,Medium Risk
LR0596,T073,220,27,2,1,2,1,100,85,80,83,96,1,Low Risk
P0229,T020,24,28,3,4,28,8,20,91,86,23,18,10,High Risk
P1064,T086,251,27,2,0,39,3,65,45,79,68,48,0,Low Risk
LR0591,T083,274,56,3,0,0,1,85,99,97,99,97,1,Low Risk
P0243,T057,446,46,22,1,15,2,58,100,83,51,28,2,Medium Risk
MR0405,T013,203,12,4,5,19,3,80,73,63,73,65,3,Medium Risk
P1161,T071,368,41,22,5,7,2,35,100,47,56,66,4,High Risk
MR0089,T044,135,12,5,2,13,1,72,65,53,50,71,2,Medium Risk
MR0338,T040,157,16,9,5,8,2,67,67,66,72,68,3,Medium Risk
MR0240,T079,233,10,8,5,13,1,57,69,68,65,83,2,Medium Risk
LR0564,T075,211,43,1,1,0,1,95,90,85,96,94,1,Low Risk
LR0672,T044,389,39,1,0,2,1,91,82,96,84,84,0,Low Risk
P1527,T030,343,17,0,1,8,5,35,35,25,79,26,8,Medium Risk
P1606,T045,389,55,15,5,21,9,72,49,22,96,53,3,High Risk
MR0710,T050,194,9,7,2,12,2,58,57,55,56,59,2,Medium Risk
MR0970,T100,201,24,5,5,15,2,55,78,63,64,74,4,Medium Risk
LR0710,T070,200,45,3,1,8,0,100,99,100,88,85,0,Low Risk
MR0559,T032,166,15,4,4,7,4,58,64,52,67,78,2,Medium Risk
MR0979,T023,176,11,10,5,8,1,60,70,51,67,64,4,Medium Risk
P1990,T061,316,49,19,5,3,0,87,56,22,54,80,7,High Risk
MR0509,T038,149,13,6,5,15,1,60,78,53,52,84,3,Medium Risk
LR0363,T038,267,33,1,0,5,0,93,88,85,99,88,1,Low Risk
P1976,T035,356,30,13,10,22,8,78,76,60,21,79,5,High Risk
P1762,T060,412,58,25,10,31,1,28,59,72,51,58,9,High Risk
P1306,T041,245,32,14,4,3,10,58,66,77,89,68,3,High Risk
LR0740,T087,301,59,0,0,8,1,95,99,85,96,94,0,Low Risk
P1542,T066,13,58,7,8,40,3,34,45,27,28,12,2,High Risk
MR0463,T059,102,20,7,5,12,2,60,61,63,71,70,4,Medium Risk
LR0473,T026,293,40,1,1,7,1,97,88,99,92,84,1,Low Risk
LR0643,T021,494,56,0,1,3,1,99,100,88,95,94,1,Low Risk
LR0796,T049,249,28,0,1,5,0,87,93,85,93,87,0,Low Risk
P0623,T070,312,2,17,8,21,1,38,78,47,70,67,8,High Risk
MR0064,T083,134,15,8,4,16,1,65,80,53,69,55,4,Medium Risk
P1494,T008,60,22,16,14,15,3,87,93,87,77,39,7,High Risk
P0111,T030,53,37,23,6,7,1,79,30,97,97,19,10,High Risk
LR0276,T057,226,28,0,1,6,1,98,98,94,88,85,1,Low Risk
MR0002,T081,185,20,6,4,20,1,78,59,64,78,79,4,Medium Risk
P1170,T015,406,44,19,0,0,2,52,93,71,37,81,8,High Risk
MR0258,T012,134,12,10,5,11,1,80,69,74,79,82,3,Medium Risk
P0233,T044,254,47,4,1,20,9,100,67,85,33,57,5,Medium Risk
P0067,T086,397,18,9,8,1,0,42,56,46,29,25,10,High Risk
MR0603,T064,221,14,6,3,10,3,64,63,54,62,58,2,Medium Risk
LR0073,T100,333,59,3,0,0,0,92,87,83,85,94,0,Low Risk
LR0193,T074,253,45,0,1,0,0,92,88,93,84,92,1,Low Risk
P0537,T011,412,54,24,14,15,6,29,55,96,46,87,0,High Risk
LR0860,T075,364,34,3,1,3,0,90,90,95,92,86,1,Low Risk
P0126,T094,191,38,3,3,5,4,50,50,25,50,45,9,High Risk
LR0134,T026,498,36,2,0,4,0,93,82,100,100,93,1,Low Risk
P1255,T048,368,8,6,12,31,1,35,96,85,75,77,0,Medium Risk
MR0292,T038,242,22,5,3,15,2,75,80,67,76,74,1,Medium Risk
P1977,T062,16,38,2,1,21,7,65,79,79,100,59,4,Low Risk
MR0259,T090,158,19,4,5,12,3,68,71,67,58,72,3,Medium Risk
MR0078,T053,209,9,8,3,14,3,79,68,69,53,56,2,Medium Risk
LR0076,T029,389,25,1,1,1,1,96,83,93,83,96,1,Low Risk
P0485,T010,80,49,6,0,6,0,50,45,60,26,52,1,Low Risk
P1655,T033,276,7,10,13,15,1,89,69,23,66,18,5,High Risk
MR0852,T085,161,25,8,2,7,4,65,77,71,75,83,1,Medium Risk
MR0680,T053,228,23,6,2,7,3,57,64,75,59,79,3,Medium Risk
MR0308,T016,195,25,6,4,8,4,80,60,71,57,83,2,Medium Risk
MR0035,T097,149,15,6,5,16,1,80,68,77,65,69,2,Medium Risk
MR0618,T084,190,12,4,4,11,3,55,59,71,80,74,4,Medium Risk
P1775,T086,426,58,22,8,19,6,76,57,98,22,61,6,High Risk
LR0411,T068,293,47,2,1,0,1,92,92,84,87,88,0,Low Risk
MR0584,T067,201,15,7,3,12,3,57,62,60,50,54,3,Medium Risk
P0919,T001,227,5,18,0,19,8,32,41,59,72,62,6,High Risk
P1647,T033,406,25,14,5,3,3,24,56,81,96,59,4,High Risk
P1027,T072,101,2,19,3,2,1,25,40,83,75,82,0,Medium Risk
P1031,T100,166,43,17,4,3,7,60,66,87,89,54,6,High Risk
P0883,T057,66,18,2,11,4,4,30,77,51,61,61,1,Medium Risk
P1336,T073,14,1,3,14,13,2,62,68,21,45,61,6,High Risk
LR0747,T033,221,45,3,0,3,1,87,83,90,97,95,0,Low Risk
LR0943,T083,290,20,2,0,0,0,98,95,85,98,85,1,Low Risk
LR0714,T012,324,58,1,0,7,0,92,84,97,83,88,0,Low Risk
P0365,T026,361,46,23,4,36,4,69,43,21,77,53,10,High Risk
LR0126,T083,230,38,0,0,5,0,86,98,93,92,100,0,Low Risk
P0028,T053,243,60,15,13,20,3,81,32,40,43,46,0,High Risk
P0474,T034,364,59,8,0,21,3,78,42,31,83,71,6,Low Risk
P0526,T069,337,49,10,14,0,6,83,56,62,90,87,10,High Risk
P0726,T032,121,24,5,11,39,9,35,32,47,30,76,3,High Risk
P0056,T043,133,18,23,11,39,7,31,57,86,60,59,5,High Risk
P0639,T013,370,13,24,12,17,3,45,39,53,90,56,2,High Risk
P0303,T071,215,4,8,13,23,7,50,44,56,45,86,2,High Risk
LR0767,T083,338,57,0,1,0,1,100,98,86,90,95,0,Low Risk
MR0469,T099,187,13,4,4,9,1,64,70,52,72,56,3,Medium Risk
P1277,T097,127,48,20,3,19,0,48,91,74,43,31,1,Medium Risk
MR0504,T093,102,22,7,2,16,1,80,68,53,60,79,1,Medium Risk
P0625,T056,425,53,1,0,12,8,77,57,62,63,61,9,Medium Risk
LR0056,T098,317,41,0,0,5,1,85,94,86,84,98,0,Low Risk
P1281,T035,65,21,8,4,2,6,42,69,80,67,85,1,Medium Risk
LR0852,T078,480,29,0,0,1,0,96,81,89,91,93,0,Low Risk
P1050,T058,354,9,10,2,30,9,79,43,62,52,64,5,High Risk
P0337,T011,145,23,11,15,22,6,77,81,89,33,33,8,High Risk
P0048,T039,193,57,25,6,29,0,74,99,47,66,96,2,High Risk
LR0879,T030,414,35,2,0,6,0,99,96,96,82,97,1,Low Risk
P0107,T005,15,8,15,4,14,1,65,91,65,88,95,2,Medium Risk
LR0398,T022,396,59,3,1,5,0,86,87,88,84,93,1,Low Risk
P1080,T001,438,10,23,8,3,6,91,84,95,39,59,9,High Risk
LR0287,T091,243,38,3,1,7,0,92,89,84,84,93,1,Low Risk
LR0262,T086,372,36,0,0,6,0,93,94,94,82,100,1,Low Risk
P1145,T068,65,40,21,15,10,1,87,94,48,45,72,7,High Risk
MR0162,T008,248,25,5,5,8,4,71,64,66,63,83,2,Medium Risk
LR0297,T002,437,38,1,0,7,0,85,95,98,91,82,1,Low Risk
LR0842,T042,476,35,1,0,0,0,85,100,92,91,82,0,Low Risk
P1837,T047,456,42,5,14,2,2,46,75,28,70,53,10,High Risk
P1754,T096,397,34,15,6,28,3,77,81,73,53,14,6,High Risk
P1102,T026,439,39,18,8,18,7,26,48,100,82,13,6,High Risk
P1969,T060,195,19,3,0,2,4,55,48,64,35,91,1,Low Risk
MR0009,T095,118,15,10,4,6,2,58,60,53,71,77,1,Medium Risk
MR0651,T021,112,10,5,2,7,4,59,77,51,68,71,2,Medium Risk
P0524,T024,204,49,19,4,26,0,52,34,87,79,58,5,Medium Risk
LR0281,T073,315,33,2,0,2,1,97,96,89,88,99,0,Low Risk
LR0693,T044,459,34,0,0,7,1,85,90,94,80,92,0,Low Risk
LR0886,T011,349,58,1,0,6,0,97,97,87,86,98,1,Low Risk
P1429,T009,481,57,24,6,25,7,20,100,29,71,36,3,High Risk
LR0582,T012,392,44,3,1,4,0,87,80,91,100,84,1,Low Risk
MR0468,T082,169,12,5,3,14,4,67,65,63,68,56,4,Medium Risk
P0604,T044,177,27,24,11,37,4,79,68,90,86,49,4,High Risk
P1490,T039,63,21,9,15,35,6,53,55,67,92,85,8,High Risk
MR0110,T052,225,12,9,5,7,4,72,65,72,60,72,1,Medium Risk
MR0231,T072,175,13,7,3,12,3,71,65,76,56,67,4,Medium Risk
P0061,T023,271,32,15,10,15,4,24,75,48,28,52,8,High Risk
MR0659,T073,225,24,6,5,13,4,69,68,79,53,76,3,Medium Risk
P0672,T024,178,26,4,2,10,8,90,63,45,27,97,6,Medium Risk
P0093,T058,22,24,16,2,36,6,31,33,76,28,60,1,High Risk
P0667,T064,392,48,12,1,31,9,96,67,68,83,58,0,Medium Risk
P1888,T023,335,41,7,12,20,5,22,36,64,67,47,0,High Risk
P0281,T045,410,2,7,8,18,2,21,65,100,75,91,2,Medium Risk
P1720,T028,100,22,17,15,20,9,48,48,100,63,75,0,High Risk
MR0016,T027,135,24,7,3,5,4,73,64,59,55,82,4,Medium Risk
P0360,T037,488,21,13,1,5,6,67,73,100,54,31,9,High Risk
P0900,T068,12,43,18,7,22,2,98,56,37,100,74,2,Medium Risk
P1936,T049,241,15,16,11,22,9,30,55,28,24,21,5,High Risk
P1995,T005,451,11,10,14,21,9,68,75,24,34,62,5,High Risk
MR0946,T042,241,20,9,2,15,2,64,64,75,75,76,4,Medium Risk
LR0896,T053,264,57,2,0,3,0,97,96,99,99,96,0,Low Risk
P0761,T003,255,5,16,4,4,9,79,39,55,28,59,2,High Risk
LR0159,T035,266,24,2,1,7,0,97,94,84,92,80,1,Low Risk
MR0488,T092,160,23,9,2,14,2,69,69,76,77,82,4,Medium Risk
P0043,T059,154,57,11,6,22,2,60,70,77,40,73,4,High Risk
LR0174,T047,373,39,2,0,0,0,90,84,94,99,80,1,Low Risk
P0205,T099,119,2,7,4,12,4,73,81,81,32,33,2,Medium Risk
P1474,T024,239,1,13,5,19,10,64,91,74,59,15,7,High Risk
LR0101,T077,377,42,0,1,8,0,92,81,93,97,99,0,Low Risk
LR0594,T048,244,42,0,0,2,1,98,97,92,94,85,0,Low Risk
P0069,T004,434,32,8,12,26,3,68,74,74,46,83,3,High Risk
P1876,T005,24,52,22,14,10,0,47,60,62,54,41,8,High Risk
LR0833,T038,273,60,1,1,4,0,94,95,92,91,81,1,Low Risk
MR0728,T084,189,21,4,4,20,1,62,79,58,63,72,1,Medium Risk
LR0232,T020,454,31,1,0,5,0,85,89,90,96,92,1,Low Risk
P0138,T096,500,31,5,0,20,8,25,51,31,31,86,8,High Risk
LR0948,T072,258,57,3,1,0,1,88,91,92,96,96,0,Low Risk
P0797,T083,165,33,5,1,32,4,35,57,99,49,51,9,Medium Risk
LR0181,T009,471,53,0,1,3,1,94,90,93,83,82,1,Low Risk
LR0129,T026,455,49,3,0,1,1,85,84,88,94,96,0,Low Risk
P0759,T090,361,38,10,12,14,4,61,73,21,28,30,9,High Risk
P0542,T008,362,44,15,15,0,6,47,98,48,71,96,6,High Risk
P1020,T023,125,31,24,3,16,2,94,87,85,32,57,10,High Risk
MR0031,T079,202,9,10,3,6,3,55,56,78,79,65,2,Medium Risk
P0166,T069,377,2,12,15,11,0,37,42,32,28,63,0,High Risk
P0249,T005,457,1,4,4,4,5,84,42,87,53,11,6,Medium Risk
P1332,T065,74,39,25,2,9,5,76,86,89,66,50,6,High Risk
LR0018,T002,324,37,0,1,5,0,85,83,96,85,94,1,Low Risk
P0447,T058,10,48,15,3,22,1,39,53,39,85,42,6,Medium Risk
LR0483,T004,352,24,1,0,6,0,94,94,90,99,85,0,Low Risk
LR0907,T017,410,50,0,0,1,1,96,93,80,95,93,1,Low Risk
P1359,T040,354,51,0,5,20,9,46,52,85,69,20,6,High Risk
LR0846,T016,350,38,1,1,0,1,96,82,92,94,82,0,Low Risk
LR0146,T031,415,31,0,1,7,0,95,86,86,82,97,1,Low Risk
P1330,T042,448,28,11,15,25,1,88,32,23,68,74,6,High Risk
MR0974,T081,245,9,9,3,17,1,73,61,54,78,68,4,Medium Risk
LR0786,T075,237,24,0,1,2,1,86,97,96,95,84,0,Low Risk
MR0876,T041,195,23,10,5,16,2,55,66,65,70,72,2,Medium Risk
LR0151,T024,312,22,3,0,5,0,86,91,85,98,99,1,Low Risk
P0435,T062,132,28,20,14,36,4,71,58,86,68,23,0,High Risk
LR0123,T057,238,45,3,1,7,1,97,94,89,80,94,1,Low Risk
P0578,T060,114,43,3,14,13,2,25,35,49,38,74,10,High Risk
LR0901,T098,448,53,3,1,5,0,93,86,89,94,87,0,Low Risk
MR0167,T089,245,23,10,3,13,3,66,59,69,63,71,1,Medium Risk
LR0967,T082,493,42,1,0,3,0,94,84,100,84,86,0,Low Risk
MR0822,T053,102,22,4,2,15,3,68,72,62,50,59,4,Medium Risk
MR0650,T064,219,20,9,2,8,2,55,68,56,79,66,2,Medium Risk
LR0449,T015,229,49,1,0,7,1,99,96,82,92,96,0,Low Risk
P1849,T081,290,39,2,2,25,0,96,48,39,46,13,8,Low Risk
P0763,T002,154,32,13,14,39,3,94,46,54,85,65,3,High Risk
MR0038,T090,140,25,7,2,16,1,74,74,55,75,76,2,Medium Risk
P0389,T023,68,29,25,14,37,5,90,46,41,47,29,5,High Risk
P0236,T029,290,21,0,7,35,1,21,65,37,37,81,0,Low Risk
MR0466,T087,152,18,7,4,17,4,60,80,61,69,76,2,Medium Risk
P1985,T075,243,58,17,8,12,0,87,43,61,61,36,7,High Risk
P0268,T019,269,4,18,6,31,10,70,79,33,56,68,8,High Risk
P0771,T057,229,30,15,7,37,4,22,64,39,70,76,0,High Risk
LR0166,T007,206,26,0,0,1,1,92,86,98,96,91,0,Low Risk
P0438,T031,493,19,11,11,33,9,97,77,43,34,56,6,High Risk
P0674,T044,186,22,19,7,21,4,20,62,60,57,90,9,High Risk
P0250,T041,334,17,24,13,5,8,77,65,74,55,39,8,High Risk
LR0202,T045,304,26,3,1,3,0,86,96,100,92,85,1,Low Risk
P1575,T023,403,7,8,2,28,4,80,85,75,73,67,4,Medium Risk
LR0143,T038,248,43,2,1,7,1,90,96,83,88,98,0,Low Risk
LR0082,T091,480,46,2,1,0,0,93,100,91,92,91,0,Low Risk
MR0482,T035,232,25,6,3,7,3,60,80,79,68,65,2,Medium Risk
MR0416,T029,201,14,8,3,5,2,55,56,61,63,52,2,Medium Risk
MR0810,T014,188,16,8,5,10,2,64,67,78,77,57,3,Medium Risk
P0449,T093,458,39,19,3,34,7,25,79,73,26,67,2,High Risk
P1470,T010,73,58,23,8,17,7,97,82,97,22,90,10,High Risk
P0717,T031,478,20,8,10,32,9,68,59,28,78,100,7,High Risk
MR0177,T048,93,22,6,5,18,4,56,77,58,61,64,3,Medium Risk
MR0478,T076,207,12,9,2,8,4,65,56,69,74,57,4,Medium Risk
LR0049,T045,324,35,1,0,5,0,91,84,97,83,97,1,Low Risk
P1902,T084,226,57,13,15,23,1,67,48,61,81,79,4,High Risk
MR0311,T083,100,11,5,5,15,3,62,78,78,59,69,2,Medium Risk
P1169,T073,303,19,10,13,26,8,77,86,64,36,62,4,High Risk
P0083,T023,293,16,8,6,40,1,43,49,94,54,31,4,Medium Risk
MR0207,T039,245,9,6,3,16,3,68,58,57,70,50,2,Medium Risk
LR0725,T049,346,56,1,1,3,1,89,95,100,86,99,1,Low Risk
MR0045,T068,200,14,9,5,14,1,67,73,77,60,63,4,Medium Risk
P1461,T002,288,51,5,8,2,4,33,89,47,46,57,8,High Risk
LR0819,T051,440,32,1,1,8,1,90,84,96,82,100,0,Low Risk
P1894,T061,312,34,15,10,29,5,84,71,24,89,12,2,High Risk
P1669,T062,119,10,9,9,4,9,29,99,42,26,75,9,High Risk
LR0757,T035,485,38,0,1,2,1,97,99,82,88,98,0,Low Risk
LR0001,T009,449,30,1,1,0,0,99,98,98,90,89,0,Low Risk
P0476,T044,415,1,12,13,10,5,69,43,32,26,59,0,High Risk
P0518,T051,108,41,18,10,27,8,50,61,52,82,86,1,High Risk
MR0586,T070,183,11,4,2,9,1,79,63,56,51,79,4,Medium Risk
P0405,T075,338,32,10,6,22,9,85,85,21,53,37,8,High Risk
P0385,T020,222,20,18,9,12,1,44,91,39,96,37,0,Medium Risk
MR0219,T036,179,9,4,2,19,1,68,80,63,54,50,2,Medium Risk
LR0153,T029,300,59,3,0,2,0,90,84,92,88,91,1,Low Risk
P1634,T097,414,33,4,9,3,7,78,57,83,49,99,3,High Risk
MR0812,T086,119,19,9,5,11,3,80,79,53,77,68,1,Medium Risk
P0689,T002,126,11,6,13,38,9,49,60,62,51,61,0,High Risk
MR0232,T016,165,12,5,2,19,4,75,62,75,79,52,2,Medium Risk
LR0875,T076,415,20,0,1,7,1,96,86,90,100,85,1,Low Risk
P1241,T022,23,25,9,11,10,5,22,79,93,21,98,7,High Risk
P0063,T017,40,7,0,11,27,2,85,67,26,44,25,2,Medium Risk
P0853,T025,444,32,0,0,34,6,40,63,58,30,25,0,Low Risk
MR0661,T089,109,23,7,5,17,3,73,63,59,62,74,4,Medium Risk
MR0283,T093,240,23,8,4,8,4,59,59,77,59,74,4,Medium Risk
P1263,T072,102,45,3,1,12,4,81,47,49,70,99,5,Low Risk
P0224,T010,224,51,25,13,34,6,63,91,25,44,35,9,High Risk
LR0194,T092,419,20,1,0,0,1,91,93,87,97,100,1,Low Risk
P0374,T059,258,5,3,2,2,10,64,34,78,37,75,8,High Risk
P1825,T061,384,32,8,12,28,4,23,33,85,77,98,8,High Risk
MR0365,T021,243,22,9,4,11,4,75,68,56,63,76,3,Medium Risk
MR0825,T066,105,12,8,4,10,2,67,68,56,64,71,4,Medium Risk
MR0453,T088,187,19,10,3,8,4,61,64,56,70,50,4,Medium Risk
MR0572,T067,214,8,10,2,16,3,60,60,65,74,66,1,Medium Risk
LR0872,T021,389,37,2,0,4,1,93,97,93,89,96,0,Low Risk
P0010,T026,254,51,10,2,3,3,32,58,72,92,70,4,Medium Risk
LR0498,T061,252,21,3,0,8,0,98,93,98,84,86,0,Low Risk
P1945,T063,91,21,23,5,36,6,68,54,69,48,88,10,High Risk
P1839,T058,490,56,22,0,35,2,24,78,76,59,87,3,Medium Risk
P0709,T051,146,42,11,4,35,5,64,88,50,56,78,10,High Risk
P0256,T088,68,57,9,4,7,0,42,75,59,24,50,1,Medium Risk
LR0931,T099,202,55,1,1,5,0,93,92,82,84,87,0,Low Risk
P1618,T050,456,48,1,5,22,1,77,50,98,100,84,1,Low Risk
P0390,T079,145,3,4,4,3,2,46,95,52,50,83,9,Medium Risk
P1582,T082,59,11,9,12,39,3,69,78,80,93,27,9,High Risk
LR0957,T017,262,60,3,1,2,1,93,82,96,94,98,1,Low Risk
P0925,T001,301,48,13,5,15,0,50,82,22,40,70,4,Medium Risk
MR0692,T002,230,10,9,5,19,3,55,61,68,53,77,1,Medium Risk
MR0138,T034,129,14,4,3,11,4,55,74,56,53,72,2,Medium Risk
LR0509,T087,277,53,2,1,3,0,86,91,80,85,92,1,Low Risk
LR0037,T005,378,56,1,1,6,1,86,86,99,80,88,0,Low Risk
MR0182,T002,230,8,8,4,13,1,69,79,66,70,84,3,Medium Risk
P1225,T038,481,37,9,14,6,5,53,72,82,85,13,6,High Risk
MR0007,T047,122,16,8,2,14,4,68,71,50,66,62,3,Medium Risk
LR0550,T026,330,25,0,1,4,0,91,89,95,93,94,0,Low Risk
P1947,T095,186,26,19,15,40,2,41,95,38,34,33,9,High Risk
P0740,T059,275,32,7,10,30,7,93,70,46,72,91,0,Medium Risk
P0041,T062,326,15,15,10,2,2,71,96,54,21,87,8,High Risk
P0869,T006,263,25,14,2,2,8,34,67,40,21,96,3,High Risk
LR0780,T076,218,60,0,1,6,1,88,83,86,92,83,0,Low Risk
P0540,T045,202,17,23,3,35,10,53,45,40,78,42,0,High Risk
LR0746,T030,217,36,3,1,7,0,94,81,91,91,99,0,Low Risk
MR0331,T008,133,19,10,3,9,4,68,76,74,51,57,4,Medium Risk
LR0724,T001,364,57,3,1,2,1,96,88,96,89,85,1,Low Risk
P1372,T037,297,32,7,10,2,2,66,99,91,30,40,9,High Risk
P1146,T012,359,30,5,13,33,4,44,74,74,89,79,1,High Risk
P1032,T048,347,42,18,7,20,1,83,83,47,86,78,10,High Risk
P0373,T011,448,54,5,7,9,7,32,71,30,20,10,8,High Risk
P0668,T052,157,22,22,5,29,3,52,74,68,50,76,4,High Risk
MR0020,T089,169,9,5,5,6,4,74,63,78,68,81,3,Medium Risk
P0358,T077,431,2,7,5,28,2,30,72,54,58,10,2,Medium Risk
P0968,T039,225,38,13,11,30,3,96,95,79,75,85,10,High Risk
LR0832,T001,370,26,1,1,3,1,87,88,86,83,93,1,Low Risk
LR0784,T045,371,57,2,1,1,0,98,85,88,88,97,0,Low Risk
P1354,T030,461,17,20,10,18,6,75,55,85,43,40,0,High Risk
P1036,T014,112,1,14,8,32,1,85,87,28,93,30,8,High Risk
MR0019,T027,205,13,5,5,12,2,69,68,72,80,82,2,Medium Risk
P0471,T019,215,26,0,9,18,4,29,94,30,60,88,3,Medium Risk
MR0554,T015,100,9,7,2,19,2,69,72,56,58,55,4,Medium Risk
P1397,T031,313,57,8,13,38,9,65,67,91,91,91,4,High Risk
MR0975,T061,226,10,4,5,17,3,68,62,75,56,80,1,Medium Risk
P1550,T020,441,34,12,14,31,0,39,57,64,95,77,4,High Risk
P1257,T050,38,39,10,11,13,6,86,70,41,42,43,5,High Risk
LR0095,T017,489,50,0,1,2,1,98,99,100,97,100,1,Low Risk
P1556,T059,226,14,10,9,10,7,31,36,60,23,69,2,High Risk
MR0439,T025,139,9,9,5,7,4,73,67,79,75,59,1,Medium Risk
P1251,T071,207,51,19,7,29,0,55,86,93,24,36,4,High Risk
P1700,T091,261,45,13,14,6,5,89,60,57,95,68,8,High Risk
P1253,T089,32,6,3,6,33,4,36,34,90,46,91,1,Medium Risk
MR0681,T021,109,20,10,2,12,2,73,65,57,52,73,1,Medium Risk
MR0705,T058,98,25,5,3,9,4,71,65,80,77,78,1,Medium Risk
LR0934,T095,457,28,2,1,0,1,97,85,81,90,92,0,Low Risk
P0080,T053,459,6,4,1,29,2,51,77,20,64,25,10,Medium Risk
P1173,T059,150,11,20,10,27,4,66,58,75,54,26,3,High Risk
P0815,T086,67,14,1,14,35,3,94,99,76,24,95,4,High Risk
P1853,T005,247,23,24,15,25,4,64,99,73,42,20,1,High Risk
LR0221,T067,275,41,2,0,7,1,96,99,94,93,97,0,Low Risk
LR0720,T037,325,30,2,0,6,0,95,90,93,91,91,1,Low Risk
MR0495,T031,183,8,7,2,5,4,71,69,56,63,66,4,Medium Risk
LR0106,T088,373,39,0,1,8,0,86,96,91,95,93,0,Low Risk
P0134,T055,168,53,8,6,21,1,59,51,23,44,30,4,Medium Risk
P1141,T057,257,59,16,6,6,1,89,72,70,50,79,0,Medium Risk
P0934,T008,211,2,19,13,12,10,55,52,98,33,20,8,High Risk
P0929,T013,435,12,21,0,32,5,65,85,28,90,62,7,High Risk
P0824,T031,276,21,17,9,23,10,76,69,54,87,74,9,High Risk
P1532,T053,339,6,6,10,34,4,100,30,30,78,73,10,High Risk
P1215,T009,29,4,25,15,10,5,22,42,58,72,34,4,High Risk
P0505,T086,294,31,6,11,16,4,90,55,89,100,39,9,High Risk
MR0952,T030,141,13,10,4,18,4,58,58,76,64,51,1,Medium Risk
LR0396,T099,213,45,2,0,5,1,89,94,90,92,91,1,Low Risk
P1997,T098,162,51,8,5,13,5,65,45,30,51,80,7,High Risk
LR0435,T012,324,58,1,0,6,0,87,82,84,81,94,1,Low Risk
MR0073,T037,224,25,7,4,6,4,73,56,60,72,61,4,Medium Risk
P1959,T030,80,60,23,9,4,0,29,63,50,68,94,3,High Risk
P1385,T061,249,26,8,0,35,9,86,66,22,66,37,1,Medium Risk
P0895,T086,490,20,23,4,16,0,29,68,21,39,63,3,High Risk
P0829,T006,283,26,15,13,28,10,56,49,93,96,76,6,High Risk
MR0940,T072,98,8,5,4,6,1,71,67,58,52,64,4,Medium Risk
LR0524,T045,446,42,0,0,2,0,88,91,93,95,82,1,Low Risk
P1684,T040,306,52,10,10,6,5,29,32,93,43,41,1,High Risk
MR0423,T063,250,20,4,4,7,4,56,68,76,65,60,3,Medium Risk
MR0686,T038,213,22,5,4,17,1,60,61,74,58,74,2,Medium Risk
MR0335,T038,228,11,8,2,11,2,60,68,75,76,75,2,Medium Risk
P0653,T090,135,44,6,5,18,3,40,73,65,94,14,4,Medium Risk
P0173,T016,22,38,25,8,40,6,23,91,80,33,35,1,High Risk
MR0198,T039,139,14,10,3,11,2,61,78,59,78,63,4,Medium Risk
P0039,T066,144,11,15,2,3,2,43,42,90,86,32,5,Medium Risk
MR0815,T005,157,25,6,5,15,1,55,64,75,64,69,3,Medium Risk
P0714,T099,405,46,8,10,33,2,34,30,92,62,71,5,High Risk
P0091,T014,443,16,1,7,14,3,22,69,93,33,25,8,High Risk
MR0936,T013,174,23,9,2,8,1,71,70,63,50,54,3,Medium Risk
P1206,T070,350,2,7,14,24,10,93,96,64,27,35,3,High Risk
LR0924,T091,320,49,0,0,6,1,86,83,95,90,95,1,Low Risk
MR0280,T078,213,16,4,4,9,1,74,74,74,52,67,3,Medium Risk
MR0435,T028,85,16,6,4,19,1,74,58,79,76,58,4,Medium Risk
MR0142,T078,99,8,9,4,12,2,59,72,75,65,70,2,Medium Risk
P1828,T092,213,50,17,2,3,6,35,70,37,42,17,9,High Risk
P1156,T073,149,40,21,13,16,5,22,61,67,96,21,1,High Risk
P1325,T005,439,19,23,7,20,1,39,66,53,80,78,2,High Risk
P0217,T020,118,28,10,1,18,2,83,100,43,26,54,3,Low Risk
P0511,T052,405,31,22,6,32,9,75,85,84,97,60,4,High Risk
P1681,T049,90,6,23,11,36,3,61,32,96,78,92,2,High Risk
P0500,T012,265,22,7,7,1,3,81,52,79,46,66,1,Medium Risk
MR0287,T029,167,13,7,2,20,3,64,75,72,66,83,2,Medium Risk
P1857,T005,385,8,11,0,28,8,66,45,88,77,41,10,High Risk
P1389,T100,64,55,25,15,32,0,50,96,77,60,71,4,High Risk
P1520,T071,219,45,11,5,9,6,100,99,31,90,91,5,Medium Risk
LR0387,T035,238,40,3,0,8,1,88,90,87,92,95,0,Low Risk
MR0622,T050,223,9,9,4,6,4,69,80,51,56,65,3,Medium Risk
LR0077,T075,478,34,0,1,4,0,90,82,97,84,82,0,Low Risk
P1541,T043,175,36,6,5,33,7,28,63,22,83,58,5,High Risk
P1218,T054,479,33,20,5,1,3,73,71,93,57,60,0,Medium Risk
LR0682,T026,494,37,1,0,1,1,85,99,99,99,80,0,Low Risk
MR0819,T046,170,14,10,3,10,1,73,80,61,57,82,2,Medium Risk
LR0994,T097,322,36,1,1,3,0,97,86,94,80,96,1,Low Risk
P1417,T023,21,10,4,9,2,2,34,50,36,55,59,9,High Risk
LR0218,T084,282,52,1,1,2,1,99,90,95,92,80,0,Low Risk
MR0892,T082,161,10,9,5,8,4,75,73,62,75,76,4,Medium Risk
P1677,T034,208,59,25,1,28,0,72,85,66,94,20,2,Medium Risk
P1198,T098,115,30,14,10,38,4,62,88,52,71,43,7,High Risk
P1543,T004,160,26,1,9,17,10,57,95,63,27,89,9,High Risk
LR0961,T028,345,26,3,1,8,1,85,92,97,85,100,1,Low Risk
LR0540,T025,391,60,0,0,5,1,97,89,94,99,85,1,Low Risk
P0954,T030,128,22,6,5,39,1,64,60,72,81,26,10,Medium Risk
MR0146,T029,194,19,4,3,15,2,55,66,77,68,57,3,Medium Risk
MR0081,T080,147,20,8,3,13,1,69,58,61,69,68,3,Medium Risk
LR0636,T004,338,46,2,1,2,0,89,82,99,90,95,1,Low Risk
P0751,T069,139,29,25,12,21,0,24,95,46,56,10,4,High Risk
LR0706,T027,264,41,2,1,2,0,99,80,98,100,81,0,Low Risk
P0235,T075,216,15,21,15,37,6,38,86,64,88,75,2,High Risk
P0733,T004,457,51,6,3,9,5,20,56,53,44,89,1,Medium Risk
MR0989,T091,171,11,5,5,13,3,56,64,72,53,63,3,Medium Risk
MR0607,T045,222,22,10,5,5,1,76,61,56,50,66,3,Medium Risk
P1157,T003,349,55,8,1,12,3,70,43,97,94,89,0,Low Risk
MR0450,T024,118,11,10,5,20,3,71,72,53,79,82,2,Medium Risk
LR0446,T001,250,54,2,0,7,0,92,81,86,98,84,1,Low Risk
LR0983,T009,325,48,3,0,5,1,94,94,83,95,83,0,Low Risk
P1210,T056,229,12,17,12,31,2,76,95,82,21,14,7,High Risk
P1066,T034,45,8,19,2,30,9,48,72,68,59,50,0,High Risk
LR0157,T020,236,50,2,1,4,0,95,96,91,93,83,1,Low Risk
P1063,T076,386,38,19,3,12,1,26,39,29,75,24,4,Medium Risk
LR0617,T075,314,44,3,0,0,0,85,81,92,82,99,1,Low Risk
P1168,T097,415,36,2,11,40,5,70,53,64,48,94,1,Medium Risk
MR0223,T050,207,12,6,2,19,1,63,56,66,74,69,2,Medium Risk
P1493,T091,411,38,10,9,29,4,59,66,27,47,55,10,High Risk
LR0939,T006,358,50,1,0,3,0,94,89,82,88,86,0,Low Risk
LR0996,T052,381,23,2,1,0,0,92,83,97,93,94,0,Low Risk
MR0097,T038,130,17,9,2,12,1,63,80,60,57,70,2,Medium Risk
MR0281,T088,204,8,8,2,14,4,71,71,67,50,70,4,Medium Risk
MR0543,T044,218,11,10,3,5,2,75,61,68,67,69,2,Medium Risk
MR0141,T003,208,25,6,4,10,4,65,70,55,75,50,1,Medium Risk
P0885,T068,224,45,0,8,31,5,60,44,65,60,68,7,High Risk
P0144,T004,496,29,21,9,7,1,39,85,61,36,37,1,High Risk
MR0922,T020,193,23,4,5,17,2,79,74,69,66,61,1,Medium Risk
P0851,T008,408,38,13,4,33,4,45,62,20,91,58,9,High Risk
LR0783,T028,475,35,0,1,4,1,85,90,98,81,84,1,Low Risk
P0718,T078,396,13,14,15,18,0,88,59,39,28,74,9,High Risk
MR0788,T084,170,8,8,3,11,1,80,64,51,53,60,2,Medium Risk
LR0503,T032,485,57,2,0,1,0,95,84,85,94,80,0,Low Risk
P0265,T061,123,57,22,6,17,6,37,42,45,23,22,3,High Risk
P0076,T017,77,30,11,12,16,9,27,95,61,25,62,1,High Risk
LR0493,T090,366,59,2,0,8,0,97,94,81,86,85,1,Low Risk
P0396,T063,250,26,6,3,3,9,52,87,54,62,14,2,Medium Risk
MR0382,T005,92,18,10,2,15,1,74,61,73,54,82,2,Medium Risk
LR0225,T031,204,39,0,1,8,0,93,88,91,99,95,1,Low Risk
MR0091,T092,206,14,6,4,5,3,71,61,50,78,70,1,Medium Risk
MR0727,T036,189,24,8,2,20,3,58,59,63,77,53,4,Medium Risk
P0397,T052,155,21,25,0,0,1,24,50,62,77,52,9,High Risk
P1366,T090,265,20,8,6,7,1,71,37,45,74,35,8,Medium Risk
MR0316,T090,168,10,5,5,17,1,77,70,70,57,62,4,Medium Risk
P1904,T067,181,1,23,6,23,2,33,53,35,95,29,5,High Risk
P0596,T051,288,11,6,1,8,7,81,93,71,66,79,10,High Risk
LR0110,T096,239,48,2,1,7,1,95,91,93,98,89,0,Low Risk
P1297,T083,194,47,25,0,17,4,60,62,41,76,96,10,High Risk
P1822,T083,349,30,12,2,28,3,46,61,45,68,19,9,High Risk
P0873,T029,313,44,19,1,37,7,58,78,46,62,59,1,High Risk
MR0448,T025,193,13,8,4,7,2,67,55,75,66,64,4,Medium Risk
MR0877,T081,184,21,8,4,7,2,60,69,50,62,62,1,Medium Risk
LR0327,T050,362,54,3,0,6,1,94,86,80,94,82,0,Low Risk
P1549,T013,182,26,21,13,7,5,45,66,59,94,75,1,High Risk
P0037,T025,426,18,24,11,22,2,95,76,36,55,67,6,High Risk
MR0476,T023,84,17,4,4,8,4,59,64,75,70,70,4,Medium Risk
LR0711,T089,262,46,2,1,8,1,88,93,99,96,89,1,Low Risk
MR0353,T066,201,16,6,3,16,4,57,59,50,64,71,4,Medium Risk
LR0144,T042,290,52,1,0,8,1,88,95,86,81,85,0,Low Risk
MR0532,T025,171,8,10,3,5,1,75,63,66,69,65,3,Medium Risk
P0978,T007,249,5,0,13,38,1,90,69,65,71,60,4,Medium Risk
P1572,T079,411,24,7,14,34,9,42,92,41,60,54,5,High Risk
P1123,T057,336,33,8,0,34,1,79,50,37,32,37,9,Medium Risk
LR0787,T093,320,26,0,1,2,1,92,89,100,99,81,1,Low Risk
LR0240,T026,382,34,2,0,0,0,89,92,100,84,83,1,Low Risk
LR0968,T007,420,60,2,1,3,0,89,87,99,91,82,0,Low Risk
LR0505,T061,480,42,0,0,7,0,88,89,87,86,100,1,Low Risk
P1893,T064,232,12,14,1,13,0,23,55,22,50,48,5,Medium Risk
P0676,T042,174,27,8,11,18,9,24,85,21,25,23,0,High Risk
LR0809,T001,389,52,3,1,1,1,100,80,90,94,80,1,Low Risk
MR0069,T005,92,11,6,5,20,2,62,79,66,65,68,3,Medium Risk
P0729,T012,150,13,22,12,15,3,67,38,69,27,98,5,High Risk
P0413,T001,269,58,8,6,5,0,86,67,63,96,44,6,Medium Risk
MR0147,T074,246,17,6,2,8,1,79,68,50,80,66,3,Medium Risk
P1517,T006,375,38,16,9,1,2,44,30,97,40,45,0,High Risk
P1650,T026,247,16,23,7,15,1,93,60,66,82,97,2,High Risk
P0826,T001,172,51,21,13,22,0,23,83,94,60,99,3,High Risk
MR0268,T100,245,17,9,2,18,3,64,60,78,73,63,2,Medium Risk
P0617,T046,157,22,4,2,36,10,34,39,92,21,65,4,High Risk
P0115,T086,308,26,10,8,5,10,49,39,36,40,15,2,High Risk
P0418,T026,254,44,10,8,1,6,88,37,25,98,47,2,Medium Risk
MR0070,T024,104,19,9,4,15,3,65,61,59,69,64,4,Medium Risk
P1626,T055,370,26,7,3,23,7,42,85,92,64,25,10,High Risk
MR0018,T003,127,25,10,4,12,4,71,67,52,59,81,1,Medium Risk
LR0653,T035,474,21,0,0,8,0,88,81,95,100,98,0,Low Risk
MR0917,T073,148,10,10,2,20,1,76,67,56,79,50,3,Medium Risk
P0090,T038,41,11,18,3,16,2,37,51,72,62,65,10,High Risk
LR0897,T055,426,20,2,0,1,1,87,90,96,82,92,0,Low Risk
MR0481,T013,100,17,4,2,11,1,61,60,72,67,65,3,Medium Risk
LR0083,T071,215,20,0,0,5,1,96,94,94,93,88,1,Low Risk
P0754,T094,301,9,0,14,3,5,77,67,86,26,70,7,High Risk
LR0547,T004,462,39,3,0,4,0,92,82,97,94,92,0,Low Risk
MR0325,T050,127,21,7,4,16,3,78,69,55,77,79,4,Medium Risk
P1631,T076,210,21,2,12,10,0,84,71,56,54,40,8,High Risk
P0012,T048,179,56,3,11,33,0,57,54,25,52,22,1,Medium Risk
LR0445,T019,201,30,1,0,8,0,86,84,100,98,82,1,Low Risk
P0285,T082,294,24,5,2,31,3,50,100,27,53,41,1,Low Risk
P1067,T094,73,55,9,7,23,8,69,83,29,70,52,8,High Risk
P1192,T005,375,43,6,11,17,10,95,70,51,39,29,4,High Risk
P1441,T022,11,60,11,6,8,7,55,90,89,37,83,2,High Risk
MR0982,T044,129,15,10,4,9,4,80,74,54,75,70,4,Medium Risk
MR0731,T077,234,15,10,3,6,4,58,56,70,65,71,3,Medium Risk
LR0739,T003,208,51,2,0,0,0,95,94,90,86,98,1,Low Risk
MR0606,T017,175,17,7,2,20,1,80,78,61,80,59,2,Medium Risk
P1569,T058,480,28,7,3,39,9,29,74,82,84,85,9,High Risk
LR0428,T012,221,34,2,0,1,0,89,88,98,94,82,1,Low Risk
LR0738,T017,329,56,1,0,5,1,100,81,88,83,83,1,Low Risk
MR0484,T061,208,22,5,4,9,1,65,73,58,80,61,3,Medium Risk
P1688,T068,436,19,12,15,9,7,21,30,39,45,90,3,High Risk
P0852,T052,221,59,24,13,31,0,75,49,24,39,34,4,High Risk
LR0208,T022,218,42,3,0,5,0,85,100,93,83,98,0,Low Risk
P0896,T029,460,46,17,5,19,8,21,72,94,52,20,1,High Risk
P0497,T088,415,52,3,2,17,3,99,43,90,56,76,3,Low Risk
LR0306,T059,344,54,0,0,3,1,99,88,90,89,90,0,Low Risk
P1783,T081,419,44,9,14,11,1,39,39,65,59,15,7,High Risk
P0336,T079,394,11,23,5,20,10,58,37,80,90,41,6,High Risk
LR0840,T028,392,53,3,1,6,0,91,82,85,85,99,1,Low Risk
MR0088,T041,185,17,6,5,10,3,77,74,73,68,73,4,Medium Risk
P0516,T060,14,11,22,5,30,6,60,30,64,98,18,6,High Risk
P1349,T065,435,24,14,13,13,1,23,57,37,94,77,4,High Risk
P1016,T028,353,6,13,14,18,3,30,93,33,57,84,1,High Risk
LR0817,T035,489,28,1,1,4,0,86,81,97,84,81,1,Low Risk
MR0745,T025,102,17,4,5,13,1,68,72,80,58,77,3,Medium Risk
MR0738,T042,206,10,7,4,15,4,80,57,76,55,52,1,Medium Risk
LR0810,T030,458,59,3,1,2,0,89,84,85,93,92,0,Low Risk
MR0295,T093,109,17,9,4,13,3,56,78,51,54,66,2,Medium Risk
MR0252,T090,109,11,8,5,6,3,73,70,58,75,71,3,Medium Risk
MR0771,T021,194,24,8,4,15,4,65,72,57,56,70,1,Medium Risk
MR0984,T062,203,17,6,3,16,2,79,62,72,65,72,4,Medium Risk
P1782,T098,210,29,0,15,12,0,41,89,33,72,19,4,High Risk
LR0570,T078,424,35,1,0,8,0,91,83,90,91,96,0,Low Risk
P1786,T070,113,37,11,8,3,6,64,83,72,58,22,2,High Risk
LR0071,T041,400,25,2,0,4,1,90,100,99,88,84,0,Low Risk
P0357,T071,328,43,2,0,10,4,54,50,89,55,89,2,Low Risk
MR0802,T061,150,9,5,4,5,3,76,58,79,59,68,1,Medium Risk
MR0326,T084,155,19,9,5,9,1,63,60,79,62,63,3,Medium Risk
P1313,T066,366,18,14,7,21,8,50,39,64,84,57,5,High Risk
P1636,T087,56,6,3,15,7,2,47,65,37,63,55,2,High Risk
P0551,T019,64,30,0,1,5,2,84,42,69,97,19,1,Low Risk
LR0389,T031,371,58,1,1,3,1,93,83,87,90,88,1,Low Risk
LR0480,T053,406,33,1,0,4,1,86,87,80,97,83,0,Low Risk
LR0522,T089,466,20,0,1,5,1,97,85,93,97,86,0,Low Risk
LR0266,T083,499,38,0,1,0,1,92,88,84,89,93,0,Low Risk
LR0960,T074,450,59,3,0,4,1,98,81,96,80,87,0,Low Risk
P1228,T059,337,11,4,11,34,7,81,80,20,25,33,1,High Risk
MR0567,T016,249,14,8,4,10,1,64,65,60,65,62,3,Medium Risk
MR0060,T082,190,9,5,3,14,2,56,63,61,65,80,2,Medium Risk
P0958,T095,201,37,21,4,13,8,54,93,79,96,67,3,High Risk
P1774,T031,305,45,12,3,36,4,28,53,63,91,34,2,Medium Risk
LR0142,T041,265,32,1,0,3,0,90,88,95,87,91,1,Low Risk
P1009,T039,271,23,14,3,8,0,81,44,68,90,83,3,Low Risk
MR0119,T023,134,10,5,5,19,1,64,64,68,69,77,4,Medium Risk
P1093,T005,106,52,17,7,9,8,98,62,67,88,85,10,High Risk
MR0558,T011,150,16,7,5,6,3,67,75,72,64,60,2,Medium Risk
MR0357,T049,180,13,8,2,6,1,70,68,65,75,58,4,Medium Risk
LR0745,T015,407,47,3,0,1,0,98,96,94,86,91,1,Low Risk
MR0789,T018,83,16,5,2,9,2,73,56,58,73,54,2,Medium Risk
P0997,T093,63,47,13,2,35,6,44,36,70,100,44,9,High Risk
P1680,T024,314,4,21,4,17,10,76,78,82,83,69,7,High Risk
P0154,T068,346,17,12,2,8,5,21,75,74,95,45,10,High Risk
MR0148,T060,119,22,5,3,7,3,76,55,63,75,79,1,Medium Risk
MR0708,T018,164,22,4,2,16,4,71,57,77,50,71,1,Medium Risk
LR0909,T037,493,34,3,0,0,1,100,95,95,84,98,0,Low Risk
LR0838,T001,289,25,1,1,1,0,90,97,84,97,96,1,Low Risk
P0581,T083,406,19,23,13,25,1,47,82,42,39,99,3,High Risk
P1471,T001,81,42,20,12,37,6,40,91,25,74,16,9,High Risk
P0704,T030,362,34,22,1,33,6,74,75,50,68,12,5,High Risk
P1213,T009,367,55,14,1,35,10,65,53,23,78,65,6,High Risk
MR0344,T050,244,11,7,3,16,2,75,68,63,64,73,1,Medium Risk
P0897,T067,339,29,22,3,14,5,41,42,28,66,60,10,High Risk
MR0309,T081,151,24,4,2,18,4,74,79,58,77,68,3,Medium Risk
P0488,T021,222,30,23,1,17,2,73,55,29,82,93,4,Medium Risk
P0560,T098,23,17,14,7,37,7,82,48,47,25,63,7,High Risk
P1142,T088,28,39,14,12,37,0,95,56,49,44,96,0,Medium Risk
P1120,T044,68,28,10,3,25,3,98,69,87,60,54,10,High Risk
LR0850,T057,437,47,1,1,5,0,95,84,92,98,93,0,Low Risk
P0513,T079,104,53,3,11,15,0,74,33,38,93,24,4,Medium Risk
P0634,T034,412,52,18,0,36,5,81,50,49,49,80,7,High Risk
MR0434,T076,169,25,4,4,13,1,78,69,67,77,79,1,Medium Risk
P1665,T009,411,22,6,7,9,2,65,53,91,100,20,3,Medium Risk
P1013,T064,159,5,3,11,19,9,24,39,56,50,62,6,High Risk
P1932,T006,272,22,4,13,38,4,80,36,27,81,93,0,Medium Risk
P1151,T046,276,13,23,15,14,1,95,86,68,94,99,9,High Risk
LR0839,T053,486,53,3,1,5,1,97,100,80,88,98,0,Low Risk
MR0740,T072,201,9,9,2,11,4,61,74,59,50,83,3,Medium Risk
P0117,T046,107,41,24,8,16,8,93,41,89,42,81,4,High Risk
P0741,T008,215,49,16,11,40,10,39,95,28,83,62,4,High Risk
MR0677,T006,228,19,8,5,20,3,57,74,72,75,78,1,Medium Risk
P1975,T069,159,54,11,4,21,6,44,79,29,42,17,9,High Risk
P1082,T093,181,13,19,11,24,8,70,57,97,33,40,4,High Risk
P1811,T019,290,45,3,15,28,2,43,33,51,62,72,1,High Risk
P0831,T094,438,55,19,11,34,4,38,38,47,75,90,6,High Risk
P0120,T096,48,43,2,12,36,4,98,49,98,35,16,7,High Risk
P0657,T021,32,52,10,13,14,5,58,99,75,71,35,0,High Risk
MR0635,T016,118,11,4,5,9,4,75,61,52,64,69,1,Medium Risk
MR0693,T004,229,24,9,5,20,2,60,56,50,73,58,4,Medium Risk
MR0906,T082,115,15,4,3,10,1,68,68,63,77,83,2,Medium Risk
P0636,T085,487,4,5,6,9,9,42,62,68,56,51,7,High Risk
P0370,T099,407,54,3,3,11,3,21,84,91,52,34,6,Medium Risk
P0269,T019,419,48,23,1,37,1,33,76,74,93,57,9,High Risk
LR0704,T027,409,41,1,1,8,0,90,92,91,81,87,1,Low Risk
LR0984,T093,292,33,2,1,3,0,99,81,88,93,87,0,Low Risk
LR0871,T100,228,52,2,0,7,0,92,98,98,99,86,0,Low Risk
LR0915,T036,415,32,0,0,2,0,90,91,95,85,94,1,Low Risk
P0047,T005,35,46,12,9,35,9,37,55,47,71,20,0,High Risk
MR0422,T041,115,22,4,5,15,4,73,55,77,72,60,1,Medium Risk
MR0698,T077,244,20,10,4,19,1,57,57,61,78,83,3,Medium Risk
P0992,T012,76,16,12,7,24,8,88,57,34,43,29,9,High Risk
P0877,T086,213,27,3,12,40,8,52,97,77,23,32,5,High Risk
P0774,T056,128,14,12,10,40,1,88,50,74,97,62,5,High Risk
P1220,T056,225,13,24,8,33,4,77,39,37,44,26,5,High Risk
P1127,T048,451,16,14,12,25,8,97,36,37,34,55,10,High Risk
P0005,T054,414,26,25,7,26,0,72,80,77,54,82,4,High Risk
MR0052,T072,196,21,7,5,7,3,55,68,54,67,67,4,Medium Risk
P1596,T043,241,19,20,5,38,6,30,78,51,66,16,10,High Risk
MR0125,T079,197,9,4,3,15,1,60,62,52,79,52,4,Medium Risk
LR0312,T061,435,27,3,0,2,1,89,92,83,87,94,0,Low Risk
MR0041,T042,141,23,7,3,7,2,72,55,56,57,64,1,Medium Risk
MR0828,T035,127,15,8,4,6,1,67,58,71,62,69,1,Medium Risk
LR0492,T025,380,26,0,1,8,0,97,93,83,95,95,1,Low Risk
MR0051,T014,237,14,10,2,20,1,80,77,78,66,80,1,Medium Risk
P1078,T030,122,51,17,7,0,4,83,70,82,27,30,9,High Risk
P0838,T093,440,42,2,4,37,0,81,93,91,41,67,9,Medium Risk
P0682,T071,182,30,15,5,22,4,75,64,81,75,13,1,Medium Risk
P1716,T066,444,33,16,1,36,3,22,47,76,56,59,4,Medium Risk
LR0353,T015,403,22,3,1,1,1,100,88,92,85,94,1,Low Risk
MR0414,T083,116,9,5,2,16,1,71,55,52,50,56,2,Medium Risk
LR0618,T011,367,50,2,1,5,0,96,99,82,81,100,1,Low Risk
LR0362,T024,500,55,0,0,1,1,96,96,87,99,88,1,Low Risk
LR0198,T054,441,32,3,0,1,0,97,89,86,92,82,0,Low Risk
P1149,T010,34,60,15,14,39,6,68,65,64,22,35,0,High Risk
MR0262,T096,118,25,7,4,9,3,78,58,73,56,52,4,Medium Risk
P0575,T042,120,12,16,0,18,10,56,97,40,58,46,9,High Risk
P0051,T076,150,45,22,4,2,3,60,54,36,57,91,5,High Risk
P0854,T060,137,33,2,8,16,3,60,94,36,74,66,9,High Risk
P1983,T033,99,23,4,12,31,9,79,62,80,28,20,10,High Risk
LR0775,T074,363,39,2,0,0,0,99,88,80,88,83,0,Low Risk
P1824,T011,171,8,8,12,15,3,51,66,42,81,57,2,High Risk
P0834,T091,431,11,14,10,34,7,83,95,99,50,61,7,High Risk
MR0426,T089,128,14,5,2,7,1,57,75,78,57,74,2,Medium Risk
P1116,T098,220,26,15,7,30,0,100,90,48,48,48,0,Medium Risk
P1167,T075,143,24,22,8,12,6,95,40,91,36,64,8,High Risk
LR0519,T045,422,59,3,0,4,0,90,83,86,81,100,1,Low Risk
P1907,T024,326,54,10,1,7,0,52,53,31,78,56,10,Medium Risk
P0972,T028,338,17,12,0,0,8,38,58,66,99,47,10,High Risk
LR0702,T065,357,24,1,1,3,1,93,90,92,86,90,1,Low Risk
P0400,T004,308,50,8,2,8,8,95,46,64,75,26,6,Medium Risk
LR0560,T034,321,49,3,0,4,0,98,81,90,99,86,1,Low Risk
LR0369,T088,210,40,1,1,0,1,86,83,86,91,89,1,Low Risk
P0020,T038,64,1,20,13,2,4,23,31,42,91,95,7,High Risk
P0685,T039,138,50,4,3,3,9,23,63,51,57,28,3,High Risk
P0036,T083,493,27,12,11,4,7,34,75,54,24,76,7,High Risk
LR0951,T026,382,42,2,0,0,1,98,80,97,84,89,0,Low Risk
MR0994,T077,244,22,10,2,6,4,78,57,69,57,74,1,Medium Risk
LR0876,T067,471,41,2,1,3,0,89,100,97,100,81,0,Low Risk
P0525,T096,437,43,8,11,25,5,25,60,58,46,45,6,High Risk
LR0456,T095,310,22,1,0,6,1,99,89,82,92,100,0,Low Risk
P0921,T055,341,15,11,1,35,8,68,96,69,91,37,5,Medium Risk
P1842,T019,105,55,8,2,32,6,53,64,34,29,91,1,Medium Risk
P1891,T075,310,50,3,13,16,5,100,59,28,78,72,0,Medium Risk
P0538,T087,115,47,2,14,17,4,60,45,28,28,15,4,High Risk
LR0807,T056,288,26,0,0,8,1,99,81,88,95,100,1,Low Risk
P1706,T042,470,26,4,3,13,6,95,68,52,33,10,1,Low Risk
MR0903,T060,153,19,6,3,7,2,72,61,70,57,78,4,Medium Risk
MR0111,T007,222,17,10,5,16,3,56,74,67,64,76,4,Medium Risk
MR0248,T020,244,12,7,4,14,4,79,68,52,65,67,4,Medium Risk
P0246,T050,127,14,13,11,37,8,40,48,40,40,82,9,High Risk
MR0465,T036,118,22,4,5,16,4,70,74,60,71,50,4,Medium Risk
MR0176,T031,218,9,8,3,5,2,66,78,74,63,80,4,Medium Risk
P0785,T029,410,32,7,9,21,0,90,92,76,34,71,8,High Risk
P1410,T032,471,23,22,1,20,4,88,82,44,63,17,1,Medium Risk
LR0538,T025,336,55,2,1,2,0,89,84,92,88,98,1,Low Risk
P0155,T085,367,58,25,6,3,9,28,33,61,100,58,8,High Risk
MR0010,T018,242,19,10,5,7,4,79,75,71,74,80,2,Medium Risk
P1687,T070,262,17,5,4,15,0,54,83,35,90,45,0,Low Risk
LR0902,T022,213,25,3,1,4,0,98,96,96,87,81,1,Low Risk
MR0360,T034,188,8,8,2,11,2,78,71,53,61,71,2,Medium Risk
P0626,T032,113,8,19,3,8,6,39,49,50,82,98,2,High Risk
LR0734,T100,344,33,0,0,3,1,92,89,94,100,99,1,Low Risk
MR0833,T034,169,25,5,3,7,3,67,67,76,51,53,4,Medium Risk
P1347,T025,480,59,8,3,31,7,30,36,65,78,47,10,High Risk
P0570,T073,194,7,20,9,34,4,21,48,98,32,79,7,High Risk
MR0907,T007,198,10,5,3,12,1,69,58,50,76,70,4,Medium Risk
P1759,T067,390,19,6,0,5,2,94,80,22,36,68,4,Low Risk
P1817,T022,382,24,25,0,17,1,81,35,31,24,56,3,Medium Risk
LR0066,T033,311,44,2,1,8,0,100,82,86,92,89,1,Low Risk
P0128,T060,37,18,15,1,16,7,52,59,23,85,99,10,High Risk
MR0395,T054,223,18,5,5,15,2,62,65,77,75,77,1,Medium Risk
MR0328,T037,131,17,5,4,18,4,68,70,65,71,53,2,Medium Risk
MR0969,T089,149,21,8,2,19,1,75,74,80,50,64,1,Medium Risk
LR0007,T077,205,38,2,0,2,1,93,91,94,92,90,1,Low Risk
LR0976,T068,438,45,1,1,8,0,92,84,100,93,97,1,Low Risk
P0981,T013,171,47,11,7,37,3,84,91,48,36,33,3,High Risk
MR0965,T093,197,25,10,3,18,3,70,75,72,64,64,1,Medium Risk
P0191,T066,22,29,15,13,6,7,47,46,92,46,22,3,High Risk
P1140,T071,353,53,18,15,15,9,94,74,79,50,45,10,High Risk
P0993,T061,460,37,22,5,2,3,99,89,79,94,71,0,Medium Risk
P0700,T003,373,18,8,2,8,0,50,36,60,84,91,3,Low Risk
MR0636,T002,104,13,8,5,5,1,66,66,78,62,81,1,Medium Risk
P0607,T047,276,40,2,6,4,0,62,30,56,25,25,10,High Risk
P0181,T100,37,11,19,10,18,6,61,41,58,25,52,6,High Risk
P0302,T064,377,30,2,12,17,9,47,85,46,55,85,5,High Risk
LR0545,T015,323,28,1,0,6,0,97,96,81,95,93,0,Low Risk
MR0684,T080,222,22,10,4,8,4,72,76,63,54,75,2,Medium Risk
MR0699,T053,171,18,9,5,12,4,70,73,56,80,75,1,Medium Risk
P1061,T019,370,16,15,10,38,8,77,54,71,28,62,2,High Risk
MR0760,T022,95,23,5,3,11,2,57,70,59,80,62,2,Medium Risk
MR0835,T060,208,17,9,2,19,4,70,80,76,71,78,4,Medium Risk
LR0566,T078,350,59,2,1,7,0,88,86,87,84,89,1,Low Risk
MR0985,T022,124,21,8,2,8,3,77,80,77,69,59,2,Medium Risk
P1070,T100,307,7,22,0,29,10,57,40,27,23,85,2,High Risk
LR0525,T014,206,20,2,1,0,0,87,94,85,82,85,0,Low Risk
LR0206,T077,424,24,1,0,7,0,85,82,90,81,86,1,Low Risk
P1244,T019,143,27,16,7,3,2,48,91,45,83,27,4,High Risk
MR0244,T044,231,11,5,3,10,4,55,80,52,54,52,1,Medium Risk
P0017,T083,410,17,13,5,15,8,80,48,84,24,89,8,High Risk
MR0121,T028,223,21,6,5,9,1,58,76,66,74,55,4,Medium Risk
MR0972,T020,187,16,10,5,10,2,70,62,65,67,82,4,Medium Risk
P0547,T003,11,27,0,4,21,4,45,43,77,78,37,9,Medium Risk
P0659,T062,51,45,6,10,19,1,22,87,28,68,72,9,High Risk
MR0599,T055,169,18,8,3,11,4,55,56,76,73,59,1,Medium Risk
MR0068,T055,152,17,5,2,8,1,76,74,75,73,85,1,Medium Risk
MR0642,T087,245,22,10,2,5,4,71,68,65,73,61,1,Medium Risk
P1505,T060,218,46,25,0,1,3,59,78,53,36,27,10,High Risk
P0960,T085,255,32,24,2,29,2,80,71,55,63,19,10,High Risk
LR0927,T048,342,52,1,0,4,0,94,94,82,85,94,1,Low Risk
LR0332,T053,489,44,1,0,4,1,90,83,92,89,90,1,Low Risk
P0798,T049,492,40,1,2,16,7,50,46,63,59,38,9,High Risk
MR0349,T012,131,23,4,2,13,2,79,79,51,51,72,3,Medium Risk
P0226,T006,487,14,15,15,40,2,93,30,49,92,13,1,High Risk
LR0075,T047,266,27,3,1,5,0,96,91,88,90,80,0,Low Risk
MR0355,T034,183,22,6,3,16,2,57,71,71,71,56,4,Medium Risk
P1800,T064,337,7,14,6,3,4,42,79,84,35,15,6,High Risk
LR0486,T079,404,25,1,0,1,0,99,90,88,91,80,0,Low Risk
MR0948,T004,223,8,4,3,7,3,78,72,58,54,76,4,Medium Risk
MR0437,T056,216,17,6,4,18,3,66,59,61,65,60,2,Medium Risk
LR0278,T021,289,48,1,0,5,0,88,89,91,91,99,1,Low Risk
LR0086,T084,468,52,1,1,0,0,96,82,100,85,97,1,Low Risk
P1694,T080,361,43,18,6,34,9,86,57,52,54,71,0,High Risk
LR0798,T082,396,51,1,1,4,0,90,95,92,98,96,1,Low Risk
P1046,T025,496,47,10,9,11,7,83,37,56,86,34,1,High Risk
MR0447,T060,171,10,6,2,18,2,67,55,75,73,75,1,Medium Risk
P0470,T046,482,10,12,14,2,2,65,42,27,63,29,1,High Risk
P0955,T050,243,13,4,3,3,2,99,93,55,25,100,0,Low Risk
MR0968,T024,250,9,9,5,10,3,58,77,54,68,79,4,Medium Risk
LR0736,T097,458,48,2,1,0,0,90,94,86,91,80,1,Low Risk
MR0842,T009,209,16,9,5,18,4,57,77,61,79,71,2,Medium Risk
P0640,T068,104,34,0,7,34,1,60,100,80,26,91,3,Medium Risk
MR0702,T088,156,14,10,5,5,1,77,60,76,61,84,4,Medium Risk
P1219,T024,331,48,21,8,6,7,77,80,29,74,19,0,High Risk
P1159,T077,344,38,19,14,18,10,62,89,21,62,33,6,High Risk
P1416,T052,233,39,16,4,0,4,61,95,64,91,21,6,High Risk
MR0611,T086,175,23,4,2,14,4,58,76,50,70,82,4,Medium Risk
P1528,T065,461,60,4,2,30,6,76,66,63,83,24,9,Medium Risk
MR0893,T056,220,9,8,4,16,2,73,79,67,67,55,4,Medium Risk
P1301,T025,256,53,1,9,4,4,25,36,68,90,79,5,High Risk
MR0882,T033,182,25,4,3,9,1,71,79,59,78,68,4,Medium Risk
LR0849,T066,266,59,3,1,6,0,85,89,83,100,81,1,Low Risk
P1604,T018,304,56,7,15,35,7,79,57,27,57,21,0,High Risk
P0161,T057,255,53,4,4,11,5,46,37,93,84,69,3,Medium Risk
P1705,T047,78,60,8,2,20,0,81,67,88,42,76,5,Low Risk
P0957,T046,110,60,8,9,2,5,73,76,51,61,81,6,High Risk
MR0235,T021,173,25,5,3,16,3,56,72,80,78,66,3,Medium Risk
LR0870,T037,387,21,1,1,8,1,90,94,82,98,87,1,Low Risk
MR0881,T012,89,13,7,2,9,2,69,70,74,75,61,2,Medium Risk
P0878,T014,75,34,25,11,32,10,27,51,41,62,84,7,High Risk
P1920,T098,61,28,7,5,36,9,84,53,46,95,80,1,Medium Risk
LR0962,T048,492,29,0,0,6,0,94,99,83,98,96,0,Low Risk
P1885,T001,442,41,23,10,15,9,67,95,24,28,49,10,High Risk
LR0201,T006,216,26,3,1,8,0,96,84,93,85,83,1,Low Risk
P0099,T045,404,8,11,8,21,0,56,83,85,87,19,3,Medium Risk
MR0770,T055,208,10,8,4,5,4,68,76,71,75,61,2,Medium Risk
LR0558,T013,216,51,0,1,7,0,91,98,81,97,87,0,Low Risk
MR0184,T084,124,18,6,5,6,2,68,75,50,67,75,4,Medium Risk
MR0299,T028,248,24,8,2,15,2,67,77,59,76,67,4,Medium Risk
P0254,T072,477,4,3,11,16,0,36,38,24,57,65,0,Medium Risk
P0104,T043,267,21,25,2,33,10,84,63,42,76,19,5,High Risk
P1446,T072,252,53,8,2,17,10,36,88,79,71,49,8,High Risk
P1444,T047,123,29,12,14,27,0,58,33,35,65,48,1,High Risk
P1649,T090,291,8,5,13,35,3,36,95,20,39,10,7,High Risk
P0587,T025,475,9,7,2,5,4,38,69,65,60,22,6,Medium Risk
P0628,T046,197,34,8,7,24,6,49,67,76,73,42,3,High Risk
P1697,T066,362,2,4,7,2,9,28,96,37,63,75,6,High Risk
MR0192,T042,203,11,6,2,12,2,70,79,74,58,63,3,Medium Risk
LR0102,T006,368,43,2,0,4,1,90,96,83,92,80,0,Low Risk
LR0200,T013,311,42,0,1,5,1,95,100,88,83,85,1,Low Risk
P0404,T078,281,44,11,13,39,5,65,47,57,100,44,7,High Risk
P1155,T097,196,31,16,15,27,10,25,85,80,23,99,5,High Risk
LR0256,T082,233,27,3,1,8,1,92,90,90,80,81,0,Low Risk
LR0864,T053,261,59,0,1,2,1,91,93,84,99,95,0,Low Risk
P1683,T036,389,16,1,9,39,8,51,39,59,43,77,1,High Risk
MR0171,T016,245,18,5,3,16,3,77,75,58,59,84,2,Medium Risk
MR0742,T058,107,19,6,3,17,2,79,56,79,75,60,2,Medium Risk
LR0057,T096,408,58,2,0,4,1,89,81,98,80,92,0,Low Risk
MR0063,T049,81,20,8,4,8,4,57,71,57,55,70,4,Medium Risk
MR0792,T022,190,17,10,4,13,2,63,71,50,75,57,4,Medium Risk
MR0109,T021,109,25,7,4,9,1,77,74,74,59,66,4,Medium Risk
P0453,T035,86,59,7,9,15,0,88,98,66,34,48,5,Medium Risk
LR0302,T050,405,56,0,0,4,1,88,84,89,81,80,1,Low Risk
P1328,T083,345,15,25,5,20,7,87,79,76,75,50,0,High Risk
LR0945,T010,370,60,0,1,3,0,92,98,92,85,97,0,Low Risk
LR0050,T014,474,29,3,1,0,1,93,80,81,81,96,1,Low Risk
P0881,T068,229,55,3,9,0,1,22,66,100,34,93,4,High Risk
MR0644,T010,99,10,7,4,8,3,75,73,66,55,79,2,Medium Risk
MR0887,T061,193,15,8,4,12,1,66,63,50,55,79,4,Medium Risk
P0624,T009,488,7,12,5,12,8,41,98,46,37,44,5,High Risk
LR0394,T035,345,23,1,1,7,1,91,84,85,92,91,1,Low Risk
MR0691,T023,207,21,8,2,15,3,68,56,76,58,81,1,Medium Risk
P1788,T022,337,38,20,7,27,2,43,67,37,95,35,4,High Risk
P0263,T026,324,1,2,8,16,3,84,35,57,68,66,0,Low Risk
P1635,T008,198,57,13,0,32,7,20,52,94,28,71,9,High Risk
MR0370,T080,212,13,10,4,5,1,69,73,55,56,61,2,Medium Risk
P1439,T069,170,40,23,6,33,0,93,74,100,40,18,1,Medium Risk
LR0199,T091,263,21,1,1,4,0,90,94,96,84,94,0,Low Risk
P1970,T064,434,52,11,12,36,0,76,47,28,81,21,1,Medium Risk
LR0521,T076,396,37,3,1,5,0,85,87,94,88,91,1,Low Risk
P1803,T043,415,53,4,13,36,7,26,53,40,45,94,7,High Risk
P0641,T011,441,34,22,14,25,10,26,38,71,51,72,10,High Risk
MR0983,T017,222,8,9,2,17,4,75,61,76,74,59,4,Medium Risk
LR0386,T081,272,36,3,0,8,0,97,83,91,87,96,0,Low Risk
LR0599,T051,411,55,3,0,5,1,87,90,81,81,94,1,Low Risk
MR0886,T042,183,21,6,4,15,4,76,64,78,79,82,1,Medium Risk
P1960,T014,443,4,10,6,23,7,27,61,26,42,54,6,High Risk
LR0977,T001,341,25,0,0,8,0,87,92,83,89,98,0,Low Risk
P0489,T050,349,15,23,8,23,9,69,90,72,62,33,0,High Risk
P1844,T016,22,21,8,12,3,3,59,53,69,50,13,4,High Risk
P1735,T077,76,27,21,0,2,1,76,78,32,61,11,10,High Risk
LR0912,T091,300,53,0,1,8,0,100,95,92,81,87,0,Low Risk
MR0220,T005,216,25,6,3,11,2,74,60,74,75,65,4,Medium Risk
P0147,T071,138,22,7,9,16,2,24,43,57,40,46,5,High Risk
P1535,T086,433,24,23,3,23,9,62,84,32,69,85,4,High Risk
P1987,T015,238,47,8,0,30,9,64,94,73,86,80,8,High Risk
P1370,T063,375,17,4,14,31,5,58,81,39,45,69,4,High Risk
LR0451,T084,476,46,3,0,5,1,93,86,88,95,92,1,Low Risk
MR0913,T095,105,11,10,4,8,4,71,62,51,56,56,1,Medium Risk
MR0003,T039,129,25,7,2,12,3,64,68,64,74,66,3,Medium Risk
LR0812,T076,275,54,1,1,1,1,85,89,91,91,84,0,Low Risk
P0660,T065,267,17,12,0,23,10,93,54,38,62,47,1,Medium Risk
P1795,T090,171,54,0,5,8,5,24,70,27,93,90,9,High Risk
MR0421,T086,176,21,5,2,12,1,68,69,69,67,84,4,Medium Risk
LR0512,T058,265,55,0,1,2,1,89,98,99,94,81,0,Low Risk
MR0398,T045,230,17,7,2,5,1,70,72,79,71,84,1,Medium Risk
P0187,T086,186,50,1,13,20,10,20,46,37,85,44,0,High Risk
P1148,T098,310,17,22,4,14,0,85,80,27,84,53,0,Medium Risk
MR0273,T058,174,22,9,4,12,1,59,62,74,51,70,1,Medium Risk
P0609,T050,303,50,20,5,6,5,35,35,35,37,40,7,High Risk
LR0192,T034,241,36,0,1,6,1,99,96,93,94,89,0,Low Risk
LR0800,T053,407,46,1,1,4,1,89,99,92,95,81,1,Low Risk
MR0583,T065,193,12,7,5,12,1,64,64,55,53,69,3,Medium Risk
P1931,T064,247,13,19,0,11,6,50,82,26,26,88,4,High Risk
MR0030,T044,130,9,4,3,10,1,77,74,52,65,55,2,Medium Risk
P0198,T004,489,11,7,10,18,9,39,62,67,63,44,0,High Risk
MR0682,T078,109,25,4,5,9,1,70,59,78,71,51,2,Medium Risk
LR0932,T088,481,40,1,1,4,0,98,93,86,80,81,1,Low Risk
LR0328,T024,424,31,3,1,7,1,95,97,95,94,84,0,Low Risk
P0294,T003,189,22,19,10,18,4,50,80,45,64,88,3,High Risk
P0767,T055,393,39,12,7,21,4,81,42,48,93,23,9,High Risk
P0401,T094,424,34,3,3,16,4,43,46,23,70,22,2,Low Risk
P0123,T039,72,41,8,10,13,7,54,32,57,55,70,8,High Risk
MR0256,T034,242,17,10,3,11,3,79,55,63,54,83,4,Medium Risk
P0203,T002,394,60,5,14,25,4,21,51,89,100,45,3,High Risk
MR0511,T090,166,10,8,5,19,2,60,78,77,76,71,4,Medium Risk
P0836,T028,237,22,12,4,18,5,26,91,81,49,77,2,High Risk
LR0295,T044,261,32,3,0,8,0,90,98,86,90,89,0,Low Risk
P1440,T055,35,17,12,2,20,4,69,32,22,94,76,7,Medium Risk
P1734,T008,11,55,9,4,28,5,61,97,34,99,34,3,Medium Risk
P1696,T097,153,8,12,4,15,9,93,64,34,55,32,2,High Risk
MR0900,T058,152,10,10,3,16,3,71,66,55,57,81,2,Medium Risk
P1708,T037,301,17,20,1,7,10,37,47,72,36,21,4,High Risk
MR0879,T020,235,17,4,3,17,4,55,78,66,61,72,3,Medium Risk
P1154,T097,366,45,24,11,20,0,97,98,82,86,14,7,High Risk
P1662,T044,15,24,23,7,24,9,41,72,32,25,36,1,High Risk
MR0475,T028,183,16,10,3,13,1,60,60,74,72,72,1,Medium Risk
LR0433,T055,459,56,2,1,3,0,91,100,80,99,89,0,Low Risk
MR0751,T080,178,16,10,5,18,3,59,65,75,76,61,4,Medium Risk
P1760,T014,184,16,24,7,28,6,52,73,92,41,27,3,High Risk
P0855,T024,441,44,15,6,6,7,55,60,75,53,66,9,High Risk
P1590,T063,104,51,21,13,32,2,86,72,53,79,86,5,High Risk
LR0268,T060,490,50,3,1,1,1,98,91,86,83,94,1,Low Risk
P0642,T034,161,53,8,15,2,3,42,63,37,42,38,7,High Risk
P0002,T044,181,2,2,12,21,1,46,62,73,38,74,4,High Risk
LR0161,T074,490,29,2,0,2,1,94,98,96,92,80,1,Low Risk
P0699,T048,163,28,12,8,33,7,88,46,52,55,55,4,High Risk
MR0914,T083,119,25,4,3,16,4,74,79,76,80,81,1,Medium Risk
LR1000,T072,454,40,2,0,6,0,95,89,88,85,93,0,Low Risk
MR0697,T054,112,23,6,3,16,4,66,75,79,50,78,4,Medium Risk
P1637,T045,28,32,2,1,34,7,57,79,36,72,17,3,Low Risk
MR0185,T094,104,20,4,2,6,3,57,55,54,70,69,3,Medium Risk
MR0459,T029,248,18,5,4,15,4,71,74,66,70,70,1,Medium Risk
MR0458,T082,86,16,6,4,10,2,59,74,59,57,61,1,Medium Risk
MR0582,T049,90,22,5,4,6,4,74,71,68,77,78,3,Medium Risk
P1292,T093,368,22,11,8,7,2,94,50,21,68,50,5,Medium Risk
MR0806,T037,187,18,9,3,15,1,56,59,68,78,72,1,Medium Risk
LR0490,T022,205,28,1,1,4,0,95,100,94,88,93,0,Low Risk
P1521,T031,131,39,16,11,28,5,43,50,97,89,16,3,High Risk
P1854,T028,325,22,8,15,14,1,77,31,33,67,17,10,High Risk
P1137,T095,43,58,0,11,15,8,31,59,34,71,18,3,High Risk
MR0305,T029,136,12,10,3,8,4,75,68,60,69,74,2,Medium Risk
MR0863,T065,100,24,10,3,9,2,75,73,71,72,66,2,Medium Risk
P1632,T093,92,30,25,5,11,4,40,95,27,72,56,8,High Risk
MR0744,T064,172,13,6,4,14,4,75,71,55,62,70,3,Medium Risk
MR0446,T034,121,24,7,5,8,3,76,62,55,73,64,1,Medium Risk
P1999,T068,30,8,17,13,27,7,55,36,34,56,81,6,High Risk
P0664,T011,40,44,15,1,15,10,35,73,79,63,48,0,High Risk
P0684,T038,98,11,19,11,30,4,75,92,31,41,65,5,High Risk
P1258,T037,102,9,10,9,16,9,23,71,66,86,49,10,High Risk
MR0767,T048,172,14,7,3,15,4,55,56,56,67,66,3,Medium Risk
MR0749,T080,127,20,6,2,17,2,55,65,52,66,63,4,Medium Risk
P0318,T072,133,29,22,4,9,7,73,91,60,29,52,4,High Risk
P0649,T051,369,9,5,5,20,10,89,58,88,98,89,9,High Risk
P1435,T071,415,31,13,6,5,8,47,38,54,84,84,3,High Risk
P1480,T066,372,3,25,9,10,4,21,59,56,65,76,9,High Risk
P0710,T095,180,24,20,4,36,5,100,57,27,67,22,7,High Risk
MR0431,T043,115,12,6,4,7,2,59,80,66,68,57,3,Medium Risk
P1283,T098,427,54,2,2,32,2,96,54,99,62,39,3,Low Risk
P1769,T038,25,22,6,3,27,5,85,48,61,22,76,1,Medium Risk
P0973,T014,258,2,7,15,15,10,24,70,78,57,72,8,High Risk
LR0676,T036,302,34,0,1,2,0,92,95,99,98,86,0,Low Risk
LR0681,T057,495,31,3,0,2,1,91,91,95,95,94,1,Low Risk
P1307,T039,42,32,23,14,34,0,80,66,32,41,53,4,High Risk
P1401,T091,171,22,6,15,14,6,84,95,21,58,39,2,High Risk
P1409,T040,278,55,12,12,2,1,44,36,25,48,90,10,High Risk
MR0297,T014,151,24,7,2,10,4,59,74,65,69,56,1,Medium Risk
LR0238,T065,477,49,1,1,5,0,100,93,85,97,90,0,Low Risk
MR0303,T073,217,23,9,4,9,3,66,70,52,53,57,3,Medium Risk
P1497,T030,390,40,18,5,2,7,26,39,97,52,50,2,High Risk
MR0420,T087,179,14,5,2,19,4,72,66,69,56,80,4,Medium Risk
LR0039,T055,321,54,3,0,8,1,97,92,85,97,94,1,Low Risk
P1530,T051,424,50,8,2,32,9,47,97,57,30,63,4,High Risk
P1664,T083,403,54,7,13,18,6,86,78,90,62,42,9,High Risk
P1355,T059,171,50,8,2,22,0,47,34,23,72,59,4,Low Risk
MR0896,T007,205,10,8,2,11,4,55,64,70,62,64,4,Medium Risk
MR0924,T006,99,10,9,4,11,1,58,69,73,67,74,1,Medium Risk
MR0628,T038,237,12,4,5,5,3,63,70,55,52,68,1,Medium Risk
P1644,T034,273,49,0,8,15,8,81,48,20,78,97,9,High Risk
P1052,T094,471,20,22,0,30,3,95,79,91,88,98,2,Medium Risk
P0796,T036,356,30,1,0,37,8,97,36,55,32,62,7,Medium Risk
LR0694,T037,335,49,1,0,0,1,100,98,94,98,82,1,Low Risk
MR0061,T034,227,22,6,5,5,2,71,80,61,65,53,4,Medium Risk
P1598,T008,286,46,22,9,32,8,36,94,86,72,61,6,High Risk
LR0605,T098,441,34,2,1,0,1,99,91,88,93,99,0,Low Risk
LR0730,T023,216,20,2,1,4,1,91,82,88,99,88,0,Low Risk
LR0626,T025,391,50,2,0,5,0,97,93,85,95,88,0,Low Risk
P1820,T021,368,31,19,11,20,4,95,42,26,74,95,6,High Risk
MR0158,T008,178,14,4,4,16,1,56,66,50,62,53,1,Medium Risk
MR0315,T051,209,11,7,4,18,2,58,58,62,61,53,2,Medium Risk
P1723,T082,438,48,7,6,26,4,95,43,83,26,76,6,High Risk
P1184,T053,468,51,18,6,1,5,28,44,62,77,20,5,High Risk
LR0573,T009,298,34,3,1,7,1,85,87,88,96,97,0,Low Risk
P1060,T058,166,3,2,10,21,8,33,70,50,70,97,7,High Risk
P0541,T016,157,16,3,12,20,8,66,38,92,91,97,6,High Risk
MR0243,T062,127,19,4,4,7,3,63,76,58,75,85,2,Medium Risk
P1679,T004,32,27,10,1,9,7,32,73,73,97,45,2,Medium Risk
LR0797,T078,422,47,0,0,5,1,91,90,81,96,91,1,Low Risk
MR0851,T065,185,14,4,4,19,4,77,79,61,76,83,1,Medium Risk
MR0479,T014,93,8,5,3,17,3,62,79,62,54,83,4,Medium Risk
LR0533,T019,427,44,2,1,5,1,96,97,100,80,80,1,Low Risk
P1758,T007,440,5,25,8,33,0,31,98,29,22,69,0,High Risk
P1924,T033,472,35,7,6,1,9,75,92,30,35,40,5,High Risk
P0096,T010,237,48,14,1,20,9,69,69,23,30,60,5,High Risk
P1021,T027,240,44,20,4,36,8,34,98,38,21,96,8,High Risk
P0564,T053,456,17,3,2,12,4,84,40,57,67,72,8,Medium Risk
MR0313,T092,130,14,4,2,9,2,64,57,70,52,83,4,Medium Risk
LR0791,T038,348,54,3,1,1,1,85,94,82,100,95,0,Low Risk
P0864,T083,200,27,16,11,20,10,94,71,80,47,44,8,High Risk
MR0647,T034,226,24,5,2,20,2,72,57,59,61,65,4,Medium Risk
MR0763,T063,175,14,7,4,11,1,73,61,58,72,69,1,Medium Risk
P1485,T004,105,22,13,3,33,0,60,82,56,36,73,4,Medium Risk
LR0940,T017,300,44,2,0,4,0,88,83,95,98,89,1,Low Risk
MR0626,T023,156,19,10,4,17,1,58,70,70,66,60,2,Medium Risk
P1882,T040,74,21,6,4,32,8,78,80,39,62,52,1,Medium Risk
P1039,T049,485,18,13,11,24,5,71,61,69,33,71,6,High Risk
P0207,T010,498,11,5,14,35,0,46,99,52,55,54,9,High Risk
P0393,T022,61,18,6,10,13,0,22,49,53,34,17,3,High Risk
LR0843,T087,341,21,3,1,8,1,98,85,97,88,86,1,Low Risk
P0871,T095,478,38,1,0,34,4,86,37,67,27,48,2,Low Risk
P0398,T085,279,5,16,1,27,9,47,30,76,77,89,0,Medium Risk
LR0815,T035,253,46,3,0,7,0,100,91,86,94,89,0,Low Risk
MR0840,T089,121,16,5,4,12,4,66,57,61,79,53,1,Medium Risk
MR0290,T018,203,18,7,4,15,2,68,68,66,74,53,1,Medium Risk
P1029,T017,38,58,24,13,12,4,66,62,23,65,28,10,High Risk
LR0691,T034,206,37,3,1,4,0,94,87,88,91,84,0,Low Risk
P1486,T045,397,28,1,7,23,2,89,70,97,30,78,5,Medium Risk
LR0661,T048,239,57,3,1,6,0,96,93,90,95,83,0,Low Risk
MR0811,T097,240,16,4,2,19,2,79,57,77,57,59,2,Medium Risk
P0961,T030,376,22,7,12,9,7,42,40,57,35,96,8,High Risk
P1571,T066,144,41,24,2,29,4,51,58,71,100,16,7,High Risk
LR0774,T061,220,40,1,0,0,1,97,86,95,91,90,0,Low Risk
P1896,T040,378,16,8,6,18,0,91,81,31,63,81,7,Medium Risk
LR0732,T054,307,36,1,0,0,0,88,100,91,92,86,1,Low Risk
LR0147,T032,276,55,3,0,0,0,95,82,92,92,98,1,Low Risk
P0805,T069,490,5,12,8,9,2,60,55,25,34,89,3,High Risk
P1752,T041,386,41,15,15,0,4,53,38,77,76,66,1,High Risk
MR0646,T046,158,10,10,4,6,2,70,67,72,61,71,4,Medium Risk
LR0455,T059,330,52,0,0,4,0,95,90,89,90,84,1,Low Risk
P0503,T059,109,6,15,6,32,8,88,60,51,37,21,10,High Risk
MR0120,T005,205,17,7,2,10,4,77,71,76,71,53,2,Medium Risk
MR0105,T049,163,21,7,4,7,2,57,57,80,61,77,2,Medium Risk
LR0978,T044,450,46,2,0,5,1,89,85,98,97,80,1,Low Risk
P0780,T049,29,33,0,15,4,3,44,52,77,90,14,7,High Risk
P1864,T056,292,43,15,8,39,2,38,78,67,52,13,9,High Risk
P0201,T007,437,7,19,9,5,0,79,56,38,23,65,3,High Risk
LR0183,T042,385,47,3,0,1,1,100,100,92,96,91,1,Low Risk
MR0100,T089,131,16,10,3,15,4,75,66,78,60,72,2,Medium Risk
LR0089,T095,462,26,2,0,2,0,87,82,86,93,100,0,Low Risk
MR0066,T100,245,13,7,2,16,4,73,70,54,52,57,2,Medium Risk
LR0279,T015,238,60,0,1,1,1,88,81,86,94,95,0,Low Risk
MR0562,T051,229,9,7,4,16,2,80,72,64,80,52,4,Medium Risk
P1797,T055,437,51,8,7,3,4,54,76,40,100,56,3,Medium Risk
P0379,T029,365,12,25,10,24,2,42,68,74,79,63,6,High Risk
LR0337,T019,358,47,2,0,8,1,98,88,87,91,92,0,Low Risk
P0419,T046,273,42,6,8,5,10,55,48,49,21,45,1,High Risk
P1699,T039,276,16,23,1,36,6,20,52,93,30,40,6,High Risk
P0392,T085,388,8,12,12,25,9,93,51,84,93,25,10,High Risk
LR0641,T051,316,33,3,1,8,1,95,96,100,80,97,1,Low Risk
P1523,T008,246,28,15,2,9,8,59,59,80,47,41,4,High Risk
P1163,T022,475,29,15,12,30,5,80,35,35,58,37,3,High Risk
MR0135,T013,126,24,7,5,16,3,63,72,74,58,76,4,Medium Risk
P1496,T069,418,17,7,5,37,8,83,86,43,59,96,1,Medium Risk
LR0696,T025,437,36,1,1,8,0,99,86,95,87,94,0,Low Risk
LR0028,T002,204,53,0,0,5,1,98,82,98,94,100,0,Low Risk
P1153,T047,270,37,22,8,18,5,98,58,62,98,65,6,High Risk
P1368,T025,81,32,20,9,8,0,57,30,37,93,54,7,High Risk
LR0569,T024,306,54,3,0,6,1,86,88,95,98,95,1,Low Risk
P0065,T084,449,53,18,9,29,1,25,56,43,66,46,8,High Risk
LR0063,T086,361,56,0,1,6,1,92,94,91,100,83,0,Low Risk
P1181,T029,265,46,13,10,9,6,66,51,65,71,22,3,High Risk
MR0113,T043,203,20,9,4,14,2,77,64,68,75,60,4,Medium Risk
P0493,T034,495,20,25,13,18,0,52,66,75,86,71,4,High Risk
P0380,T027,287,7,2,5,31,6,36,56,76,78,98,6,Medium Risk
LR0236,T041,451,46,0,0,2,1,100,89,81,89,83,1,Low Risk
P0764,T095,274,39,9,4,39,4,41,34,33,60,47,2,Medium Risk
LR0265,T054,318,23,3,0,5,0,87,91,89,88,81,0,Low Risk
P0792,T012,147,55,17,0,7,6,87,63,93,27,21,3,Medium Risk
P1077,T020,438,14,13,5,0,2,29,87,40,81,52,6,High Risk
P0879,T014,281,29,2,12,12,8,38,94,98,88,52,1,High Risk
P0338,T085,225,48,3,7,39,6,54,65,57,57,60,8,High Risk
MR0821,T091,215,21,8,5,12,3,72,65,51,53,65,4,Medium Risk
LR0768,T070,453,54,2,0,2,1,89,100,89,98,100,1,Low Risk
MR0797,T074,167,18,5,2,14,4,69,80,56,62,54,4,Medium Risk
LR0344,T033,472,28,3,1,6,0,89,95,83,96,93,1,Low Risk
MR0774,T032,93,10,10,3,5,2,56,57,66,54,59,1,Medium Risk
P1017,T005,34,8,7,2,23,10,98,36,73,50,35,0,Medium Risk
P1276,T032,87,56,14,13,5,1,89,79,84,53,61,4,High Risk
MR0799,T010,189,23,5,5,18,2,66,80,70,58,68,4,Medium Risk
MR0534,T050,213,11,5,3,9,2,77,61,52,58,53,2,Medium Risk
P0456,T018,457,59,16,7,36,8,40,58,86,60,25,7,High Risk
MR0343,T088,84,14,8,4,7,4,66,59,76,78,84,4,Medium Risk
P0816,T076,173,42,3,11,26,5,98,78,63,71,29,0,Medium Risk
LR0318,T074,354,48,0,0,2,0,89,92,97,86,87,1,Low Risk
P0996,T053,280,18,7,15,17,7,66,97,53,90,26,6,High Risk
P1982,T010,469,47,25,4,18,1,62,30,48,88,42,0,Medium Risk
P0202,T007,24,7,3,8,11,1,21,92,21,92,67,8,High Risk
P0162,T025,491,3,10,8,12,7,80,40,26,62,76,9,High Risk
P1580,T066,244,18,15,1,13,0,24,72,33,61,20,7,Medium Risk
LR0778,T054,203,42,2,1,8,1,89,93,86,89,89,1,Low Risk
LR0450,T098,303,37,0,1,1,1,89,84,89,89,80,0,Low Risk
P0703,T098,190,4,0,15,19,0,75,50,45,48,48,6,High Risk
P1501,T049,465,31,16,5,5,0,96,61,62,94,46,1,Low Risk
MR0894,T013,207,9,10,4,15,4,73,66,58,50,63,1,Medium Risk
MR0844,T080,226,14,7,2,5,1,61,63,59,55,84,4,Medium Risk
P1130,T041,371,1,16,6,13,6,35,37,47,40,63,4,High Risk
LR0614,T030,424,21,1,1,5,1,95,84,92,91,95,0,Low Risk
MR0462,T063,242,24,6,2,11,3,77,60,52,77,61,3,Medium Risk
P1022,T036,360,35,12,10,35,5,67,77,43,92,34,4,High Risk
MR0074,T003,215,15,6,4,12,3,73,65,52,62,51,2,Medium Risk
MR0460,T047,175,24,9,5,10,2,64,59,58,61,83,2,Medium Risk
P1586,T008,24,40,14,15,19,10,40,91,84,68,66,6,High Risk
P1956,T055,449,1,2,3,23,6,61,54,57,89,75,8,Medium Risk
MR0153,T014,87,9,6,2,8,1,76,65,57,71,73,2,Medium Risk
LR0254,T080,255,36,2,0,1,0,91,84,94,82,87,1,Low Risk
P0035,T022,142,30,16,2,34,8,97,83,64,78,33,3,Medium Risk
P0776,T005,168,58,3,3,0,1,55,32,51,49,17,1,Low Risk
LR0557,T007,310,39,0,0,2,0,97,94,100,95,99,1,Low Risk
MR0500,T001,114,23,10,5,15,1,58,61,71,53,82,2,Medium Risk
P1479,T038,500,21,10,11,39,6,57,85,86,84,24,2,High Risk
MR0004,T004,156,25,8,4,6,1,70,57,52,51,53,1,Medium Risk
P1391,T060,470,30,21,3,24,2,68,68,83,93,57,9,High Risk
LR0140,T064,218,25,3,1,0,1,88,99,82,83,90,1,Low Risk
P1364,T088,299,38,18,3,40,7,28,39,70,26,97,10,High Risk
LR0946,T071,247,58,0,0,1,1,87,88,81,82,90,1,Low Risk
LR0613,T024,258,58,2,0,5,1,91,95,95,83,92,1,Low Risk
MR0418,T039,87,10,10,3,12,3,77,70,70,66,54,4,Medium Risk
LR0825,T097,394,33,3,0,0,0,93,99,83,92,100,0,Low Risk
LR0042,T026,298,52,0,1,8,0,89,91,85,88,91,1,Low Risk
P0242,T090,439,7,25,1,7,10,67,32,94,43,46,6,High Risk
LR0062,T068,481,40,3,0,6,1,94,91,80,80,83,1,Low Risk
LR0364,T035,282,52,0,1,5,1,92,100,100,94,85,1,Low Risk
P0601,T100,133,31,7,9,40,3,67,80,58,50,93,10,High Risk
LR0436,T011,380,57,0,0,1,1,99,99,80,100,81,1,Low Risk
P1298,T077,293,55,0,15,31,10,33,73,93,89,70,2,High Risk
LR0215,T095,290,20,2,0,5,1,99,100,95,91,97,0,Low Risk
LR0889,T082,331,30,1,0,3,0,85,84,92,80,94,1,Low Risk
LR0069,T065,463,22,2,0,5,0,89,100,89,82,85,0,Low Risk
P0647,T049,346,10,22,8,37,2,26,41,66,98,98,4,High Risk
MR0891,T099,127,11,8,3,16,1,77,62,59,54,78,3,Medium Risk
MR0557,T040,232,8,8,3,17,3,70,64,64,61,78,3,Medium Risk
MR0203,T092,156,16,9,4,14,3,63,67,59,61,85,1,Medium Risk
P1529,T086,214,54,22,8,33,6,40,65,54,42,97,6,High Risk
LR0880,T086,438,47,1,0,4,1,97,94,93,80,90,0,Low Risk
P1268,T091,94,14,4,2,25,6,21,60,69,83,41,2,Medium Risk
MR0639,T068,167,21,4,2,20,3,74,59,78,70,76,2,Medium Risk
P1900,T009,47,11,25,8,32,7,88,96,84,50,93,3,High Risk
P0563,T032,251,39,18,13,37,7,39,67,50,31,66,8,High Risk
MR0951,T038,126,9,5,5,7,1,74,76,56,78,80,2,Medium Risk
LR0735,T039,444,23,3,1,8,0,92,95,86,83,80,0,Low Risk
MR0006,T078,195,19,6,4,7,2,67,79,79,72,53,4,Medium Risk
P0190,T067,499,27,25,3,5,2,50,99,65,55,60,1,High Risk
P1807,T026,335,13,2,10,10,0,35,74,42,32,40,10,High Risk
P0976,T080,361,19,21,0,31,6,38,70,57,57,30,7,High Risk
LR0748,T065,456,58,3,0,1,0,89,99,83,90,99,1,Low Risk
MR0548,T087,175,12,7,5,12,4,59,64,67,80,79,2,Medium Risk
LR0048,T012,324,53,0,0,1,1,90,80,97,84,97,0,Low Risk
MR0754,T064,244,18,6,3,7,4,56,70,53,66,55,2,Medium Risk
LR0559,T091,318,56,2,1,5,1,85,99,91,99,89,0,Low Risk
P1083,T081,48,44,25,8,6,6,26,95,37,97,45,0,High Risk
P0475,T057,225,15,25,11,18,4,47,69,36,58,89,2,High Risk
MR0633,T097,162,20,4,3,12,1,61,76,71,57,81,4,Medium Risk
LR0905,T012,467,25,2,0,4,1,85,80,100,90,85,0,Low Risk
P0748,T094,295,20,1,6,39,7,76,97,60,20,49,6,High Risk
LR0301,T081,462,46,0,1,7,0,99,93,95,94,83,1,Low Risk
P0022,T038,55,2,15,12,35,7,35,88,21,43,47,0,High Risk
MR0386,T008,109,15,10,4,11,2,62,58,62,68,71,2,Medium Risk
P0460,T003,13,41,25,13,26,3,86,40,100,44,66,4,High Risk
P1185,T023,274,22,19,3,36,3,22,54,67,65,23,5,High Risk
LR0325,T063,255,20,2,1,1,0,92,82,100,87,98,1,Low Risk
P0956,T061,283,4,0,2,3,7,38,49,69,45,48,10,High Risk
P1216,T077,275,39,25,3,4,0,65,43,98,95,46,0,Medium Risk
LR0434,T031,290,59,0,0,4,0,89,83,94,96,99,0,Low Risk
LR0854,T034,340,36,3,1,6,0,99,82,85,87,95,1,Low Risk
MR0486,T049,164,18,7,3,16,1,75,75,73,57,80,3,Medium Risk
P1516,T009,178,40,7,15,7,7,48,73,43,99,55,2,High Risk
LR0392,T004,474,30,0,0,5,1,96,88,83,82,93,1,Low Risk
P0770,T032,89,36,11,1,7,1,80,80,66,64,89,7,Medium Risk
MR0381,T038,171,10,8,3,16,4,59,64,60,64,56,4,Medium Risk
P1686,T078,50,5,18,2,10,5,33,53,28,36,21,10,High Risk
P0131,T053,381,36,9,2,5,9,85,31,51,31,28,8,High Risk
MR0736,T041,187,14,7,3,17,1,65,63,51,58,72,3,Medium Risk
LR0920,T072,293,20,1,0,8,1,90,80,83,85,99,1,Low Risk
MR0172,T095,95,25,10,2,6,4,69,79,52,75,78,1,Medium Risk
MR0445,T059,133,25,9,3,9,2,63,65,62,68,74,4,Medium Risk
LR0136,T084,457,37,3,1,6,1,90,98,100,81,81,1,Low Risk
P1483,T001,149,57,7,8,16,10,36,72,84,52,31,5,High Risk
P0331,T049,327,58,13,10,27,5,43,77,62,61,36,9,High Risk
P1239,T053,388,11,16,15,25,4,63,91,68,37,88,9,High Risk
P0467,T086,313,31,22,12,7,9,25,83,55,77,16,9,High Risk
LR0170,T081,457,27,3,0,0,0,96,80,83,96,80,1,Low Risk
P1639,T070,355,6,18,14,25,1,90,87,86,26,34,1,High Risk
MR0093,T075,159,9,8,5,8,1,62,70,72,52,66,1,Medium Risk
MR0773,T081,163,11,10,3,8,3,71,71,60,59,59,2,Medium Risk
P1096,T077,179,59,20,0,38,1,35,100,70,45,18,4,Medium Risk
P1131,T042,91,24,14,1,26,4,75,37,78,45,75,3,Medium Risk
P1295,T032,428,5,24,14,11,10,37,43,68,24,49,1,High Risk
P0861,T076,454,16,6,8,8,10,93,93,54,68,53,10,High Risk
MR0508,T093,168,21,6,5,18,3,57,69,63,70,52,2,Medium Risk
MR0175,T038,185,8,8,4,19,3,63,67,76,74,79,4,Medium Risk