Hours_Studied,Attendance,Parental_Involvement,Access_to_Resources,Extracurricular_Activities,Sleep_Hours,Previous_Scores,Motivation_Level,Internet_Access,Tutoring_Sessions,Family_Income,Teacher_Quality,School_Type,Peer_Influence,Physical_Activity,Learning_Disabilities,Parental_Education_Level,Distance_from_Home,Gender,Exam_Score,student_id,profile_source,Skill_React,Skill_NodeJS,Skill_Python,Skill_MongoDB,Skill_HTML/CSS,Skill_Angular,Skill_Vue,Skill_Express,Skill_Java,Skill_PHP,Skill_FastAPI,Skill_MySQL,Skill_PostgreSQL,Skill_Firebase,Skill_TensorFlow,Skill_Pandas,Religion,LivingCity,Ethnicity_Group
23,84,1,0,0,7,73,1,1,0,1,2,1,2,3,0,1,2,Female,67,SIM-0001,synthetic_simulation,4,3,1,1,4,4,4,2,1,1,3,4,2,3,1,3,Other,Negombo,Group A
19,64,1,2,0,8,59,1,1,2,2,2,1,0,4,0,0,1,Male,61,SIM-0002,synthetic_simulation,5,2,1,4,3,3,3,2,5,1,4,5,1,5,2,4,Hinduism,Galle,Group A
24,98,2,2,1,7,91,2,1,2,2,2,1,1,4,0,2,2,Female,74,SIM-0003,synthetic_simulation,3,2,2,1,3,5,5,5,1,5,1,4,3,5,5,3,Other,Jaffna,Group B
29,89,1,2,1,8,98,2,1,1,2,2,1,0,4,0,1,1,Female,71,SIM-0004,synthetic_simulation,5,5,3,2,2,3,5,4,2,4,2,5,5,3,3,1,Other,Negombo,Group C
19,92,2,2,1,6,65,2,1,3,2,0,1,1,4,0,0,2,Female,70,SIM-0005,synthetic_simulation,5,2,5,4,5,5,4,5,3,1,3,1,2,2,2,2,Christianity,Negombo,Group C
19,88,2,2,1,8,89,2,1,3,2,2,1,2,3,0,2,2,Male,71,SIM-0006,synthetic_simulation,2,2,1,4,3,2,5,1,1,2,1,5,1,5,2,1,Other,Jaffna,Group B
29,84,2,1,1,7,68,1,1,1,1,2,0,1,2,0,1,1,Non-binary,67,SIM-0007,synthetic_simulation,3,1,3,5,1,3,4,3,3,5,2,5,2,4,4,5,Other,Kandy,Group D
25,78,1,0,1,6,50,2,1,1,0,0,1,0,2,0,1,0,Female,66,SIM-0008,synthetic_simulation,3,5,5,4,5,3,5,3,5,4,2,4,1,2,3,4,Buddhism,Kandy,Group C
17,94,2,0,0,6,80,0,1,0,2,1,0,1,1,0,0,2,Non-binary,69,SIM-0009,synthetic_simulation,3,5,4,4,2,3,1,3,2,5,5,2,3,2,4,5,Hinduism,Jaffna,Group C
23,98,2,2,1,8,71,2,1,0,0,0,1,2,5,0,1,1,Female,72,SIM-0010,synthetic_simulation,5,2,3,1,5,1,5,3,4,3,2,2,4,3,5,4,Buddhism,Jaffna,Group C
17,80,1,0,0,8,88,2,0,4,2,0,0,1,4,0,0,1,Non-binary,68,SIM-0011,synthetic_simulation,4,2,3,4,5,5,1,4,2,5,1,5,5,1,1,4,Other,Galle,Group C
17,97,2,0,1,6,87,1,1,2,1,0,0,1,2,0,1,2,Male,71,SIM-0012,synthetic_simulation,3,2,3,3,3,5,5,3,3,5,1,4,5,5,4,2,Hinduism,Jaffna,Group C
21,83,2,2,1,8,97,1,1,2,2,2,1,2,4,0,1,2,Female,70,SIM-0013,synthetic_simulation,5,3,4,5,1,5,5,5,2,3,4,2,2,5,5,5,Christianity,Colombo,Group A
9,82,2,2,1,8,72,2,1,2,2,2,0,2,3,0,2,2,Female,66,SIM-0014,synthetic_simulation,2,4,4,5,3,1,5,3,5,3,1,2,5,1,3,1,Buddhism,Colombo,Group B
10,78,2,0,1,8,74,2,1,1,1,2,0,1,4,0,2,2,Non-binary,65,SIM-0015,synthetic_simulation,4,3,3,4,1,5,1,2,3,3,3,4,1,5,1,1,Christianity,Kandy,Group A
17,68,2,2,0,8,70,2,1,2,2,2,0,2,4,0,1,2,Non-binary,64,SIM-0016,synthetic_simulation,2,5,2,1,1,3,5,1,3,5,3,5,3,4,5,4,Other,Colombo,Group C
14,60,2,1,1,10,65,1,1,0,0,2,0,2,3,0,0,2,Non-binary,60,SIM-0017,synthetic_simulation,4,1,1,5,4,4,5,5,5,3,2,1,3,1,4,4,Other,Colombo,Group C
22,70,1,2,1,6,82,2,1,1,1,0,1,1,3,0,1,2,Male,65,SIM-0018,synthetic_simulation,5,4,4,5,3,2,2,4,1,1,4,4,2,3,5,4,Hinduism,Galle,Group D
15,80,2,2,1,9,91,1,1,3,1,2,1,2,2,0,0,1,Female,67,SIM-0019,synthetic_simulation,1,1,2,3,2,5,1,5,4,2,2,4,1,1,5,5,Christianity,Kandy,Group D
12,75,2,0,1,7,58,2,1,3,2,2,0,2,4,0,0,2,Male,66,SIM-0020,synthetic_simulation,4,5,4,4,5,1,3,2,2,2,4,4,5,2,1,5,Other,Galle,Group B
29,78,2,2,0,5,99,0,1,0,0,2,1,0,1,0,1,1,Male,69,SIM-0021,synthetic_simulation,2,5,3,5,4,1,4,3,4,3,5,5,1,3,2,3,Christianity,Negombo,Group A
19,99,2,0,0,6,84,2,1,1,2,0,1,1,3,0,1,2,Non-binary,72,SIM-0022,synthetic_simulation,5,1,2,5,2,5,2,3,4,4,4,5,5,2,5,1,Christianity,Colombo,Group D
20,74,2,0,0,8,89,1,1,1,2,2,1,0,2,0,0,1,Non-binary,66,SIM-0023,synthetic_simulation,4,1,5,5,3,4,5,4,5,5,5,4,1,3,1,4,Hinduism,Colombo,Group B
11,78,0,2,1,8,100,0,1,1,1,2,1,1,3,0,1,1,Female,66,SIM-0024,synthetic_simulation,1,1,1,5,1,5,3,1,1,2,5,2,5,1,1,5,Hinduism,Galle,Group A
17,65,1,0,1,5,75,2,1,2,1,2,1,2,3,0,1,2,Female,63,SIM-0025,synthetic_simulation,1,5,1,1,3,1,3,3,4,1,2,1,5,2,3,3,Other,Negombo,Group A
21,62,0,1,1,6,54,0,1,0,0,0,1,2,3,0,2,0,Female,64,SIM-0026,synthetic_simulation,3,2,4,2,3,2,5,4,3,4,3,3,3,3,3,4,Other,Colombo,Group C
13,91,1,2,0,6,90,2,1,1,0,2,1,0,2,1,1,1,Non-binary,65,SIM-0027,synthetic_simulation,3,1,1,3,4,4,5,3,1,4,4,4,4,5,2,1,Christianity,Jaffna,Group D
22,83,0,0,1,6,94,2,1,0,0,2,1,1,2,0,0,1,Non-binary,71,SIM-0028,synthetic_simulation,2,4,5,1,2,5,2,5,5,1,2,4,4,2,4,5,Buddhism,Galle,Group C
16,90,2,2,0,4,58,2,1,1,1,2,1,1,3,0,1,1,Male,66,SIM-0029,synthetic_simulation,4,5,2,3,4,2,1,4,4,5,5,5,2,4,5,4,Other,Kandy,Group C
18,66,0,0,0,4,51,1,1,2,1,2,0,1,2,0,0,2,Female,64,SIM-0030,synthetic_simulation,4,3,2,5,2,5,2,4,5,5,5,5,4,3,5,2,Christianity,Negombo,Group A
16,83,1,2,0,6,57,2,1,0,0,1,1,2,4,1,1,2,Male,63,SIM-0031,synthetic_simulation,3,3,3,3,4,4,1,4,2,3,1,3,2,5,1,2,Christianity,Colombo,Group B
31,70,2,0,1,7,66,2,1,1,0,2,1,0,3,0,0,2,Female,69,SIM-0032,synthetic_simulation,4,4,2,4,5,1,3,3,5,1,1,5,3,5,1,1,Islam,Colombo,Group A
20,69,2,2,1,8,96,2,1,2,2,0,1,2,3,0,1,2,Female,67,SIM-0033,synthetic_simulation,4,2,4,4,1,4,4,4,3,1,4,5,2,1,1,3,Islam,Kandy,Group A
14,60,0,2,0,5,50,2,1,2,2,2,1,1,3,0,0,2,Female,61,SIM-0034,synthetic_simulation,1,1,5,2,1,3,5,5,5,1,3,2,4,1,3,3,Buddhism,Colombo,Group B
25,65,0,2,0,5,90,2,1,2,2,2,1,2,3,0,0,1,Male,68,SIM-0035,synthetic_simulation,3,5,3,2,1,5,2,1,1,3,1,1,5,2,1,2,Hinduism,Jaffna,Group A
13,72,1,2,0,6,93,1,1,1,1,2,1,0,3,0,1,2,Male,61,SIM-0036,synthetic_simulation,5,1,4,3,5,2,3,1,2,2,5,2,2,2,2,1,Buddhism,Jaffna,Group B
21,65,2,1,1,7,91,1,1,2,2,0,1,2,3,0,1,0,Male,64,SIM-0037,synthetic_simulation,3,5,4,1,5,2,2,2,3,5,2,4,4,4,1,2,Buddhism,Negombo,Group C
8,99,2,2,0,9,54,1,1,2,1,2,1,1,5,0,2,2,Non-binary,67,SIM-0038,synthetic_simulation,5,3,4,1,1,4,1,5,2,3,3,2,4,5,4,4,Other,Jaffna,Group B
12,72,1,2,1,8,84,2,1,1,1,2,1,2,5,0,1,2,Non-binary,63,SIM-0039,synthetic_simulation,1,1,1,5,1,4,5,5,3,3,4,3,5,3,1,5,Christianity,Negombo,Group D
21,65,1,2,1,6,98,1,1,1,2,0,1,0,4,0,1,2,Male,64,SIM-0040,synthetic_simulation,2,4,4,1,2,4,1,4,2,3,2,2,1,4,5,3,Buddhism,Negombo,Group C
24,68,0,2,0,8,56,1,1,3,0,0,1,1,1,0,0,2,Non-binary,67,SIM-0041,synthetic_simulation,4,2,1,2,2,2,1,2,4,1,4,5,4,4,5,5,Hinduism,Galle,Group D
21,84,2,2,1,6,52,1,1,1,2,0,1,1,2,1,0,0,Non-binary,65,SIM-0042,synthetic_simulation,1,4,2,1,3,1,1,5,5,3,2,3,3,4,1,1,Christianity,Colombo,Group A
19,63,1,0,0,7,94,2,1,1,2,2,0,2,3,0,1,1,Male,64,SIM-0043,synthetic_simulation,4,2,1,5,4,2,3,5,1,2,2,3,5,3,5,1,Other,Colombo,Group D
18,94,2,0,1,7,82,2,1,3,2,2,0,0,2,1,0,2,Female,70,SIM-0044,synthetic_simulation,2,1,4,4,2,1,5,5,1,4,3,4,1,4,1,2,Islam,Jaffna,Group A
11,98,2,2,1,9,82,1,1,1,2,2,0,2,3,0,2,0,Non-binary,68,SIM-0045,synthetic_simulation,2,1,5,1,2,4,4,3,4,3,4,4,5,1,1,1,Buddhism,Colombo,Group D
16,70,2,2,1,8,98,2,1,2,2,2,1,2,3,0,1,1,Male,65,SIM-0046,synthetic_simulation,1,2,5,1,2,3,2,5,2,2,1,5,2,1,3,5,Christianity,Negombo,Group D
17,78,2,2,1,6,88,2,1,1,2,0,0,2,3,0,0,2,Female,68,SIM-0047,synthetic_simulation,2,3,2,2,2,2,1,3,5,1,2,1,4,1,3,3,Islam,Negombo,Group D
26,61,2,1,1,6,70,2,1,2,1,2,1,2,3,0,1,1,Non-binary,64,SIM-0048,synthetic_simulation,5,5,4,3,5,4,5,5,4,4,2,3,4,4,5,2,Other,Kandy,Group D
22,86,1,2,1,7,72,1,1,3,1,0,1,2,2,0,1,1,Male,68,SIM-0049,synthetic_simulation,2,4,1,4,3,2,2,1,2,5,1,5,5,4,5,1,Hinduism,Colombo,Group D
9,77,2,2,0,5,57,2,1,2,2,0,1,1,3,0,1,2,Female,63,SIM-0050,synthetic_simulation,4,4,5,3,2,4,5,3,5,5,3,4,2,5,2,4,Other,Colombo,Group D
22,71,1,2,1,7,65,1,1,1,2,1,1,2,4,0,0,1,Non-binary,64,SIM-0051,synthetic_simulation,4,4,3,5,4,2,2,3,2,1,3,4,5,2,2,1,Hinduism,Jaffna,Group D
18,68,0,2,0,7,72,2,1,0,2,2,1,1,3,0,0,2,Male,64,SIM-0052,synthetic_simulation,4,1,4,5,2,5,5,4,1,1,3,1,3,5,1,3,Hinduism,Jaffna,Group D
16,86,1,2,1,8,63,2,1,2,2,2,1,2,4,0,1,2,Male,67,SIM-0053,synthetic_simulation,4,4,4,3,5,2,4,5,5,5,5,3,4,1,2,2,Hinduism,Galle,Group C
24,77,0,1,0,8,96,2,1,0,2,2,1,1,3,0,1,2,Non-binary,67,SIM-0054,synthetic_simulation,5,5,3,2,1,5,5,2,1,1,5,3,4,2,4,3,Other,Jaffna,Group C
26,67,2,0,1,7,51,1,1,2,0,0,0,1,4,1,2,0,Male,66,SIM-0055,synthetic_simulation,3,5,5,2,1,1,5,2,1,5,3,5,3,5,3,5,Buddhism,Negombo,Group A
26,88,2,0,1,5,79,2,1,1,1,0,0,2,4,0,0,1,Female,72,SIM-0056,synthetic_simulation,1,2,3,2,3,2,1,2,5,1,3,1,1,3,5,5,Islam,Negombo,Group C
15,83,2,0,0,5,89,1,0,1,2,0,1,1,2,1,1,2,Male,65,SIM-0057,synthetic_simulation,4,1,2,4,1,1,1,2,4,5,1,2,4,3,2,1,Christianity,Colombo,Group B
18,94,2,2,1,6,87,0,1,1,2,2,1,2,4,0,1,2,Non-binary,71,SIM-0058,synthetic_simulation,2,5,1,5,2,3,1,1,2,2,5,5,5,3,4,4,Buddhism,Kandy,Group D
22,65,0,1,0,8,82,2,1,2,2,0,1,2,1,0,2,2,Female,66,SIM-0059,synthetic_simulation,4,3,1,5,5,5,5,2,5,1,4,3,1,1,2,4,Buddhism,Colombo,Group C
26,91,2,1,1,8,71,2,1,0,1,2,0,1,3,0,1,1,Male,68,SIM-0060,synthetic_simulation,2,1,5,5,3,2,4,4,1,5,3,5,1,2,5,2,Christianity,Kandy,Group B
17,87,2,2,0,7,96,2,1,1,0,2,1,0,5,0,2,2,Male,70,SIM-0061,synthetic_simulation,2,1,3,4,2,1,2,2,2,1,3,5,5,1,2,1,Christianity,Jaffna,Group B
19,65,2,2,1,10,66,1,1,0,1,2,1,2,3,0,1,1,Female,62,SIM-0062,synthetic_simulation,4,5,4,5,1,4,1,4,5,5,3,5,3,3,3,3,Islam,Galle,Group A
13,88,1,0,1,9,88,0,1,2,1,0,0,0,4,0,2,0,Female,68,SIM-0063,synthetic_simulation,5,3,4,3,4,1,3,3,4,5,2,5,1,4,2,1,Buddhism,Galle,Group A
13,78,2,0,1,9,96,0,1,2,1,2,1,1,3,0,0,1,Non-binary,67,SIM-0064,synthetic_simulation,2,2,4,1,2,2,5,5,5,4,5,3,4,1,4,4,Islam,Galle,Group A
25,98,1,0,1,8,56,2,0,0,2,0,0,1,3,0,2,2,Male,71,SIM-0065,synthetic_simulation,2,5,2,4,4,3,4,2,5,1,4,1,2,2,2,3,Buddhism,Jaffna,Group D
28,66,2,0,1,8,97,2,1,0,2,2,1,1,2,0,1,2,Female,68,SIM-0066,synthetic_simulation,4,3,2,1,4,5,4,4,3,2,2,1,1,1,5,3,Christianity,Kandy,Group C
20,86,2,2,1,8,89,2,1,1,1,2,1,0,3,0,2,2,Male,69,SIM-0067,synthetic_simulation,2,1,4,3,3,4,1,4,2,3,2,4,3,2,2,4,Hinduism,Colombo,Group A
26,75,1,0,1,4,81,0,1,3,2,0,0,2,2,0,1,1,Male,70,SIM-0068,synthetic_simulation,2,3,5,2,5,1,1,5,5,3,4,4,5,4,4,2,Islam,Galle,Group C
22,98,2,0,0,5,69,1,0,1,1,0,1,0,4,0,1,1,Male,69,SIM-0069,synthetic_simulation,4,1,2,2,1,2,3,3,1,1,4,2,4,5,2,1,Islam,Colombo,Group D
16,73,2,2,0,7,95,2,1,1,1,2,1,0,4,0,0,2,Non-binary,65,SIM-0070,synthetic_simulation,4,5,2,2,1,2,3,2,1,5,4,1,2,2,1,4,Hinduism,Galle,Group B
22,98,2,1,1,7,52,2,0,3,2,2,1,2,3,0,0,2,Male,70,SIM-0071,synthetic_simulation,1,5,1,4,2,5,1,4,3,5,4,5,1,2,5,1,Buddhism,Kandy,Group C
29,96,2,1,1,7,72,2,1,1,1,2,1,2,3,0,1,1,Non-binary,71,SIM-0072,synthetic_simulation,5,4,1,2,1,4,2,2,1,2,4,4,3,3,1,1,Hinduism,Jaffna,Group D
20,71,2,2,1,7,88,2,1,1,1,1,1,1,4,0,0,2,Male,65,SIM-0073,synthetic_simulation,5,4,5,4,3,1,1,1,5,1,3,5,2,3,1,2,Hinduism,Kandy,Group B
29,92,1,2,0,4,91,2,1,2,2,2,1,0,1,0,2,2,Non-binary,72,SIM-0074,synthetic_simulation,2,4,2,4,1,1,1,4,2,3,4,2,2,4,5,3,Other,Kandy,Group B
4,100,0,0,1,8,60,0,1,0,2,0,0,2,4,0,0,1,Non-binary,69,SIM-0075,synthetic_simulation,5,5,2,1,2,1,4,3,3,2,4,1,4,1,5,4,Buddhism,Negombo,Group A
25,70,2,2,0,7,52,2,1,1,2,2,1,2,3,0,2,2,Male,66,SIM-0076,synthetic_simulation,2,2,3,2,1,5,1,5,3,1,5,3,4,5,4,3,Hinduism,Galle,Group D
21,77,1,2,1,7,90,2,1,4,2,2,0,1,3,0,2,1,Non-binary,68,SIM-0077,synthetic_simulation,1,5,5,5,5,5,1,4,4,1,3,2,1,5,4,5,Hinduism,Kandy,Group A
18,81,0,1,1,8,71,2,1,0,2,2,1,1,3,0,1,1,Non-binary,65,SIM-0078,synthetic_simulation,4,3,5,2,4,4,1,1,4,1,2,3,1,4,4,4,Other,Negombo,Group C
21,72,2,2,1,5,57,2,1,1,0,2,1,1,5,1,0,1,Non-binary,64,SIM-0079,synthetic_simulation,4,5,3,2,4,1,2,5,2,4,3,1,2,5,1,1,Other,Colombo,Group D
8,61,2,2,1,7,54,2,1,1,0,2,1,2,3,0,0,2,Male,60,SIM-0080,synthetic_simulation,4,5,3,2,4,1,4,3,2,2,1,3,3,1,2,4,Other,Kandy,Group A
19,69,2,0,1,7,82,0,1,1,1,2,1,0,2,0,1,2,Female,65,SIM-0081,synthetic_simulation,5,1,1,5,5,4,5,2,3,1,4,1,2,3,3,3,Christianity,Jaffna,Group B
22,71,0,2,0,6,79,0,1,1,1,1,1,2,3,0,1,2,Female,66,SIM-0082,synthetic_simulation,1,1,5,5,3,4,5,2,5,2,2,5,3,4,2,5,Islam,Negombo,Group C
29,78,0,0,1,4,93,1,1,5,2,0,1,1,3,0,0,2,Male,74,SIM-0083,synthetic_simulation,5,1,5,4,2,4,5,4,5,3,1,2,4,5,3,2,Other,Jaffna,Group D
17,67,2,2,1,5,52,0,1,2,2,2,0,0,3,0,1,0,Non-binary,62,SIM-0084,synthetic_simulation,5,5,3,5,5,2,5,5,4,1,2,5,3,4,3,4,Buddhism,Negombo,Group C
15,95,2,2,0,7,93,2,1,2,1,2,1,2,4,0,0,1,Male,70,SIM-0085,synthetic_simulation,1,2,4,4,2,4,4,1,2,5,3,1,3,4,3,2,Christianity,Galle,Group D
17,88,2,0,1,7,94,1,1,0,2,2,1,1,3,0,1,2,Female,69,SIM-0086,synthetic_simulation,1,3,4,1,3,3,1,1,2,1,1,1,4,2,3,5,Islam,Colombo,Group B
25,63,2,0,1,7,72,2,1,3,2,0,0,0,4,0,0,0,Female,67,SIM-0087,synthetic_simulation,1,3,1,4,5,5,5,3,5,1,4,5,5,2,5,3,Christianity,Jaffna,Group A
22,86,1,1,0,6,54,2,1,2,2,2,1,1,0,0,1,1,Non-binary,64,SIM-0088,synthetic_simulation,1,2,4,2,1,4,1,5,4,2,4,5,2,4,4,5,Other,Kandy,Group C
17,86,2,0,0,5,97,0,1,3,0,2,1,1,3,0,0,2,Male,71,SIM-0089,synthetic_simulation,4,2,4,3,3,2,5,5,5,2,1,5,1,2,5,4,Hinduism,Colombo,Group C
23,98,2,1,1,7,54,1,1,0,2,2,1,0,3,0,0,2,Female,68,SIM-0090,synthetic_simulation,3,3,4,3,4,3,2,2,5,4,3,2,3,5,1,1,Hinduism,Colombo,Group D
21,60,0,2,0,7,80,2,1,0,2,0,1,1,4,1,0,2,Male,64,SIM-0091,synthetic_simulation,3,4,2,2,5,2,1,3,3,1,1,2,1,4,5,3,Christianity,Kandy,Group C
26,70,2,1,1,8,75,2,1,1,2,1,0,1,4,1,1,0,Female,63,SIM-0092,synthetic_simulation,1,1,1,4,3,2,4,3,2,3,3,1,1,2,4,4,Islam,Jaffna,Group A
16,97,2,2,1,6,92,1,1,0,0,2,0,2,4,0,0,2,Female,71,SIM-0093,synthetic_simulation,3,1,3,2,3,2,2,3,3,2,2,4,2,5,2,3,Islam,Jaffna,Group C
18,97,0,2,1,4,75,1,1,0,1,2,1,2,3,0,1,1,Female,69,SIM-0094,synthetic_simulation,3,3,4,5,5,2,2,5,3,4,3,5,5,3,4,3,Buddhism,Galle,Group B
18,89,0,2,1,4,73,2,1,3,0,2,0,2,2,0,0,2,Male,100,SIM-0095,synthetic_simulation,1,2,2,4,4,1,4,2,5,5,1,3,5,3,2,4,Other,Negombo,Group A
11,91,2,2,0,6,94,2,1,3,2,2,1,1,3,0,0,1,Male,68,SIM-0096,synthetic_simulation,3,4,4,2,4,5,2,3,4,5,1,3,5,4,1,1,Hinduism,Colombo,Group B
22,64,1,2,0,7,98,1,0,1,2,2,1,0,3,0,1,2,Non-binary,62,SIM-0097,synthetic_simulation,5,3,2,5,3,1,1,2,5,4,2,3,5,1,3,1,Islam,Colombo,Group C
22,81,2,2,1,7,77,1,1,2,2,2,1,2,3,0,2,0,Male,68,SIM-0098,synthetic_simulation,2,1,1,5,2,3,3,3,4,5,1,5,4,5,5,4,Buddhism,Galle,Group A
20,69,0,0,1,6,73,2,1,2,1,2,0,2,3,0,1,0,Male,66,SIM-0099,synthetic_simulation,2,5,4,4,3,1,3,5,2,1,5,4,1,4,3,3,Christianity,Negombo,Group C
19,67,1,2,0,5,92,0,1,0,2,2,1,2,3,0,0,2,Female,64,SIM-0100,synthetic_simulation,1,2,2,1,5,3,5,2,1,2,1,4,1,2,1,3,Buddhism,Negombo,Group D
12,92,2,2,0,4,92,0,1,2,2,0,1,1,3,1,1,1,Non-binary,67,SIM-0101,synthetic_simulation,4,5,5,1,5,4,5,4,2,3,5,2,4,3,1,4,Hinduism,Negombo,Group B
17,65,2,0,1,8,66,2,1,1,0,0,1,1,4,1,2,1,Non-binary,65,SIM-0102,synthetic_simulation,1,3,5,5,5,3,1,3,5,5,1,4,2,2,2,4,Other,Kandy,Group C
18,79,2,2,1,7,79,2,1,0,1,0,0,1,3,0,0,0,Male,65,SIM-0103,synthetic_simulation,4,1,2,1,4,1,4,5,4,1,1,3,3,5,2,5,Buddhism,Galle,Group A
15,98,0,2,0,6,58,0,1,0,1,0,1,2,3,0,0,2,Male,69,SIM-0104,synthetic_simulation,2,4,4,5,1,1,1,2,1,2,2,3,5,4,1,1,Christianity,Kandy,Group C
19,67,2,2,0,5,82,0,1,1,1,1,0,0,3,0,1,2,Male,63,SIM-0105,synthetic_simulation,1,5,4,1,5,3,5,1,4,1,5,5,5,3,4,3,Buddhism,Negombo,Group B
22,99,2,1,1,6,92,1,1,3,2,2,1,0,4,0,2,1,Male,72,SIM-0106,synthetic_simulation,5,4,1,5,5,1,2,5,4,1,2,2,4,5,3,3,Christianity,Kandy,Group A
31,100,2,2,0,7,59,2,1,2,0,0,1,2,5,0,2,1,Male,76,SIM-0107,synthetic_simulation,3,1,1,5,2,3,1,5,1,2,5,1,5,3,5,3,Buddhism,Colombo,Group A
21,82,2,0,1,7,66,0,1,3,1,2,1,2,3,1,0,2,Non-binary,69,SIM-0108,synthetic_simulation,4,5,3,5,2,2,1,1,1,5,5,2,4,3,1,3,Hinduism,Kandy,Group A
22,67,2,2,1,7,72,0,1,3,1,0,1,2,2,0,2,1,Non-binary,67,SIM-0109,synthetic_simulation,3,4,1,5,3,5,4,1,2,5,4,1,3,4,5,4,Islam,Kandy,Group C
20,73,0,2,1,9,92,2,1,2,2,0,1,2,3,0,0,2,Non-binary,69,SIM-0110,synthetic_simulation,3,4,4,3,3,3,5,4,3,1,5,2,1,4,1,1,Other,Jaffna,Group D
8,77,0,2,1,6,87,2,1,0,1,2,1,1,2,0,1,1,Female,63,SIM-0111,synthetic_simulation,1,5,3,1,3,2,1,4,1,4,2,4,5,1,2,5,Christianity,Galle,Group B
20,72,2,2,0,9,66,2,1,3,1,0,0,2,3,0,2,2,Female,67,SIM-0112,synthetic_simulation,3,1,1,5,5,2,2,4,3,5,2,2,2,1,2,4,Hinduism,Negombo,Group C
20,71,1,0,1,7,62,0,1,2,2,2,1,0,5,0,0,2,Male,66,SIM-0113,synthetic_simulation,5,4,2,2,2,2,2,5,3,1,3,5,4,1,1,3,Christianity,Galle,Group D
35,99,0,0,1,7,85,1,1,2,2,0,0,1,2,0,2,2,Female,79,SIM-0114,synthetic_simulation,3,3,5,4,3,2,3,5,3,3,1,1,3,1,5,1,Islam,Colombo,Group A
19,66,2,2,0,8,74,2,1,1,0,2,1,1,3,0,1,2,Non-binary,64,SIM-0115,synthetic_simulation,1,5,1,2,2,3,5,5,3,3,4,4,2,2,3,1,Christianity,Negombo,Group A
22,89,0,0,1,6,80,2,1,1,0,0,1,2,3,0,1,2,Male,73,SIM-0116,synthetic_simulation,5,2,1,2,5,1,2,4,1,4,1,4,1,1,1,2,Islam,Colombo,Group C
20,60,1,0,0,7,82,0,1,2,1,0,1,2,4,1,1,2,Female,63,SIM-0117,synthetic_simulation,2,2,2,3,5,2,4,2,4,1,2,2,2,2,1,4,Islam,Kandy,Group B
13,84,2,2,0,5,78,2,1,1,1,0,1,2,2,0,1,2,Non-binary,65,SIM-0118,synthetic_simulation,3,1,4,1,3,4,5,5,1,3,4,4,4,3,4,1,Christianity,Jaffna,Group B
27,97,1,0,1,8,81,2,1,0,0,2,1,2,5,0,1,2,Male,73,SIM-0119,synthetic_simulation,1,3,2,3,5,2,2,5,1,5,5,3,5,2,1,4,Hinduism,Negombo,Group D
25,72,0,0,1,8,94,1,1,2,1,2,0,2,4,0,0,1,Male,70,SIM-0120,synthetic_simulation,2,4,1,1,5,1,1,5,5,1,2,3,1,3,2,1,Buddhism,Colombo,Group D
25,67,0,2,0,9,93,0,1,2,1,0,1,2,3,1,1,2,Non-binary,68,SIM-0121,synthetic_simulation,2,2,4,5,2,1,5,4,5,4,2,3,4,1,4,1,Hinduism,Kandy,Group A
15,86,2,2,1,7,57,2,1,1,2,2,1,0,3,0,0,2,Non-binary,65,SIM-0122,synthetic_simulation,4,1,3,3,1,5,2,3,2,4,2,2,3,2,4,5,Hinduism,Negombo,Group B
28,89,1,0,1,9,79,0,1,0,1,2,0,2,1,0,0,1,Female,71,SIM-0123,synthetic_simulation,5,3,1,4,4,5,1,4,3,5,2,1,2,3,2,2,Hinduism,Negombo,Group C
12,88,1,2,0,6,72,1,1,2,2,2,1,2,2,0,0,0,Non-binary,64,SIM-0124,synthetic_simulation,3,3,2,1,3,2,3,3,3,3,4,2,2,1,2,4,Christianity,Galle,Group D
24,73,2,0,1,8,64,2,1,4,0,2,0,1,3,1,0,1,Non-binary,68,SIM-0125,synthetic_simulation,1,1,3,3,1,2,5,4,5,3,1,5,1,3,2,3,Buddhism,Negombo,Group D
33,70,2,2,1,6,82,1,1,1,1,0,1,1,4,0,0,2,Non-binary,69,SIM-0126,synthetic_simulation,4,1,5,4,3,5,5,2,4,4,1,4,1,4,5,5,Buddhism,Colombo,Group A
14,98,2,2,0,7,76,2,1,0,2,0,0,2,4,0,0,1,Male,69,SIM-0127,synthetic_simulation,5,4,3,2,1,2,2,2,2,2,5,3,3,3,4,3,Islam,Jaffna,Group D
17,97,2,2,0,8,89,2,1,1,1,2,1,1,4,0,1,0,Non-binary,69,SIM-0128,synthetic_simulation,4,1,2,5,5,4,3,5,4,4,2,2,3,1,3,5,Buddhism,Negombo,Group C
21,78,2,2,1,10,55,2,1,1,0,1,0,2,2,0,0,2,Non-binary,67,SIM-0129,synthetic_simulation,5,4,3,5,3,3,4,4,5,4,2,2,1,5,3,1,Hinduism,Colombo,Group A
17,94,1,2,1,8,65,1,1,4,2,2,1,1,6,0,1,0,Male,68,SIM-0130,synthetic_simulation,5,4,2,2,1,5,2,3,4,1,1,4,4,4,5,2,Christianity,Kandy,Group D
11,78,2,0,1,8,51,2,1,2,1,2,1,1,3,0,2,2,Male,64,SIM-0131,synthetic_simulation,3,5,1,3,4,5,2,3,3,5,5,2,4,2,3,4,Buddhism,Kandy,Group A
20,77,2,2,0,6,87,1,1,0,1,0,1,2,4,0,1,2,Male,66,SIM-0132,synthetic_simulation,5,3,4,2,5,1,4,2,5,1,3,3,1,4,4,1,Islam,Negombo,Group C
14,66,0,1,0,7,96,2,1,3,1,0,1,0,3,0,1,2,Male,63,SIM-0133,synthetic_simulation,4,3,5,4,3,2,4,5,4,4,4,4,2,1,2,3,Buddhism,Jaffna,Group A
23,77,2,2,1,7,79,2,1,0,1,0,1,1,2,0,1,1,Male,66,SIM-0134,synthetic_simulation,5,3,4,1,3,5,4,3,2,1,1,1,5,3,4,2,Christianity,Negombo,Group B
14,81,2,2,0,9,81,2,1,1,1,0,0,0,3,0,2,2,Non-binary,66,SIM-0135,synthetic_simulation,3,5,4,3,1,5,4,4,2,3,4,3,3,5,5,3,Hinduism,Galle,Group D
29,61,2,0,1,7,52,1,1,3,1,2,0,2,3,0,0,2,Non-binary,67,SIM-0136,synthetic_simulation,3,4,4,1,3,4,4,5,1,4,1,5,4,1,5,4,Buddhism,Negombo,Group D
15,78,0,0,0,9,75,1,1,1,1,2,1,0,1,0,1,2,Female,65,SIM-0137,synthetic_simulation,4,4,2,2,5,2,1,4,5,3,5,5,5,3,1,3,Christianity,Galle,Group A
18,91,1,2,1,5,76,2,1,1,2,2,1,1,3,0,1,2,Non-binary,68,SIM-0138,synthetic_simulation,2,1,2,5,2,3,1,4,5,3,2,4,2,1,5,2,Islam,Galle,Group B
25,87,2,1,0,9,52,0,1,1,1,0,0,2,2,0,1,2,Male,68,SIM-0139,synthetic_simulation,2,5,5,1,1,4,4,2,5,5,3,3,3,5,5,4,Hinduism,Galle,Group A
13,85,0,2,0,6,89,2,1,0,0,2,0,1,1,1,1,2,Non-binary,65,SIM-0140,synthetic_simulation,5,1,2,1,4,3,3,4,3,3,4,3,4,3,4,1,Islam,Galle,Group D
21,96,2,2,0,8,64,0,1,2,2,0,1,1,0,0,0,2,Non-binary,71,SIM-0141,synthetic_simulation,1,5,2,5,3,1,3,1,3,1,3,3,4,5,4,1,Other,Galle,Group B
28,61,2,0,0,6,86,0,1,1,1,2,0,0,3,1,2,0,Female,65,SIM-0142,synthetic_simulation,5,1,2,1,5,5,4,5,5,1,2,5,2,3,5,2,Islam,Kandy,Group B
10,82,2,1,0,8,70,2,1,3,1,0,1,2,1,1,2,2,Male,64,SIM-0143,synthetic_simulation,4,2,2,1,3,4,1,1,4,2,1,4,2,4,4,2,Islam,Negombo,Group C
21,91,0,2,0,6,100,2,1,0,0,2,0,1,2,0,2,2,Non-binary,72,SIM-0144,synthetic_simulation,4,3,1,5,4,3,3,4,3,5,5,5,4,1,4,2,Buddhism,Negombo,Group B
22,82,2,2,0,9,61,2,1,2,1,2,1,0,2,1,1,2,Female,65,SIM-0145,synthetic_simulation,4,3,5,5,5,2,1,4,5,2,2,2,4,2,5,3,Buddhism,Galle,Group A
25,73,2,0,0,8,53,0,0,0,1,0,0,0,5,0,2,2,Non-binary,66,SIM-0146,synthetic_simulation,4,4,2,2,4,1,2,2,3,3,3,1,5,2,2,1,Islam,Galle,Group C
13,65,1,0,0,6,99,2,1,0,1,2,0,0,4,0,1,2,Non-binary,61,SIM-0147,synthetic_simulation,4,2,5,2,5,1,1,2,1,4,3,5,2,1,5,1,Christianity,Galle,Group A
12,96,1,0,1,8,62,2,1,2,2,0,1,0,3,0,0,2,Non-binary,68,SIM-0148,synthetic_simulation,3,3,3,1,2,5,4,2,2,1,3,4,2,2,3,1,Other,Negombo,Group A
23,79,0,0,1,8,82,1,1,3,2,2,1,0,3,1,2,1,Female,69,SIM-0149,synthetic_simulation,2,4,1,3,5,5,5,2,1,4,1,5,5,5,4,4,Buddhism,Galle,Group C
22,95,2,0,1,6,69,2,1,1,1,2,1,2,3,0,0,2,Non-binary,72,SIM-0150,synthetic_simulation,4,2,2,2,4,3,4,3,5,2,3,2,2,2,1,5,Hinduism,Galle,Group D
22,83,2,0,1,5,82,2,1,2,1,0,1,2,3,0,2,2,Non-binary,71,SIM-0151,synthetic_simulation,1,3,1,2,1,3,2,2,2,2,1,2,1,1,5,2,Christianity,Jaffna,Group C
22,87,0,0,0,5,80,1,1,2,1,0,1,0,3,0,1,2,Female,70,SIM-0152,synthetic_simulation,1,1,1,3,2,1,1,4,4,1,3,2,3,4,2,4,Buddhism,Negombo,Group A
16,92,2,0,1,5,85,1,1,1,1,2,1,1,2,0,1,1,Male,68,SIM-0153,synthetic_simulation,1,5,3,3,3,3,3,4,5,2,4,2,1,1,2,5,Hinduism,Jaffna,Group A
21,86,1,2,1,5,51,2,1,2,1,0,1,2,2,0,1,1,Male,67,SIM-0154,synthetic_simulation,1,2,5,5,2,5,4,5,4,4,4,1,2,1,4,2,Hinduism,Colombo,Group B
22,76,2,2,1,8,92,2,1,1,1,0,1,1,4,0,1,2,Non-binary,68,SIM-0155,synthetic_simulation,3,4,1,2,2,1,3,1,4,2,2,3,5,3,5,5,Islam,Jaffna,Group D
16,81,2,2,1,8,74,2,1,3,2,2,1,2,2,0,2,2,Female,68,SIM-0156,synthetic_simulation,1,2,4,4,3,1,1,3,3,4,2,2,4,2,5,1,Other,Jaffna,Group B
31,92,2,2,1,4,76,2,1,2,2,0,1,2,4,1,1,0,Non-binary,72,SIM-0157,synthetic_simulation,4,4,3,4,5,2,2,3,3,3,5,1,2,2,3,5,Buddhism,Colombo,Group C
23,75,1,0,0,6,71,1,1,0,2,2,1,1,2,0,0,2,Non-binary,65,SIM-0158,synthetic_simulation,5,2,4,1,2,2,4,5,2,5,3,5,4,3,5,2,Islam,Jaffna,Group B
13,76,2,0,0,5,99,1,1,2,2,2,0,2,4,0,1,2,Female,66,SIM-0159,synthetic_simulation,1,4,3,2,2,3,3,5,2,1,3,2,3,5,3,4,Islam,Jaffna,Group A
24,64,2,2,1,8,90,0,1,0,1,0,1,0,3,0,1,2,Male,65,SIM-0160,synthetic_simulation,3,3,4,4,1,3,4,2,3,2,1,5,1,5,2,2,Other,Galle,Group B
14,97,2,2,1,6,66,2,1,2,2,2,1,0,3,1,0,2,Female,67,SIM-0161,synthetic_simulation,3,1,4,2,1,5,4,5,2,1,2,5,3,3,5,5,Christianity,Colombo,Group D
25,64,2,0,0,5,89,1,1,2,2,2,1,1,4,0,0,0,Female,66,SIM-0162,synthetic_simulation,1,3,1,2,4,5,3,3,1,2,4,4,4,2,4,5,Islam,Galle,Group D
27,86,2,2,0,7,72,1,1,1,2,0,1,2,4,0,1,0,Non-binary,69,SIM-0163,synthetic_simulation,5,1,1,4,3,2,2,1,5,3,1,1,3,5,3,2,Christianity,Kandy,Group A
15,77,2,2,1,8,94,1,1,0,0,0,1,2,3,0,0,1,Female,66,SIM-0164,synthetic_simulation,1,3,3,2,5,1,4,1,1,4,4,1,4,5,3,1,Other,Negombo,Group B
26,76,2,0,1,6,52,2,1,4,0,1,1,1,3,0,1,2,Female,69,SIM-0165,synthetic_simulation,3,3,5,3,5,4,2,3,5,1,1,2,1,4,4,2,Islam,Jaffna,Group A
22,87,0,1,1,7,68,2,0,0,1,2,1,1,2,0,1,2,Non-binary,67,SIM-0166,synthetic_simulation,2,2,1,1,4,4,2,2,3,3,2,2,4,5,1,2,Buddhism,Kandy,Group C
25,63,0,2,1,6,71,2,1,1,2,1,0,2,3,0,1,2,Female,66,SIM-0167,synthetic_simulation,4,5,1,5,5,3,1,1,1,3,3,2,1,2,4,5,Christianity,Colombo,Group A
31,84,2,2,1,9,87,2,1,2,1,2,0,1,3,0,0,0,Female,71,SIM-0168,synthetic_simulation,3,4,2,4,5,4,3,1,4,5,3,1,2,4,3,3,Other,Kandy,Group A
19,91,0,1,0,6,59,2,1,5,2,0,1,1,4,0,0,1,Female,70,SIM-0169,synthetic_simulation,1,4,1,5,1,4,1,2,1,3,2,5,4,4,4,5,Hinduism,Colombo,Group C
15,93,0,2,0,6,64,2,1,2,2,0,1,2,4,0,2,2,Male,71,SIM-0170,synthetic_simulation,4,4,5,1,5,2,5,1,2,5,4,5,3,2,3,5,Islam,Colombo,Group A
15,67,2,2,1,7,86,0,1,1,0,2,0,2,3,0,2,2,Female,66,SIM-0171,synthetic_simulation,1,1,2,3,5,1,1,4,1,3,5,2,5,3,1,5,Islam,Colombo,Group C
15,96,2,2,0,7,54,0,0,3,2,0,1,0,2,0,1,2,Female,67,SIM-0172,synthetic_simulation,1,4,4,3,4,5,4,3,3,4,5,5,3,1,5,5,Islam,Jaffna,Group A
20,86,0,1,0,8,60,2,1,1,2,2,1,1,4,1,0,0,Female,66,SIM-0173,synthetic_simulation,2,4,4,3,4,2,4,1,3,3,2,2,5,5,2,1,Buddhism,Colombo,Group A
22,95,2,0,0,9,88,1,1,0,1,0,1,2,2,0,2,2,Non-binary,72,SIM-0174,synthetic_simulation,4,2,2,3,2,5,4,1,2,4,1,3,3,3,1,4,Buddhism,Jaffna,Group D
22,79,2,2,0,9,94,2,1,1,2,2,1,2,3,0,1,2,Non-binary,68,SIM-0175,synthetic_simulation,4,3,2,4,5,2,5,2,5,2,3,5,4,1,5,2,Hinduism,Kandy,Group A
25,82,2,2,0,6,86,2,0,3,1,0,1,2,3,0,1,2,Non-binary,69,SIM-0176,synthetic_simulation,2,4,2,4,5,2,2,1,2,3,4,1,2,2,4,2,Islam,Kandy,Group C
20,97,2,2,1,7,76,1,1,2,1,1,0,2,3,0,2,2,Non-binary,71,SIM-0177,synthetic_simulation,3,5,3,2,5,4,4,2,5,3,5,4,4,5,3,3,Other,Jaffna,Group B
29,96,2,2,1,9,55,1,0,0,2,2,1,1,2,0,2,0,Male,70,SIM-0178,synthetic_simulation,1,4,5,2,1,5,1,3,3,2,3,1,1,3,1,1,Buddhism,Kandy,Group B
18,78,2,2,0,9,91,0,1,2,0,1,1,1,4,0,0,0,Non-binary,67,SIM-0179,synthetic_simulation,5,1,5,1,5,2,2,4,3,5,2,1,2,1,4,3,Buddhism,Galle,Group C
36,71,2,2,1,6,56,2,1,2,0,2,1,2,2,0,1,0,Non-binary,69,SIM-0180,synthetic_simulation,1,1,4,2,1,4,1,5,5,4,3,4,4,2,5,2,Hinduism,Kandy,Group C
24,76,1,0,0,8,69,1,1,2,2,2,1,1,1,0,1,1,Female,65,SIM-0181,synthetic_simulation,1,1,4,1,2,3,1,3,1,2,5,2,2,4,2,3,Other,Galle,Group D
15,76,0,0,0,8,53,2,1,1,1,2,1,1,4,0,0,2,Female,65,SIM-0182,synthetic_simulation,3,4,4,1,3,5,4,1,1,2,4,5,1,4,1,5,Christianity,Kandy,Group A
14,71,2,2,1,8,85,1,1,2,2,0,1,1,4,0,1,2,Non-binary,64,SIM-0183,synthetic_simulation,1,2,1,1,5,2,1,4,2,1,1,1,5,4,2,5,Buddhism,Kandy,Group C
23,71,1,1,1,9,75,1,1,1,1,2,1,0,2,0,0,2,Non-binary,63,SIM-0184,synthetic_simulation,2,5,4,3,4,3,5,5,3,2,1,5,2,2,4,2,Other,Colombo,Group C
19,94,1,2,1,5,95,2,1,3,1,1,1,2,2,0,1,1,Female,69,SIM-0185,synthetic_simulation,2,4,2,5,4,4,2,5,1,5,3,4,2,1,5,3,Christianity,Galle,Group A
24,63,2,1,1,6,57,2,1,1,1,0,0,1,5,0,0,2,Non-binary,64,SIM-0186,synthetic_simulation,4,2,4,5,5,2,4,1,3,5,1,4,1,2,1,5,Buddhism,Jaffna,Group B
23,87,0,0,1,8,91,0,1,0,0,2,0,2,3,0,1,1,Male,72,SIM-0187,synthetic_simulation,5,2,2,4,1,4,4,5,2,5,5,5,4,4,5,1,Buddhism,Colombo,Group A
20,67,1,2,1,7,76,2,1,0,2,2,1,1,4,0,1,2,Female,63,SIM-0188,synthetic_simulation,1,4,3,1,4,4,1,5,4,4,4,5,5,2,3,1,Other,Galle,Group A
15,74,1,0,1,4,68,1,1,3,1,2,1,2,3,0,1,2,Non-binary,64,SIM-0189,synthetic_simulation,1,4,1,3,4,4,1,3,3,4,1,4,2,5,5,2,Buddhism,Colombo,Group B
11,62,2,0,1,5,82,2,1,3,0,2,0,1,4,0,0,1,Female,64,SIM-0190,synthetic_simulation,3,2,1,2,2,5,3,3,4,3,1,2,2,1,5,4,Christianity,Negombo,Group B
17,71,2,2,1,8,90,2,1,5,2,2,1,2,1,0,2,0,Non-binary,67,SIM-0191,synthetic_simulation,2,2,5,2,2,3,3,5,3,2,2,5,2,5,5,4,Buddhism,Colombo,Group A
25,91,2,2,0,8,72,1,1,2,2,0,1,2,0,0,2,2,Male,71,SIM-0192,synthetic_simulation,5,2,3,4,2,3,4,2,5,5,1,3,2,4,1,3,Islam,Jaffna,Group C
21,95,2,2,0,5,62,0,1,1,2,1,1,2,4,0,1,2,Male,70,SIM-0193,synthetic_simulation,4,4,2,4,4,1,4,1,4,2,1,3,1,1,1,2,Christianity,Negombo,Group C
13,69,2,1,1,9,96,1,1,0,0,2,0,1,4,0,1,0,Male,61,SIM-0194,synthetic_simulation,2,2,3,1,4,2,1,2,5,3,5,5,2,5,1,2,Other,Jaffna,Group D
21,79,2,0,1,7,66,1,1,2,1,2,1,0,4,0,0,1,Female,67,SIM-0195,synthetic_simulation,4,1,1,1,5,4,5,2,5,3,1,1,5,2,2,5,Other,Jaffna,Group B
22,79,0,2,0,5,100,2,1,4,0,0,1,0,3,0,0,2,Non-binary,72,SIM-0196,synthetic_simulation,3,4,2,2,5,2,5,5,2,5,2,4,1,3,4,5,Buddhism,Galle,Group A
15,95,1,1,1,6,88,1,1,1,1,2,1,0,5,0,1,2,Female,66,SIM-0197,synthetic_simulation,3,1,3,2,1,3,1,1,2,2,2,2,2,2,4,1,Christianity,Kandy,Group C
21,91,2,0,1,5,84,2,1,1,0,1,1,1,2,0,1,2,Female,70,SIM-0198,synthetic_simulation,1,3,1,2,4,3,3,2,1,3,2,3,5,4,5,1,Other,Colombo,Group A
20,81,0,2,1,6,51,0,0,3,2,2,1,1,4,1,1,2,Female,67,SIM-0199,synthetic_simulation,5,4,2,2,5,4,3,3,4,1,1,3,3,3,2,2,Islam,Jaffna,Group B
13,87,0,1,1,4,72,2,1,2,2,0,1,1,3,0,1,1,Male,67,SIM-0200,synthetic_simulation,4,3,2,5,5,5,5,3,1,4,3,1,3,1,4,5,Hinduism,Negombo,Group A
22,94,1,2,1,7,75,0,1,2,0,2,1,1,2,0,0,2,Male,71,SIM-0201,synthetic_simulation,2,2,1,1,2,4,4,1,4,2,3,5,5,3,1,5,Islam,Galle,Group B
23,60,0,2,1,8,69,2,1,1,1,2,0,2,4,0,0,2,Non-binary,66,SIM-0202,synthetic_simulation,3,2,2,1,2,4,1,2,2,5,5,1,2,1,3,2,Islam,Colombo,Group D
26,76,2,2,1,5,57,2,1,1,2,2,1,2,4,0,1,2,Male,68,SIM-0203,synthetic_simulation,1,5,1,2,2,1,4,4,2,3,3,2,2,5,3,1,Christianity,Colombo,Group D
26,96,2,2,1,7,68,2,1,3,0,2,0,2,3,0,0,2,Non-binary,74,SIM-0204,synthetic_simulation,1,2,4,3,3,5,3,4,2,3,5,5,1,5,4,5,Buddhism,Galle,Group B
12,90,2,1,1,6,54,2,0,1,0,2,1,1,3,0,1,2,Non-binary,64,SIM-0205,synthetic_simulation,4,3,4,2,5,2,5,1,4,3,5,3,2,5,2,4,Other,Colombo,Group D
14,82,2,2,0,8,65,2,1,1,1,2,0,2,3,0,0,2,Male,65,SIM-0206,synthetic_simulation,3,2,2,4,2,5,4,1,2,4,2,3,1,5,4,3,Buddhism,Kandy,Group C
23,81,1,2,1,4,54,2,1,1,1,2,1,1,3,0,0,2,Male,66,SIM-0207,synthetic_simulation,5,4,2,3,2,4,3,4,1,2,4,4,2,5,1,1,Christianity,Kandy,Group B
23,74,2,0,1,8,88,1,1,0,2,0,1,0,3,1,1,2,Male,66,SIM-0208,synthetic_simulation,3,2,1,4,4,4,3,2,5,3,5,2,4,3,2,4,Christianity,Colombo,Group B
23,81,2,1,0,4,84,2,1,2,2,2,1,2,5,0,1,2,Non-binary,68,SIM-0209,synthetic_simulation,4,5,2,3,2,4,3,2,4,4,1,3,4,1,3,2,Other,Colombo,Group C
43,86,0,2,1,7,97,2,1,2,2,0,1,2,1,0,1,2,Female,78,SIM-0210,synthetic_simulation,4,2,5,4,4,4,4,5,5,1,2,1,5,5,5,2,Islam,Galle,Group C
23,77,2,0,1,6,69,1,1,1,2,2,0,2,2,0,1,1,Non-binary,67,SIM-0211,synthetic_simulation,3,3,4,2,1,4,2,1,1,2,1,3,4,5,1,3,Christianity,Negombo,Group B
27,89,2,0,1,6,89,2,1,3,2,2,0,2,3,0,1,2,Non-binary,74,SIM-0212,synthetic_simulation,4,3,2,2,2,5,5,2,3,5,1,1,3,1,2,5,Other,Jaffna,Group D
26,94,2,0,0,5,79,0,1,1,1,0,1,2,2,0,2,2,Female,74,SIM-0213,synthetic_simulation,3,2,2,3,4,4,3,4,2,2,3,1,3,3,5,4,Islam,Jaffna,Group C
24,66,2,1,0,9,82,1,1,1,2,2,1,1,2,1,1,2,Non-binary,62,SIM-0214,synthetic_simulation,2,3,3,4,2,3,4,4,1,3,1,5,1,5,1,5,Hinduism,Negombo,Group A
18,78,0,2,1,5,77,2,0,2,2,2,1,1,4,0,1,0,Non-binary,66,SIM-0215,synthetic_simulation,3,3,2,5,1,3,1,3,3,5,5,5,3,3,3,4,Hinduism,Colombo,Group A
25,76,2,2,1,5,89,0,1,3,2,0,1,1,3,0,1,0,Male,69,SIM-0216,synthetic_simulation,3,5,5,3,2,1,5,2,4,2,1,3,2,5,2,2,Christianity,Jaffna,Group B
15,87,2,0,1,10,52,2,1,2,1,0,0,2,3,0,0,2,Male,68,SIM-0217,synthetic_simulation,4,4,4,3,4,2,1,5,1,5,1,3,1,3,4,2,Other,Kandy,Group C
19,70,2,1,0,7,54,0,1,0,2,2,1,2,2,1,1,1,Female,89,SIM-0218,synthetic_simulation,4,5,3,1,1,3,1,5,4,2,3,1,4,4,2,5,Hinduism,Galle,Group A
17,86,0,1,0,5,55,1,0,2,0,2,0,1,4,0,0,2,Male,66,SIM-0219,synthetic_simulation,1,1,1,3,1,1,4,1,5,1,1,5,4,5,2,5,Buddhism,Negombo,Group C
20,95,1,2,1,7,64,1,0,2,2,0,1,1,3,0,1,2,Male,68,SIM-0220,synthetic_simulation,1,5,1,5,1,5,2,3,5,1,5,3,3,5,1,4,Buddhism,Jaffna,Group A
34,77,2,1,1,7,80,1,1,0,2,2,1,2,3,0,1,2,Male,69,SIM-0221,synthetic_simulation,2,2,4,2,3,2,4,4,4,1,5,5,3,2,4,3,Other,Negombo,Group A
9,96,2,2,1,4,82,0,0,0,1,2,1,2,4,0,0,2,Female,67,SIM-0222,synthetic_simulation,1,4,1,4,4,4,4,4,5,2,1,2,2,2,3,2,Buddhism,Colombo,Group B
24,100,0,0,1,6,86,1,1,2,2,2,0,2,5,0,1,2,Female,75,SIM-0223,synthetic_simulation,3,2,5,1,3,4,5,1,5,5,5,1,4,3,5,4,Christianity,Jaffna,Group C
10,64,2,0,0,7,64,0,1,0,2,2,1,2,4,1,1,1,Male,60,SIM-0224,synthetic_simulation,4,1,2,4,1,5,4,5,2,1,5,5,3,2,3,1,Hinduism,Negombo,Group C
17,69,0,2,1,9,83,2,1,2,2,0,0,2,4,1,0,1,Non-binary,66,SIM-0225,synthetic_simulation,1,4,4,2,3,2,5,5,4,4,3,3,4,3,4,5,Hinduism,Jaffna,Group B
27,98,1,0,1,7,56,1,1,1,0,2,0,2,3,0,0,2,Female,73,SIM-0226,synthetic_simulation,1,3,3,3,2,3,3,4,4,4,2,1,4,5,5,2,Other,Jaffna,Group C
20,98,2,1,0,7,50,1,1,1,2,0,0,1,2,0,1,2,Female,68,SIM-0227,synthetic_simulation,2,5,2,5,3,2,5,1,3,1,2,4,3,5,2,3,Islam,Jaffna,Group C
14,64,2,2,1,6,85,2,1,0,2,2,1,1,3,0,1,2,Non-binary,62,SIM-0228,synthetic_simulation,2,2,1,1,5,1,4,2,2,1,4,1,4,4,5,3,Hinduism,Negombo,Group A
16,61,2,2,0,9,86,1,1,2,1,0,1,2,2,0,1,2,Non-binary,62,SIM-0229,synthetic_simulation,3,1,1,5,1,5,3,3,1,3,2,2,3,4,2,1,Islam,Galle,Group A
24,66,0,1,1,8,81,0,1,1,2,2,1,1,4,0,1,0,Male,65,SIM-0230,synthetic_simulation,4,3,3,5,1,3,3,5,2,4,1,1,5,2,4,5,Islam,Galle,Group C
16,100,0,1,1,8,63,0,1,2,1,2,1,0,3,0,1,1,Non-binary,69,SIM-0231,synthetic_simulation,2,5,5,5,4,2,2,5,1,4,5,5,3,5,3,5,Other,Negombo,Group C
21,67,2,2,0,7,96,1,1,3,1,2,1,1,2,0,1,0,Non-binary,64,SIM-0232,synthetic_simulation,1,3,3,5,2,2,4,5,4,1,2,5,4,3,1,4,Islam,Kandy,Group C
20,80,2,0,0,5,94,2,1,0,1,1,0,2,4,1,2,1,Non-binary,67,SIM-0233,synthetic_simulation,4,5,4,2,4,3,1,2,2,3,3,3,5,2,5,1,Islam,Colombo,Group A
16,94,0,0,1,9,76,2,1,0,1,0,1,1,2,0,1,2,Male,70,SIM-0234,synthetic_simulation,4,4,3,5,3,1,4,2,3,5,4,3,4,4,1,3,Other,Negombo,Group A
33,61,2,2,0,7,99,0,1,2,2,0,1,1,3,0,0,2,Male,70,SIM-0235,synthetic_simulation,1,3,1,5,5,1,1,3,5,3,1,1,4,1,1,3,Other,Kandy,Group A
24,84,0,1,0,7,65,1,1,3,2,0,1,2,3,0,1,2,Male,69,SIM-0236,synthetic_simulation,2,3,5,2,5,2,2,5,1,3,2,1,5,3,5,1,Other,Negombo,Group B
8,71,0,1,0,8,75,2,1,0,2,0,1,2,3,0,1,2,Male,61,SIM-0237,synthetic_simulation,1,3,5,4,5,4,4,4,5,4,5,1,2,1,1,1,Other,Colombo,Group D
21,94,2,2,0,7,96,1,1,0,2,2,0,1,2,1,2,1,Female,69,SIM-0238,synthetic_simulation,4,4,3,2,5,3,2,5,4,1,3,5,5,2,1,3,Other,Negombo,Group B
16,71,0,2,1,5,73,2,1,1,2,2,1,1,0,1,1,2,Male,63,SIM-0239,synthetic_simulation,5,1,4,3,2,1,1,3,4,1,2,5,4,2,1,1,Buddhism,Jaffna,Group C
25,87,2,1,1,7,74,1,1,0,2,0,1,1,4,1,1,2,Male,67,SIM-0240,synthetic_simulation,5,5,1,2,3,1,5,3,4,1,5,4,4,1,3,1,Christianity,Negombo,Group D
15,87,1,2,0,4,54,2,1,1,2,2,1,1,6,0,1,1,Non-binary,65,SIM-0241,synthetic_simulation,3,3,2,4,5,1,4,4,5,3,2,4,2,2,2,5,Hinduism,Kandy,Group D
19,69,2,2,1,7,61,0,1,3,0,0,1,1,4,0,1,1,Male,66,SIM-0242,synthetic_simulation,1,4,5,3,1,5,3,2,4,3,1,4,5,2,3,1,Other,Negombo,Group C
23,61,1,2,0,9,58,2,1,4,2,2,1,1,2,0,1,2,Male,63,SIM-0243,synthetic_simulation,1,1,3,3,3,4,3,4,4,2,4,3,3,5,3,3,Islam,Galle,Group D
25,76,2,0,1,4,78,2,1,2,2,2,0,0,3,0,1,1,Non-binary,68,SIM-0244,synthetic_simulation,3,5,4,1,2,1,2,3,5,5,5,5,4,3,2,2,Hinduism,Negombo,Group A
13,72,0,0,0,7,66,2,1,0,1,0,1,1,4,0,2,2,Male,65,SIM-0245,synthetic_simulation,3,4,4,5,5,4,5,4,4,2,4,1,5,4,2,3,Other,Kandy,Group C
18,92,1,2,1,8,54,2,1,1,2,2,1,2,3,0,1,2,Non-binary,67,SIM-0246,synthetic_simulation,3,5,1,3,2,2,3,5,1,5,4,1,1,5,1,5,Buddhism,Negombo,Group B
17,92,1,1,1,8,75,2,1,2,2,0,1,1,3,0,2,2,Female,68,SIM-0247,synthetic_simulation,4,3,5,3,5,2,3,3,2,2,3,4,4,2,3,1,Islam,Galle,Group D
16,78,2,0,0,6,83,2,1,0,1,1,1,1,3,1,0,2,Non-binary,64,SIM-0248,synthetic_simulation,1,1,1,4,1,5,4,2,1,2,5,3,3,4,5,3,Buddhism,Negombo,Group D
31,84,2,2,0,5,87,0,1,0,2,2,0,2,3,0,0,1,Non-binary,71,SIM-0249,synthetic_simulation,4,4,2,3,3,4,3,2,4,2,3,3,4,2,5,4,Christianity,Colombo,Group D
22,84,2,2,1,6,92,1,1,0,2,2,1,1,5,0,1,2,Female,69,SIM-0250,synthetic_simulation,3,1,2,4,1,3,1,4,4,2,4,4,5,3,1,2,Christianity,Galle,Group D
12,93,2,2,1,9,74,1,1,1,2,2,1,1,3,0,2,1,Non-binary,67,SIM-0251,synthetic_simulation,1,3,2,5,5,5,2,4,4,3,1,1,2,2,3,3,Other,Colombo,Group B
26,77,1,2,0,4,70,1,1,2,0,1,1,1,3,1,0,1,Non-binary,65,SIM-0252,synthetic_simulation,4,1,4,1,4,1,3,4,4,5,1,3,1,1,1,1,Christianity,Galle,Group C
33,71,1,2,0,5,84,2,1,1,2,2,1,2,2,0,1,2,Female,68,SIM-0253,synthetic_simulation,4,1,5,1,3,2,4,5,5,2,2,2,3,1,3,5,Other,Kandy,Group D
26,71,0,2,1,6,51,1,0,1,0,2,0,2,3,0,2,1,Non-binary,67,SIM-0254,synthetic_simulation,3,2,1,5,2,2,1,2,2,2,2,4,4,1,1,2,Other,Negombo,Group A
11,81,2,2,1,6,82,0,1,3,2,0,1,1,4,0,1,2,Female,67,SIM-0255,synthetic_simulation,1,1,1,5,5,3,3,3,5,1,5,1,3,1,2,4,Christianity,Negombo,Group C
17,78,2,0,1,7,70,2,0,2,1,0,1,2,3,0,1,2,Female,66,SIM-0256,synthetic_simulation,3,5,2,2,1,5,2,3,5,3,1,2,2,4,5,4,Christianity,Colombo,Group D
28,78,0,2,0,9,73,0,1,2,2,2,1,1,4,0,0,1,Female,70,SIM-0257,synthetic_simulation,1,4,5,3,4,4,2,2,4,4,4,5,1,1,1,1,Buddhism,Galle,Group B
16,64,0,1,1,5,65,2,1,3,2,0,0,2,4,0,2,1,Male,65,SIM-0258,synthetic_simulation,5,2,5,3,5,2,2,4,1,1,1,1,3,2,3,4,Buddhism,Kandy,Group D
23,89,1,1,1,7,56,1,1,4,2,1,0,2,4,0,2,2,Female,69,SIM-0259,synthetic_simulation,2,4,3,3,2,1,3,1,1,4,5,2,5,5,5,2,Buddhism,Galle,Group C
25,69,2,2,1,7,70,1,0,1,0,0,1,2,4,0,1,0,Non-binary,65,SIM-0260,synthetic_simulation,2,4,5,4,1,3,1,4,3,2,2,5,5,2,1,4,Islam,Jaffna,Group B
14,68,0,2,0,6,65,2,1,1,0,2,1,1,3,1,0,2,Male,63,SIM-0261,synthetic_simulation,2,3,5,2,3,3,5,2,2,5,2,3,3,2,4,1,Islam,Colombo,Group A
20,77,2,2,0,5,98,1,1,2,1,0,0,1,2,0,2,0,Non-binary,67,SIM-0262,synthetic_simulation,3,3,1,3,4,3,2,5,3,4,3,1,1,2,5,4,Hinduism,Galle,Group A
1,69,0,2,1,6,97,2,1,1,1,2,1,2,3,0,1,2,Female,61,SIM-0263,synthetic_simulation,5,2,5,4,5,1,1,4,5,4,2,1,4,2,4,5,Other,Colombo,Group D
14,83,2,1,1,6,82,2,1,0,2,2,1,2,2,0,1,2,Male,65,SIM-0264,synthetic_simulation,1,3,5,4,5,3,4,3,3,4,4,3,5,5,3,2,Other,Jaffna,Group D
18,75,1,0,1,8,95,2,1,1,1,1,1,1,2,0,0,2,Non-binary,66,SIM-0265,synthetic_simulation,4,3,1,1,5,4,4,5,3,5,5,1,4,1,2,1,Islam,Galle,Group D
13,78,2,0,1,8,88,0,1,0,0,1,1,1,3,0,0,2,Male,66,SIM-0266,synthetic_simulation,1,3,5,4,5,4,1,2,3,1,2,4,4,3,2,1,Islam,Galle,Group D
30,81,2,1,1,5,67,2,1,1,0,0,1,0,1,0,1,2,Male,69,SIM-0267,synthetic_simulation,4,4,1,5,1,5,4,1,2,3,2,2,3,4,3,5,Other,Colombo,Group A
11,68,2,2,0,6,80,2,1,2,2,2,1,2,3,0,0,1,Female,63,SIM-0268,synthetic_simulation,1,2,3,4,3,5,4,4,1,5,4,5,5,5,4,1,Hinduism,Jaffna,Group A
17,66,1,0,0,6,61,2,1,1,0,2,1,2,6,0,2,2,Male,65,SIM-0269,synthetic_simulation,5,4,4,5,2,4,2,5,1,1,2,5,3,5,2,3,Christianity,Kandy,Group D
21,95,1,1,0,10,84,1,1,0,0,2,1,1,4,1,1,2,Non-binary,67,SIM-0270,synthetic_simulation,4,5,1,5,4,1,3,5,3,2,4,2,2,5,2,1,Hinduism,Negombo,Group A
29,77,0,0,1,7,52,2,1,2,0,2,1,0,3,1,1,2,Male,69,SIM-0271,synthetic_simulation,3,4,1,1,5,5,3,3,2,1,2,4,4,4,4,4,Islam,Colombo,Group C
11,76,1,2,1,5,92,2,1,4,2,1,1,0,2,0,2,2,Male,65,SIM-0272,synthetic_simulation,1,5,5,1,5,3,3,4,1,4,4,1,1,2,1,1,Islam,Colombo,Group B
27,61,2,2,0,6,79,2,1,1,1,2,1,2,3,0,1,1,Female,65,SIM-0273,synthetic_simulation,1,1,1,4,3,4,3,1,4,1,2,3,4,4,2,2,Christianity,Negombo,Group D
20,80,0,1,1,6,53,2,1,0,1,2,1,1,2,0,0,1,Female,65,SIM-0274,synthetic_simulation,4,1,2,1,3,2,1,5,1,1,5,3,1,5,2,1,Christianity,Galle,Group A
14,82,2,0,1,8,94,1,1,2,1,0,1,0,5,0,0,0,Female,67,SIM-0275,synthetic_simulation,3,5,2,1,1,1,2,3,1,2,3,1,3,2,1,2,Hinduism,Colombo,Group A
23,82,1,2,1,8,94,2,1,1,2,2,1,0,2,1,1,2,Female,66,SIM-0276,synthetic_simulation,3,5,3,3,1,1,1,4,2,2,3,5,5,5,4,5,Other,Kandy,Group B
21,88,2,0,0,7,93,2,1,4,1,2,1,2,3,0,1,2,Female,72,SIM-0277,synthetic_simulation,5,4,1,4,1,4,4,4,2,1,1,2,4,3,4,3,Other,Jaffna,Group C
16,67,2,0,0,7,89,0,1,3,1,2,1,2,3,0,0,2,Male,66,SIM-0278,synthetic_simulation,3,5,5,4,4,2,2,1,1,5,3,2,2,1,1,4,Buddhism,Galle,Group B
20,70,2,2,1,7,84,1,0,2,2,0,0,1,4,0,0,0,Female,65,SIM-0279,synthetic_simulation,3,2,5,4,1,1,5,3,4,2,4,5,4,1,2,3,Hinduism,Colombo,Group D
18,92,0,2,1,7,70,2,1,1,1,2,1,1,3,0,1,1,Male,69,SIM-0280,synthetic_simulation,3,1,4,1,5,5,3,1,4,4,4,2,1,5,1,3,Islam,Kandy,Group D
21,98,2,1,0,4,57,2,1,2,0,1,1,1,2,0,1,2,Female,68,SIM-0281,synthetic_simulation,2,1,3,1,1,2,4,5,3,5,3,5,1,2,3,5,Buddhism,Negombo,Group D
24,65,2,1,0,7,64,1,1,1,0,2,1,1,1,0,2,2,Female,64,SIM-0282,synthetic_simulation,5,5,5,5,4,3,3,2,3,1,4,4,1,3,1,1,Hinduism,Galle,Group C
30,80,1,0,0,6,67,2,1,3,2,2,1,0,4,0,0,1,Non-binary,69,SIM-0283,synthetic_simulation,1,3,4,2,1,5,3,2,1,4,5,1,5,3,5,3,Other,Kandy,Group B
13,69,2,1,1,5,68,1,1,0,0,2,1,2,1,1,1,1,Female,59,SIM-0284,synthetic_simulation,4,3,5,2,1,2,3,1,1,4,4,5,2,2,4,4,Christianity,Colombo,Group C
33,62,0,2,1,10,78,2,1,0,2,2,0,2,3,0,1,1,Female,68,SIM-0285,synthetic_simulation,1,5,4,2,5,4,5,1,1,5,5,4,2,2,2,2,Islam,Negombo,Group A
8,73,2,2,0,7,60,2,0,0,0,2,0,1,3,0,1,2,Male,60,SIM-0286,synthetic_simulation,5,2,2,3,5,1,4,2,4,1,5,5,1,3,2,5,Buddhism,Colombo,Group C
19,66,2,0,0,7,59,2,1,1,0,2,1,0,3,0,1,0,Male,62,SIM-0287,synthetic_simulation,4,3,2,1,5,5,3,5,5,4,5,4,2,1,3,5,Christianity,Jaffna,Group C
24,88,1,2,1,6,86,1,1,0,1,1,1,0,3,0,0,2,Female,67,SIM-0288,synthetic_simulation,5,5,5,5,1,4,3,1,3,2,2,4,2,1,2,3,Islam,Colombo,Group D
22,81,1,0,1,8,50,0,1,4,2,2,0,2,5,0,1,0,Female,68,SIM-0289,synthetic_simulation,3,2,3,5,5,2,2,5,3,2,1,4,3,3,3,1,Other,Negombo,Group B
16,66,2,0,1,5,57,0,1,3,2,2,1,2,3,0,1,1,Non-binary,64,SIM-0290,synthetic_simulation,4,2,1,2,3,3,3,5,5,5,4,1,2,4,3,3,Other,Jaffna,Group A
19,60,2,0,1,7,72,0,1,3,1,0,1,2,3,0,1,1,Non-binary,65,SIM-0291,synthetic_simulation,3,4,3,3,2,1,2,3,1,2,2,5,1,3,4,2,Other,Jaffna,Group C
17,92,1,1,1,6,57,2,1,2,2,2,0,2,2,1,1,1,Male,65,SIM-0292,synthetic_simulation,1,2,3,3,2,1,4,5,3,3,1,5,5,5,3,3,Hinduism,Galle,Group B
16,67,0,2,0,8,98,2,1,0,1,1,1,1,3,0,1,2,Male,63,SIM-0293,synthetic_simulation,1,3,1,2,5,5,4,4,4,1,2,5,3,4,4,1,Islam,Colombo,Group B
25,84,2,1,1,6,84,1,1,2,2,0,1,2,3,0,1,2,Male,70,SIM-0294,synthetic_simulation,4,3,2,2,4,4,4,2,5,4,4,4,2,2,3,5,Hinduism,Galle,Group D
22,73,1,2,1,9,72,1,1,3,2,2,1,2,3,0,1,2,Male,66,SIM-0295,synthetic_simulation,4,5,2,1,5,2,2,2,4,4,5,2,3,3,1,4,Other,Negombo,Group B
16,83,2,0,1,7,56,1,1,4,0,2,1,2,3,0,1,2,Male,68,SIM-0296,synthetic_simulation,5,5,1,3,5,2,5,1,1,5,2,2,4,3,4,5,Islam,Galle,Group B
25,73,1,1,0,8,69,2,1,3,2,2,0,2,3,0,1,2,Non-binary,66,SIM-0297,synthetic_simulation,5,2,4,5,1,4,5,1,3,5,1,5,3,4,5,1,Islam,Galle,Group A
22,63,1,1,0,8,83,2,1,3,2,2,0,0,1,0,0,2,Non-binary,63,SIM-0298,synthetic_simulation,3,1,3,2,4,1,3,3,4,4,1,2,3,3,1,5,Other,Negombo,Group B
25,69,0,2,1,9,98,2,1,1,1,2,1,0,3,1,0,1,Male,66,SIM-0299,synthetic_simulation,4,4,5,1,5,4,4,3,5,2,1,2,3,5,3,3,Hinduism,Jaffna,Group C
24,68,2,2,1,6,74,2,1,1,2,2,1,1,3,0,1,2,Non-binary,65,SIM-0300,synthetic_simulation,1,1,2,5,3,2,1,4,1,5,2,2,2,1,5,3,Buddhism,Colombo,Group A
15,77,2,2,1,8,85,0,1,1,1,2,1,2,2,0,2,1,Non-binary,66,SIM-0301,synthetic_simulation,5,2,5,3,2,4,3,1,3,3,1,4,3,3,4,3,Other,Galle,Group B
17,86,0,1,1,4,60,0,1,2,0,1,0,2,3,1,0,1,Male,67,SIM-0302,synthetic_simulation,5,2,1,2,3,1,5,2,3,5,3,5,5,1,5,3,Other,Kandy,Group D
24,71,2,2,1,7,81,2,1,0,1,2,0,2,3,0,1,2,Female,66,SIM-0303,synthetic_simulation,1,1,5,2,3,5,5,4,1,2,1,5,2,2,5,1,Buddhism,Jaffna,Group A
24,60,1,2,0,6,62,0,1,4,1,0,1,0,3,0,1,2,Male,63,SIM-0304,synthetic_simulation,5,4,5,1,3,1,4,1,1,1,1,3,1,2,3,2,Buddhism,Galle,Group A
20,81,2,2,1,5,60,1,1,3,2,2,1,2,4,1,1,2,Male,66,SIM-0305,synthetic_simulation,3,1,3,1,4,3,2,4,1,3,2,3,4,3,1,3,Islam,Kandy,Group B
21,84,2,2,0,6,75,1,0,1,0,2,1,2,3,0,0,1,Male,67,SIM-0306,synthetic_simulation,4,5,1,3,4,3,3,5,4,5,4,2,1,2,5,5,Buddhism,Negombo,Group D
28,99,2,2,1,6,61,2,0,1,1,2,1,2,3,0,1,2,Non-binary,71,SIM-0307,synthetic_simulation,1,3,5,2,4,4,2,5,2,1,2,5,2,3,1,1,Islam,Galle,Group A
16,84,2,0,1,7,86,2,1,1,1,2,0,1,2,0,1,2,Male,67,SIM-0308,synthetic_simulation,4,5,2,1,2,1,5,4,3,1,2,2,1,1,5,1,Buddhism,Colombo,Group B
23,79,2,0,1,6,97,2,1,1,0,1,1,1,4,0,1,1,Female,69,SIM-0309,synthetic_simulation,5,3,1,2,1,1,4,1,4,4,3,4,4,4,4,4,Hinduism,Jaffna,Group B
19,83,2,2,1,7,70,2,1,2,1,2,1,0,4,1,2,2,Male,67,SIM-0310,synthetic_simulation,5,2,2,3,5,2,5,5,5,2,4,5,3,3,3,3,Islam,Galle,Group C
19,97,0,2,1,6,66,0,1,2,2,2,0,2,2,0,0,1,Male,72,SIM-0311,synthetic_simulation,1,4,4,2,5,5,4,5,3,4,2,4,1,4,5,5,Hinduism,Colombo,Group A
27,93,0,1,0,6,59,0,1,2,1,2,0,0,4,0,1,2,Female,70,SIM-0312,synthetic_simulation,3,1,5,5,1,1,1,4,2,2,3,4,2,1,3,2,Buddhism,Galle,Group A
25,73,2,0,1,7,70,1,1,0,1,2,0,1,4,0,2,1,Non-binary,67,SIM-0313,synthetic_simulation,2,4,1,2,5,4,2,5,5,1,2,5,5,1,1,2,Hinduism,Kandy,Group A
25,69,1,0,1,7,78,2,1,0,1,0,1,0,3,0,1,0,Non-binary,64,SIM-0314,synthetic_simulation,1,1,2,4,3,2,3,2,3,5,3,2,4,4,5,5,Other,Jaffna,Group A
28,71,2,2,0,8,69,0,1,1,2,0,0,1,1,0,0,1,Male,67,SIM-0315,synthetic_simulation,2,5,5,4,2,2,4,5,2,2,5,3,1,3,4,1,Buddhism,Colombo,Group B
20,80,1,0,0,8,81,2,1,3,2,2,0,0,4,0,2,2,Female,69,SIM-0316,synthetic_simulation,2,5,3,3,5,4,1,4,1,2,1,2,5,4,2,5,Islam,Colombo,Group B
24,90,1,1,0,7,83,2,1,0,1,2,0,2,3,0,0,2,Non-binary,68,SIM-0317,synthetic_simulation,3,1,2,3,2,4,1,5,2,1,1,3,4,3,1,4,Buddhism,Negombo,Group C
18,80,2,2,0,8,55,1,1,2,1,1,1,1,3,0,1,1,Non-binary,63,SIM-0318,synthetic_simulation,2,4,2,3,1,1,2,5,3,3,2,1,1,3,3,1,Christianity,Jaffna,Group B
22,63,2,0,1,7,85,2,1,4,0,0,1,0,3,0,0,2,Female,68,SIM-0319,synthetic_simulation,2,1,4,5,5,1,4,3,2,1,3,3,2,4,1,4,Other,Galle,Group D
19,89,0,2,1,7,95,2,1,0,2,2,1,2,3,0,1,2,Female,70,SIM-0320,synthetic_simulation,3,2,3,5,2,2,3,4,3,1,5,5,5,1,4,2,Islam,Kandy,Group D
21,92,2,1,1,8,51,1,1,0,2,2,1,1,2,0,0,1,Female,66,SIM-0321,synthetic_simulation,2,5,4,2,3,2,3,4,3,2,1,3,5,5,3,3,Buddhism,Galle,Group B
24,72,0,0,0,6,78,0,1,0,1,0,1,0,6,0,1,2,Non-binary,68,SIM-0322,synthetic_simulation,2,2,3,1,3,5,3,3,2,1,2,1,1,2,3,4,Other,Kandy,Group A
15,87,0,1,1,4,80,0,1,0,1,2,0,2,3,0,0,2,Male,67,SIM-0323,synthetic_simulation,2,5,2,4,1,2,5,3,2,4,2,3,1,5,3,5,Islam,Negombo,Group A
33,77,1,0,1,5,85,2,1,0,1,2,0,1,5,0,1,0,Female,69,SIM-0324,synthetic_simulation,1,5,4,4,4,4,5,2,5,1,3,2,2,1,2,3,Other,Colombo,Group D
14,96,2,1,1,9,69,0,1,0,2,2,0,0,3,1,0,2,Male,66,SIM-0325,synthetic_simulation,1,3,5,4,5,4,4,5,5,5,4,3,2,2,2,2,Islam,Kandy,Group B
13,94,2,2,1,7,91,1,1,3,1,2,1,1,3,0,1,2,Female,68,SIM-0326,synthetic_simulation,1,2,3,2,3,5,3,1,4,1,2,5,3,4,3,5,Other,Colombo,Group C
27,81,2,2,1,7,77,2,1,2,2,1,1,1,2,1,2,1,Female,69,SIM-0327,synthetic_simulation,3,2,2,2,3,3,1,1,3,1,5,5,1,5,2,4,Islam,Colombo,Group C
25,88,2,2,1,7,70,1,1,1,2,2,0,2,3,0,2,1,Female,70,SIM-0328,synthetic_simulation,5,3,1,3,1,3,3,3,5,5,5,4,2,3,3,5,Islam,Galle,Group D
24,95,2,0,1,8,86,0,1,1,2,0,0,1,3,0,0,2,Female,74,SIM-0329,synthetic_simulation,2,4,3,1,3,4,4,4,4,3,4,2,1,1,4,3,Christianity,Kandy,Group C
24,80,2,0,1,7,96,0,1,0,1,0,1,2,0,0,0,1,Male,70,SIM-0330,synthetic_simulation,2,2,3,3,5,3,3,4,3,3,5,2,2,1,3,5,Islam,Kandy,Group D
20,73,2,2,1,7,91,1,1,1,2,0,1,1,2,0,2,1,Non-binary,66,SIM-0331,synthetic_simulation,3,1,5,2,1,3,2,2,4,3,3,3,4,1,2,4,Christianity,Colombo,Group C
15,90,0,2,1,8,97,2,1,1,1,0,0,0,3,0,0,2,Non-binary,69,SIM-0332,synthetic_simulation,2,3,3,5,2,5,3,1,5,4,2,3,2,5,4,1,Buddhism,Kandy,Group D
20,69,2,0,0,6,63,1,1,0,1,2,1,0,3,0,2,2,Male,64,SIM-0333,synthetic_simulation,1,2,3,3,1,2,1,4,4,5,3,5,2,3,4,2,Buddhism,Jaffna,Group D
16,76,1,0,1,8,56,2,0,1,1,2,1,2,1,0,1,2,Female,62,SIM-0334,synthetic_simulation,5,4,5,2,5,2,4,2,2,4,4,4,4,5,2,2,Other,Negombo,Group A
26,95,1,0,0,7,77,2,1,0,2,2,1,1,3,0,1,1,Female,70,SIM-0335,synthetic_simulation,4,2,5,2,5,3,4,2,4,4,4,1,4,3,3,3,Hinduism,Jaffna,Group D
19,89,0,2,1,7,52,2,1,2,2,2,1,0,4,0,1,1,Non-binary,68,SIM-0336,synthetic_simulation,2,5,4,5,2,1,1,3,1,4,3,3,3,2,2,5,Hinduism,Galle,Group A
15,76,2,2,1,6,84,1,1,0,2,0,1,1,3,0,0,2,Male,65,SIM-0337,synthetic_simulation,1,1,2,5,1,5,4,1,1,5,1,2,2,4,1,5,Buddhism,Galle,Group C
18,69,0,0,0,7,62,1,1,3,2,2,1,2,3,0,1,1,Male,65,SIM-0338,synthetic_simulation,4,3,2,5,5,3,3,2,4,2,4,3,4,1,2,4,Christianity,Jaffna,Group C
22,74,0,0,1,6,73,1,1,3,0,0,1,2,4,0,2,1,Non-binary,71,SIM-0339,synthetic_simulation,5,5,4,1,5,1,4,2,1,2,2,4,3,3,4,2,Islam,Negombo,Group B
17,71,0,2,1,9,83,1,1,2,2,2,1,1,5,0,1,2,Female,66,SIM-0340,synthetic_simulation,4,4,2,2,2,1,3,2,4,3,4,2,3,5,3,2,Other,Kandy,Group A
15,67,2,2,0,4,74,2,1,0,1,2,1,0,3,0,0,1,Female,61,SIM-0341,synthetic_simulation,1,5,3,5,4,5,4,1,4,4,3,4,1,5,5,3,Islam,Negombo,Group D
21,90,1,2,1,8,62,1,1,2,2,0,1,0,5,1,1,2,Female,67,SIM-0342,synthetic_simulation,4,5,4,1,1,2,3,3,4,3,3,2,4,1,3,2,Islam,Negombo,Group B
21,70,1,0,1,4,94,2,1,0,1,0,0,1,2,0,0,0,Non-binary,65,SIM-0343,synthetic_simulation,3,4,4,4,5,4,3,5,1,4,5,3,5,1,4,4,Hinduism,Kandy,Group D
17,78,2,0,0,8,88,2,1,0,1,2,1,0,3,0,1,2,Non-binary,65,SIM-0344,synthetic_simulation,4,5,2,4,3,1,1,4,3,3,1,4,4,1,3,4,Buddhism,Kandy,Group D
17,75,2,0,1,6,80,2,0,1,1,2,0,2,5,0,1,1,Non-binary,65,SIM-0345,synthetic_simulation,2,3,1,4,2,4,1,1,4,1,3,5,4,2,4,2,Christianity,Kandy,Group C
21,99,2,2,0,8,85,0,1,4,2,2,1,2,4,0,1,1,Female,73,SIM-0346,synthetic_simulation,2,2,2,2,4,4,5,1,4,5,5,2,3,4,5,3,Hinduism,Kandy,Group C
11,76,2,2,1,7,71,2,0,1,2,1,1,1,2,0,0,2,Male,62,SIM-0347,synthetic_simulation,3,5,1,1,4,5,1,1,2,4,5,4,4,3,2,4,Islam,Colombo,Group B
12,63,2,0,1,5,69,1,1,0,2,0,1,0,2,0,0,1,Female,60,SIM-0348,synthetic_simulation,1,3,4,1,2,2,3,5,2,4,2,4,4,1,1,3,Islam,Jaffna,Group B
16,64,1,2,1,9,58,1,1,1,2,2,1,2,3,0,0,1,Non-binary,61,SIM-0349,synthetic_simulation,2,2,1,4,4,5,3,4,5,4,5,1,3,3,3,5,Buddhism,Colombo,Group B
19,84,1,2,1,8,90,0,1,2,1,2,0,1,3,0,2,0,Non-binary,67,SIM-0350,synthetic_simulation,5,2,3,3,5,1,4,4,1,5,1,1,3,5,5,2,Christianity,Jaffna,Group C
22,84,0,2,0,8,69,2,0,3,2,0,0,1,4,0,0,2,Non-binary,70,SIM-0351,synthetic_simulation,2,5,5,4,4,2,4,2,3,1,2,3,1,4,3,5,Buddhism,Jaffna,Group A
29,77,1,0,0,6,85,2,1,1,2,2,1,2,1,0,0,2,Non-binary,69,SIM-0352,synthetic_simulation,2,3,1,2,1,3,5,2,4,2,3,5,1,4,1,5,Other,Jaffna,Group C
25,77,2,1,1,8,65,0,0,0,2,2,1,2,5,0,0,0,Non-binary,66,SIM-0353,synthetic_simulation,1,5,5,4,3,2,3,3,4,5,3,5,4,3,1,2,Other,Negombo,Group D
19,62,2,2,0,5,90,1,1,2,1,0,1,2,3,0,0,1,Male,64,SIM-0354,synthetic_simulation,4,4,3,4,5,5,5,1,1,1,5,4,4,5,1,5,Hinduism,Jaffna,Group B
20,81,0,2,1,4,55,2,1,1,0,2,0,2,2,0,2,1,Non-binary,68,SIM-0355,synthetic_simulation,2,2,5,1,2,5,3,3,5,3,4,4,2,5,5,2,Buddhism,Kandy,Group C
14,80,0,2,1,5,81,2,1,1,1,2,1,2,4,0,2,0,Male,67,SIM-0356,synthetic_simulation,3,5,3,4,3,4,1,1,5,4,1,4,5,2,1,3,Islam,Negombo,Group B
20,66,2,2,0,6,90,0,1,0,2,2,1,1,1,0,0,2,Non-binary,64,SIM-0357,synthetic_simulation,4,2,5,5,5,3,4,4,2,4,1,2,2,1,1,5,Other,Negombo,Group C
18,64,2,2,1,6,83,0,1,2,1,2,1,2,2,0,0,2,Male,65,SIM-0358,synthetic_simulation,5,3,5,5,3,2,5,3,1,2,5,3,2,5,1,5,Hinduism,Colombo,Group A
22,65,1,0,1,6,85,2,1,2,0,2,1,2,3,1,2,2,Female,66,SIM-0359,synthetic_simulation,1,1,2,3,4,3,2,4,5,3,1,3,4,1,1,4,Other,Galle,Group D
15,64,2,2,1,6,76,0,1,2,2,2,0,2,4,1,1,2,Female,63,SIM-0360,synthetic_simulation,5,5,1,2,2,4,3,2,5,1,2,1,3,1,5,5,Other,Negombo,Group A
23,84,0,2,1,6,78,1,1,2,1,1,1,0,2,0,1,1,Female,68,SIM-0361,synthetic_simulation,4,5,5,2,2,3,1,4,3,3,5,4,3,3,3,1,Other,Kandy,Group B
29,68,2,0,1,4,53,2,1,1,2,2,0,0,4,0,1,0,Male,66,SIM-0362,synthetic_simulation,4,2,4,1,1,3,2,5,2,3,4,4,5,1,5,5,Other,Negombo,Group D
19,70,2,2,0,7,63,1,0,3,1,1,1,1,5,0,1,2,Male,63,SIM-0363,synthetic_simulation,4,3,2,2,4,2,1,3,2,2,3,2,3,3,5,5,Buddhism,Colombo,Group A
22,67,1,2,0,7,86,1,1,1,1,2,1,2,3,0,1,1,Non-binary,63,SIM-0364,synthetic_simulation,5,4,1,3,1,3,1,1,2,1,1,4,4,4,1,4,Islam,Negombo,Group D
24,98,0,2,1,6,97,2,1,1,2,2,1,2,4,0,0,0,Female,74,SIM-0365,synthetic_simulation,4,3,2,5,1,4,3,4,5,2,3,4,3,5,2,1,Buddhism,Galle,Group D
18,94,2,0,1,9,77,1,1,1,2,0,1,2,2,0,0,1,Non-binary,70,SIM-0366,synthetic_simulation,5,5,1,1,4,1,1,3,4,1,4,3,1,3,3,3,Hinduism,Jaffna,Group D
21,69,0,0,1,7,86,2,1,2,1,2,0,1,3,0,1,2,Female,68,SIM-0367,synthetic_simulation,4,4,3,5,5,1,5,1,5,5,4,4,5,2,3,2,Hinduism,Negombo,Group C
20,73,2,2,1,7,84,2,1,0,2,2,1,1,4,0,2,1,Non-binary,66,SIM-0368,synthetic_simulation,3,3,5,3,1,5,2,3,5,5,2,2,3,3,2,5,Hinduism,Colombo,Group B
21,68,2,1,0,8,100,1,1,0,2,2,1,2,4,0,1,0,Female,63,SIM-0369,synthetic_simulation,4,1,4,1,3,1,1,3,1,4,4,2,3,1,3,3,Islam,Galle,Group A
15,80,1,0,0,5,90,2,1,4,1,2,1,2,3,0,0,0,Female,67,SIM-0370,synthetic_simulation,5,2,2,4,5,2,1,5,2,2,4,5,1,2,1,3,Buddhism,Jaffna,Group B
20,61,2,2,0,7,81,2,1,1,2,1,1,1,3,0,1,1,Male,62,SIM-0371,synthetic_simulation,2,3,2,2,4,5,4,4,2,5,1,5,2,1,1,2,Hinduism,Negombo,Group D
23,87,0,0,0,8,56,2,1,1,2,0,1,2,3,0,2,1,Male,71,SIM-0372,synthetic_simulation,4,3,2,3,2,1,4,5,3,3,3,1,4,2,1,2,Buddhism,Kandy,Group D
29,81,0,2,0,7,68,2,1,2,2,2,1,1,4,0,2,2,Male,72,SIM-0373,synthetic_simulation,2,1,2,1,5,1,5,2,2,3,1,2,3,3,1,3,Islam,Negombo,Group D
26,96,2,2,1,5,63,2,0,1,0,2,0,2,2,0,2,2,Non-binary,72,SIM-0374,synthetic_simulation,3,5,5,5,1,5,4,3,5,5,1,2,1,1,4,1,Islam,Kandy,Group D
33,67,2,2,1,6,93,0,1,0,1,0,1,1,3,0,1,0,Non-binary,68,SIM-0375,synthetic_simulation,1,2,1,1,3,2,1,4,1,2,5,3,1,3,1,4,Hinduism,Colombo,Group D
15,92,2,1,1,7,72,1,1,1,2,2,1,0,5,0,1,2,Non-binary,66,SIM-0376,synthetic_simulation,3,3,5,4,4,5,1,2,3,4,5,5,2,5,4,3,Buddhism,Jaffna,Group D
25,92,2,2,0,4,77,2,1,0,1,2,1,2,3,0,1,2,Non-binary,70,SIM-0377,synthetic_simulation,4,4,3,3,2,2,2,2,5,3,2,1,3,2,3,2,Christianity,Negombo,Group B
21,65,2,1,1,5,98,0,0,2,1,2,0,2,4,0,2,2,Non-binary,66,SIM-0378,synthetic_simulation,2,3,5,1,3,2,4,5,5,4,2,3,2,4,3,4,Islam,Jaffna,Group C
33,76,2,2,1,10,92,1,1,1,0,2,0,2,3,0,2,2,Male,72,SIM-0379,synthetic_simulation,2,2,5,3,2,4,3,2,3,3,4,3,5,4,4,2,Hinduism,Kandy,Group C
15,67,0,2,1,8,89,1,1,0,0,0,1,1,4,0,1,1,Non-binary,64,SIM-0380,synthetic_simulation,5,3,3,3,4,1,4,1,5,1,2,5,1,3,3,3,Islam,Galle,Group B
15,70,0,2,0,9,57,2,1,1,2,2,0,0,3,0,1,2,Female,63,SIM-0381,synthetic_simulation,2,1,5,5,5,1,1,1,5,5,2,3,4,2,5,4,Buddhism,Colombo,Group B
16,71,2,2,0,8,51,2,1,0,1,2,1,0,2,0,2,0,Non-binary,61,SIM-0382,synthetic_simulation,5,3,1,2,1,3,2,1,1,2,4,5,1,2,2,2,Christianity,Negombo,Group B
7,82,0,0,1,8,56,2,1,0,1,2,0,0,2,0,1,0,Female,62,SIM-0383,synthetic_simulation,1,3,4,4,4,5,4,2,1,3,3,2,2,3,5,2,Christianity,Galle,Group B
17,76,2,0,0,7,87,0,1,1,2,0,1,2,4,0,1,2,Male,68,SIM-0384,synthetic_simulation,4,4,3,1,3,4,2,3,1,5,4,2,4,4,4,1,Christianity,Colombo,Group A
15,98,1,2,1,8,71,1,1,1,2,2,1,2,3,0,1,2,Non-binary,68,SIM-0385,synthetic_simulation,5,1,2,2,5,1,4,4,2,4,4,5,4,5,2,2,Christianity,Kandy,Group C
21,65,1,2,0,9,56,0,1,1,2,2,1,2,5,0,1,1,Non-binary,63,SIM-0386,synthetic_simulation,1,1,1,5,2,3,5,1,3,2,3,4,1,4,4,5,Other,Colombo,Group C
22,99,2,1,1,8,87,1,1,1,2,2,0,1,4,0,1,1,Female,70,SIM-0387,synthetic_simulation,2,3,4,2,5,4,1,1,1,2,4,4,4,1,1,3,Buddhism,Jaffna,Group B
31,69,0,1,1,7,60,2,1,1,1,2,1,1,3,0,2,2,Male,68,SIM-0388,synthetic_simulation,2,4,1,3,5,2,1,1,5,5,5,1,3,4,2,5,Christianity,Kandy,Group A
26,91,0,2,1,7,79,2,1,1,1,2,0,1,5,0,1,2,Male,72,SIM-0389,synthetic_simulation,1,3,1,3,3,1,3,5,2,5,2,4,1,1,4,3,Buddhism,Colombo,Group B
17,74,2,2,1,8,87,2,1,4,1,1,1,2,3,0,0,2,Female,67,SIM-0390,synthetic_simulation,2,3,2,4,1,5,1,5,3,5,4,1,2,1,1,1,Other,Jaffna,Group C
15,66,1,0,0,6,80,2,0,1,1,2,0,1,1,0,0,2,Male,61,SIM-0391,synthetic_simulation,1,2,4,1,5,4,3,1,1,1,1,5,5,5,3,3,Hinduism,Jaffna,Group A
23,94,1,2,0,8,100,2,0,0,1,2,1,1,3,0,2,2,Non-binary,69,SIM-0392,synthetic_simulation,5,2,1,1,5,3,1,1,1,1,2,5,2,5,4,1,Other,Negombo,Group D
12,72,2,1,1,6,72,0,1,2,1,0,0,0,2,0,1,1,Male,61,SIM-0393,synthetic_simulation,5,4,2,5,1,5,4,5,3,2,5,5,3,4,2,4,Islam,Negombo,Group D
31,86,0,0,1,6,66,2,1,3,2,2,1,2,3,0,0,1,Male,75,SIM-0394,synthetic_simulation,1,5,3,4,1,2,4,4,1,5,5,1,5,3,3,5,Buddhism,Colombo,Group D
27,83,0,1,0,5,60,2,1,0,0,1,1,1,2,0,0,1,Non-binary,68,SIM-0395,synthetic_simulation,5,2,2,1,2,5,5,3,3,1,4,3,5,4,4,5,Hinduism,Jaffna,Group D
17,79,2,1,1,6,75,1,1,1,2,0,1,1,4,0,1,2,Female,65,SIM-0396,synthetic_simulation,5,5,5,3,2,3,4,4,3,2,3,1,2,5,4,1,Christianity,Galle,Group A
10,80,0,2,1,6,93,0,1,4,2,2,1,0,3,0,0,1,Male,67,SIM-0397,synthetic_simulation,5,1,2,4,1,2,2,3,5,3,1,3,1,1,3,5,Hinduism,Jaffna,Group B
28,89,2,0,1,10,97,0,1,3,2,1,1,0,6,0,1,2,Non-binary,75,SIM-0398,synthetic_simulation,3,2,2,2,4,3,4,2,3,5,4,2,1,1,1,5,Other,Kandy,Group C
19,64,1,2,0,6,99,2,1,1,2,2,1,2,3,0,0,2,Non-binary,64,SIM-0399,synthetic_simulation,4,2,2,4,1,1,3,2,4,1,3,2,5,3,2,1,Christianity,Colombo,Group A
27,87,2,2,0,8,77,2,1,1,1,0,1,1,4,0,1,1,Non-binary,70,SIM-0400,synthetic_simulation,2,4,1,4,2,3,5,4,1,2,5,3,2,4,1,1,Other,Colombo,Group D
10,96,0,0,0,6,80,2,0,0,2,2,1,1,4,0,1,1,Female,67,SIM-0401,synthetic_simulation,3,5,4,1,3,5,2,5,5,5,2,3,2,3,2,2,Islam,Negombo,Group A
16,62,2,2,1,7,79,1,1,2,2,2,1,1,3,0,1,2,Male,63,SIM-0402,synthetic_simulation,5,2,2,5,3,1,2,1,2,2,5,4,1,3,3,5,Christianity,Jaffna,Group C
20,66,0,0,0,7,73,2,1,1,2,2,1,0,4,0,0,2,Male,65,SIM-0403,synthetic_simulation,1,2,2,5,5,1,1,2,4,3,4,3,3,4,1,5,Buddhism,Negombo,Group A
20,89,2,2,1,4,58,2,1,1,2,2,1,2,3,0,1,0,Female,67,SIM-0404,synthetic_simulation,5,4,5,1,3,4,3,5,3,2,3,3,1,2,5,4,Christianity,Jaffna,Group D
17,77,1,0,1,5,53,2,1,2,0,2,1,1,3,0,0,2,Female,86,SIM-0405,synthetic_simulation,4,4,5,1,2,5,4,5,2,2,4,5,1,4,5,5,Hinduism,Colombo,Group A
24,76,1,0,0,6,72,0,1,3,2,0,1,1,3,1,1,1,Non-binary,67,SIM-0406,synthetic_simulation,5,5,3,1,3,5,4,3,2,3,5,1,3,3,4,1,Hinduism,Kandy,Group B
14,65,0,2,0,5,59,1,1,1,0,2,1,2,4,0,2,0,Female,63,SIM-0407,synthetic_simulation,1,1,3,5,4,2,1,2,2,4,1,3,1,2,1,3,Christianity,Kandy,Group A
19,80,2,2,0,7,94,2,1,0,2,1,1,1,3,0,0,1,Female,66,SIM-0408,synthetic_simulation,4,1,5,1,1,3,4,4,2,5,5,5,5,3,4,2,Hinduism,Kandy,Group A
21,65,0,0,0,7,88,1,1,2,1,2,0,1,1,0,1,2,Male,65,SIM-0409,synthetic_simulation,5,3,4,2,1,3,2,5,5,3,4,3,5,3,1,1,Other,Colombo,Group D
23,79,2,2,0,5,81,2,1,1,2,2,0,1,3,0,1,2,Male,67,SIM-0410,synthetic_simulation,4,2,3,2,2,5,4,4,5,3,3,4,5,3,2,3,Buddhism,Negombo,Group D
24,91,2,2,0,7,52,1,1,0,0,0,1,1,4,0,0,2,Male,69,SIM-0411,synthetic_simulation,2,5,4,3,5,3,4,4,2,5,4,3,5,1,2,5,Islam,Jaffna,Group C
13,70,0,0,0,6,81,2,1,2,2,1,1,2,2,0,2,2,Non-binary,66,SIM-0412,synthetic_simulation,2,2,5,2,1,5,2,2,4,2,2,3,5,4,3,1,Other,Negombo,Group C
11,79,2,2,1,7,81,2,1,1,0,2,1,1,2,0,1,1,Non-binary,64,SIM-0413,synthetic_simulation,5,5,3,4,3,1,3,4,1,1,2,5,2,5,5,5,Islam,Colombo,Group C
28,100,0,1,1,6,72,2,1,1,1,2,1,0,2,0,2,2,Non-binary,73,SIM-0414,synthetic_simulation,4,5,2,3,4,3,3,4,1,5,3,3,2,1,5,4,Buddhism,Negombo,Group D
22,87,1,2,0,8,83,1,1,1,1,2,1,1,1,0,0,0,Non-binary,66,SIM-0415,synthetic_simulation,1,5,5,2,5,3,2,1,5,3,5,5,3,4,3,4,Christianity,Galle,Group A
16,94,2,2,0,9,93,1,1,1,1,2,1,0,4,0,2,2,Male,68,SIM-0416,synthetic_simulation,5,2,3,4,5,5,2,4,4,2,4,1,4,1,3,2,Hinduism,Jaffna,Group A
29,77,0,1,1,8,88,1,1,0,2,0,1,2,4,0,0,1,Male,70,SIM-0417,synthetic_simulation,2,4,4,2,5,5,5,1,4,4,2,5,5,4,3,3,Christianity,Colombo,Group B
21,91,0,2,0,9,74,2,1,2,1,1,0,0,2,0,1,2,Female,69,SIM-0418,synthetic_simulation,2,2,4,4,1,2,5,2,3,2,1,1,4,2,3,1,Christianity,Galle,Group D
27,62,2,0,1,5,63,1,1,4,0,2,1,0,4,0,1,2,Non-binary,67,SIM-0419,synthetic_simulation,5,5,3,1,5,3,4,4,5,1,2,3,4,5,1,2,Buddhism,Negombo,Group D
20,65,2,1,0,6,74,1,1,0,2,2,0,2,3,0,0,1,Female,62,SIM-0420,synthetic_simulation,4,3,4,4,2,4,4,5,4,2,5,1,5,2,3,5,Other,Kandy,Group C
32,68,2,1,0,8,97,0,1,1,1,2,1,2,2,0,1,2,Non-binary,68,SIM-0421,synthetic_simulation,2,1,3,1,3,5,5,4,4,1,3,2,1,2,4,1,Buddhism,Negombo,Group B
31,76,2,0,1,9,91,2,1,1,1,2,0,1,4,0,2,2,Non-binary,72,SIM-0422,synthetic_simulation,4,5,3,4,4,4,4,1,1,4,1,2,3,4,3,1,Christianity,Colombo,Group D
19,94,1,2,0,8,51,2,1,3,2,1,0,2,5,0,2,2,Non-binary,69,SIM-0423,synthetic_simulation,2,3,4,4,3,1,3,5,4,4,4,5,4,3,1,5,Islam,Kandy,Group C
26,74,1,1,0,5,89,1,1,3,0,0,0,0,2,0,1,2,Male,66,SIM-0424,synthetic_simulation,2,4,1,2,2,1,3,2,4,2,4,4,1,3,5,2,Buddhism,Negombo,Group C
24,86,0,0,0,6,59,2,1,1,1,2,1,2,3,0,1,1,Non-binary,70,SIM-0425,synthetic_simulation,3,5,2,4,2,4,1,3,2,5,3,3,1,3,5,2,Other,Colombo,Group B
28,88,0,2,0,8,79,2,1,0,2,2,1,2,3,0,1,0,Female,71,SIM-0426,synthetic_simulation,2,3,5,2,3,1,5,3,1,5,1,2,5,3,5,4,Buddhism,Galle,Group C
14,83,2,2,1,7,90,2,1,0,1,1,1,0,3,0,0,2,Female,65,SIM-0427,synthetic_simulation,1,5,2,4,1,4,3,1,1,5,1,4,3,5,1,1,Hinduism,Galle,Group C
24,74,0,2,1,6,78,2,1,3,1,0,1,2,3,0,0,2,Male,70,SIM-0428,synthetic_simulation,5,2,5,5,2,2,1,2,2,4,1,5,5,2,3,2,Other,Kandy,Group D
26,83,1,1,0,7,70,0,0,2,2,0,1,0,4,1,1,1,Non-binary,65,SIM-0429,synthetic_simulation,5,3,5,3,5,2,2,2,1,1,3,1,3,1,2,1,Hinduism,Negombo,Group C
9,74,2,0,0,7,66,1,1,1,0,0,0,1,3,0,1,0,Male,62,SIM-0430,synthetic_simulation,4,2,2,2,4,1,3,4,3,3,3,3,5,5,5,4,Islam,Galle,Group A
13,63,0,2,1,5,65,2,1,2,0,2,0,1,2,0,1,0,Female,62,SIM-0431,synthetic_simulation,2,2,3,2,4,4,1,3,3,2,4,1,3,4,5,3,Christianity,Negombo,Group C
8,100,0,2,1,8,92,2,1,1,2,0,1,1,3,0,2,1,Non-binary,70,SIM-0432,synthetic_simulation,1,3,4,1,2,4,4,4,5,1,2,3,2,5,2,3,Hinduism,Galle,Group A
18,65,2,0,1,6,91,2,0,5,1,2,0,1,3,0,0,2,Male,66,SIM-0433,synthetic_simulation,4,1,1,5,5,4,1,2,1,3,5,2,1,5,3,4,Hinduism,Colombo,Group D
24,63,0,1,1,7,91,1,1,4,1,2,0,2,4,0,1,2,Non-binary,67,SIM-0434,synthetic_simulation,3,3,1,1,3,1,3,1,1,4,4,4,1,4,5,1,Christianity,Kandy,Group C
29,95,2,1,0,9,64,2,1,1,2,0,1,2,3,0,1,2,Female,72,SIM-0435,synthetic_simulation,4,1,1,5,4,4,4,1,3,3,1,5,1,1,3,2,Islam,Kandy,Group C
20,72,0,1,1,7,90,1,1,0,1,0,0,0,3,0,2,2,Non-binary,66,SIM-0436,synthetic_simulation,4,5,2,5,5,5,4,5,5,4,2,3,3,2,4,2,Christianity,Jaffna,Group A
30,86,2,1,1,8,52,2,1,2,2,2,1,0,2,1,0,1,Non-binary,68,SIM-0437,synthetic_simulation,2,5,2,4,5,4,1,1,5,4,5,2,1,5,2,5,Hinduism,Galle,Group B
12,73,0,2,0,5,60,2,1,1,1,2,1,0,4,0,1,1,Male,62,SIM-0438,synthetic_simulation,3,3,3,1,1,5,1,3,3,1,1,5,2,4,1,2,Buddhism,Galle,Group A
10,76,1,2,1,8,76,2,1,2,0,0,0,2,3,1,2,1,Male,64,SIM-0439,synthetic_simulation,4,5,1,3,2,2,3,5,3,5,3,3,2,4,3,1,Hinduism,Jaffna,Group A
20,70,2,2,0,8,70,2,1,0,1,2,1,1,5,0,2,2,Non-binary,65,SIM-0440,synthetic_simulation,1,4,3,5,5,5,4,3,2,5,2,2,4,1,2,1,Christianity,Negombo,Group A
22,74,2,1,1,6,56,1,1,4,2,0,1,0,3,0,2,1,Non-binary,66,SIM-0441,synthetic_simulation,1,2,1,5,3,2,5,4,5,1,3,5,1,5,2,4,Other,Kandy,Group D
20,76,2,1,0,7,52,2,1,2,1,0,0,1,3,0,1,2,Female,64,SIM-0442,synthetic_simulation,5,2,2,2,4,1,1,4,5,2,5,1,5,4,2,5,Other,Kandy,Group A
8,89,2,0,1,7,81,1,1,4,1,2,1,1,3,0,0,2,Female,67,SIM-0443,synthetic_simulation,3,1,4,4,1,2,5,1,2,4,5,4,5,1,1,2,Christianity,Kandy,Group B
19,80,0,2,1,7,66,1,1,4,2,2,1,0,4,0,0,2,Female,69,SIM-0444,synthetic_simulation,3,5,4,3,3,2,5,5,3,2,1,4,5,1,5,1,Other,Colombo,Group A
12,98,0,2,1,8,51,2,1,0,2,1,1,2,5,0,2,1,Male,68,SIM-0445,synthetic_simulation,5,1,4,5,4,4,4,3,2,4,3,1,2,4,4,1,Christianity,Negombo,Group B
24,62,2,2,0,6,72,0,1,2,1,1,1,1,4,0,1,2,Female,64,SIM-0446,synthetic_simulation,4,2,4,2,2,3,3,3,2,4,4,4,4,4,5,3,Buddhism,Jaffna,Group C
22,80,0,2,1,7,65,2,1,2,0,2,0,1,2,0,1,1,Male,68,SIM-0447,synthetic_simulation,3,2,5,1,3,2,5,2,4,5,4,4,4,5,3,1,Christianity,Kandy,Group A
14,83,1,1,1,9,79,2,1,1,2,1,1,2,3,0,1,2,Female,64,SIM-0448,synthetic_simulation,1,5,1,5,4,5,3,1,5,5,3,3,2,5,2,5,Buddhism,Galle,Group C
17,97,2,0,0,9,96,0,1,0,0,2,1,0,1,0,2,2,Female,71,SIM-0449,synthetic_simulation,1,4,4,2,1,1,1,4,3,4,5,2,4,2,5,2,Other,Galle,Group D
14,62,0,0,1,8,65,1,1,3,1,2,1,0,2,0,1,0,Female,61,SIM-0450,synthetic_simulation,2,4,5,1,4,5,4,2,4,5,2,1,5,4,1,3,Islam,Negombo,Group D
20,83,1,2,0,7,100,2,1,4,1,2,1,0,3,0,0,2,Non-binary,68,SIM-0451,synthetic_simulation,3,5,5,4,5,1,2,4,4,5,3,2,5,3,1,1,Other,Colombo,Group C
26,94,0,2,1,10,54,1,1,2,0,2,1,1,5,0,1,2,Non-binary,73,SIM-0452,synthetic_simulation,4,5,5,1,1,5,4,4,4,3,1,4,2,3,4,5,Christianity,Jaffna,Group B
14,70,0,2,1,9,54,2,0,3,2,2,1,2,1,0,0,2,Female,64,SIM-0453,synthetic_simulation,5,1,3,5,3,2,2,3,3,3,4,2,5,2,5,4,Other,Kandy,Group C
23,95,2,2,1,7,86,2,1,3,1,2,1,2,4,1,2,0,Non-binary,72,SIM-0454,synthetic_simulation,5,5,3,3,2,3,1,4,2,4,1,5,3,4,1,2,Islam,Jaffna,Group A
17,61,2,2,1,7,87,0,1,5,2,2,1,1,3,0,1,2,Male,65,SIM-0455,synthetic_simulation,4,4,5,1,1,2,3,5,3,5,2,1,5,1,1,4,Other,Jaffna,Group B
15,89,2,2,1,6,71,2,1,1,2,0,1,2,4,0,1,2,Male,68,SIM-0456,synthetic_simulation,2,5,4,3,1,4,1,4,5,3,4,1,1,3,4,5,Islam,Galle,Group A
19,97,0,1,1,8,64,2,1,2,1,0,1,2,3,0,1,2,Non-binary,71,SIM-0457,synthetic_simulation,5,1,1,3,1,5,4,5,5,2,4,1,2,5,3,4,Hinduism,Colombo,Group C
14,86,2,1,1,8,90,2,0,3,2,2,1,0,3,1,2,2,Female,65,SIM-0458,synthetic_simulation,3,1,2,1,4,3,2,4,2,4,4,3,2,3,5,2,Christianity,Kandy,Group C
17,78,2,2,0,8,98,1,1,2,2,2,0,2,2,0,1,2,Non-binary,66,SIM-0459,synthetic_simulation,2,1,3,4,5,5,2,2,3,4,1,2,4,4,3,5,Christianity,Galle,Group A
13,62,1,0,0,7,99,2,1,4,2,1,1,2,1,0,2,1,Non-binary,63,SIM-0460,synthetic_simulation,3,1,4,1,2,4,4,3,2,2,5,2,4,3,2,1,Islam,Galle,Group D
32,97,2,0,0,5,82,2,1,1,2,2,1,1,3,0,1,1,Male,74,SIM-0461,synthetic_simulation,1,3,4,2,2,4,4,2,2,4,1,3,4,2,3,4,Buddhism,Galle,Group C
20,79,0,1,1,7,87,1,0,2,2,0,0,1,4,1,1,2,Female,66,SIM-0462,synthetic_simulation,2,5,2,3,5,4,1,3,3,5,5,1,1,5,1,3,Islam,Galle,Group A
16,61,2,1,0,8,91,0,1,2,2,0,1,1,3,0,0,1,Male,63,SIM-0463,synthetic_simulation,5,2,2,5,4,2,5,2,5,3,3,3,5,2,1,4,Hinduism,Jaffna,Group C
21,88,0,2,1,6,90,0,1,2,0,2,0,1,4,0,1,1,Non-binary,72,SIM-0464,synthetic_simulation,2,5,4,3,4,2,2,1,3,1,4,3,2,1,3,5,Christianity,Colombo,Group A
19,79,2,0,0,7,100,1,1,1,0,0,1,2,2,0,0,0,Non-binary,69,SIM-0465,synthetic_simulation,2,3,2,5,5,3,4,4,5,3,1,4,5,1,3,3,Christianity,Jaffna,Group C
19,65,2,0,1,9,91,2,1,1,2,0,1,2,4,0,0,2,Female,67,SIM-0466,synthetic_simulation,2,1,4,2,5,4,1,4,1,2,2,1,4,1,2,5,Other,Colombo,Group B
24,69,1,0,0,5,83,1,1,3,1,2,0,1,3,0,1,2,Female,66,SIM-0467,synthetic_simulation,2,3,2,2,3,2,5,1,1,1,2,5,2,1,2,5,Islam,Colombo,Group B
25,63,0,2,0,7,69,2,1,0,1,0,0,0,5,0,1,1,Male,64,SIM-0468,synthetic_simulation,3,4,2,2,4,1,3,1,1,5,5,4,4,4,5,3,Hinduism,Kandy,Group D
17,83,1,2,0,9,80,2,1,4,2,0,1,0,2,0,0,2,Female,67,SIM-0469,synthetic_simulation,1,4,4,1,1,1,4,5,4,5,5,1,1,4,1,5,Other,Jaffna,Group C
17,85,2,1,0,7,94,0,1,4,1,2,1,2,3,0,0,2,Female,69,SIM-0470,synthetic_simulation,4,5,5,3,2,2,5,2,5,3,4,1,2,4,5,3,Buddhism,Negombo,Group A
18,80,2,1,1,6,65,2,1,2,1,0,1,0,2,0,0,2,Non-binary,65,SIM-0471,synthetic_simulation,2,5,4,5,4,3,3,4,5,4,5,1,4,2,5,1,Other,Colombo,Group D
6,93,2,2,0,7,52,0,1,0,2,2,1,1,2,0,0,2,Non-binary,64,SIM-0472,synthetic_simulation,5,2,1,2,5,5,3,5,3,4,2,2,4,2,3,5,Hinduism,Negombo,Group A
11,94,2,1,1,8,66,0,0,1,0,1,1,1,4,0,1,2,Non-binary,65,SIM-0473,synthetic_simulation,2,2,2,2,1,4,1,4,5,2,1,1,4,3,1,1,Islam,Galle,Group A
28,85,2,0,1,7,98,2,1,2,1,0,0,2,1,1,1,2,Female,72,SIM-0474,synthetic_simulation,5,4,3,5,3,2,2,1,3,4,1,1,1,5,5,2,Buddhism,Colombo,Group A
30,61,1,0,1,8,90,2,1,2,1,0,1,0,2,0,1,1,Female,66,SIM-0475,synthetic_simulation,3,1,2,3,3,3,4,5,4,5,5,5,5,2,3,4,Christianity,Colombo,Group C
19,88,2,1,0,7,59,2,1,2,1,2,1,1,3,0,0,2,Non-binary,66,SIM-0476,synthetic_simulation,5,3,1,3,1,5,5,5,3,1,5,1,5,3,4,1,Other,Jaffna,Group C
23,77,0,0,1,7,51,2,1,1,1,1,0,2,3,0,0,1,Female,67,SIM-0477,synthetic_simulation,4,2,3,5,1,3,3,5,1,3,2,3,5,1,2,4,Hinduism,Colombo,Group B
22,83,2,2,1,8,83,0,1,1,0,2,0,0,3,1,2,1,Non-binary,69,SIM-0478,synthetic_simulation,1,2,3,4,5,5,2,2,3,3,3,1,1,1,3,3,Islam,Negombo,Group C
38,86,1,0,1,7,79,1,1,3,1,2,1,0,3,0,1,2,Female,73,SIM-0479,synthetic_simulation,5,1,4,3,5,1,3,5,3,3,1,1,5,2,3,2,Other,Colombo,Group B
27,74,2,0,0,6,54,2,1,3,2,2,1,1,3,0,0,2,Non-binary,69,SIM-0480,synthetic_simulation,5,1,5,5,2,5,4,4,3,4,5,1,5,4,5,3,Hinduism,Kandy,Group C
19,97,2,1,0,8,98,2,1,1,1,2,0,1,4,1,1,2,Male,68,SIM-0481,synthetic_simulation,1,5,4,5,2,1,4,2,5,1,4,2,1,3,3,5,Buddhism,Kandy,Group C
14,65,1,2,1,7,81,2,1,1,1,2,1,2,3,0,1,1,Female,61,SIM-0482,synthetic_simulation,4,3,3,2,3,4,1,4,2,4,5,4,2,5,3,4,Other,Jaffna,Group C
10,87,2,1,1,6,83,2,0,0,1,2,1,2,4,0,1,2,Male,63,SIM-0483,synthetic_simulation,2,1,3,5,1,2,4,5,2,4,5,2,4,3,5,3,Other,Kandy,Group D
21,60,2,0,1,8,93,1,1,0,1,2,1,2,2,0,1,0,Non-binary,63,SIM-0484,synthetic_simulation,5,2,5,1,3,1,4,5,2,5,1,5,4,4,3,4,Islam,Colombo,Group B
15,97,1,2,1,9,67,2,1,1,1,0,1,1,2,0,0,2,Male,68,SIM-0485,synthetic_simulation,1,2,2,2,5,3,4,4,5,5,5,5,1,4,2,5,Hinduism,Kandy,Group D
11,65,2,0,0,7,78,2,1,2,1,2,1,1,3,0,2,2,Female,63,SIM-0486,synthetic_simulation,3,4,5,2,4,5,2,3,1,4,4,3,5,2,1,5,Hinduism,Galle,Group B
16,64,0,2,1,7,79,2,1,3,2,2,0,2,4,1,2,2,Male,66,SIM-0487,synthetic_simulation,1,1,4,3,5,3,5,5,2,2,4,3,3,4,5,4,Christianity,Jaffna,Group D
14,73,0,2,1,5,98,2,1,2,1,2,1,0,4,0,1,1,Non-binary,65,SIM-0488,synthetic_simulation,3,5,2,4,4,1,5,5,2,2,4,5,5,4,4,2,Christianity,Colombo,Group D
30,75,0,0,0,7,57,0,1,0,1,2,1,1,1,1,0,2,Male,68,SIM-0489,synthetic_simulation,4,3,4,3,1,3,4,2,4,2,2,4,3,5,4,4,Hinduism,Kandy,Group C
25,69,2,2,1,7,88,0,1,0,1,2,1,0,4,0,0,2,Non-binary,66,SIM-0490,synthetic_simulation,2,5,5,1,1,5,5,4,4,4,4,4,4,4,1,4,Other,Galle,Group C
20,83,1,1,0,7,79,1,0,2,2,2,1,2,5,0,2,1,Non-binary,66,SIM-0491,synthetic_simulation,1,2,2,2,1,2,4,5,1,1,1,5,1,1,2,3,Buddhism,Kandy,Group D
29,78,0,2,0,6,92,2,1,2,1,2,0,0,4,0,1,2,Male,70,SIM-0492,synthetic_simulation,5,5,5,2,2,3,5,4,3,2,3,1,5,4,3,4,Christianity,Kandy,Group A
20,61,1,1,1,8,92,2,1,0,2,2,1,0,2,0,1,2,Non-binary,61,SIM-0493,synthetic_simulation,4,2,1,5,2,4,5,2,3,5,5,2,1,1,4,2,Christianity,Kandy,Group B
15,73,2,1,1,7,51,2,1,2,1,0,0,0,3,0,1,1,Non-binary,61,SIM-0494,synthetic_simulation,1,2,3,4,4,5,3,4,4,3,5,2,5,5,3,2,Buddhism,Colombo,Group B
29,92,2,2,1,10,63,0,1,1,1,0,0,0,4,0,1,1,Female,71,SIM-0495,synthetic_simulation,5,2,2,4,3,5,2,4,4,3,5,1,5,2,2,4,Islam,Jaffna,Group C
23,88,1,2,1,7,59,2,1,1,2,2,1,0,2,0,1,2,Non-binary,67,SIM-0496,synthetic_simulation,1,2,3,5,3,4,3,2,1,4,4,4,5,1,5,1,Other,Galle,Group B
14,89,0,0,1,4,73,2,1,2,2,0,1,0,3,0,0,2,Male,70,SIM-0497,synthetic_simulation,3,2,1,1,4,1,3,5,1,3,4,2,3,2,1,4,Christianity,Jaffna,Group C
19,88,0,2,0,5,95,2,1,2,1,2,0,0,4,0,0,1,Non-binary,69,SIM-0498,synthetic_simulation,1,4,2,4,2,4,5,4,5,4,4,2,1,2,2,3,Islam,Jaffna,Group A
15,72,0,0,0,8,50,2,1,2,2,2,1,1,4,0,1,2,Female,65,SIM-0499,synthetic_simulation,1,5,3,2,5,1,1,3,3,3,3,3,4,1,4,1,Hinduism,Negombo,Group C
12,64,0,1,1,6,74,0,1,0,2,2,1,2,2,0,1,1,Non-binary,61,SIM-0500,synthetic_simulation,1,4,3,1,4,2,1,5,5,1,3,4,2,3,4,5,Christianity,Galle,Group C
26,71,2,1,0,6,94,1,1,3,1,2,1,2,4,0,2,2,Non-binary,68,SIM-0501,synthetic_simulation,4,4,2,3,3,1,2,2,2,1,3,5,3,4,1,5,Buddhism,Colombo,Group D
31,93,0,1,1,5,96,2,1,2,1,2,1,2,2,0,1,2,Non-binary,74,SIM-0502,synthetic_simulation,1,1,3,3,4,2,4,1,1,1,3,5,4,5,5,1,Hinduism,Colombo,Group A
12,99,2,2,0,6,83,1,1,1,2,2,1,0,3,0,1,2,Non-binary,67,SIM-0503,synthetic_simulation,5,1,3,1,4,2,5,3,3,1,3,1,1,2,2,4,Hinduism,Negombo,Group C
23,80,2,2,1,7,91,1,1,5,0,2,1,0,1,0,1,2,Female,70,SIM-0504,synthetic_simulation,3,1,2,2,1,4,2,5,3,2,5,2,2,3,4,5,Other,Negombo,Group B
16,60,1,2,1,8,66,1,1,1,0,0,0,1,2,1,1,1,Non-binary,59,SIM-0505,synthetic_simulation,3,3,3,3,2,2,3,2,5,5,5,5,2,2,4,3,Islam,Negombo,Group C
17,66,0,0,0,5,64,1,1,0,2,0,0,1,2,0,0,2,Non-binary,64,SIM-0506,synthetic_simulation,1,1,3,2,1,1,5,3,4,1,3,1,1,3,5,5,Other,Negombo,Group D
16,73,0,2,1,8,52,2,1,2,2,0,1,2,4,0,0,2,Non-binary,66,SIM-0507,synthetic_simulation,4,5,4,5,2,3,3,5,4,2,5,3,3,5,4,3,Hinduism,Colombo,Group B
15,83,1,1,1,5,75,2,1,1,2,2,1,1,3,0,1,0,Male,63,SIM-0508,synthetic_simulation,4,4,4,4,4,5,2,1,1,4,3,4,5,3,4,1,Other,Colombo,Group A
20,63,1,1,1,8,73,1,1,0,0,2,1,1,3,0,0,2,Non-binary,61,SIM-0509,synthetic_simulation,5,5,1,1,2,5,1,5,4,3,3,2,5,5,3,3,Buddhism,Kandy,Group D
15,98,1,0,1,8,69,1,1,2,1,2,1,1,4,0,1,1,Female,68,SIM-0510,synthetic_simulation,1,1,4,4,3,1,2,1,2,3,3,2,5,4,1,2,Christianity,Jaffna,Group B
22,75,2,2,0,6,56,1,1,3,2,2,0,2,3,0,1,0,Non-binary,65,SIM-0511,synthetic_simulation,3,3,4,5,1,3,5,1,3,2,5,1,4,3,3,2,Buddhism,Jaffna,Group C
20,97,2,0,0,5,62,2,1,1,2,2,0,1,4,0,1,0,Female,69,SIM-0512,synthetic_simulation,4,3,1,3,4,2,5,4,4,3,2,2,1,2,4,2,Hinduism,Jaffna,Group A
19,91,0,1,1,8,60,2,1,2,1,2,0,1,4,0,1,1,Male,68,SIM-0513,synthetic_simulation,1,4,3,2,3,1,4,2,1,1,2,4,3,4,5,2,Other,Jaffna,Group A
15,90,2,1,1,6,97,1,1,2,0,0,1,2,2,0,1,2,Female,69,SIM-0514,synthetic_simulation,4,5,3,2,2,2,1,4,2,3,2,5,1,2,1,1,Islam,Colombo,Group D
17,84,2,1,1,7,98,0,1,1,1,0,1,1,2,0,0,0,Non-binary,67,SIM-0515,synthetic_simulation,4,2,4,5,2,4,5,1,5,1,1,1,2,2,2,3,Islam,Colombo,Group B
25,85,0,0,0,8,50,0,1,1,0,2,1,1,1,0,0,1,Female,70,SIM-0516,synthetic_simulation,3,5,1,1,3,3,1,2,5,1,2,4,4,4,2,4,Hinduism,Negombo,Group D
23,86,2,2,1,8,59,1,1,1,1,2,1,1,3,0,2,1,Male,68,SIM-0517,synthetic_simulation,2,1,3,4,2,5,5,2,2,3,2,2,3,4,5,2,Christianity,Colombo,Group D
14,85,2,2,0,6,94,1,1,0,0,2,1,2,4,0,0,2,Non-binary,67,SIM-0518,synthetic_simulation,5,2,5,3,1,1,1,2,1,2,2,5,2,5,2,2,Other,Colombo,Group B
21,82,0,2,0,7,52,2,1,4,1,2,1,1,3,0,1,0,Male,67,SIM-0519,synthetic_simulation,5,3,2,1,5,5,2,3,5,4,4,4,5,3,3,5,Buddhism,Kandy,Group B
25,99,0,2,1,6,97,0,1,0,2,2,1,2,3,0,0,1,Non-binary,75,SIM-0520,synthetic_simulation,3,4,2,5,2,2,1,5,3,2,3,5,5,5,4,2,Buddhism,Galle,Group A
10,89,1,1,1,8,69,1,1,3,1,2,1,0,4,0,0,1,Male,63,SIM-0521,synthetic_simulation,4,4,2,5,4,2,3,1,3,5,5,5,5,1,2,4,Islam,Negombo,Group B
23,91,1,2,0,9,77,0,1,1,1,2,1,2,5,0,1,2,Non-binary,70,SIM-0522,synthetic_simulation,1,3,4,2,2,4,2,2,1,5,4,1,1,1,3,4,Buddhism,Negombo,Group C
16,95,2,1,1,6,88,1,1,2,0,0,1,2,4,0,1,2,Male,70,SIM-0523,synthetic_simulation,4,1,2,3,4,2,5,3,1,1,3,2,2,5,1,5,Christianity,Kandy,Group A
23,69,2,0,1,7,62,2,1,1,2,2,1,1,4,1,1,0,Male,64,SIM-0524,synthetic_simulation,3,3,2,1,2,2,5,3,3,1,2,3,3,5,5,1,Hinduism,Galle,Group D
15,63,2,1,0,8,55,1,1,0,2,1,1,1,3,0,0,2,Female,59,SIM-0525,synthetic_simulation,5,1,5,2,2,5,4,1,1,2,2,3,2,3,1,1,Other,Colombo,Group D
9,79,2,1,0,7,90,0,1,1,0,1,1,1,3,0,1,2,Female,63,SIM-0526,synthetic_simulation,4,2,3,3,4,5,3,4,2,2,4,3,3,4,1,3,Buddhism,Negombo,Group C
10,81,0,2,1,8,99,2,0,2,2,2,1,2,4,0,2,1,Non-binary,67,SIM-0527,synthetic_simulation,5,3,5,4,1,1,4,3,1,1,5,4,4,1,3,4,Hinduism,Galle,Group B
20,93,1,0,1,7,83,2,1,0,2,2,0,0,2,1,1,2,Non-binary,68,SIM-0528,synthetic_simulation,1,1,4,4,5,1,2,1,3,4,4,3,4,4,2,4,Other,Jaffna,Group B
22,78,2,2,1,5,91,1,1,0,2,0,0,0,3,0,2,2,Male,68,SIM-0529,synthetic_simulation,5,2,2,2,5,2,4,3,4,4,4,2,3,2,3,2,Hinduism,Negombo,Group B
15,83,2,2,0,7,97,2,1,2,1,0,0,1,2,0,1,2,Female,97,SIM-0530,synthetic_simulation,5,3,3,1,1,3,2,1,1,5,3,3,2,2,2,2,Buddhism,Galle,Group B
24,81,2,1,0,9,61,2,1,1,1,1,1,2,4,0,0,2,Non-binary,66,SIM-0531,synthetic_simulation,2,4,2,3,2,1,4,2,5,4,1,5,3,4,4,2,Hinduism,Jaffna,Group D
10,62,2,1,0,7,68,0,1,3,2,2,1,1,3,0,2,2,Female,61,SIM-0532,synthetic_simulation,2,3,2,4,5,2,1,4,2,3,5,5,3,2,5,3,Christianity,Jaffna,Group A
20,85,0,2,0,9,61,0,1,2,0,2,1,2,3,0,0,2,Non-binary,70,SIM-0533,synthetic_simulation,2,5,4,4,1,5,2,3,2,1,5,5,5,1,4,4,Islam,Colombo,Group C
13,93,1,1,1,4,53,0,1,1,2,1,1,2,1,0,2,2,Female,65,SIM-0534,synthetic_simulation,5,3,2,1,1,4,2,3,2,2,4,3,3,1,2,2,Other,Galle,Group B
16,66,1,2,1,8,87,0,1,3,2,2,1,2,2,0,1,1,Non-binary,64,SIM-0535,synthetic_simulation,3,5,1,2,5,5,1,3,5,1,4,2,5,2,2,2,Other,Negombo,Group D
20,84,2,0,1,6,57,0,1,2,2,2,1,2,4,0,1,0,Female,69,SIM-0536,synthetic_simulation,5,2,3,5,4,5,1,5,5,3,2,2,5,1,1,4,Christianity,Negombo,Group B
15,84,2,0,0,6,55,1,1,1,2,2,0,0,2,0,1,2,Male,64,SIM-0537,synthetic_simulation,3,3,3,3,3,4,3,5,2,4,4,3,3,2,2,2,Hinduism,Galle,Group A
18,67,1,1,1,9,68,1,1,2,1,0,0,0,2,0,2,2,Non-binary,61,SIM-0538,synthetic_simulation,3,2,1,4,4,5,1,2,2,1,3,2,1,3,1,5,Other,Kandy,Group D
26,65,1,2,0,7,53,1,1,3,0,2,1,2,2,0,1,2,Female,64,SIM-0539,synthetic_simulation,2,2,4,5,2,1,4,3,2,3,2,3,2,3,1,5,Islam,Kandy,Group B
17,99,2,0,0,6,59,2,1,0,2,2,1,1,3,0,1,1,Male,68,SIM-0540,synthetic_simulation,4,1,2,1,4,5,1,4,1,4,1,2,3,4,5,1,Buddhism,Colombo,Group D
25,76,2,0,0,8,53,0,1,1,0,0,1,2,3,1,1,0,Non-binary,67,SIM-0541,synthetic_simulation,1,2,2,2,3,4,1,5,5,5,3,1,4,2,2,4,Other,Colombo,Group A
13,69,0,1,0,4,94,2,1,3,1,1,1,2,3,1,1,2,Female,62,SIM-0542,synthetic_simulation,2,2,3,3,3,2,2,1,3,5,5,1,3,3,4,5,Christianity,Kandy,Group D
23,67,2,2,1,9,89,2,1,2,1,0,1,1,2,0,1,2,Non-binary,66,SIM-0543,synthetic_simulation,2,3,4,1,1,2,2,1,1,5,5,2,3,3,3,4,Christianity,Jaffna,Group D
29,87,2,0,1,10,93,0,1,1,1,2,1,1,4,0,1,1,Non-binary,72,SIM-0544,synthetic_simulation,4,3,4,2,2,2,1,1,3,3,3,5,4,1,1,3,Islam,Jaffna,Group C
5,84,2,2,1,8,93,0,1,4,0,0,1,2,3,0,0,1,Male,68,SIM-0545,synthetic_simulation,1,4,4,1,1,4,3,2,1,3,4,1,5,4,3,4,Christianity,Kandy,Group C
15,86,2,0,1,8,97,2,1,4,0,2,1,2,3,0,1,2,Non-binary,71,SIM-0546,synthetic_simulation,5,1,2,4,4,4,2,3,1,2,4,4,5,4,1,1,Hinduism,Negombo,Group D
23,64,2,2,1,7,59,0,1,3,2,2,1,2,2,0,1,1,Female,65,SIM-0547,synthetic_simulation,5,2,4,4,4,1,4,3,3,2,4,3,1,3,4,1,Other,Kandy,Group A
19,96,2,1,1,5,95,1,0,2,2,1,0,1,3,0,1,1,Non-binary,68,SIM-0548,synthetic_simulation,2,1,1,5,5,4,4,5,2,5,5,4,3,3,1,3,Other,Negombo,Group C
22,76,2,1,0,9,76,2,1,2,1,0,1,1,5,0,1,0,Non-binary,65,SIM-0549,synthetic_simulation,1,5,5,1,1,2,1,1,3,1,3,2,3,4,5,4,Other,Negombo,Group D
16,73,0,1,1,8,58,2,1,1,2,2,1,1,4,0,1,2,Male,64,SIM-0550,synthetic_simulation,2,2,4,4,1,4,1,2,4,4,4,2,2,1,1,4,Hinduism,Jaffna,Group B
21,78,2,1,0,8,83,2,1,2,2,2,1,2,4,1,1,0,Male,65,SIM-0551,synthetic_simulation,3,1,5,2,1,3,3,4,5,2,2,5,5,5,2,5,Hinduism,Jaffna,Group C
19,76,0,0,1,8,66,1,1,0,1,0,0,0,4,1,1,2,Female,65,SIM-0552,synthetic_simulation,2,4,2,5,1,5,1,3,4,4,5,1,3,1,5,5,Other,Jaffna,Group A
27,95,0,2,0,7,52,0,1,3,2,0,0,0,3,0,0,1,Male,73,SIM-0553,synthetic_simulation,2,4,4,3,3,1,5,3,1,1,3,1,2,5,1,1,Other,Negombo,Group C
22,97,2,0,1,6,54,2,1,1,1,0,1,2,3,0,2,2,Male,72,SIM-0554,synthetic_simulation,5,2,3,1,5,2,5,2,3,5,3,4,1,4,1,4,Christianity,Negombo,Group C
22,72,1,2,1,10,71,2,1,1,2,2,0,0,1,0,0,2,Female,64,SIM-0555,synthetic_simulation,5,5,2,4,2,2,1,5,2,4,3,1,2,4,3,2,Buddhism,Colombo,Group C
18,95,2,2,1,7,91,1,1,0,1,2,1,2,4,1,2,1,Non-binary,69,SIM-0556,synthetic_simulation,5,4,1,2,2,3,5,2,2,5,3,2,5,4,1,5,Hinduism,Kandy,Group A
17,91,2,2,0,6,66,0,1,1,0,2,0,2,3,0,1,2,Non-binary,69,SIM-0557,synthetic_simulation,3,4,1,1,2,1,4,5,4,4,1,5,5,2,5,4,Christianity,Jaffna,Group D
17,97,2,0,1,9,88,2,0,0,2,2,1,2,2,0,1,2,Non-binary,70,SIM-0558,synthetic_simulation,5,5,5,2,3,5,1,3,4,1,2,3,1,2,1,3,Other,Galle,Group C
22,70,1,2,0,7,53,1,1,1,1,2,1,2,3,0,1,2,Female,83,SIM-0559,synthetic_simulation,1,1,5,5,5,1,4,5,1,2,1,4,3,2,3,5,Other,Galle,Group C
17,83,0,2,0,7,70,1,1,3,1,2,0,1,5,0,2,2,Female,68,SIM-0560,synthetic_simulation,4,4,3,4,5,1,4,5,5,3,4,4,2,4,4,1,Other,Negombo,Group D
22,71,1,0,1,9,56,0,1,1,1,0,1,1,3,1,0,2,Female,84,SIM-0561,synthetic_simulation,1,3,3,4,3,2,5,5,1,5,1,3,3,3,3,1,Buddhism,Colombo,Group B
32,93,2,2,1,8,93,0,1,1,2,0,1,0,3,0,2,0,Male,75,SIM-0562,synthetic_simulation,1,4,1,5,1,4,3,5,2,2,1,2,3,4,3,1,Hinduism,Kandy,Group C
25,60,1,0,0,8,98,2,1,1,2,2,1,1,5,0,2,2,Female,67,SIM-0563,synthetic_simulation,5,1,4,2,4,5,4,1,3,4,5,4,3,5,1,1,Other,Negombo,Group D
18,83,2,0,1,5,66,2,1,0,0,2,0,2,4,0,2,2,Male,69,SIM-0564,synthetic_simulation,4,1,1,1,1,1,5,1,4,2,3,1,4,1,4,4,Christianity,Kandy,Group B
27,74,0,2,0,8,99,0,0,3,2,2,1,2,4,0,1,2,Non-binary,71,SIM-0565,synthetic_simulation,4,2,1,2,2,3,3,1,2,3,1,1,1,5,5,4,Islam,Negombo,Group C
18,73,2,1,1,5,88,2,1,1,2,2,1,2,5,0,0,2,Male,66,SIM-0566,synthetic_simulation,4,3,3,1,1,2,5,1,1,5,3,1,3,1,5,5,Islam,Jaffna,Group C
8,86,2,0,0,6,50,0,1,1,2,2,1,2,2,0,0,2,Male,65,SIM-0567,synthetic_simulation,3,1,5,5,3,4,5,2,5,5,2,5,1,5,2,2,Buddhism,Colombo,Group A
14,94,0,2,0,7,74,2,1,1,0,2,0,2,5,0,0,2,Male,70,SIM-0568,synthetic_simulation,5,5,3,3,2,4,1,4,3,2,1,3,3,1,3,1,Hinduism,Jaffna,Group B
9,84,0,1,0,7,92,0,1,1,1,0,1,0,4,0,2,2,Female,66,SIM-0569,synthetic_simulation,4,3,3,1,4,2,2,5,5,1,5,2,2,3,3,2,Hinduism,Jaffna,Group B
18,94,0,2,1,8,77,2,1,3,2,0,1,2,4,0,2,2,Female,74,SIM-0570,synthetic_simulation,3,3,3,4,2,1,3,2,1,4,5,1,2,1,2,1,Buddhism,Galle,Group D
20,71,0,2,0,8,77,2,1,0,0,2,0,1,4,0,1,1,Non-binary,66,SIM-0571,synthetic_simulation,2,5,1,4,1,2,5,1,1,2,4,1,1,4,1,5,Islam,Galle,Group C
30,81,2,0,0,8,72,1,1,0,1,2,1,1,2,0,1,1,Male,68,SIM-0572,synthetic_simulation,2,4,4,4,5,4,4,5,2,1,1,5,3,5,5,3,Islam,Galle,Group B
22,78,2,0,1,5,70,2,1,2,1,2,1,2,1,0,0,2,Male,68,SIM-0573,synthetic_simulation,3,5,1,2,5,4,4,4,3,5,2,1,1,2,5,1,Other,Galle,Group A
19,60,2,0,0,10,51,2,1,0,2,2,1,2,3,1,0,2,Male,62,SIM-0574,synthetic_simulation,3,5,2,2,5,3,2,5,1,4,3,5,1,3,2,3,Christianity,Negombo,Group C
25,82,2,0,1,7,81,2,1,2,2,2,0,1,2,0,2,1,Male,71,SIM-0575,synthetic_simulation,5,4,3,2,2,3,3,3,2,5,1,3,4,5,2,1,Other,Negombo,Group C
7,86,2,1,0,9,88,2,1,2,1,2,1,0,2,0,0,2,Female,63,SIM-0576,synthetic_simulation,5,4,3,4,5,4,1,3,1,3,4,4,3,3,2,2,Hinduism,Colombo,Group B
21,84,0,0,0,4,90,2,1,2,2,1,1,1,3,0,1,0,Male,69,SIM-0577,synthetic_simulation,2,4,2,1,3,3,3,2,2,1,5,1,4,2,4,1,Other,Galle,Group D
25,89,2,2,1,7,81,0,1,3,2,2,1,0,0,0,0,2,Female,71,SIM-0578,synthetic_simulation,4,4,3,4,4,3,4,4,5,3,1,1,3,2,3,2,Hinduism,Galle,Group C
11,83,0,1,1,5,67,2,1,1,2,2,1,2,2,0,2,2,Non-binary,66,SIM-0579,synthetic_simulation,2,4,3,1,5,3,4,2,2,3,4,3,5,2,5,3,Other,Negombo,Group A
27,63,2,0,0,6,51,1,1,0,1,2,1,2,2,0,2,1,Non-binary,64,SIM-0580,synthetic_simulation,4,5,3,2,3,4,1,5,5,3,2,4,5,2,1,4,Christianity,Kandy,Group C
22,65,2,2,1,7,95,1,1,3,1,2,1,2,2,0,1,1,Female,65,SIM-0581,synthetic_simulation,4,2,2,3,3,1,1,4,4,1,3,5,4,2,4,3,Other,Jaffna,Group D
18,84,2,0,0,6,71,2,1,4,2,1,1,2,2,0,1,2,Female,69,SIM-0582,synthetic_simulation,5,2,1,2,2,1,4,2,1,4,2,4,5,4,3,4,Other,Colombo,Group C
24,71,2,1,0,9,80,2,1,2,2,0,0,2,3,0,1,2,Male,66,SIM-0583,synthetic_simulation,1,1,3,5,2,5,5,5,4,5,2,1,4,1,4,5,Other,Negombo,Group B
34,63,2,0,1,10,60,1,1,1,2,2,1,0,4,0,1,2,Male,67,SIM-0584,synthetic_simulation,1,2,4,1,4,3,5,1,3,4,3,3,5,2,3,5,Hinduism,Negombo,Group C
21,77,2,1,1,6,57,2,1,4,1,2,1,0,5,0,1,0,Male,65,SIM-0585,synthetic_simulation,3,2,2,3,4,1,1,5,4,4,1,2,4,5,2,5,Other,Jaffna,Group D
21,82,1,1,1,6,54,0,1,3,1,2,1,0,2,0,0,1,Male,65,SIM-0586,synthetic_simulation,5,5,5,2,1,5,5,2,2,4,3,3,5,5,1,5,Islam,Colombo,Group C
17,73,0,2,0,5,90,0,1,1,1,2,0,2,4,0,1,2,Non-binary,67,SIM-0587,synthetic_simulation,4,4,2,3,4,2,1,4,2,5,4,5,1,2,2,1,Islam,Negombo,Group C
15,89,1,2,1,9,82,1,1,1,2,2,1,1,3,0,0,2,Male,66,SIM-0588,synthetic_simulation,1,4,1,4,2,3,3,4,3,5,2,5,1,3,5,3,Christianity,Galle,Group B
25,86,2,2,1,7,81,1,1,1,0,1,1,2,1,0,1,2,Male,69,SIM-0589,synthetic_simulation,4,5,2,1,3,1,3,1,3,1,3,1,1,2,5,2,Buddhism,Galle,Group A
15,73,2,0,0,7,96,1,1,1,1,2,1,0,2,0,0,2,Female,64,SIM-0590,synthetic_simulation,1,2,5,5,1,1,3,2,1,2,5,3,3,4,5,1,Other,Negombo,Group B
20,90,2,2,1,7,58,0,1,1,0,0,0,1,4,0,1,2,Non-binary,70,SIM-0591,synthetic_simulation,1,5,4,4,4,1,1,1,2,5,3,2,2,1,5,1,Other,Kandy,Group A
17,86,0,2,1,7,59,1,1,3,1,2,1,2,3,0,2,1,Female,68,SIM-0592,synthetic_simulation,1,1,5,3,3,5,1,3,3,5,3,3,4,5,4,5,Hinduism,Kandy,Group C
23,85,0,1,1,6,59,1,1,1,2,2,1,0,1,0,1,2,Male,68,SIM-0593,synthetic_simulation,5,4,2,2,2,2,5,5,4,2,4,5,2,2,1,1,Buddhism,Kandy,Group B
22,82,0,2,1,7,71,1,1,1,0,2,0,2,3,0,1,2,Non-binary,69,SIM-0594,synthetic_simulation,2,3,5,1,5,3,5,3,2,5,2,3,1,1,1,2,Buddhism,Galle,Group D
26,60,2,2,1,7,94,0,1,3,0,2,1,2,2,0,1,1,Male,68,SIM-0595,synthetic_simulation,4,1,2,5,1,1,5,3,3,4,4,1,4,1,5,3,Other,Galle,Group A
17,88,2,2,1,8,94,2,1,5,2,2,1,1,2,1,0,2,Male,70,SIM-0596,synthetic_simulation,5,1,4,2,3,4,2,1,1,5,4,5,4,2,3,5,Other,Jaffna,Group D
18,75,0,2,1,5,80,2,1,2,1,0,1,1,3,0,1,2,Non-binary,67,SIM-0597,synthetic_simulation,5,5,4,5,2,3,1,1,5,1,5,3,3,1,2,5,Other,Kandy,Group B
14,98,0,0,1,7,83,2,0,3,1,2,1,2,3,0,0,2,Female,72,SIM-0598,synthetic_simulation,5,2,1,1,2,4,3,5,2,5,4,3,2,5,5,2,Buddhism,Jaffna,Group A
17,93,0,1,0,6,95,2,1,1,1,2,1,1,4,0,1,2,Female,69,SIM-0599,synthetic_simulation,5,4,4,3,1,5,3,1,2,2,4,1,2,2,3,1,Islam,Negombo,Group A
22,84,0,2,0,7,81,2,1,1,2,1,0,2,3,0,1,1,Male,69,SIM-0600,synthetic_simulation,5,3,3,5,1,1,2,1,2,4,5,1,5,3,1,2,Hinduism,Negombo,Group A
25,70,1,2,1,8,61,1,0,3,1,2,1,2,4,0,0,1,Female,64,SIM-0601,synthetic_simulation,3,1,5,1,4,3,2,1,2,2,1,3,4,2,2,4,Islam,Colombo,Group C
14,68,1,2,1,6,85,2,1,2,2,2,1,1,3,0,1,2,Non-binary,63,SIM-0602,synthetic_simulation,4,3,5,5,4,3,3,1,5,5,4,2,1,5,1,3,Other,Colombo,Group B
25,74,0,0,1,9,88,2,1,3,2,0,1,1,3,1,1,2,Female,70,SIM-0603,synthetic_simulation,5,2,2,2,1,1,1,1,5,5,3,5,5,2,1,3,Buddhism,Colombo,Group B
28,79,0,2,1,4,82,2,1,0,2,2,0,2,3,0,1,2,Non-binary,70,SIM-0604,synthetic_simulation,4,2,4,5,1,2,3,3,1,1,4,3,5,2,4,2,Islam,Colombo,Group B
22,72,0,2,1,9,64,1,1,1,2,2,1,0,2,0,0,2,Non-binary,66,SIM-0605,synthetic_simulation,3,3,1,2,3,5,3,3,2,4,2,1,4,2,2,3,Buddhism,Galle,Group A
31,81,2,2,0,9,70,1,1,1,1,2,1,1,4,0,2,2,Non-binary,70,SIM-0606,synthetic_simulation,3,4,1,2,4,1,2,5,3,5,3,5,5,4,4,3,Other,Jaffna,Group A
15,67,2,0,1,6,74,0,1,0,0,2,1,2,2,0,2,2,Male,66,SIM-0607,synthetic_simulation,4,2,1,1,2,3,2,4,4,1,3,1,4,4,5,1,Islam,Galle,Group B
13,99,2,2,1,6,57,2,1,1,1,2,1,0,5,0,0,2,Non-binary,68,SIM-0608,synthetic_simulation,1,3,3,4,4,2,5,5,2,1,1,5,4,5,2,5,Buddhism,Negombo,Group D
9,64,2,2,0,5,73,2,1,1,2,2,1,2,4,0,0,2,Non-binary,61,SIM-0609,synthetic_simulation,2,1,4,5,4,3,2,2,5,2,2,3,5,1,3,5,Christianity,Kandy,Group B
29,97,2,2,0,8,58,2,1,1,0,2,0,0,4,0,0,1,Female,72,SIM-0610,synthetic_simulation,1,3,1,3,1,4,3,5,1,4,2,4,1,2,1,5,Islam,Kandy,Group D
24,97,0,1,0,7,75,1,1,1,2,2,1,0,2,0,1,1,Male,69,SIM-0611,synthetic_simulation,1,3,3,2,1,3,5,5,2,3,2,4,5,2,1,2,Hinduism,Jaffna,Group A
20,81,2,1,1,6,53,1,1,0,2,1,1,1,4,0,1,0,Female,63,SIM-0612,synthetic_simulation,1,5,5,4,4,5,3,1,1,1,4,5,2,4,4,2,Buddhism,Jaffna,Group B
22,89,2,0,1,5,97,2,1,2,2,2,0,1,5,0,1,2,Non-binary,72,SIM-0613,synthetic_simulation,5,2,2,2,5,1,1,1,3,3,4,1,4,3,4,5,Other,Negombo,Group B
13,77,2,2,1,10,62,2,1,1,0,2,0,1,4,0,0,1,Male,65,SIM-0614,synthetic_simulation,3,4,4,4,5,3,1,1,3,2,3,1,1,4,4,4,Other,Galle,Group D
35,85,2,0,1,6,73,0,1,1,0,2,1,0,5,0,1,1,Female,74,SIM-0615,synthetic_simulation,1,4,4,4,4,4,2,4,3,1,1,1,3,1,2,4,Islam,Kandy,Group A
21,74,2,1,1,7,52,1,1,1,0,2,1,0,4,0,1,0,Female,62,SIM-0616,synthetic_simulation,3,5,5,3,5,4,5,1,3,4,4,3,3,2,1,1,Other,Galle,Group A
21,72,0,2,0,7,60,1,1,0,1,2,0,1,4,0,2,2,Male,65,SIM-0617,synthetic_simulation,4,4,4,4,4,1,4,2,4,3,4,5,5,2,3,2,Christianity,Negombo,Group A
24,83,1,0,0,6,85,1,1,1,1,0,1,1,4,0,1,1,Male,68,SIM-0618,synthetic_simulation,2,3,4,3,1,4,1,3,1,4,1,3,3,5,2,5,Hinduism,Galle,Group C
23,80,2,1,1,6,56,2,1,3,2,2,1,2,2,1,1,2,Non-binary,66,SIM-0619,synthetic_simulation,4,5,4,1,1,1,1,2,2,3,2,4,2,3,1,4,Islam,Kandy,Group D
21,83,0,2,1,6,81,1,1,3,0,2,1,0,4,0,2,1,Female,71,SIM-0620,synthetic_simulation,4,1,4,2,1,5,1,4,4,2,3,4,5,5,5,5,Islam,Negombo,Group C
15,71,2,0,0,8,50,1,1,1,2,2,1,1,2,1,2,2,Female,62,SIM-0621,synthetic_simulation,5,2,3,3,2,1,1,1,2,1,4,1,5,3,5,3,Other,Galle,Group C
23,75,1,0,1,6,73,1,1,1,1,2,1,2,2,0,1,1,Female,65,SIM-0622,synthetic_simulation,2,2,3,2,1,2,2,5,5,1,1,1,1,3,4,4,Buddhism,Galle,Group B
31,63,2,0,0,9,86,1,1,0,0,2,1,1,3,0,2,1,Male,68,SIM-0623,synthetic_simulation,4,2,2,5,1,4,5,3,4,2,1,5,4,3,4,5,Other,Galle,Group B
28,62,2,0,0,6,96,2,1,4,2,0,1,2,3,0,1,2,Non-binary,70,SIM-0624,synthetic_simulation,4,3,4,1,4,4,1,4,4,5,2,4,5,3,4,2,Buddhism,Galle,Group C
30,70,1,2,0,8,75,2,1,1,2,2,0,2,2,0,1,2,Non-binary,67,SIM-0625,synthetic_simulation,2,1,5,5,5,3,2,2,5,3,5,5,5,5,1,2,Other,Jaffna,Group D
17,63,2,2,0,4,92,2,1,2,1,2,1,0,4,0,1,2,Female,63,SIM-0626,synthetic_simulation,2,5,1,5,5,2,5,1,4,3,5,4,5,2,4,3,Buddhism,Negombo,Group B
14,64,0,0,1,6,90,1,1,0,1,0,0,0,2,0,1,2,Female,63,SIM-0627,synthetic_simulation,4,5,2,4,1,3,5,4,1,5,5,2,1,2,3,3,Buddhism,Negombo,Group D
19,93,2,0,0,6,65,2,1,0,2,0,1,1,3,0,1,2,Non-binary,69,SIM-0628,synthetic_simulation,2,2,1,4,1,1,4,4,3,2,5,5,5,5,3,1,Christianity,Galle,Group B
20,62,1,2,1,5,94,0,1,3,2,2,1,1,3,0,2,2,Male,66,SIM-0629,synthetic_simulation,4,1,1,5,1,5,3,5,2,4,4,2,4,4,5,5,Christianity,Galle,Group A
27,86,2,2,1,7,82,1,1,2,1,2,1,2,3,0,1,1,Non-binary,70,SIM-0630,synthetic_simulation,4,1,4,4,4,4,1,5,5,4,1,3,4,1,2,4,Christianity,Jaffna,Group C
10,71,2,2,1,7,55,0,1,2,1,0,1,2,3,0,0,2,Male,63,SIM-0631,synthetic_simulation,5,1,5,2,4,5,2,5,3,2,3,4,5,3,1,4,Other,Kandy,Group B
29,95,1,2,1,4,97,2,1,0,2,2,0,2,4,1,0,1,Male,72,SIM-0632,synthetic_simulation,1,4,1,4,4,1,5,2,4,4,4,2,1,5,2,4,Hinduism,Jaffna,Group A
19,79,0,2,1,10,59,1,1,1,2,2,1,1,3,1,0,1,Male,65,SIM-0633,synthetic_simulation,4,4,1,5,5,1,4,5,1,2,5,3,3,3,4,1,Christianity,Galle,Group D
17,72,2,0,1,7,74,1,1,2,0,2,1,2,4,0,2,0,Female,67,SIM-0634,synthetic_simulation,3,2,2,4,2,2,3,4,4,3,3,5,5,3,1,5,Islam,Galle,Group B
14,81,2,2,1,7,73,1,0,1,0,2,0,2,3,1,1,1,Non-binary,63,SIM-0635,synthetic_simulation,1,1,5,4,5,3,5,4,5,3,3,2,5,3,4,3,Hinduism,Galle,Group A
10,75,0,2,0,9,81,2,1,3,1,0,1,0,5,0,1,2,Male,65,SIM-0636,synthetic_simulation,1,1,5,3,4,4,5,4,4,5,5,2,2,5,2,1,Islam,Galle,Group B
25,83,2,2,1,8,83,2,1,2,1,2,1,1,1,1,1,1,Non-binary,67,SIM-0637,synthetic_simulation,1,5,1,3,3,4,1,3,1,2,3,3,1,2,5,3,Christianity,Jaffna,Group A
20,65,2,1,1,7,62,0,1,0,2,2,1,1,0,1,2,2,Male,80,SIM-0638,synthetic_simulation,5,5,5,5,2,5,3,3,4,4,4,2,4,4,3,1,Islam,Galle,Group A
12,100,2,2,1,4,68,2,1,2,1,2,1,1,3,0,0,0,Female,68,SIM-0639,synthetic_simulation,4,2,2,2,1,2,3,2,4,2,2,3,1,4,3,1,Other,Kandy,Group B
12,77,2,2,1,8,57,2,1,2,1,0,1,0,2,0,0,1,Non-binary,63,SIM-0640,synthetic_simulation,5,1,2,1,5,1,2,5,4,1,4,4,1,5,3,4,Islam,Colombo,Group D
18,74,2,2,0,6,56,2,1,1,2,2,0,2,3,0,0,1,Male,64,SIM-0641,synthetic_simulation,4,2,2,1,2,2,4,4,4,5,4,4,5,1,1,1,Hinduism,Kandy,Group B
30,88,2,2,0,9,91,2,1,3,2,1,1,2,3,0,1,2,Male,73,SIM-0642,synthetic_simulation,5,5,4,5,3,4,2,5,1,1,2,4,2,4,4,4,Christianity,Galle,Group B
18,75,2,2,1,6,88,1,1,2,2,0,1,0,1,1,2,2,Male,66,SIM-0643,synthetic_simulation,5,5,1,2,2,3,4,4,2,5,5,2,5,4,3,4,Islam,Jaffna,Group C
11,93,2,2,1,6,72,1,1,2,1,2,1,0,3,0,0,1,Male,66,SIM-0644,synthetic_simulation,3,4,5,2,5,5,2,3,3,5,5,2,1,3,4,4,Islam,Galle,Group C
19,78,0,0,0,5,55,2,1,0,2,2,1,1,4,0,1,1,Male,66,SIM-0645,synthetic_simulation,5,2,2,2,4,1,4,4,5,5,2,1,5,5,3,2,Islam,Jaffna,Group C
18,89,2,0,1,5,72,1,1,4,2,1,1,1,2,0,1,2,Female,69,SIM-0646,synthetic_simulation,2,2,1,3,1,1,1,2,2,1,4,1,1,2,2,4,Islam,Colombo,Group C
4,64,2,0,1,7,65,2,1,1,2,0,1,0,4,0,1,0,Non-binary,59,SIM-0647,synthetic_simulation,3,1,1,5,4,1,4,1,1,5,1,3,4,5,5,5,Hinduism,Negombo,Group D
20,94,2,2,0,7,89,2,1,0,1,2,0,1,1,0,1,2,Female,68,SIM-0648,synthetic_simulation,5,1,4,1,4,3,2,4,5,2,3,2,5,5,4,5,Buddhism,Kandy,Group C
19,89,2,2,0,6,55,2,1,1,1,2,0,1,3,0,2,1,Female,67,SIM-0649,synthetic_simulation,1,4,5,2,5,4,3,2,5,2,3,3,5,4,1,1,Other,Colombo,Group A
24,68,2,2,1,10,73,1,1,1,2,2,1,1,4,1,1,1,Non-binary,64,SIM-0650,synthetic_simulation,2,3,5,5,4,4,5,3,4,1,3,5,4,3,3,3,Christianity,Galle,Group D
31,66,1,0,1,8,80,1,1,0,1,1,0,0,4,0,1,2,Female,65,SIM-0651,synthetic_simulation,2,3,2,1,4,2,4,3,3,3,1,2,5,5,2,5,Buddhism,Jaffna,Group C
27,73,2,2,0,7,99,1,1,1,1,2,1,2,4,0,0,2,Male,68,SIM-0652,synthetic_simulation,2,3,2,3,5,2,4,1,3,3,4,5,1,2,3,3,Other,Jaffna,Group B
18,99,2,0,1,4,54,1,1,0,2,2,1,2,3,0,2,1,Non-binary,70,SIM-0653,synthetic_simulation,3,2,1,4,5,4,3,5,1,1,5,2,3,3,5,4,Islam,Negombo,Group A
13,70,2,2,0,8,56,2,1,2,2,0,1,1,0,0,1,2,Non-binary,62,SIM-0654,synthetic_simulation,5,2,5,1,3,1,1,5,2,5,2,4,5,3,3,3,Buddhism,Colombo,Group C
35,78,0,1,1,10,99,2,1,1,1,2,0,2,2,0,1,2,Female,72,SIM-0655,synthetic_simulation,5,5,5,1,4,3,2,4,4,5,3,3,4,2,5,4,Other,Kandy,Group D
20,61,2,1,1,7,70,1,1,1,2,2,0,2,4,0,1,1,Non-binary,62,SIM-0656,synthetic_simulation,1,2,2,1,2,4,1,3,3,5,1,1,4,2,4,2,Other,Jaffna,Group B
20,76,0,0,1,6,87,1,1,1,1,2,1,0,4,0,2,1,Non-binary,68,SIM-0657,synthetic_simulation,1,2,3,4,1,3,4,2,4,1,2,4,3,2,5,1,Buddhism,Kandy,Group D
20,83,0,2,0,7,89,2,1,3,1,0,0,0,4,0,1,2,Female,69,SIM-0658,synthetic_simulation,2,2,1,2,1,5,4,1,2,5,4,1,1,5,2,3,Islam,Galle,Group C
21,98,0,2,0,5,66,1,1,3,0,0,1,2,5,0,1,2,Non-binary,73,SIM-0659,synthetic_simulation,1,4,5,4,5,1,1,5,5,2,1,2,2,3,2,3,Islam,Jaffna,Group D
19,81,0,0,0,8,61,1,1,3,2,2,0,0,5,0,2,2,Male,69,SIM-0660,synthetic_simulation,3,2,4,1,5,5,2,4,2,5,1,5,1,3,4,3,Christianity,Jaffna,Group C
17,93,2,2,1,9,64,2,1,1,2,2,1,1,3,0,1,1,Female,67,SIM-0661,synthetic_simulation,5,1,4,3,3,4,4,4,5,1,2,5,5,1,1,1,Other,Colombo,Group B
17,82,2,1,0,6,88,1,1,2,1,1,0,1,3,0,2,2,Male,65,SIM-0662,synthetic_simulation,2,1,3,1,4,2,4,3,2,5,2,4,4,1,2,2,Christianity,Negombo,Group A
20,62,1,1,0,6,92,0,1,2,2,2,1,2,3,0,2,1,Female,63,SIM-0663,synthetic_simulation,1,5,2,3,5,4,1,2,4,2,3,1,4,1,4,1,Islam,Galle,Group C
17,73,0,2,1,7,85,2,1,2,1,2,1,2,2,0,1,1,Non-binary,66,SIM-0664,synthetic_simulation,3,4,2,5,5,5,5,2,2,1,4,3,1,5,4,5,Other,Negombo,Group A
16,83,2,2,0,6,72,2,1,1,1,0,1,2,2,0,0,2,Male,66,SIM-0665,synthetic_simulation,3,1,2,3,1,3,3,5,3,3,2,3,1,5,2,1,Christianity,Colombo,Group A
21,98,2,0,0,5,63,1,1,0,1,0,1,1,2,0,2,2,Male,70,SIM-0666,synthetic_simulation,1,4,4,1,4,4,4,4,3,1,3,3,5,2,4,5,Christianity,Kandy,Group A
18,94,2,2,0,6,71,1,1,2,0,2,1,1,3,0,2,0,Female,69,SIM-0667,synthetic_simulation,5,4,2,4,3,2,2,3,1,4,3,1,1,5,4,3,Christianity,Colombo,Group A
29,69,2,0,0,6,96,1,1,1,0,2,1,2,4,0,1,2,Female,70,SIM-0668,synthetic_simulation,1,5,4,1,5,5,5,2,3,3,2,5,3,3,3,2,Other,Colombo,Group D
4,69,2,1,0,9,93,1,0,2,2,0,0,0,3,0,1,1,Male,58,SIM-0669,synthetic_simulation,2,4,3,1,5,4,1,4,3,3,1,5,3,3,4,4,Hinduism,Colombo,Group D
27,68,2,2,0,9,66,2,1,3,0,2,0,2,3,0,1,0,Male,67,SIM-0670,synthetic_simulation,1,2,1,5,5,5,1,2,5,1,1,4,2,4,2,2,Hinduism,Jaffna,Group C
27,97,0,0,1,9,66,1,1,1,1,2,1,2,3,0,1,0,Male,73,SIM-0671,synthetic_simulation,3,4,5,2,1,5,2,1,4,4,1,1,4,4,2,5,Islam,Galle,Group A
8,94,0,1,0,8,89,0,1,0,2,2,1,1,2,0,1,2,Non-binary,66,SIM-0672,synthetic_simulation,1,5,3,1,5,1,5,2,4,3,3,2,5,5,2,2,Other,Kandy,Group D
18,91,0,0,1,7,71,0,1,0,2,2,1,1,3,0,1,2,Male,70,SIM-0673,synthetic_simulation,5,5,4,5,5,3,2,2,5,5,1,2,5,4,3,3,Other,Negombo,Group D
18,76,0,0,0,6,79,2,1,1,2,2,0,2,2,0,2,0,Non-binary,67,SIM-0674,synthetic_simulation,4,5,3,4,1,1,4,4,3,4,4,3,1,5,2,1,Buddhism,Kandy,Group D
12,80,1,1,0,9,71,0,1,1,1,1,0,2,3,1,1,1,Female,60,SIM-0675,synthetic_simulation,1,1,5,5,5,5,5,2,2,4,1,5,4,2,4,5,Christianity,Jaffna,Group A
15,79,0,2,0,8,62,1,1,1,1,1,1,2,3,0,0,2,Female,65,SIM-0676,synthetic_simulation,5,2,1,5,4,2,3,2,5,1,1,5,2,2,5,5,Islam,Jaffna,Group B
13,70,2,2,0,5,59,2,1,0,2,0,0,2,2,0,2,2,Male,63,SIM-0677,synthetic_simulation,5,1,5,3,4,2,3,1,4,1,3,1,2,4,3,5,Other,Negombo,Group A
31,80,0,0,1,6,57,1,1,1,2,0,0,2,3,0,1,2,Male,72,SIM-0678,synthetic_simulation,3,3,4,2,1,1,2,2,1,1,5,1,2,5,5,3,Buddhism,Jaffna,Group D
26,61,1,2,1,5,51,0,1,0,1,2,0,1,5,0,1,1,Male,62,SIM-0679,synthetic_simulation,5,2,5,2,4,2,3,2,4,4,4,4,4,4,1,2,Buddhism,Negombo,Group D
28,65,2,2,1,4,64,2,1,6,2,0,1,1,3,0,2,2,Male,70,SIM-0680,synthetic_simulation,5,4,3,4,3,5,2,4,2,2,3,1,2,3,5,5,Other,Jaffna,Group A
24,95,0,1,1,8,59,2,1,2,1,0,1,0,1,0,0,1,Female,70,SIM-0681,synthetic_simulation,5,5,2,5,5,4,4,3,4,1,4,4,3,5,4,4,Islam,Colombo,Group D
13,90,2,2,0,5,63,2,1,0,1,2,1,1,4,0,1,1,Non-binary,64,SIM-0682,synthetic_simulation,5,3,3,4,3,5,4,1,5,2,4,3,1,1,3,5,Islam,Jaffna,Group D
17,77,2,2,1,6,54,1,1,3,1,2,1,1,4,0,1,1,Female,64,SIM-0683,synthetic_simulation,2,2,4,4,4,4,2,2,1,3,1,3,2,3,2,2,Hinduism,Negombo,Group C
23,81,2,1,1,7,67,2,1,0,2,0,0,2,5,0,1,1,Male,67,SIM-0684,synthetic_simulation,2,1,1,2,1,2,4,3,4,5,4,5,3,5,2,2,Hinduism,Negombo,Group A
13,75,2,0,1,7,76,0,1,1,2,0,1,0,1,0,1,1,Female,64,SIM-0685,synthetic_simulation,3,5,5,2,1,3,3,4,5,5,1,5,3,4,5,4,Islam,Negombo,Group B
24,90,2,2,1,6,97,1,1,1,0,0,1,2,4,0,1,2,Female,72,SIM-0686,synthetic_simulation,1,1,1,2,3,3,4,1,5,2,4,5,5,4,5,1,Buddhism,Galle,Group D
19,91,2,1,0,9,67,2,1,0,2,2,0,0,3,0,0,2,Male,66,SIM-0687,synthetic_simulation,5,2,4,1,4,5,3,4,5,4,5,2,1,4,5,5,Hinduism,Kandy,Group B
18,91,2,2,0,5,52,2,1,2,2,2,1,0,4,0,1,1,Male,66,SIM-0688,synthetic_simulation,1,2,5,5,5,5,3,3,1,5,4,4,5,5,4,2,Buddhism,Kandy,Group B
24,89,2,0,1,5,68,2,1,0,1,0,1,2,2,0,2,2,Non-binary,71,SIM-0689,synthetic_simulation,1,3,3,4,4,2,1,1,5,2,2,3,4,4,2,4,Hinduism,Colombo,Group D
23,68,1,1,0,8,91,2,1,5,1,2,1,0,5,0,2,2,Male,66,SIM-0690,synthetic_simulation,3,4,3,5,4,3,4,2,1,1,1,4,3,5,1,4,Buddhism,Negombo,Group A
18,74,2,1,1,6,67,0,1,2,1,0,1,1,2,0,1,2,Female,64,SIM-0691,synthetic_simulation,5,1,4,4,1,3,4,3,2,2,5,2,5,5,4,3,Christianity,Galle,Group B
27,79,2,1,0,6,65,1,1,0,2,2,0,0,2,0,0,2,Non-binary,66,SIM-0692,synthetic_simulation,5,3,5,4,2,5,2,4,2,3,1,2,1,4,2,2,Other,Galle,Group D
14,73,2,1,1,5,96,1,1,1,1,2,1,0,3,0,1,1,Non-binary,62,SIM-0693,synthetic_simulation,4,5,3,4,5,3,2,1,2,2,5,3,3,2,2,2,Islam,Galle,Group C
24,90,2,2,0,8,65,2,1,4,1,2,1,1,4,0,1,1,Male,70,SIM-0694,synthetic_simulation,1,4,4,4,5,5,5,3,5,1,1,3,2,2,2,2,Christianity,Negombo,Group D
24,73,2,2,1,7,99,2,1,3,2,0,0,1,3,0,1,2,Male,69,SIM-0695,synthetic_simulation,1,3,4,3,1,1,3,3,1,2,2,5,1,3,2,3,Islam,Galle,Group A
18,66,0,2,0,7,92,2,1,2,1,2,0,1,4,0,1,1,Non-binary,65,SIM-0696,synthetic_simulation,2,1,1,3,4,3,1,4,2,1,2,2,2,5,3,4,Buddhism,Galle,Group C
22,76,0,2,1,6,84,0,1,2,2,0,1,1,3,0,1,2,Male,70,SIM-0697,synthetic_simulation,4,2,3,1,1,4,3,4,3,1,5,5,4,4,2,4,Hinduism,Kandy,Group A
12,99,0,0,1,6,80,2,0,0,0,2,1,2,3,0,1,1,Male,70,SIM-0698,synthetic_simulation,2,5,5,2,4,2,4,2,2,3,3,3,2,4,5,1,Hinduism,Jaffna,Group A
26,69,2,2,1,7,61,2,1,1,0,0,1,2,2,0,0,2,Male,67,SIM-0699,synthetic_simulation,2,1,3,4,2,5,5,2,5,3,1,2,2,4,2,4,Hinduism,Jaffna,Group C
19,84,2,0,1,8,87,1,1,2,1,0,1,2,3,0,1,1,Non-binary,69,SIM-0700,synthetic_simulation,2,4,3,5,2,3,3,3,3,5,3,2,4,2,1,2,Other,Jaffna,Group A
17,77,1,2,0,9,67,1,1,0,1,0,1,1,5,1,1,2,Male,62,SIM-0701,synthetic_simulation,3,4,3,3,3,3,5,4,4,1,4,1,4,1,3,3,Other,Negombo,Group D
26,63,2,0,1,9,74,2,1,1,1,2,0,2,4,0,1,2,Male,67,SIM-0702,synthetic_simulation,3,2,4,2,4,5,3,3,3,1,2,2,2,5,1,1,Islam,Colombo,Group C
16,80,0,2,0,8,55,0,0,0,1,2,1,2,6,0,0,1,Male,65,SIM-0703,synthetic_simulation,2,2,2,1,1,4,4,5,4,1,1,5,3,3,1,4,Hinduism,Colombo,Group B
12,88,2,2,0,8,65,2,1,0,1,2,1,2,4,0,1,2,Non-binary,65,SIM-0704,synthetic_simulation,4,5,2,2,1,3,4,4,3,5,2,1,3,3,1,3,Christianity,Kandy,Group D
11,81,2,0,1,5,76,2,1,1,1,2,1,1,3,0,2,0,Female,65,SIM-0705,synthetic_simulation,1,5,1,4,1,1,3,5,1,4,4,2,5,3,4,5,Islam,Colombo,Group C
24,95,2,1,1,6,73,2,0,3,1,2,1,2,2,0,1,1,Non-binary,69,SIM-0706,synthetic_simulation,4,2,3,2,3,2,1,5,3,3,5,1,5,5,2,4,Other,Colombo,Group A
12,72,2,2,0,8,67,1,1,4,2,2,1,1,4,0,1,2,Non-binary,63,SIM-0707,synthetic_simulation,5,2,2,4,5,5,4,4,2,3,1,2,4,5,2,3,Other,Jaffna,Group B
31,63,1,0,1,7,74,1,1,3,2,2,1,0,2,0,0,1,Male,66,SIM-0708,synthetic_simulation,3,4,1,3,1,3,2,2,4,1,1,4,1,3,1,2,Hinduism,Jaffna,Group D
8,97,2,0,1,8,87,2,1,0,2,2,1,2,2,1,1,2,Non-binary,67,SIM-0709,synthetic_simulation,1,2,4,3,2,2,1,3,4,5,1,5,2,3,2,5,Other,Negombo,Group D
30,75,2,2,0,8,73,0,1,1,2,2,1,0,3,0,0,2,Male,69,SIM-0710,synthetic_simulation,1,3,3,4,1,5,3,1,2,1,5,5,4,4,4,1,Buddhism,Colombo,Group D
21,83,2,2,1,8,75,0,1,1,1,0,1,1,2,0,1,0,Male,67,SIM-0711,synthetic_simulation,5,1,5,5,1,5,1,1,1,3,2,1,4,1,2,1,Other,Negombo,Group A
19,92,2,2,1,5,85,2,1,1,2,0,0,1,4,0,1,2,Female,70,SIM-0712,synthetic_simulation,5,2,4,3,1,5,2,4,3,5,5,4,4,2,2,2,Hinduism,Galle,Group A
17,73,0,0,1,7,92,2,1,2,0,2,0,0,2,0,1,1,Male,67,SIM-0713,synthetic_simulation,2,5,1,5,5,4,4,2,1,2,2,1,3,5,1,3,Islam,Kandy,Group D
22,89,0,2,0,6,76,2,1,2,1,2,1,1,4,0,1,2,Non-binary,70,SIM-0714,synthetic_simulation,3,3,4,4,1,1,4,2,2,3,1,1,1,1,3,5,Other,Kandy,Group C
20,65,0,0,1,6,97,2,1,0,1,1,0,0,3,0,1,1,Male,65,SIM-0715,synthetic_simulation,3,5,5,4,5,5,4,2,3,2,5,3,3,3,3,4,Christianity,Galle,Group B
27,72,2,1,0,4,68,2,0,0,2,0,1,0,3,1,0,2,Non-binary,63,SIM-0716,synthetic_simulation,4,3,4,3,5,4,2,1,2,4,4,1,5,3,2,2,Christianity,Kandy,Group B
21,66,2,2,1,7,63,2,1,0,0,2,1,1,3,0,1,2,Non-binary,64,SIM-0717,synthetic_simulation,2,2,1,5,3,5,1,5,4,2,5,2,4,3,1,2,Buddhism,Colombo,Group D
21,92,0,2,1,4,85,1,1,1,0,2,1,0,3,0,1,0,Non-binary,69,SIM-0718,synthetic_simulation,2,1,5,4,2,5,3,1,4,5,2,3,3,3,3,2,Islam,Negombo,Group C
18,69,1,2,0,8,59,1,0,1,1,2,1,2,4,0,1,2,Male,60,SIM-0719,synthetic_simulation,2,5,5,3,1,4,3,2,4,2,1,3,4,4,3,2,Buddhism,Colombo,Group B
20,89,1,2,1,9,95,2,1,3,1,2,1,2,3,0,1,1,Female,69,SIM-0720,synthetic_simulation,2,3,4,4,1,1,1,1,5,4,2,1,1,5,5,4,Buddhism,Kandy,Group A
22,98,2,1,1,8,69,2,1,4,0,2,0,2,2,0,1,2,Female,72,SIM-0721,synthetic_simulation,3,4,5,2,1,2,4,1,5,3,3,3,2,3,3,2,Hinduism,Colombo,Group D
10,81,2,1,1,7,85,1,1,1,1,2,1,1,2,0,0,2,Non-binary,63,SIM-0722,synthetic_simulation,3,2,4,2,5,3,3,3,4,4,1,5,3,3,4,1,Hinduism,Kandy,Group D
12,82,1,2,0,9,79,0,1,0,1,2,0,2,2,0,0,1,Male,63,SIM-0723,synthetic_simulation,2,1,3,3,4,5,4,4,5,5,4,3,1,5,5,1,Hinduism,Negombo,Group A
24,78,0,1,1,7,53,0,1,0,2,2,1,1,4,1,1,2,Male,66,SIM-0724,synthetic_simulation,4,2,5,4,2,1,5,5,5,2,4,3,2,2,1,2,Christianity,Kandy,Group B
21,73,2,2,0,6,85,2,1,6,2,0,1,1,5,0,0,2,Non-binary,70,SIM-0725,synthetic_simulation,1,4,4,3,1,3,5,3,2,2,3,2,4,4,5,3,Other,Galle,Group D
19,79,2,0,1,7,90,2,1,1,0,2,1,0,4,0,0,0,Female,68,SIM-0726,synthetic_simulation,1,1,3,1,4,5,3,4,3,5,2,5,1,4,3,1,Islam,Kandy,Group B
20,84,2,2,1,10,99,1,1,2,2,2,0,2,3,0,1,1,Non-binary,69,SIM-0727,synthetic_simulation,4,4,5,3,4,3,1,2,4,1,4,3,5,1,5,5,Hinduism,Galle,Group D
22,99,2,2,1,5,71,0,1,0,2,0,1,1,4,0,0,2,Male,72,SIM-0728,synthetic_simulation,2,2,3,3,4,4,1,3,5,5,2,2,2,4,1,3,Islam,Negombo,Group C
17,98,1,0,0,5,75,1,1,1,1,1,0,2,3,1,0,2,Male,67,SIM-0729,synthetic_simulation,3,3,5,2,2,1,1,4,2,5,1,5,2,1,2,2,Buddhism,Kandy,Group C
15,94,1,2,0,8,94,1,1,1,0,2,1,2,4,0,1,1,Male,68,SIM-0730,synthetic_simulation,1,2,1,2,4,1,4,3,2,4,5,3,4,2,4,4,Other,Negombo,Group A
21,96,2,0,0,7,63,2,1,1,2,2,0,0,2,0,2,0,Non-binary,70,SIM-0731,synthetic_simulation,5,2,1,4,1,2,5,1,3,4,1,1,5,5,2,3,Christianity,Jaffna,Group A
14,79,0,2,1,6,59,2,1,5,2,0,1,2,3,0,2,0,Male,68,SIM-0732,synthetic_simulation,5,2,4,3,1,2,4,1,2,5,2,3,3,3,1,5,Islam,Jaffna,Group A
22,86,2,2,1,5,57,0,1,2,2,2,1,2,3,0,0,1,Female,69,SIM-0733,synthetic_simulation,4,5,2,3,3,3,2,3,1,3,3,5,1,1,2,3,Other,Kandy,Group C
10,96,2,2,0,4,99,2,1,1,2,2,0,0,5,0,0,2,Male,68,SIM-0734,synthetic_simulation,2,4,1,4,5,4,2,3,1,2,1,3,4,4,4,1,Islam,Jaffna,Group C
26,76,2,2,0,5,64,1,1,0,2,2,1,2,5,0,0,0,Non-binary,66,SIM-0735,synthetic_simulation,1,4,2,5,4,3,3,5,4,5,4,5,5,3,1,1,Buddhism,Colombo,Group B
23,98,2,2,0,9,88,0,1,1,1,2,1,0,4,0,2,1,Non-binary,72,SIM-0736,synthetic_simulation,2,4,3,4,5,5,2,2,3,1,1,1,2,2,2,4,Hinduism,Colombo,Group D
22,77,2,2,1,7,72,2,1,2,2,0,1,1,3,0,1,2,Non-binary,67,SIM-0737,synthetic_simulation,1,5,3,2,5,1,1,1,1,2,1,3,2,5,4,3,Buddhism,Galle,Group C
26,84,1,0,0,4,62,2,0,3,0,0,1,2,2,0,1,2,Female,70,SIM-0738,synthetic_simulation,4,3,2,2,5,3,3,3,3,3,1,5,2,1,5,4,Islam,Jaffna,Group A
30,88,0,2,1,9,96,2,1,1,2,0,0,1,3,1,1,2,Female,73,SIM-0739,synthetic_simulation,4,2,4,3,5,3,5,4,4,5,3,2,5,4,2,3,Christianity,Galle,Group A
26,98,2,1,1,9,73,0,1,1,0,1,1,1,6,0,2,1,Non-binary,73,SIM-0740,synthetic_simulation,5,3,5,2,5,1,5,2,2,3,2,3,5,3,5,2,Islam,Jaffna,Group C
9,70,2,2,0,9,78,1,1,1,2,1,1,1,2,0,1,2,Male,60,SIM-0741,synthetic_simulation,2,5,2,4,1,1,2,4,2,2,3,1,3,3,3,3,Christianity,Colombo,Group D
12,90,2,0,0,6,61,1,1,2,2,0,1,1,3,0,0,2,Non-binary,67,SIM-0742,synthetic_simulation,5,4,2,3,2,2,2,2,2,1,4,2,1,3,5,3,Christianity,Jaffna,Group A
16,81,0,2,1,7,66,2,1,3,0,0,0,2,4,0,1,2,Female,69,SIM-0743,synthetic_simulation,2,2,2,4,4,2,5,4,1,2,2,3,2,5,5,2,Islam,Colombo,Group B
20,71,2,1,0,7,87,0,1,1,2,2,1,0,5,0,1,2,Non-binary,65,SIM-0744,synthetic_simulation,5,1,2,4,4,1,2,1,3,2,4,5,3,1,3,5,Islam,Colombo,Group A
23,91,1,0,1,9,67,1,1,2,1,2,1,1,4,0,1,2,Female,70,SIM-0745,synthetic_simulation,3,1,2,3,1,3,2,3,1,5,2,4,5,5,1,1,Christianity,Negombo,Group D
16,82,0,0,1,6,75,1,1,3,2,2,1,1,3,0,0,1,Non-binary,68,SIM-0746,synthetic_simulation,3,3,4,5,1,5,4,3,5,2,2,2,3,4,3,3,Islam,Colombo,Group B
21,86,2,1,0,6,56,2,1,1,1,0,0,0,2,0,0,2,Non-binary,66,SIM-0747,synthetic_simulation,3,4,1,2,5,3,5,5,3,5,1,5,2,1,5,4,Other,Colombo,Group A
15,73,1,0,1,8,93,2,1,1,1,0,1,2,4,0,0,0,Female,65,SIM-0748,synthetic_simulation,3,1,5,1,2,5,5,3,4,5,1,2,1,2,1,2,Christianity,Galle,Group C
16,79,1,2,1,9,87,2,1,1,1,2,1,1,2,0,0,1,Male,64,SIM-0749,synthetic_simulation,1,3,1,1,4,1,2,1,1,3,3,3,3,2,2,5,Christianity,Jaffna,Group D
12,85,0,0,1,7,88,0,1,1,1,2,1,1,0,0,0,0,Female,67,SIM-0750,synthetic_simulation,3,5,2,1,3,5,1,2,2,1,2,1,5,5,4,1,Islam,Kandy,Group B
14,76,0,2,1,8,59,1,1,3,2,2,0,1,5,0,1,1,Male,65,SIM-0751,synthetic_simulation,4,3,1,2,1,2,4,2,2,5,4,1,4,5,1,1,Buddhism,Kandy,Group B
12,68,0,0,1,7,75,2,1,1,2,1,0,2,4,0,1,2,Non-binary,64,SIM-0752,synthetic_simulation,4,3,4,5,3,1,1,3,2,4,1,2,4,5,5,4,Other,Colombo,Group C
14,98,0,0,0,7,51,2,1,0,2,1,1,2,1,1,1,2,Female,67,SIM-0753,synthetic_simulation,1,3,3,4,4,4,2,4,1,3,4,4,3,2,2,5,Islam,Jaffna,Group B
26,80,2,1,1,6,66,2,1,2,0,2,1,1,4,0,2,2,Non-binary,70,SIM-0754,synthetic_simulation,3,2,1,3,1,5,5,3,1,5,1,3,5,2,1,4,Hinduism,Negombo,Group A
14,89,2,1,1,5,67,1,0,3,1,1,0,1,3,0,1,0,Non-binary,63,SIM-0755,synthetic_simulation,3,3,5,5,4,5,1,2,2,5,2,5,3,1,4,1,Other,Kandy,Group B
36,76,2,2,0,6,96,2,1,1,1,2,0,1,2,0,0,2,Female,71,SIM-0756,synthetic_simulation,3,3,4,1,1,4,3,5,2,3,4,3,3,1,5,3,Hinduism,Galle,Group B
23,74,0,1,0,6,100,1,1,2,0,1,0,2,3,0,1,2,Non-binary,68,SIM-0757,synthetic_simulation,5,2,3,2,4,4,1,2,2,2,3,4,4,5,3,2,Other,Galle,Group A
21,76,2,2,0,7,81,2,1,0,2,0,0,2,2,0,0,1,Non-binary,67,SIM-0758,synthetic_simulation,2,2,4,2,3,1,5,4,5,5,3,5,3,3,4,2,Christianity,Galle,Group B
15,76,0,0,1,9,76,2,1,1,2,0,1,1,2,0,2,0,Male,67,SIM-0759,synthetic_simulation,5,5,2,3,2,3,2,4,1,1,3,4,4,1,4,4,Other,Negombo,Group B
24,82,1,2,1,7,72,2,1,0,2,0,1,2,2,0,2,1,Male,68,SIM-0760,synthetic_simulation,2,4,3,4,1,4,1,5,2,5,1,3,5,2,4,3,Islam,Negombo,Group C
17,82,0,2,0,6,51,2,1,1,1,2,1,2,3,0,2,1,Non-binary,66,SIM-0761,synthetic_simulation,3,1,5,5,3,5,2,4,4,3,1,3,5,4,4,1,Hinduism,Negombo,Group A
21,80,2,2,1,8,90,2,1,0,2,2,1,0,4,0,0,2,Male,68,SIM-0762,synthetic_simulation,3,1,3,5,4,4,4,3,2,4,3,2,5,3,2,2,Buddhism,Jaffna,Group B
35,65,0,2,1,7,84,0,1,0,2,2,1,2,2,0,1,1,Male,70,SIM-0763,synthetic_simulation,5,3,5,5,3,1,3,3,1,3,4,4,4,2,1,2,Hinduism,Jaffna,Group B
19,80,1,1,0,8,82,2,1,5,1,1,1,2,3,0,0,2,Non-binary,67,SIM-0764,synthetic_simulation,5,5,2,4,1,1,5,2,4,3,1,1,2,3,4,4,Christianity,Jaffna,Group A
27,67,1,2,1,6,90,2,1,2,0,0,0,1,3,0,1,1,Female,67,SIM-0765,synthetic_simulation,2,3,5,4,3,5,5,1,1,1,3,4,2,4,4,5,Christianity,Negombo,Group C
16,65,1,0,0,9,96,1,1,2,1,2,1,0,2,0,1,2,Female,62,SIM-0766,synthetic_simulation,4,1,4,4,4,5,2,3,1,2,1,4,2,5,5,2,Buddhism,Kandy,Group B
20,97,2,0,0,9,69,1,1,0,1,1,1,0,3,1,1,2,Non-binary,67,SIM-0767,synthetic_simulation,2,2,1,3,5,5,3,3,1,1,5,5,2,3,3,4,Other,Kandy,Group C
31,84,2,0,0,7,71,1,1,4,1,2,1,0,4,0,1,0,Female,70,SIM-0768,synthetic_simulation,5,4,4,2,2,3,5,5,3,1,4,5,5,4,5,1,Other,Kandy,Group A
16,86,0,0,0,8,99,2,1,4,1,0,0,1,4,0,0,2,Non-binary,72,SIM-0769,synthetic_simulation,5,5,4,1,2,5,1,3,4,5,2,2,2,4,1,2,Christianity,Jaffna,Group D
31,76,2,2,1,9,83,2,1,2,0,2,0,0,3,0,1,1,Male,70,SIM-0770,synthetic_simulation,1,2,3,4,5,1,5,2,5,4,4,1,3,3,2,4,Buddhism,Jaffna,Group A
24,96,1,0,0,6,93,2,1,2,1,2,1,1,2,0,1,1,Female,94,SIM-0771,synthetic_simulation,5,4,2,2,1,1,1,5,5,3,2,3,4,3,3,5,Christianity,Kandy,Group D
17,86,2,2,0,7,61,2,0,2,0,2,1,2,3,0,1,1,Male,66,SIM-0772,synthetic_simulation,1,5,1,4,3,4,5,3,3,1,3,1,2,3,5,3,Hinduism,Negombo,Group D
24,91,1,1,1,7,66,0,1,2,1,0,1,1,3,0,1,2,Male,69,SIM-0773,synthetic_simulation,4,5,5,1,3,5,1,2,1,1,1,1,5,3,5,2,Other,Kandy,Group A
26,75,0,2,0,5,70,1,1,0,0,1,0,1,2,0,2,2,Non-binary,68,SIM-0774,synthetic_simulation,2,1,3,4,5,3,4,5,5,2,3,1,2,5,2,4,Hinduism,Kandy,Group C
24,98,0,1,0,8,66,0,1,2,1,2,1,2,1,0,1,1,Female,71,SIM-0775,synthetic_simulation,2,2,2,2,5,2,2,1,4,2,2,2,4,2,2,3,Hinduism,Colombo,Group D
11,93,0,2,0,9,94,2,1,4,1,0,1,1,4,0,1,1,Non-binary,69,SIM-0776,synthetic_simulation,1,5,1,3,4,4,4,2,2,4,5,2,1,1,3,5,Islam,Jaffna,Group C
16,94,2,2,0,7,76,1,1,2,2,2,1,1,3,1,1,2,Non-binary,67,SIM-0777,synthetic_simulation,2,5,4,1,4,3,1,3,4,3,2,1,1,5,4,2,Other,Colombo,Group B
19,67,1,2,1,8,98,2,1,2,1,2,0,0,2,0,2,2,Female,64,SIM-0778,synthetic_simulation,5,4,2,2,2,5,2,5,1,1,1,3,5,3,2,4,Christianity,Colombo,Group D
20,71,2,2,1,9,66,2,1,1,2,1,0,0,5,1,0,2,Male,63,SIM-0779,synthetic_simulation,3,1,2,5,1,3,3,1,4,5,5,3,5,4,5,3,Christianity,Galle,Group C
24,71,2,0,1,6,52,2,1,2,2,2,0,1,3,0,0,0,Non-binary,66,SIM-0780,synthetic_simulation,1,3,2,5,1,2,1,2,1,2,1,3,5,5,5,1,Hinduism,Colombo,Group A
21,71,0,2,1,8,57,1,0,2,0,2,1,2,1,0,2,2,Male,66,SIM-0781,synthetic_simulation,2,1,4,5,5,3,5,1,4,1,5,2,2,1,4,1,Buddhism,Negombo,Group A
12,94,1,0,1,6,61,2,1,3,0,0,1,1,4,0,0,2,Male,69,SIM-0782,synthetic_simulation,1,3,5,3,2,2,5,2,3,5,1,5,4,1,4,4,Islam,Kandy,Group A
22,61,1,1,1,6,82,1,1,4,2,2,1,2,4,0,1,1,Non-binary,64,SIM-0783,synthetic_simulation,1,2,3,4,2,2,3,3,4,1,2,3,4,5,2,3,Islam,Galle,Group B
24,63,0,2,0,8,59,1,1,1,1,2,1,1,3,1,1,2,Non-binary,62,SIM-0784,synthetic_simulation,3,2,5,4,4,2,4,2,5,4,2,5,4,4,4,1,Hinduism,Negombo,Group D
23,71,2,2,1,7,69,0,1,3,1,2,1,2,5,1,1,0,Female,66,SIM-0785,synthetic_simulation,5,5,1,4,3,3,1,3,2,4,2,1,1,4,5,2,Islam,Galle,Group A
26,68,2,0,1,8,90,2,1,4,1,0,0,1,3,0,1,2,Male,70,SIM-0786,synthetic_simulation,1,2,3,3,1,5,5,2,3,5,2,3,4,4,2,4,Islam,Galle,Group B
25,69,0,2,1,7,56,2,1,2,1,2,0,1,4,0,1,2,Male,67,SIM-0787,synthetic_simulation,2,5,1,5,2,1,2,5,4,2,5,1,5,2,3,5,Hinduism,Galle,Group A
23,92,1,2,0,8,54,2,1,0,0,1,1,2,1,0,2,2,Non-binary,68,SIM-0788,synthetic_simulation,4,1,4,4,4,1,3,2,1,4,4,1,2,4,1,2,Christianity,Colombo,Group B
20,83,0,1,0,9,77,0,1,0,1,2,1,2,3,1,1,2,Male,67,SIM-0789,synthetic_simulation,1,2,5,3,4,3,4,2,3,2,4,4,1,1,2,4,Hinduism,Negombo,Group B
10,60,2,2,0,9,85,2,1,0,2,0,1,2,4,0,2,2,Female,62,SIM-0790,synthetic_simulation,1,1,2,3,4,5,4,4,5,5,3,1,2,3,3,1,Hinduism,Galle,Group C
23,77,1,2,1,8,96,2,1,1,0,2,0,1,1,1,0,2,Male,67,SIM-0791,synthetic_simulation,3,1,3,2,3,1,2,4,2,5,4,1,3,3,5,5,Other,Galle,Group A
21,76,2,0,1,8,83,2,1,0,1,2,1,2,5,0,1,2,Male,68,SIM-0792,synthetic_simulation,5,2,2,4,2,2,2,2,2,1,3,2,5,1,2,2,Christianity,Kandy,Group B
22,65,1,2,0,7,97,1,1,2,2,0,0,1,4,0,1,1,Female,64,SIM-0793,synthetic_simulation,4,1,1,5,5,3,3,4,4,5,2,1,1,4,2,3,Hinduism,Colombo,Group B
12,87,2,1,1,7,62,2,0,2,2,2,1,1,4,0,1,2,Male,64,SIM-0794,synthetic_simulation,2,2,2,1,5,3,2,3,5,1,1,3,5,3,2,5,Other,Jaffna,Group A
14,88,2,2,0,8,67,2,1,2,0,1,1,1,3,0,2,0,Male,66,SIM-0795,synthetic_simulation,4,2,2,3,4,4,5,4,5,2,4,2,2,1,4,1,Islam,Negombo,Group A
26,89,2,1,1,7,92,2,1,2,1,0,1,2,2,0,2,1,Female,72,SIM-0796,synthetic_simulation,2,2,4,2,4,4,4,2,2,1,4,4,4,4,4,5,Buddhism,Kandy,Group A
20,89,2,0,1,8,91,2,1,2,2,2,1,2,3,0,1,2,Non-binary,72,SIM-0797,synthetic_simulation,5,3,4,1,3,4,2,1,2,2,2,4,3,2,5,1,Christianity,Jaffna,Group D
24,60,2,0,1,9,83,0,1,2,2,1,1,2,3,1,1,2,Non-binary,66,SIM-0798,synthetic_simulation,2,1,5,3,4,5,1,1,5,4,2,1,5,3,3,4,Other,Jaffna,Group A
20,98,1,2,0,7,75,0,1,4,2,2,0,2,1,0,0,2,Non-binary,72,SIM-0799,synthetic_simulation,3,4,1,2,2,3,2,2,2,2,4,5,3,4,2,2,Christianity,Negombo,Group C
20,93,0,2,1,4,51,1,1,1,2,2,1,2,3,0,1,2,Non-binary,69,SIM-0800,synthetic_simulation,3,2,4,4,4,4,4,2,1,3,2,4,2,4,1,4,Other,Negombo,Group C
26,96,0,0,1,10,64,1,1,2,2,2,0,1,3,1,1,2,Non-binary,72,SIM-0801,synthetic_simulation,3,1,4,2,4,3,5,1,2,1,4,4,5,3,1,5,Islam,Jaffna,Group B
17,61,1,1,1,6,58,2,1,1,2,0,1,1,4,0,1,2,Male,60,SIM-0802,synthetic_simulation,3,5,5,3,2,2,2,5,1,4,1,4,4,4,1,4,Islam,Colombo,Group D
21,97,2,2,1,7,53,2,1,0,0,2,1,1,2,0,1,1,Male,69,SIM-0803,synthetic_simulation,4,2,3,4,1,4,5,4,2,2,1,3,3,5,4,2,Buddhism,Negombo,Group B
17,92,2,0,0,8,89,2,1,0,1,1,1,2,3,1,1,2,Female,68,SIM-0804,synthetic_simulation,5,2,5,5,5,3,1,5,3,5,3,5,1,5,5,5,Islam,Galle,Group A
17,93,1,2,1,9,57,0,1,3,1,0,0,1,2,0,0,2,Male,69,SIM-0805,synthetic_simulation,2,4,2,2,4,5,4,3,3,1,4,1,2,2,2,4,Islam,Colombo,Group D
18,64,2,1,1,10,68,1,1,1,1,2,1,2,5,0,1,2,Male,62,SIM-0806,synthetic_simulation,2,3,2,1,2,5,3,1,3,2,1,1,5,1,5,4,Buddhism,Negombo,Group C
21,90,2,2,1,6,99,1,1,2,1,0,1,2,2,0,1,1,Female,71,SIM-0807,synthetic_simulation,3,3,4,4,5,5,4,1,1,4,1,2,1,5,4,4,Christianity,Galle,Group C
17,98,2,0,1,9,70,1,1,1,0,2,0,0,2,0,1,2,Female,70,SIM-0808,synthetic_simulation,3,2,4,4,3,4,3,5,1,5,5,3,4,5,2,3,Islam,Negombo,Group C
28,87,1,1,1,7,57,2,1,2,2,0,0,0,4,0,1,1,Male,68,SIM-0809,synthetic_simulation,1,1,5,5,1,5,3,3,4,1,1,5,4,2,2,5,Christianity,Negombo,Group B
15,83,0,2,1,10,84,2,1,1,0,0,1,0,2,0,0,2,Female,68,SIM-0810,synthetic_simulation,5,5,5,2,4,1,4,5,4,4,3,2,3,5,5,2,Buddhism,Colombo,Group D
19,98,2,0,0,9,90,1,0,1,0,2,0,2,2,0,0,0,Non-binary,70,SIM-0811,synthetic_simulation,4,5,1,1,1,2,3,3,2,5,1,5,2,5,1,5,Hinduism,Galle,Group C
17,78,2,0,0,7,64,2,1,0,1,2,0,1,3,0,1,2,Female,65,SIM-0812,synthetic_simulation,2,1,2,5,4,3,5,2,1,3,2,4,5,3,1,5,Islam,Jaffna,Group D
29,84,0,2,1,6,90,2,1,0,2,0,1,2,3,0,2,0,Male,73,SIM-0813,synthetic_simulation,1,2,5,2,4,1,1,2,3,5,5,5,1,2,3,4,Christianity,Kandy,Group B
21,79,0,2,0,4,64,1,1,0,1,0,1,0,4,0,0,1,Non-binary,66,SIM-0814,synthetic_simulation,1,5,3,1,4,4,2,1,3,1,4,2,5,4,3,1,Other,Jaffna,Group A
26,97,2,2,0,8,85,1,0,2,0,1,1,1,3,0,1,2,Non-binary,71,SIM-0815,synthetic_simulation,2,3,1,1,1,3,3,2,3,3,3,3,1,4,5,4,Other,Galle,Group B
11,63,0,2,1,9,56,0,1,2,2,2,1,1,3,0,1,2,Male,62,SIM-0816,synthetic_simulation,4,1,5,3,3,3,3,5,2,2,1,3,2,1,2,1,Hinduism,Kandy,Group C
22,80,2,2,1,8,71,0,1,2,1,2,0,2,3,0,1,2,Non-binary,68,SIM-0817,synthetic_simulation,1,4,4,1,2,5,4,3,1,3,4,4,4,1,4,3,Islam,Colombo,Group A
25,87,2,0,0,4,76,1,1,1,1,0,1,2,4,0,0,0,Female,70,SIM-0818,synthetic_simulation,1,2,5,2,2,3,5,1,2,3,1,1,4,5,4,3,Islam,Kandy,Group D
20,92,2,1,0,5,86,1,1,0,2,2,1,1,2,0,2,1,Female,68,SIM-0819,synthetic_simulation,5,1,4,5,3,3,2,2,5,3,5,2,5,5,3,1,Islam,Colombo,Group D
26,83,0,1,1,8,83,2,1,2,1,0,1,1,2,0,0,2,Male,71,SIM-0820,synthetic_simulation,4,5,4,5,3,2,3,1,5,5,4,1,5,4,3,4,Other,Colombo,Group B
17,96,2,2,1,10,93,2,1,2,2,1,1,0,4,0,1,2,Non-binary,70,SIM-0821,synthetic_simulation,1,2,2,3,4,4,5,1,4,3,2,4,3,2,4,4,Hinduism,Jaffna,Group C
28,98,2,2,1,7,59,2,1,1,1,2,1,2,3,0,1,2,Male,72,SIM-0822,synthetic_simulation,4,3,2,2,4,1,2,3,1,3,2,5,1,3,1,5,Other,Kandy,Group B
34,63,2,0,1,9,83,2,1,2,2,0,1,0,2,0,0,1,Female,69,SIM-0823,synthetic_simulation,2,2,5,1,2,5,4,5,3,2,4,5,3,1,5,5,Islam,Colombo,Group B
18,76,2,0,0,5,56,2,1,1,1,1,1,0,2,0,0,1,Male,63,SIM-0824,synthetic_simulation,3,2,5,3,4,2,3,5,1,3,2,4,1,5,3,3,Hinduism,Kandy,Group A
17,61,2,2,0,7,74,0,1,0,2,2,1,1,2,0,2,2,Male,62,SIM-0825,synthetic_simulation,1,3,3,4,4,1,4,4,4,5,3,3,2,1,3,5,Other,Galle,Group C
29,73,2,2,0,7,76,2,1,2,1,0,0,1,3,0,1,2,Non-binary,68,SIM-0826,synthetic_simulation,5,3,1,2,3,1,4,5,3,4,5,2,5,4,4,5,Islam,Jaffna,Group D
29,81,1,2,1,9,51,1,1,2,2,2,1,2,5,0,2,2,Male,70,SIM-0827,synthetic_simulation,2,2,1,3,1,2,3,2,2,4,3,4,1,2,1,5,Hinduism,Galle,Group B
17,96,2,2,1,6,54,2,1,1,2,2,0,2,4,0,1,2,Female,69,SIM-0828,synthetic_simulation,4,3,5,5,5,5,5,4,3,5,4,4,4,4,4,3,Hinduism,Kandy,Group A
17,94,2,2,0,10,92,1,1,2,1,2,0,0,2,0,1,2,Female,68,SIM-0829,synthetic_simulation,2,1,2,3,5,4,5,4,5,5,3,2,2,3,3,5,Buddhism,Negombo,Group C
18,65,0,2,1,7,64,2,1,2,0,2,1,2,1,0,1,2,Non-binary,65,SIM-0830,synthetic_simulation,1,3,3,4,4,2,4,4,2,3,5,3,4,2,4,1,Hinduism,Kandy,Group A
12,64,2,1,0,5,67,2,1,3,1,2,0,2,2,1,1,2,Non-binary,59,SIM-0831,synthetic_simulation,4,3,1,2,4,2,4,4,3,5,5,3,2,3,5,2,Buddhism,Colombo,Group B
14,84,2,2,0,5,82,2,1,3,1,2,1,2,3,0,0,0,Non-binary,66,SIM-0832,synthetic_simulation,3,2,5,3,5,2,1,5,2,3,4,2,1,3,3,2,Islam,Jaffna,Group D
14,81,0,2,0,6,61,1,1,0,1,2,1,2,4,0,1,1,Male,64,SIM-0833,synthetic_simulation,2,1,2,1,3,5,2,4,5,1,3,1,4,2,3,5,Buddhism,Negombo,Group A
15,71,1,2,0,8,60,0,0,5,1,0,1,2,4,0,1,0,Female,63,SIM-0834,synthetic_simulation,1,4,2,2,5,2,4,2,5,2,5,5,1,3,3,5,Islam,Kandy,Group B
20,96,2,2,0,6,71,2,1,5,1,0,1,1,3,0,0,2,Non-binary,72,SIM-0835,synthetic_simulation,5,4,2,3,5,2,4,2,1,2,4,2,3,1,3,5,Islam,Jaffna,Group D
21,97,2,0,1,6,53,1,1,0,1,2,1,0,3,1,1,1,Male,67,SIM-0836,synthetic_simulation,4,5,4,3,5,3,2,1,5,2,5,3,2,5,3,1,Christianity,Colombo,Group C
29,76,2,2,0,8,96,1,1,2,1,2,1,2,2,0,2,1,Female,94,SIM-0837,synthetic_simulation,2,3,2,2,4,3,3,2,5,1,1,1,5,2,2,3,Buddhism,Kandy,Group C
14,96,2,0,1,4,97,1,1,2,2,2,1,0,3,0,1,2,Female,70,SIM-0838,synthetic_simulation,2,3,5,5,4,3,5,1,5,2,1,4,4,4,2,2,Hinduism,Galle,Group C
26,75,1,2,0,6,72,2,1,0,1,0,1,1,3,0,1,2,Non-binary,66,SIM-0839,synthetic_simulation,3,1,3,1,5,3,3,2,4,3,5,4,1,4,4,4,Hinduism,Negombo,Group C
19,89,1,2,1,5,60,1,1,4,2,2,1,2,2,0,2,1,Female,69,SIM-0840,synthetic_simulation,3,4,5,2,4,2,2,4,5,4,4,4,4,5,2,5,Islam,Jaffna,Group D
20,79,2,1,1,6,74,1,1,2,1,2,1,2,2,0,1,0,Male,64,SIM-0841,synthetic_simulation,5,5,2,1,5,3,2,3,1,2,1,5,1,4,3,4,Buddhism,Kandy,Group C
24,65,2,2,0,7,55,1,1,1,1,0,0,2,3,1,1,2,Non-binary,63,SIM-0842,synthetic_simulation,5,1,3,1,3,1,1,4,2,2,5,3,3,5,3,1,Other,Jaffna,Group A
13,97,0,0,0,7,70,2,1,1,1,0,1,1,4,0,2,2,Male,71,SIM-0843,synthetic_simulation,1,3,1,2,4,4,1,5,4,3,2,1,5,1,3,3,Hinduism,Negombo,Group C
22,78,0,2,0,7,54,2,1,1,2,2,1,0,3,1,1,1,Female,65,SIM-0844,synthetic_simulation,1,4,1,3,1,3,5,1,2,3,3,3,4,4,2,4,Other,Galle,Group A
21,89,1,2,1,9,85,1,1,1,2,2,1,0,5,0,0,0,Male,68,SIM-0845,synthetic_simulation,5,5,5,5,4,5,4,3,2,2,5,5,4,4,2,5,Buddhism,Kandy,Group C
23,75,2,2,0,7,64,0,1,1,1,2,1,0,3,1,1,1,Non-binary,64,SIM-0846,synthetic_simulation,5,2,3,1,3,4,2,2,1,5,1,5,1,1,1,5,Hinduism,Negombo,Group A
22,61,1,1,1,10,76,0,1,1,0,0,1,2,2,0,0,2,Female,64,SIM-0847,synthetic_simulation,4,4,5,1,3,1,1,4,4,1,5,2,1,4,3,1,Other,Colombo,Group B
35,64,2,2,1,8,51,2,1,2,2,2,1,0,5,1,1,2,Male,66,SIM-0848,synthetic_simulation,3,5,3,3,4,4,3,1,3,4,4,3,4,4,1,5,Hinduism,Kandy,Group B
16,80,0,2,0,6,76,2,1,1,2,0,1,2,4,0,0,2,Female,68,SIM-0849,synthetic_simulation,1,1,3,2,2,4,1,1,5,4,1,4,3,1,1,4,Christianity,Colombo,Group C
17,88,2,2,0,10,50,2,1,3,1,0,1,1,5,0,0,1,Female,67,SIM-0850,synthetic_simulation,3,2,5,5,5,1,3,2,2,1,4,2,4,1,1,3,Christianity,Galle,Group B
16,73,1,0,1,7,96,2,1,1,2,2,0,2,3,0,1,1,Non-binary,66,SIM-0851,synthetic_simulation,3,5,3,1,5,3,1,1,2,2,4,3,2,1,3,5,Islam,Galle,Group C
17,88,2,2,1,10,75,2,1,2,2,2,1,1,3,0,1,2,Male,68,SIM-0852,synthetic_simulation,5,5,2,1,3,1,3,2,1,2,4,2,2,4,2,5,Buddhism,Kandy,Group A
16,88,1,2,0,7,55,2,1,3,1,1,1,1,3,0,2,2,Male,66,SIM-0853,synthetic_simulation,4,3,3,2,4,5,1,2,1,2,5,2,4,5,3,4,Hinduism,Jaffna,Group B
27,88,2,2,0,7,67,2,1,3,0,2,1,1,4,0,0,0,Female,71,SIM-0854,synthetic_simulation,2,4,3,3,2,1,1,4,1,2,1,1,3,5,2,3,Other,Jaffna,Group D
29,80,2,0,1,8,52,2,1,4,1,2,1,2,4,0,1,1,Female,71,SIM-0855,synthetic_simulation,4,3,5,4,1,2,5,1,4,2,4,2,1,2,3,4,Hinduism,Jaffna,Group A
17,97,2,0,0,7,77,2,1,0,1,2,0,0,4,0,0,0,Non-binary,68,SIM-0856,synthetic_simulation,4,2,1,3,5,2,4,5,5,4,2,5,1,2,5,1,Hinduism,Jaffna,Group D
15,80,0,1,0,9,56,0,1,3,2,2,1,1,3,1,1,2,Non-binary,64,SIM-0857,synthetic_simulation,3,5,4,1,2,4,2,5,4,2,3,4,4,4,5,5,Other,Negombo,Group B
23,78,2,2,1,10,74,1,1,3,2,2,1,0,4,0,1,1,Male,67,SIM-0858,synthetic_simulation,4,3,3,1,5,3,4,4,1,3,5,1,5,4,3,2,Other,Kandy,Group B
17,68,0,2,1,4,65,0,1,0,2,2,0,2,2,0,1,1,Female,64,SIM-0859,synthetic_simulation,1,4,4,5,4,3,5,4,1,5,2,2,1,5,3,1,Christianity,Jaffna,Group D
24,72,0,1,1,8,88,0,1,3,1,2,1,2,2,0,1,2,Female,68,SIM-0860,synthetic_simulation,3,2,3,3,5,2,3,2,2,2,1,1,2,3,3,2,Islam,Galle,Group C
21,62,2,1,0,6,74,0,1,0,1,0,0,2,3,1,2,0,Male,62,SIM-0861,synthetic_simulation,1,1,5,4,1,5,4,5,4,3,3,4,2,2,5,4,Other,Kandy,Group B
11,85,2,1,1,4,92,1,1,0,2,0,1,1,1,0,0,2,Non-binary,64,SIM-0862,synthetic_simulation,2,3,5,5,4,1,2,1,4,4,4,4,5,5,3,2,Hinduism,Jaffna,Group C
29,70,1,0,0,8,97,1,1,3,1,0,1,2,3,0,2,1,Male,70,SIM-0863,synthetic_simulation,3,2,3,4,3,1,2,5,5,3,2,1,5,4,4,3,Christianity,Colombo,Group A
31,72,2,2,0,8,98,0,1,0,1,2,1,1,4,0,0,0,Non-binary,68,SIM-0864,synthetic_simulation,2,1,5,5,2,1,3,4,4,1,2,3,2,2,4,5,Buddhism,Kandy,Group A
16,91,2,2,0,8,63,0,1,2,2,0,1,1,3,0,0,2,Female,69,SIM-0865,synthetic_simulation,3,3,5,3,5,5,2,4,5,1,4,4,4,2,4,3,Christianity,Jaffna,Group D
18,73,1,2,1,8,88,1,1,3,1,2,1,2,4,0,0,1,Non-binary,65,SIM-0866,synthetic_simulation,5,2,3,1,4,5,5,2,3,3,4,5,4,2,3,3,Christianity,Negombo,Group C
22,70,2,0,1,8,72,2,1,2,0,2,1,1,3,0,1,2,Non-binary,67,SIM-0867,synthetic_simulation,4,2,1,4,4,1,4,1,5,2,2,5,4,4,1,4,Christianity,Colombo,Group A
22,67,0,2,0,6,71,1,1,2,2,2,1,2,2,0,0,1,Male,65,SIM-0868,synthetic_simulation,5,3,3,3,5,1,2,4,1,2,1,2,2,5,1,3,Hinduism,Colombo,Group D
24,91,0,2,0,7,93,1,1,0,2,2,1,2,2,0,1,1,Female,71,SIM-0869,synthetic_simulation,2,2,1,4,3,5,4,1,3,2,5,3,5,3,2,2,Other,Galle,Group C
32,65,2,1,1,8,57,1,1,2,1,2,1,2,3,0,1,1,Female,65,SIM-0870,synthetic_simulation,4,5,5,3,5,1,1,5,2,3,1,3,3,4,4,1,Islam,Jaffna,Group B
19,78,2,2,1,9,74,1,1,2,1,2,1,2,5,0,1,1,Male,66,SIM-0871,synthetic_simulation,3,3,1,5,3,5,4,2,2,1,1,2,2,2,5,1,Buddhism,Jaffna,Group A
15,80,0,2,0,7,80,2,1,0,1,1,1,1,5,0,1,2,Female,65,SIM-0872,synthetic_simulation,4,2,5,3,5,4,3,5,2,1,5,4,2,1,4,1,Islam,Kandy,Group C
12,87,2,2,1,7,53,1,1,2,2,2,0,1,1,0,0,2,Male,65,SIM-0873,synthetic_simulation,1,1,1,5,4,2,5,4,1,4,1,1,1,5,4,2,Hinduism,Galle,Group C
16,85,1,2,0,7,93,0,1,1,2,0,1,2,3,0,1,2,Male,68,SIM-0874,synthetic_simulation,4,1,1,1,1,2,2,4,2,1,3,3,4,4,2,5,Islam,Colombo,Group B
20,92,2,2,1,5,66,2,1,2,2,2,1,0,2,1,0,1,Male,68,SIM-0875,synthetic_simulation,1,5,3,5,1,5,5,1,5,1,4,3,1,2,4,2,Islam,Negombo,Group D
31,62,0,2,0,8,83,2,1,0,2,0,0,1,2,1,0,2,Male,67,SIM-0876,synthetic_simulation,4,3,1,2,4,1,4,4,1,5,2,4,2,3,1,1,Buddhism,Jaffna,Group A
17,72,1,2,1,5,96,0,1,3,0,2,1,0,3,0,1,1,Female,65,SIM-0877,synthetic_simulation,1,2,5,1,1,2,2,1,4,1,5,1,2,2,5,5,Christianity,Colombo,Group D
21,71,2,1,0,8,86,2,1,2,2,0,1,1,2,0,0,2,Female,66,SIM-0878,synthetic_simulation,2,2,3,3,3,3,5,3,1,3,1,5,2,2,1,4,Other,Jaffna,Group B
20,66,2,2,1,7,94,1,1,0,2,1,1,1,4,0,1,1,Male,63,SIM-0879,synthetic_simulation,5,1,1,3,4,1,3,4,1,2,2,3,3,4,4,2,Other,Jaffna,Group A
27,72,0,0,1,5,53,2,1,1,0,2,0,1,5,0,2,2,Female,70,SIM-0880,synthetic_simulation,3,5,3,2,3,5,1,5,4,3,3,4,1,3,3,3,Islam,Negombo,Group D
35,72,0,0,1,5,75,2,1,1,1,2,1,2,5,0,0,1,Female,72,SIM-0881,synthetic_simulation,4,1,4,3,4,3,1,5,5,2,1,3,5,1,5,3,Buddhism,Negombo,Group D
17,81,2,0,0,6,78,2,1,2,1,2,0,2,2,0,1,1,Male,67,SIM-0882,synthetic_simulation,5,1,3,1,3,5,3,1,3,2,1,5,4,4,5,3,Other,Negombo,Group A
17,87,0,1,1,6,84,2,1,0,2,2,1,2,3,0,0,0,Non-binary,67,SIM-0883,synthetic_simulation,3,5,4,1,3,1,1,3,4,4,1,2,4,5,2,2,Other,Kandy,Group B
26,75,1,2,1,9,56,2,1,1,1,2,1,2,5,0,1,1,Non-binary,66,SIM-0884,synthetic_simulation,3,3,4,5,1,4,3,4,1,1,3,4,3,3,2,4,Other,Negombo,Group C
24,89,1,2,0,7,83,2,0,1,1,1,1,1,3,0,1,1,Non-binary,66,SIM-0885,synthetic_simulation,1,2,3,4,4,4,4,2,2,4,4,1,1,1,5,5,Islam,Negombo,Group D
31,73,0,2,1,8,57,2,1,2,1,0,1,1,4,0,1,0,Male,69,SIM-0886,synthetic_simulation,2,3,5,3,5,4,3,2,4,2,2,2,4,1,5,2,Hinduism,Negombo,Group B
24,72,2,1,1,9,53,2,1,0,1,0,0,1,4,1,1,1,Female,62,SIM-0887,synthetic_simulation,2,4,5,2,1,1,1,5,4,5,1,1,2,3,1,2,Islam,Negombo,Group D
18,82,1,2,0,9,73,1,1,2,1,2,1,2,4,0,0,2,Male,66,SIM-0888,synthetic_simulation,5,4,5,1,3,1,4,4,3,5,1,5,1,5,4,2,Islam,Galle,Group B
24,61,2,2,0,7,80,0,1,0,1,2,1,2,3,0,2,1,Non-binary,64,SIM-0889,synthetic_simulation,2,4,2,1,3,3,3,2,1,4,3,1,4,2,5,5,Hinduism,Kandy,Group C
27,63,0,2,1,6,98,2,1,1,1,0,1,2,2,0,1,1,Female,67,SIM-0890,synthetic_simulation,4,5,4,1,5,1,3,1,2,4,3,3,1,4,3,4,Other,Jaffna,Group A
25,77,0,0,0,8,85,2,1,2,2,2,1,2,1,0,0,2,Non-binary,71,SIM-0891,synthetic_simulation,2,1,3,4,5,1,4,4,2,1,2,5,3,5,4,2,Islam,Kandy,Group A
23,98,0,2,1,6,80,2,1,1,2,2,1,2,2,0,1,1,Non-binary,73,SIM-0892,synthetic_simulation,5,3,5,4,3,3,2,5,3,4,2,2,5,1,5,1,Christianity,Kandy,Group B
26,89,2,1,1,10,61,1,1,0,2,0,1,1,3,0,1,1,Male,68,SIM-0893,synthetic_simulation,2,2,5,3,5,3,1,3,2,4,1,3,5,5,2,5,Other,Kandy,Group B
27,64,0,1,1,8,58,2,1,2,0,0,1,1,1,0,2,0,Male,66,SIM-0894,synthetic_simulation,4,4,3,2,2,5,2,1,5,3,1,3,1,2,2,4,Other,Negombo,Group C
28,94,2,0,1,7,80,2,1,3,1,0,1,2,4,0,2,0,Male,75,SIM-0895,synthetic_simulation,1,3,4,4,1,2,4,1,4,4,1,5,3,5,2,1,Other,Kandy,Group B
24,89,2,0,1,8,61,2,1,1,1,0,1,2,3,0,2,2,Female,72,SIM-0896,synthetic_simulation,5,4,3,5,4,2,4,4,4,4,1,1,4,5,3,2,Islam,Galle,Group B
19,84,0,1,1,7,85,2,1,1,0,2,0,1,3,0,1,2,Female,68,SIM-0897,synthetic_simulation,1,4,2,4,5,5,5,3,2,3,1,1,2,1,1,1,Buddhism,Jaffna,Group A
21,93,2,2,1,6,56,2,0,1,1,2,1,2,3,0,1,2,Non-binary,68,SIM-0898,synthetic_simulation,1,2,2,1,5,4,5,1,2,2,3,2,1,5,4,3,Buddhism,Kandy,Group B
27,76,1,0,1,8,67,2,1,1,2,2,1,2,4,0,1,2,Male,69,SIM-0899,synthetic_simulation,1,5,3,2,2,1,4,3,2,2,4,5,1,4,1,4,Hinduism,Jaffna,Group D
15,69,2,2,1,7,89,2,1,1,1,0,1,0,2,0,0,1,Female,63,SIM-0900,synthetic_simulation,3,1,4,3,4,3,5,5,4,3,2,2,4,3,1,4,Buddhism,Colombo,Group A
22,80,2,0,1,10,92,2,1,0,2,0,1,2,2,0,1,2,Male,70,SIM-0901,synthetic_simulation,3,5,5,4,2,3,3,1,2,1,3,4,2,1,1,3,Other,Colombo,Group B
18,82,1,2,1,6,67,1,1,1,0,1,0,2,3,0,2,1,Female,66,SIM-0902,synthetic_simulation,1,3,2,1,4,4,2,2,5,4,5,5,2,3,2,1,Christianity,Kandy,Group D
20,82,1,1,1,8,60,2,1,3,2,0,1,2,4,0,1,1,Non-binary,66,SIM-0903,synthetic_simulation,5,5,2,5,1,3,4,5,5,1,5,4,4,5,4,4,Christianity,Galle,Group C
28,83,2,0,0,6,98,2,1,1,1,0,0,1,2,0,2,1,Non-binary,72,SIM-0904,synthetic_simulation,4,3,4,5,5,4,3,5,4,5,5,2,1,2,2,2,Other,Colombo,Group B
21,98,1,2,0,6,88,2,1,1,2,1,1,1,3,0,2,2,Non-binary,71,SIM-0905,synthetic_simulation,4,3,2,3,1,5,1,1,1,1,2,4,4,1,1,3,Islam,Colombo,Group B
20,96,0,2,0,4,90,2,1,3,1,2,0,1,2,0,0,2,Non-binary,72,SIM-0906,synthetic_simulation,2,1,2,3,4,4,1,2,1,4,1,4,5,5,5,4,Islam,Galle,Group C
12,95,2,2,0,8,61,0,1,4,0,0,0,1,1,0,0,2,Non-binary,69,SIM-0907,synthetic_simulation,5,2,4,4,5,2,5,3,1,2,5,3,4,5,3,4,Other,Negombo,Group D
24,92,1,0,1,6,71,1,1,2,1,0,1,2,2,0,1,2,Non-binary,71,SIM-0908,synthetic_simulation,3,1,3,3,2,4,5,2,5,4,5,3,3,2,3,5,Other,Kandy,Group D
24,98,2,1,0,9,53,2,1,3,0,1,0,0,2,0,2,0,Male,69,SIM-0909,synthetic_simulation,1,5,5,1,3,5,3,5,3,4,4,2,1,5,1,1,Hinduism,Colombo,Group D
33,64,0,2,0,8,55,2,1,1,2,0,1,1,3,0,0,1,Male,68,SIM-0910,synthetic_simulation,2,3,5,1,2,4,1,1,1,4,3,2,3,4,2,3,Islam,Galle,Group D
18,71,1,1,1,7,61,1,1,2,1,2,1,0,4,0,0,2,Female,61,SIM-0911,synthetic_simulation,4,4,2,1,3,5,4,2,3,1,2,1,1,2,4,4,Buddhism,Colombo,Group C
21,80,2,0,0,5,65,0,1,2,2,1,0,1,1,0,2,1,Male,68,SIM-0912,synthetic_simulation,3,4,5,4,2,2,2,2,4,2,2,4,1,1,2,3,Buddhism,Jaffna,Group D
21,94,0,2,1,8,100,1,1,0,1,2,1,1,3,0,2,2,Non-binary,72,SIM-0913,synthetic_simulation,3,3,3,4,4,1,5,5,5,2,4,1,5,1,4,2,Islam,Colombo,Group C
29,80,2,2,1,6,71,2,1,0,2,2,1,2,3,0,0,1,Non-binary,70,SIM-0914,synthetic_simulation,1,1,2,3,1,5,3,3,1,1,5,1,4,3,5,5,Christianity,Jaffna,Group D
19,90,0,2,1,5,85,0,1,0,2,0,0,2,5,0,2,2,Male,73,SIM-0915,synthetic_simulation,4,2,5,4,3,1,5,2,5,1,4,5,4,4,4,1,Other,Negombo,Group C
22,66,2,0,0,8,95,1,1,3,2,2,0,2,3,0,1,1,Non-binary,67,SIM-0916,synthetic_simulation,5,1,1,1,4,5,3,2,4,1,1,1,5,4,4,1,Hinduism,Galle,Group D
24,70,2,0,0,5,62,2,1,2,1,2,0,0,4,1,0,2,Female,65,SIM-0917,synthetic_simulation,3,3,1,2,1,4,1,4,5,5,5,1,5,1,5,2,Hinduism,Negombo,Group C
21,89,2,2,0,4,57,2,1,1,0,2,0,2,2,0,1,2,Male,68,SIM-0918,synthetic_simulation,1,3,1,1,1,1,5,5,2,5,2,4,2,5,3,4,Hinduism,Jaffna,Group B
17,67,1,0,1,9,62,0,1,3,2,2,1,2,3,0,1,2,Male,65,SIM-0919,synthetic_simulation,5,2,1,2,5,5,3,4,1,4,3,1,3,4,4,5,Buddhism,Colombo,Group D
21,74,0,2,0,6,94,2,1,1,1,0,1,2,1,0,1,2,Female,97,SIM-0920,synthetic_simulation,4,5,1,3,5,5,3,5,5,5,4,4,1,4,5,1,Christianity,Negombo,Group D
26,71,0,1,1,4,83,1,1,1,2,2,1,0,3,0,0,1,Male,66,SIM-0921,synthetic_simulation,3,5,2,5,5,1,5,5,5,1,4,4,2,5,4,3,Christianity,Jaffna,Group C
14,74,0,0,1,6,73,0,1,2,2,2,0,1,3,0,1,2,Male,67,SIM-0922,synthetic_simulation,5,2,4,4,3,5,2,4,5,1,2,1,4,2,2,2,Hinduism,Negombo,Group B
21,88,0,2,0,6,91,2,1,2,0,2,1,1,1,0,1,1,Male,70,SIM-0923,synthetic_simulation,5,5,4,4,3,1,4,3,4,1,5,4,2,5,5,1,Other,Jaffna,Group B
16,75,0,2,1,9,62,2,1,3,1,2,1,2,4,0,1,1,Female,66,SIM-0924,synthetic_simulation,5,4,2,1,1,2,1,3,1,2,5,2,4,3,1,4,Other,Colombo,Group C
27,82,2,0,1,5,62,1,1,1,1,0,0,1,4,0,1,1,Male,69,SIM-0925,synthetic_simulation,3,5,2,1,3,3,5,5,1,2,5,2,5,3,4,5,Other,Negombo,Group A
11,64,0,2,1,5,78,1,1,2,1,0,0,1,4,0,0,1,Non-binary,62,SIM-0926,synthetic_simulation,3,5,3,2,1,2,5,4,2,5,3,4,1,1,4,1,Hinduism,Galle,Group D
17,92,2,1,1,8,90,0,1,1,0,1,1,0,3,0,1,2,Female,68,SIM-0927,synthetic_simulation,2,5,4,4,4,1,2,2,2,3,3,2,1,2,2,4,Other,Negombo,Group D
22,75,2,0,1,6,63,1,1,1,1,2,1,2,2,0,0,2,Female,67,SIM-0928,synthetic_simulation,4,4,1,3,2,4,1,5,5,3,5,5,1,4,2,4,Islam,Jaffna,Group B
29,86,2,2,1,7,61,2,1,0,2,2,1,0,4,0,1,0,Non-binary,68,SIM-0929,synthetic_simulation,1,5,2,1,1,4,5,5,1,1,3,3,5,1,1,2,Hinduism,Kandy,Group D
20,89,0,2,1,6,74,2,1,1,1,0,0,1,2,0,1,1,Non-binary,69,SIM-0930,synthetic_simulation,5,4,1,4,1,3,2,1,1,2,4,2,4,1,5,4,Christianity,Colombo,Group A
17,68,2,2,1,10,57,2,1,1,0,2,0,2,1,1,1,1,Non-binary,62,SIM-0931,synthetic_simulation,2,2,4,5,4,1,4,3,5,4,5,1,5,4,1,2,Buddhism,Negombo,Group C
31,95,0,2,1,5,87,2,1,2,1,2,1,1,3,0,2,1,Non-binary,75,SIM-0932,synthetic_simulation,1,1,5,2,5,5,3,4,3,5,3,2,1,4,1,3,Islam,Jaffna,Group C
11,85,2,2,0,7,79,1,1,2,0,1,1,2,3,0,1,2,Male,65,SIM-0933,synthetic_simulation,2,2,5,1,5,2,4,2,1,2,4,5,1,5,3,2,Buddhism,Galle,Group C
7,77,0,2,0,9,76,2,1,2,2,0,1,0,3,0,0,1,Female,63,SIM-0934,synthetic_simulation,3,1,2,1,5,2,4,2,5,1,4,5,1,3,1,1,Islam,Colombo,Group D
23,67,0,2,0,6,94,1,1,1,2,2,1,2,2,0,0,0,Non-binary,66,SIM-0935,synthetic_simulation,5,2,3,3,1,3,4,5,5,1,3,5,4,4,4,2,Hinduism,Colombo,Group B
17,98,1,0,0,6,87,0,0,3,2,2,0,2,5,0,0,2,Male,71,SIM-0936,synthetic_simulation,1,1,1,1,1,3,4,2,3,3,5,2,4,5,1,5,Christianity,Galle,Group A
14,90,0,2,1,8,57,2,1,0,2,2,1,2,3,1,0,1,Male,66,SIM-0937,synthetic_simulation,1,1,2,4,3,3,3,2,2,1,5,3,2,3,2,3,Islam,Galle,Group B
24,68,2,2,0,9,71,2,1,2,2,2,1,1,4,0,0,2,Male,66,SIM-0938,synthetic_simulation,1,3,3,4,3,3,1,5,5,1,3,1,2,2,2,2,Hinduism,Jaffna,Group C
21,74,2,0,0,6,66,1,1,1,2,0,0,0,4,0,1,2,Female,66,SIM-0939,synthetic_simulation,1,1,1,4,2,3,1,3,1,4,3,3,3,2,4,3,Christianity,Negombo,Group A
17,92,0,0,1,9,90,2,1,1,0,1,1,2,3,0,1,1,Male,71,SIM-0940,synthetic_simulation,1,1,4,5,2,3,2,1,2,5,1,2,4,2,3,2,Buddhism,Colombo,Group D
12,88,2,2,1,7,86,0,1,3,2,0,1,2,3,1,1,1,Non-binary,68,SIM-0941,synthetic_simulation,2,3,5,5,3,5,2,3,2,4,4,3,5,4,1,4,Islam,Kandy,Group A
25,91,2,2,0,8,74,0,1,1,2,0,0,2,3,0,0,1,Non-binary,71,SIM-0942,synthetic_simulation,5,5,3,1,1,5,5,3,2,3,5,4,4,3,5,4,Hinduism,Galle,Group D
24,78,2,2,1,9,91,1,1,0,0,0,1,0,3,0,2,0,Non-binary,68,SIM-0943,synthetic_simulation,3,5,1,5,4,2,4,1,5,2,2,1,2,3,2,1,Islam,Galle,Group C
19,89,1,2,0,8,71,2,1,2,1,0,1,2,4,0,1,2,Non-binary,68,SIM-0944,synthetic_simulation,3,3,2,5,3,2,4,5,1,3,4,4,1,2,4,4,Other,Colombo,Group C
31,75,2,2,0,7,90,1,1,2,2,0,1,1,2,1,1,1,Male,68,SIM-0945,synthetic_simulation,3,4,1,3,1,3,3,3,3,1,5,4,2,1,5,5,Islam,Galle,Group C
14,68,2,2,1,6,52,2,1,2,1,2,1,2,2,0,0,2,Female,62,SIM-0946,synthetic_simulation,3,1,2,5,3,2,4,4,4,5,1,3,2,3,1,4,Christianity,Galle,Group B
11,85,0,1,1,10,57,0,1,0,2,0,1,1,5,0,1,2,Non-binary,65,SIM-0947,synthetic_simulation,2,1,5,2,5,3,3,4,4,1,4,4,2,3,1,5,Other,Negombo,Group A
16,99,1,0,0,6,88,0,1,2,1,1,1,1,3,0,2,2,Female,71,SIM-0948,synthetic_simulation,4,3,5,2,3,5,5,1,2,5,4,1,3,5,1,2,Christianity,Jaffna,Group A
20,72,2,0,1,7,56,1,1,0,1,2,1,0,6,1,0,1,Non-binary,63,SIM-0949,synthetic_simulation,5,3,1,2,5,4,2,4,4,5,5,4,3,2,5,2,Buddhism,Jaffna,Group A
21,78,0,2,0,8,84,1,1,1,0,1,1,2,4,0,1,2,Female,68,SIM-0950,synthetic_simulation,1,4,1,1,1,5,2,5,4,5,2,2,3,1,1,5,Other,Galle,Group D
19,87,0,1,1,8,86,1,1,1,2,0,1,2,4,0,1,1,Non-binary,69,SIM-0951,synthetic_simulation,4,5,2,4,5,1,5,2,5,2,3,1,5,5,3,1,Other,Kandy,Group B
22,82,0,0,0,10,83,2,1,1,1,0,0,1,2,1,0,1,Non-binary,69,SIM-0952,synthetic_simulation,3,2,2,3,3,5,5,5,3,3,2,2,3,1,5,4,Christianity,Galle,Group B
12,94,2,0,1,7,91,1,1,3,2,2,0,2,3,0,2,2,Non-binary,71,SIM-0953,synthetic_simulation,4,5,3,1,5,1,4,1,4,2,1,2,5,1,2,5,Hinduism,Kandy,Group B
29,90,2,0,0,7,76,2,1,0,1,2,1,1,1,0,2,1,Male,71,SIM-0954,synthetic_simulation,5,1,3,4,4,2,2,2,3,2,4,5,4,1,3,4,Islam,Kandy,Group B
20,62,2,2,1,9,95,1,1,0,2,2,0,1,3,1,1,2,Female,62,SIM-0955,synthetic_simulation,1,3,3,3,5,5,1,4,4,2,5,5,4,4,4,3,Buddhism,Kandy,Group B
27,100,1,1,1,7,78,1,1,2,2,2,1,0,2,0,1,2,Non-binary,70,SIM-0956,synthetic_simulation,1,4,1,3,5,4,5,3,2,4,4,2,3,3,1,1,Buddhism,Kandy,Group D
22,90,0,0,0,8,75,0,1,1,1,1,0,1,3,0,0,1,Non-binary,70,SIM-0957,synthetic_simulation,5,5,3,3,2,5,2,4,2,4,3,4,4,3,4,2,Hinduism,Colombo,Group A
23,95,2,2,1,7,75,2,1,2,0,2,1,2,2,0,0,2,Female,73,SIM-0958,synthetic_simulation,5,4,1,2,4,5,2,5,3,4,2,2,4,5,2,5,Christianity,Galle,Group B
23,86,2,0,1,8,96,1,1,3,2,2,0,2,2,0,1,1,Male,71,SIM-0959,synthetic_simulation,3,5,5,2,1,5,3,5,3,2,2,2,1,1,4,3,Buddhism,Colombo,Group C
23,94,2,1,1,8,62,2,1,2,1,2,1,2,0,0,2,1,Male,69,SIM-0960,synthetic_simulation,1,1,4,2,5,3,2,1,3,1,1,5,3,1,2,5,Islam,Kandy,Group C
24,64,2,0,1,6,85,0,1,0,0,1,0,1,3,1,2,2,Male,66,SIM-0961,synthetic_simulation,4,2,5,3,4,5,5,3,3,4,5,3,3,3,4,5,Hinduism,Negombo,Group C
28,74,2,1,1,4,62,2,1,1,1,2,0,1,3,0,1,1,Female,65,SIM-0962,synthetic_simulation,2,4,1,3,1,5,4,3,1,4,3,3,2,1,2,5,Other,Jaffna,Group A
21,95,0,2,0,4,55,2,1,2,2,0,0,1,1,0,0,2,Male,71,SIM-0963,synthetic_simulation,2,4,1,2,4,4,2,2,2,2,3,3,2,1,5,5,Islam,Galle,Group C
24,68,2,2,1,4,98,0,1,2,2,0,1,0,2,0,1,2,Non-binary,68,SIM-0964,synthetic_simulation,5,2,4,3,2,1,1,2,4,3,5,2,4,1,5,2,Christianity,Galle,Group D
19,63,2,0,1,7,56,2,1,2,1,2,0,2,3,0,1,2,Female,64,SIM-0965,synthetic_simulation,3,4,2,2,1,1,5,5,1,1,1,2,2,2,4,2,Christianity,Colombo,Group D
29,92,1,1,1,4,84,2,1,2,1,2,1,0,3,0,2,2,Female,71,SIM-0966,synthetic_simulation,2,4,2,2,1,4,4,1,3,5,3,4,1,2,3,2,Hinduism,Kandy,Group A
16,93,1,2,0,7,71,2,1,0,2,0,1,2,2,0,1,2,Non-binary,67,SIM-0967,synthetic_simulation,1,5,2,2,5,2,4,5,4,5,1,5,3,2,3,1,Other,Kandy,Group D
31,67,2,1,0,7,92,0,1,2,2,2,1,0,3,0,1,0,Female,66,SIM-0968,synthetic_simulation,5,5,3,4,3,5,5,3,2,1,5,2,1,5,5,2,Other,Colombo,Group D
20,94,1,0,1,8,89,2,1,1,1,2,1,2,4,0,1,2,Female,71,SIM-0969,synthetic_simulation,4,2,2,3,1,2,4,3,3,2,5,1,3,1,1,4,Hinduism,Galle,Group D
11,87,1,2,0,8,57,0,1,0,1,2,1,0,2,0,1,1,Female,62,SIM-0970,synthetic_simulation,5,1,3,1,1,4,1,5,5,3,5,1,5,2,1,2,Hinduism,Colombo,Group C
21,81,0,2,0,8,73,2,1,3,1,2,1,2,2,1,1,2,Female,67,SIM-0971,synthetic_simulation,4,4,3,2,2,2,2,3,3,3,3,5,3,2,3,5,Hinduism,Jaffna,Group B
16,93,2,1,1,8,51,2,1,3,1,2,1,1,2,0,0,2,Non-binary,67,SIM-0972,synthetic_simulation,5,1,2,1,2,1,5,2,4,5,5,1,1,4,4,5,Other,Galle,Group C
25,77,1,2,1,7,71,2,1,0,2,2,1,0,3,0,1,2,Non-binary,66,SIM-0973,synthetic_simulation,5,2,2,4,2,3,2,3,2,3,3,1,4,5,3,4,Christianity,Kandy,Group C
16,68,1,2,1,7,85,0,1,1,1,0,0,2,3,0,2,1,Non-binary,64,SIM-0974,synthetic_simulation,5,2,4,3,5,2,2,2,3,5,1,5,2,2,5,3,Christianity,Negombo,Group D
17,71,1,2,1,6,62,2,1,2,1,2,1,1,3,1,0,2,Female,62,SIM-0975,synthetic_simulation,4,5,4,2,1,3,4,4,2,4,4,2,2,2,4,5,Islam,Negombo,Group D
9,80,2,0,0,7,91,1,1,1,2,2,1,1,3,0,0,2,Non-binary,65,SIM-0976,synthetic_simulation,4,4,3,2,2,2,5,1,1,2,1,2,1,2,5,5,Christianity,Galle,Group D
17,81,2,1,1,5,53,1,1,0,2,2,1,1,1,0,0,2,Male,63,SIM-0977,synthetic_simulation,5,3,4,2,2,4,2,1,5,3,3,4,2,4,3,2,Hinduism,Galle,Group A
5,92,2,2,1,9,52,2,1,2,0,2,0,1,4,1,0,1,Non-binary,64,SIM-0978,synthetic_simulation,2,2,3,1,4,3,3,3,1,2,2,2,4,4,3,2,Islam,Kandy,Group A
10,92,1,0,1,6,51,1,1,1,2,2,0,1,3,0,1,2,Male,65,SIM-0979,synthetic_simulation,3,4,1,4,4,2,1,1,5,4,2,1,2,5,5,5,Buddhism,Negombo,Group B
25,83,2,0,0,7,64,2,1,0,1,2,1,1,2,0,0,1,Non-binary,68,SIM-0980,synthetic_simulation,3,1,3,3,2,4,4,4,1,1,4,1,5,1,4,4,Other,Colombo,Group C
25,91,2,0,1,7,73,2,1,2,1,2,1,2,3,0,1,2,Female,72,SIM-0981,synthetic_simulation,3,5,3,4,5,1,5,3,2,1,5,4,3,1,4,5,Islam,Colombo,Group C
23,68,2,2,1,9,55,2,1,0,1,2,1,2,3,0,0,1,Female,64,SIM-0982,synthetic_simulation,4,1,4,2,3,5,5,2,2,1,1,5,5,5,2,2,Buddhism,Colombo,Group D
14,62,0,2,0,4,100,1,1,1,1,2,1,1,3,0,1,2,Non-binary,62,SIM-0983,synthetic_simulation,4,2,1,4,4,4,4,4,1,5,1,1,3,1,5,2,Hinduism,Colombo,Group D
20,95,2,1,1,7,100,1,0,3,1,2,0,1,2,0,1,2,Non-binary,69,SIM-0984,synthetic_simulation,2,2,5,1,4,4,2,4,4,5,3,2,5,3,3,2,Christianity,Negombo,Group C
20,63,1,1,1,8,76,2,1,3,2,2,1,1,4,0,2,2,Female,64,SIM-0985,synthetic_simulation,3,1,5,5,1,1,4,1,1,1,4,2,2,1,5,4,Christianity,Negombo,Group B
13,70,0,2,0,10,78,2,1,1,1,2,1,0,2,0,1,0,Male,61,SIM-0986,synthetic_simulation,3,2,5,5,1,3,5,2,3,4,5,2,2,4,5,5,Islam,Kandy,Group B
29,88,2,0,0,7,96,1,1,2,1,1,1,2,2,0,1,2,Non-binary,72,SIM-0987,synthetic_simulation,5,4,1,3,2,2,3,5,4,5,4,1,4,4,1,2,Buddhism,Galle,Group B
25,76,2,1,1,6,88,1,1,1,2,2,0,0,3,0,0,0,Non-binary,66,SIM-0988,synthetic_simulation,4,2,2,3,1,3,2,4,2,1,2,3,5,2,2,3,Christianity,Negombo,Group A
19,95,0,1,0,10,58,1,1,2,0,2,1,2,3,0,1,2,Non-binary,69,SIM-0989,synthetic_simulation,3,5,1,4,1,4,4,1,1,2,4,1,3,4,4,2,Hinduism,Negombo,Group A
20,72,2,2,0,8,90,0,0,2,1,1,0,1,2,0,0,2,Male,65,SIM-0990,synthetic_simulation,2,4,4,3,3,2,5,4,4,1,5,1,3,3,1,1,Buddhism,Galle,Group D
21,60,0,2,1,9,62,2,1,2,1,2,1,2,3,0,1,2,Female,64,SIM-0991,synthetic_simulation,2,3,3,1,5,5,5,2,3,1,5,3,2,3,2,3,Buddhism,Jaffna,Group B
8,72,1,2,1,5,72,2,1,3,0,1,0,2,4,0,1,2,Non-binary,62,SIM-0992,synthetic_simulation,3,2,3,2,2,5,5,2,5,2,1,3,2,3,1,2,Christianity,Colombo,Group A
19,83,2,2,0,8,77,0,1,1,1,2,1,2,4,0,1,0,Male,66,SIM-0993,synthetic_simulation,4,2,4,2,3,2,3,3,2,5,1,2,2,2,2,1,Islam,Negombo,Group A
16,75,1,1,1,5,86,2,1,0,1,2,1,2,1,0,0,1,Female,62,SIM-0994,synthetic_simulation,2,5,4,4,2,4,2,5,4,2,5,2,5,1,2,4,Islam,Negombo,Group D
14,81,2,2,1,5,58,0,1,3,1,0,1,0,4,0,2,1,Male,66,SIM-0995,synthetic_simulation,5,5,3,2,5,1,4,5,4,5,1,2,3,2,5,1,Islam,Colombo,Group B
18,95,2,0,0,8,54,2,1,2,0,2,1,1,3,0,0,1,Male,70,SIM-0996,synthetic_simulation,2,1,2,4,2,3,2,1,4,4,1,1,5,4,2,5,Christianity,Negombo,Group A
31,96,2,2,1,8,93,1,1,3,1,2,1,2,3,0,1,2,Non-binary,75,SIM-0997,synthetic_simulation,1,1,2,3,1,3,5,5,1,5,1,5,3,3,3,5,Other,Galle,Group D
24,71,1,0,1,6,91,2,1,3,0,2,1,1,2,0,1,0,Female,67,SIM-0998,synthetic_simulation,1,1,2,3,5,1,3,2,2,3,5,4,3,2,3,4,Hinduism,Negombo,Group A
17,78,1,2,1,9,76,1,1,4,2,2,1,2,2,0,0,2,Female,66,SIM-0999,synthetic_simulation,4,5,4,1,3,1,3,5,2,5,1,5,4,2,3,4,Hinduism,Kandy,Group B
23,82,2,0,0,6,83,2,1,2,2,2,0,2,3,0,2,1,Male,71,SIM-1000,synthetic_simulation,3,1,3,2,3,5,5,1,1,3,2,3,2,3,3,4,Islam,Negombo,Group B
28,98,0,2,1,7,86,2,1,2,2,0,0,1,2,0,1,2,Non-binary,75,SIM-1001,synthetic_simulation,4,1,3,1,4,1,2,4,1,5,5,1,5,5,1,1,Islam,Colombo,Group B
26,100,0,0,0,7,74,1,1,1,2,2,1,1,2,0,1,0,Male,72,SIM-1002,synthetic_simulation,4,3,3,5,3,2,2,5,1,2,4,1,5,3,4,1,Hinduism,Galle,Group C
20,69,0,2,0,7,63,1,1,2,1,2,0,0,2,0,1,1,Non-binary,64,SIM-1003,synthetic_simulation,4,1,1,1,4,5,3,5,3,5,3,4,2,5,4,4,Christianity,Negombo,Group B
16,89,2,2,1,9,74,2,0,1,1,2,1,1,3,0,1,0,Non-binary,65,SIM-1004,synthetic_simulation,4,2,1,4,1,4,1,2,4,1,3,5,5,3,2,1,Buddhism,Jaffna,Group C
24,75,1,2,0,5,98,0,1,1,1,2,1,2,3,0,1,2,Non-binary,67,SIM-1005,synthetic_simulation,5,5,5,4,3,5,3,2,3,5,2,3,4,1,4,5,Hinduism,Galle,Group D
22,60,2,2,0,6,92,1,1,2,1,0,1,0,2,0,1,2,Male,63,SIM-1006,synthetic_simulation,5,4,1,1,5,5,3,4,2,2,5,4,5,5,1,2,Hinduism,Galle,Group D
25,60,2,1,1,5,73,1,1,1,2,2,1,0,2,0,1,2,Male,62,SIM-1007,synthetic_simulation,2,3,2,3,4,3,4,3,1,2,4,1,3,5,3,3,Buddhism,Jaffna,Group A
24,78,1,0,1,10,61,0,1,2,2,2,1,2,4,0,0,1,Non-binary,69,SIM-1008,synthetic_simulation,1,5,2,5,3,1,3,5,4,5,5,4,2,2,3,4,Buddhism,Negombo,Group D
26,80,2,2,1,7,94,2,1,1,1,2,0,2,2,0,2,1,Female,70,SIM-1009,synthetic_simulation,4,5,2,1,1,2,1,2,5,5,4,2,2,5,3,5,Other,Kandy,Group C
17,61,1,2,1,6,82,0,1,0,2,0,1,1,4,0,2,2,Non-binary,63,SIM-1010,synthetic_simulation,2,2,2,3,5,1,3,3,4,5,4,5,4,4,4,1,Hinduism,Colombo,Group B
28,87,2,2,1,7,70,2,1,2,1,2,1,1,2,0,2,2,Male,71,SIM-1011,synthetic_simulation,1,1,5,1,5,3,2,5,5,4,5,3,5,2,4,3,Buddhism,Galle,Group D
21,72,2,1,1,8,56,2,1,0,1,2,1,1,4,0,1,2,Male,63,SIM-1012,synthetic_simulation,3,2,2,2,1,1,4,5,4,3,1,2,3,2,5,4,Hinduism,Kandy,Group A
32,82,1,2,1,8,88,1,1,0,0,2,1,2,2,0,0,1,Female,71,SIM-1013,synthetic_simulation,5,1,4,4,3,2,4,3,1,5,3,5,1,1,5,1,Buddhism,Colombo,Group D
16,72,2,2,1,6,66,1,1,0,1,2,0,2,4,0,0,2,Female,63,SIM-1014,synthetic_simulation,1,1,4,2,2,1,3,2,5,5,1,2,3,2,4,1,Islam,Colombo,Group B
30,67,2,0,1,6,80,0,1,0,1,2,1,1,4,0,1,1,Male,68,SIM-1015,synthetic_simulation,3,5,4,2,3,3,4,4,5,3,3,4,3,2,3,3,Islam,Negombo,Group A
21,76,2,1,1,5,78,0,0,0,1,0,1,1,3,0,1,2,Male,65,SIM-1016,synthetic_simulation,1,1,1,5,4,2,4,5,2,1,1,3,5,4,4,1,Islam,Kandy,Group A
16,69,0,0,1,7,85,2,1,0,0,0,0,0,3,0,1,2,Female,66,SIM-1017,synthetic_simulation,5,3,3,3,4,1,3,1,4,4,5,4,1,2,1,3,Hinduism,Galle,Group D
17,81,1,2,1,9,77,2,1,3,1,2,1,1,4,0,0,0,Male,66,SIM-1018,synthetic_simulation,5,3,5,4,3,3,1,1,3,4,5,4,4,5,5,5,Hinduism,Galle,Group A
18,68,0,0,0,6,82,1,1,0,2,0,1,2,3,0,1,2,Non-binary,66,SIM-1019,synthetic_simulation,2,3,4,2,4,3,3,1,3,1,4,5,5,1,3,4,Hinduism,Negombo,Group C
23,80,1,1,1,8,54,2,1,0,2,0,0,2,2,0,1,2,Female,65,SIM-1020,synthetic_simulation,4,5,4,4,2,5,2,4,2,3,2,3,2,4,5,1,Christianity,Galle,Group B
23,66,2,0,0,6,83,2,1,0,0,2,1,2,2,0,1,2,Male,66,SIM-1021,synthetic_simulation,1,2,2,3,2,2,5,5,2,3,5,3,1,3,2,2,Islam,Colombo,Group C
17,87,2,2,1,5,60,2,1,4,2,2,0,2,3,1,1,2,Female,67,SIM-1022,synthetic_simulation,1,4,4,1,5,2,1,2,2,2,3,4,2,3,2,3,Buddhism,Negombo,Group B
20,90,0,2,0,8,70,2,1,0,2,2,0,1,3,0,1,1,Male,68,SIM-1023,synthetic_simulation,3,1,2,2,4,1,3,2,1,3,4,3,1,3,2,5,Other,Colombo,Group A
33,64,2,1,1,10,76,1,1,2,0,0,0,1,3,0,1,2,Male,68,SIM-1024,synthetic_simulation,5,4,2,3,3,5,1,4,1,4,3,1,2,4,4,2,Christianity,Colombo,Group D
30,79,1,2,0,8,84,2,1,3,1,2,0,0,3,0,0,1,Female,69,SIM-1025,synthetic_simulation,1,2,3,4,5,2,5,5,1,2,1,3,5,3,5,4,Hinduism,Jaffna,Group C
23,63,2,1,1,6,87,1,1,1,2,2,1,1,2,0,2,2,Male,64,SIM-1026,synthetic_simulation,5,2,1,3,2,3,4,3,1,5,2,4,1,5,1,5,Islam,Jaffna,Group C
20,84,2,2,0,6,85,2,1,0,2,2,0,2,3,0,1,1,Non-binary,67,SIM-1027,synthetic_simulation,1,5,2,1,5,2,4,3,2,5,5,1,4,3,5,3,Christianity,Negombo,Group C
21,71,2,2,1,10,55,1,1,1,2,2,1,0,4,0,1,1,Non-binary,63,SIM-1028,synthetic_simulation,2,3,2,3,1,5,5,5,2,5,1,1,5,3,3,5,Islam,Colombo,Group A
24,81,1,0,1,7,69,2,1,3,1,2,1,0,3,0,0,2,Non-binary,67,SIM-1029,synthetic_simulation,4,3,3,4,4,4,4,5,1,2,4,5,1,1,4,5,Buddhism,Negombo,Group D
14,81,2,0,1,6,64,1,0,2,0,0,1,1,2,0,1,0,Male,64,SIM-1030,synthetic_simulation,1,2,2,2,3,3,1,2,1,4,3,4,2,3,5,5,Other,Jaffna,Group A
18,97,1,2,0,7,70,1,1,0,0,2,1,1,2,1,1,2,Non-binary,66,SIM-1031,synthetic_simulation,5,5,5,2,2,2,4,4,5,3,2,3,3,3,4,4,Christianity,Negombo,Group B
10,82,0,2,0,7,82,1,1,2,1,0,0,1,4,0,1,2,Non-binary,65,SIM-1032,synthetic_simulation,2,5,1,5,5,3,5,4,4,2,5,1,1,2,4,2,Other,Kandy,Group B
22,83,2,2,1,8,60,1,0,4,2,2,1,1,2,0,2,1,Non-binary,68,SIM-1033,synthetic_simulation,1,1,5,4,3,1,5,2,5,4,3,4,5,5,1,5,Christianity,Negombo,Group D
24,76,1,0,0,9,75,1,1,0,1,2,0,2,5,0,1,2,Female,66,SIM-1034,synthetic_simulation,3,3,4,5,4,3,5,1,4,3,5,5,2,4,3,1,Islam,Kandy,Group B
17,98,0,0,0,9,94,1,1,0,0,1,1,0,3,0,0,2,Female,71,SIM-1035,synthetic_simulation,4,2,1,5,3,2,2,3,1,1,5,2,5,1,1,5,Hinduism,Negombo,Group A
29,91,2,0,1,7,87,2,0,2,2,0,0,0,4,0,0,2,Non-binary,74,SIM-1036,synthetic_simulation,1,4,4,1,4,1,1,5,1,4,3,2,2,4,1,5,Islam,Kandy,Group A
13,71,2,0,0,7,86,1,1,2,1,2,1,2,3,0,2,2,Male,65,SIM-1037,synthetic_simulation,2,3,2,4,4,1,5,3,1,1,5,3,5,3,4,4,Hinduism,Kandy,Group C
11,94,1,0,1,8,92,0,1,0,2,2,1,1,4,0,1,2,Non-binary,68,SIM-1038,synthetic_simulation,3,1,3,2,4,1,1,3,5,5,4,2,1,2,4,4,Hinduism,Kandy,Group D
21,77,2,0,1,6,70,1,0,2,0,2,0,2,2,0,0,2,Female,68,SIM-1039,synthetic_simulation,2,5,5,4,5,4,2,4,2,5,2,1,1,3,1,4,Hinduism,Kandy,Group A
26,93,2,2,0,8,88,2,1,1,2,0,1,1,4,1,0,2,Male,72,SIM-1040,synthetic_simulation,2,2,4,1,4,4,1,2,4,4,1,1,1,3,2,4,Islam,Galle,Group C
30,93,0,0,1,7,53,2,1,3,1,2,0,0,2,0,2,1,Non-binary,74,SIM-1041,synthetic_simulation,3,3,2,4,3,1,3,1,5,1,2,4,2,1,2,5,Islam,Galle,Group C
17,68,1,0,0,8,53,2,1,0,1,2,1,1,2,0,0,2,Non-binary,61,SIM-1042,synthetic_simulation,2,4,5,4,1,2,2,1,1,2,1,3,4,1,1,5,Other,Negombo,Group C
26,88,1,1,0,10,67,1,1,0,1,1,0,2,3,0,1,0,Male,65,SIM-1043,synthetic_simulation,3,1,5,5,3,1,2,2,2,3,4,4,5,4,4,3,Christianity,Jaffna,Group A
20,72,0,1,0,8,60,1,1,0,1,2,1,1,5,0,1,2,Female,63,SIM-1044,synthetic_simulation,1,1,4,4,5,1,4,3,5,5,2,4,4,3,4,4,Hinduism,Colombo,Group B
19,72,0,2,1,7,76,2,1,1,2,0,1,2,2,0,1,1,Female,66,SIM-1045,synthetic_simulation,3,3,2,5,4,3,5,2,4,5,4,3,4,4,3,3,Buddhism,Galle,Group D
25,72,1,0,1,6,59,2,1,2,1,2,1,0,3,0,1,2,Non-binary,66,SIM-1046,synthetic_simulation,3,4,3,5,1,3,2,2,1,5,3,4,4,3,4,2,Buddhism,Kandy,Group D
24,89,0,2,1,7,99,2,1,2,1,0,0,1,4,0,1,2,Female,73,SIM-1047,synthetic_simulation,4,1,4,3,5,3,1,5,4,5,1,2,3,1,5,4,Hinduism,Galle,Group D
11,69,2,2,0,5,93,2,1,0,2,0,1,0,4,0,0,2,Non-binary,63,SIM-1048,synthetic_simulation,3,2,5,1,2,5,3,5,1,4,3,5,5,2,5,2,Christianity,Kandy,Group C
29,60,0,0,1,8,99,2,1,0,2,2,1,2,4,1,1,2,Non-binary,68,SIM-1049,synthetic_simulation,3,1,5,5,2,3,1,3,1,4,3,4,3,4,4,1,Islam,Jaffna,Group A
28,89,0,1,1,4,90,0,1,3,1,0,1,2,2,1,2,1,Non-binary,73,SIM-1050,synthetic_simulation,1,4,1,4,2,3,1,4,3,1,2,1,5,4,1,5,Other,Galle,Group B
16,67,1,0,1,8,98,2,1,0,0,1,0,0,3,0,1,1,Non-binary,63,SIM-1051,synthetic_simulation,4,5,2,5,1,2,3,1,4,2,5,1,3,5,5,5,Buddhism,Colombo,Group A
22,64,2,0,1,8,68,2,1,2,2,2,1,0,4,0,1,2,Male,65,SIM-1052,synthetic_simulation,5,5,1,5,3,4,4,5,2,1,5,2,5,5,4,3,Christianity,Colombo,Group D
23,70,1,0,1,7,75,0,1,0,1,2,1,2,4,0,1,2,Non-binary,66,SIM-1053,synthetic_simulation,1,3,3,5,1,4,5,3,1,2,4,4,1,2,4,5,Islam,Galle,Group A
22,75,1,1,1,6,62,2,1,0,0,0,1,0,3,0,2,2,Male,65,SIM-1054,synthetic_simulation,1,4,4,2,1,4,2,2,2,4,2,4,4,5,5,2,Hinduism,Galle,Group B
17,79,1,0,1,7,82,2,1,0,2,0,1,0,2,0,0,2,Non-binary,66,SIM-1055,synthetic_simulation,5,1,5,2,1,5,5,5,5,5,3,3,2,2,4,5,Islam,Colombo,Group D
16,62,0,2,0,4,89,0,1,3,1,2,1,1,3,0,0,2,Male,65,SIM-1056,synthetic_simulation,3,1,2,2,2,1,4,2,1,1,4,4,4,3,1,4,Islam,Jaffna,Group C
20,99,2,2,0,8,75,2,1,2,1,0,0,0,2,0,2,0,Male,70,SIM-1057,synthetic_simulation,2,5,5,2,3,3,3,2,1,2,3,4,5,5,2,1,Islam,Negombo,Group D
27,89,2,2,0,7,65,2,1,1,2,2,1,1,3,0,1,2,Non-binary,70,SIM-1058,synthetic_simulation,4,5,1,3,1,2,5,5,1,3,4,1,2,5,5,3,Other,Galle,Group C
23,73,0,2,1,9,75,2,1,0,0,0,0,2,3,0,1,1,Male,68,SIM-1059,synthetic_simulation,2,2,1,5,3,5,1,3,2,2,1,3,4,4,5,3,Buddhism,Galle,Group C
18,73,2,0,0,8,53,2,0,1,1,0,1,1,3,0,2,1,Male,64,SIM-1060,synthetic_simulation,5,5,4,3,4,4,2,1,3,1,4,4,5,2,4,3,Buddhism,Colombo,Group B
25,78,2,2,0,7,86,2,1,1,2,2,1,0,3,0,2,1,Female,68,SIM-1061,synthetic_simulation,1,2,2,4,1,5,2,3,4,4,4,2,4,4,1,4,Other,Colombo,Group D
3,85,1,0,0,8,73,1,1,2,1,2,0,1,3,0,1,2,Non-binary,62,SIM-1062,synthetic_simulation,1,1,2,1,1,2,4,4,1,5,3,4,5,5,5,5,Christianity,Colombo,Group B
27,66,2,2,1,6,95,2,1,1,2,2,1,2,3,0,0,1,Female,68,SIM-1063,synthetic_simulation,4,2,4,3,1,5,4,4,4,3,5,3,3,3,4,4,Islam,Colombo,Group A
10,68,1,2,0,6,96,1,1,1,0,2,1,1,3,0,0,1,Non-binary,61,SIM-1064,synthetic_simulation,1,2,1,2,4,4,3,1,4,1,3,2,3,1,4,2,Hinduism,Galle,Group B
18,94,0,2,1,7,56,1,0,1,1,2,1,2,3,0,2,2,Male,69,SIM-1065,synthetic_simulation,1,3,1,2,4,1,4,4,4,4,2,2,1,2,4,5,Other,Kandy,Group D
13,70,2,2,1,7,100,2,1,3,1,2,1,1,3,0,1,2,Non-binary,65,SIM-1066,synthetic_simulation,4,5,1,4,2,4,5,2,2,2,3,2,2,2,3,4,Islam,Colombo,Group B
12,75,2,0,1,6,98,2,1,2,1,2,1,1,2,0,0,0,Male,65,SIM-1067,synthetic_simulation,4,2,5,5,5,4,2,4,4,4,5,1,3,3,3,2,Islam,Jaffna,Group D
27,95,2,0,0,7,81,1,1,3,1,2,1,1,2,0,1,1,Non-binary,72,SIM-1068,synthetic_simulation,5,1,3,1,3,4,3,5,5,4,2,1,5,3,1,2,Buddhism,Jaffna,Group B
17,87,2,2,1,7,91,0,1,3,1,0,1,2,3,1,0,2,Female,70,SIM-1069,synthetic_simulation,1,4,1,3,5,5,4,2,2,5,5,2,4,2,2,4,Other,Galle,Group C
22,74,2,0,1,10,51,2,0,1,2,2,0,0,4,0,1,2,Female,65,SIM-1070,synthetic_simulation,1,2,3,5,1,2,1,3,2,1,2,1,1,2,3,4,Hinduism,Colombo,Group A
20,87,2,2,0,7,99,2,1,3,1,2,1,0,3,0,1,2,Non-binary,69,SIM-1071,synthetic_simulation,5,5,3,5,1,4,2,1,5,4,3,2,4,3,1,1,Other,Negombo,Group A
23,61,0,1,1,6,73,2,1,1,2,2,1,2,3,0,0,2,Non-binary,65,SIM-1072,synthetic_simulation,3,3,2,3,2,5,3,5,3,2,5,2,4,3,4,4,Hinduism,Colombo,Group D
20,89,1,2,1,7,95,1,1,3,1,2,0,1,2,0,1,2,Male,69,SIM-1073,synthetic_simulation,3,1,4,3,5,2,2,5,3,2,5,5,2,3,4,3,Islam,Galle,Group D
12,79,1,2,1,9,69,2,1,2,1,0,1,1,3,0,2,2,Female,65,SIM-1074,synthetic_simulation,3,3,5,3,1,1,5,1,1,5,1,1,4,5,2,5,Hinduism,Negombo,Group D
26,93,2,0,1,9,89,2,1,0,1,2,1,1,3,0,0,1,Female,72,SIM-1075,synthetic_simulation,5,4,3,3,5,4,4,4,3,4,1,5,2,2,5,2,Islam,Galle,Group B
17,98,0,1,1,10,71,2,1,0,1,0,0,2,3,0,2,1,Male,70,SIM-1076,synthetic_simulation,1,2,5,2,2,3,4,1,1,2,4,2,5,2,3,3,Hinduism,Kandy,Group A
11,97,2,2,1,7,68,1,1,0,1,2,0,0,2,0,1,1,Female,64,SIM-1077,synthetic_simulation,5,2,2,5,5,5,4,1,4,2,1,2,4,3,3,3,Buddhism,Jaffna,Group A
17,96,2,1,0,8,97,1,1,0,2,2,1,0,3,0,1,2,Male,67,SIM-1078,synthetic_simulation,5,5,1,5,3,1,1,4,1,5,5,5,4,4,4,2,Other,Galle,Group A
29,80,2,1,0,5,85,0,1,0,0,0,1,1,2,0,1,1,Female,69,SIM-1079,synthetic_simulation,3,2,3,2,2,1,5,3,3,4,4,3,4,1,1,5,Buddhism,Colombo,Group A
25,74,1,2,1,6,92,1,1,4,2,2,0,2,3,0,2,2,Male,70,SIM-1080,synthetic_simulation,2,1,4,5,5,1,1,1,1,5,3,2,5,2,2,1,Christianity,Colombo,Group A
18,79,2,2,1,5,77,1,1,1,1,0,1,1,3,0,1,2,Female,65,SIM-1081,synthetic_simulation,1,4,2,3,1,5,5,4,2,4,4,1,3,5,2,1,Other,Galle,Group D
18,88,0,0,1,8,96,1,1,1,1,2,1,2,3,0,1,0,Non-binary,69,SIM-1082,synthetic_simulation,3,3,5,1,4,2,5,5,3,2,2,4,3,1,5,3,Other,Jaffna,Group C
18,95,0,2,1,7,87,0,1,5,2,2,1,1,2,0,0,2,Non-binary,74,SIM-1083,synthetic_simulation,2,4,1,5,4,3,5,1,1,1,4,4,5,4,5,3,Hinduism,Galle,Group D
32,68,1,2,1,7,54,2,1,1,1,2,0,1,1,0,2,2,Non-binary,66,SIM-1084,synthetic_simulation,2,2,5,1,2,2,4,1,3,2,1,4,1,5,1,4,Islam,Galle,Group A
22,97,2,2,1,6,88,0,1,1,1,1,0,2,4,0,0,2,Non-binary,72,SIM-1085,synthetic_simulation,4,3,4,1,4,4,4,3,5,1,3,5,1,3,1,1,Hinduism,Colombo,Group B
23,93,2,1,1,8,51,0,0,0,1,0,0,2,1,0,1,2,Non-binary,67,SIM-1086,synthetic_simulation,1,5,3,2,3,3,4,3,3,4,2,2,2,4,2,1,Other,Colombo,Group D
26,99,1,0,1,4,91,0,1,2,0,1,1,1,4,0,2,1,Female,75,SIM-1087,synthetic_simulation,2,4,4,4,2,2,1,5,5,4,4,3,5,3,4,5,Buddhism,Colombo,Group C
21,95,2,1,1,7,67,2,1,3,2,2,1,2,2,0,0,0,Non-binary,70,SIM-1088,synthetic_simulation,3,3,5,5,1,4,3,3,1,3,3,1,1,5,1,4,Islam,Jaffna,Group A
18,71,1,1,0,7,80,2,1,1,2,1,1,1,4,0,2,1,Female,63,SIM-1089,synthetic_simulation,4,3,5,2,1,3,5,5,5,4,1,4,2,5,1,2,Hinduism,Colombo,Group B
19,64,2,2,0,4,87,0,1,2,2,2,0,2,4,0,1,1,Female,65,SIM-1090,synthetic_simulation,1,3,4,2,2,5,1,1,3,4,3,4,4,3,5,2,Buddhism,Negombo,Group C
20,64,2,0,0,8,82,2,1,3,2,1,1,0,3,0,1,1,Non-binary,64,SIM-1091,synthetic_simulation,5,1,4,1,4,4,4,4,2,3,3,1,4,1,5,5,Hinduism,Negombo,Group C
20,72,2,0,0,7,84,1,1,2,2,0,1,0,2,0,1,1,Non-binary,65,SIM-1092,synthetic_simulation,3,4,4,5,4,2,4,3,5,1,2,4,1,2,5,2,Other,Galle,Group C
24,85,2,2,1,8,95,2,1,2,2,2,1,0,4,0,1,2,Male,70,SIM-1093,synthetic_simulation,2,3,1,2,1,3,3,5,3,4,5,5,2,2,4,1,Hinduism,Galle,Group A
20,92,2,1,0,10,69,2,1,0,1,2,1,2,2,0,2,0,Male,67,SIM-1094,synthetic_simulation,2,4,5,3,3,4,4,3,2,5,1,2,2,5,2,3,Buddhism,Kandy,Group B
24,96,2,2,1,7,77,1,0,0,1,2,1,0,2,1,1,2,Non-binary,67,SIM-1095,synthetic_simulation,3,3,2,2,4,4,5,3,4,4,2,2,3,4,4,4,Buddhism,Negombo,Group D
20,85,2,0,0,8,59,2,1,1,2,2,1,2,3,0,2,0,Male,68,SIM-1096,synthetic_simulation,2,5,1,3,3,5,2,2,5,4,2,3,1,3,5,2,Buddhism,Jaffna,Group A
20,60,2,2,0,9,73,0,1,4,2,2,1,0,4,0,0,2,Female,65,SIM-1097,synthetic_simulation,4,5,1,4,4,4,4,1,5,2,2,5,3,4,3,2,Hinduism,Galle,Group A
8,67,0,2,1,8,58,1,1,2,2,2,1,2,1,0,2,1,Non-binary,61,SIM-1098,synthetic_simulation,1,5,1,3,2,3,3,3,1,4,5,3,5,3,3,2,Other,Galle,Group B
25,64,2,1,1,6,82,1,1,2,1,2,1,0,3,0,1,1,Non-binary,63,SIM-1099,synthetic_simulation,4,2,2,3,5,1,2,4,4,4,5,4,2,4,2,2,Christianity,Jaffna,Group A
22,75,2,1,1,5,66,1,1,2,1,2,1,2,2,0,1,0,Male,80,SIM-1100,synthetic_simulation,2,3,4,1,1,3,5,2,1,5,4,2,3,3,5,3,Christianity,Negombo,Group D
26,80,2,2,1,8,93,2,1,2,1,1,1,1,1,0,2,1,Female,69,SIM-1101,synthetic_simulation,5,2,5,2,2,3,5,5,1,3,4,3,2,5,5,3,Christianity,Kandy,Group D
3,62,2,1,0,6,67,2,1,1,1,2,1,0,3,0,1,2,Female,55,SIM-1102,synthetic_simulation,1,4,3,4,4,5,5,5,3,3,1,3,5,1,4,5,Islam,Jaffna,Group D
33,74,2,2,0,9,64,2,1,2,2,2,0,1,4,0,2,2,Female,70,SIM-1103,synthetic_simulation,1,2,3,2,1,5,3,4,1,3,1,5,3,2,2,1,Other,Kandy,Group D
19,67,2,2,1,6,75,0,1,1,1,2,1,1,3,0,0,2,Male,65,SIM-1104,synthetic_simulation,3,4,5,3,5,4,2,4,5,2,5,4,5,4,4,2,Other,Kandy,Group D
27,86,1,2,1,7,59,1,1,1,2,2,1,1,3,0,1,2,Female,68,SIM-1105,synthetic_simulation,3,4,2,3,5,5,5,1,1,4,5,1,2,2,5,5,Islam,Galle,Group A
14,79,2,1,1,5,60,2,1,3,1,2,1,0,5,0,1,2,Female,64,SIM-1106,synthetic_simulation,5,4,3,2,4,4,4,4,2,1,5,5,2,4,1,1,Christianity,Negombo,Group B
24,80,2,2,0,6,89,2,1,1,1,0,1,1,3,0,0,2,Female,69,SIM-1107,synthetic_simulation,1,2,1,4,1,1,2,5,5,1,2,5,4,5,3,3,Christianity,Kandy,Group C
14,77,1,0,0,6,75,2,1,1,2,0,1,1,4,1,1,2,Female,89,SIM-1108,synthetic_simulation,5,3,3,4,4,2,5,1,3,5,5,4,2,5,5,2,Islam,Jaffna,Group D
16,98,2,1,1,6,60,2,1,1,2,2,0,2,3,0,1,0,Non-binary,67,SIM-1109,synthetic_simulation,3,2,5,1,5,5,2,4,1,2,2,1,4,4,1,3,Buddhism,Negombo,Group C
31,69,2,2,0,7,52,2,0,2,0,1,1,1,5,0,0,0,Male,92,SIM-1110,synthetic_simulation,3,3,1,3,2,5,4,4,2,2,2,5,5,4,3,2,Other,Colombo,Group D
19,81,0,0,0,6,73,1,0,1,1,0,0,2,3,0,1,2,Female,67,SIM-1111,synthetic_simulation,1,3,3,3,2,1,1,5,2,4,1,3,1,4,1,3,Christianity,Colombo,Group D
21,89,1,2,1,10,87,1,1,3,2,2,1,2,3,0,0,2,Non-binary,70,SIM-1112,synthetic_simulation,4,4,5,1,3,5,5,1,5,1,3,3,5,5,2,5,Christianity,Jaffna,Group D
25,82,0,1,0,8,68,2,1,1,1,0,1,1,3,0,0,2,Non-binary,68,SIM-1113,synthetic_simulation,2,2,2,2,5,1,4,2,1,2,4,3,4,1,1,5,Islam,Colombo,Group C
23,97,2,1,1,9,62,2,1,0,1,2,0,2,2,0,2,2,Non-binary,70,SIM-1114,synthetic_simulation,3,3,5,3,5,4,3,2,2,5,4,3,1,1,1,3,Hinduism,Negombo,Group A
21,75,2,2,1,7,70,1,1,3,2,2,1,2,4,1,2,2,Female,67,SIM-1115,synthetic_simulation,3,5,2,2,4,5,5,1,1,1,1,1,4,4,2,3,Other,Negombo,Group A
22,79,2,2,1,7,98,0,1,0,0,2,1,1,3,0,1,2,Female,69,SIM-1116,synthetic_simulation,4,3,1,4,3,5,1,4,5,2,1,4,2,3,1,4,Other,Galle,Group D
34,64,2,2,0,6,71,0,1,0,1,0,0,0,4,0,1,2,Non-binary,67,SIM-1117,synthetic_simulation,4,5,5,5,3,4,4,4,4,4,5,4,4,1,3,2,Other,Negombo,Group D
20,84,0,0,1,10,63,2,1,0,1,2,0,2,4,0,1,2,Non-binary,69,SIM-1118,synthetic_simulation,5,2,4,1,1,5,4,1,2,4,5,1,1,5,1,4,Buddhism,Kandy,Group D
21,72,2,0,0,7,78,1,0,0,0,2,1,1,1,1,1,2,Non-binary,63,SIM-1119,synthetic_simulation,5,2,4,3,4,3,2,2,3,4,5,4,4,5,1,3,Hinduism,Galle,Group B
26,66,2,2,0,6,91,2,1,3,2,2,1,2,3,0,0,2,Non-binary,69,SIM-1120,synthetic_simulation,2,2,4,1,2,1,5,3,1,4,2,3,3,5,2,5,Other,Kandy,Group A
27,82,2,0,0,6,51,1,1,1,1,2,1,0,3,0,1,1,Female,66,SIM-1121,synthetic_simulation,2,3,4,4,1,2,1,5,5,1,2,1,3,2,3,2,Buddhism,Negombo,Group D
27,81,2,2,0,8,78,2,1,0,2,2,1,2,3,0,1,1,Non-binary,68,SIM-1122,synthetic_simulation,1,1,4,4,3,3,3,1,5,1,5,3,5,2,2,5,Buddhism,Galle,Group D
24,63,2,2,1,9,92,2,1,4,2,2,0,2,4,0,2,2,Non-binary,69,SIM-1123,synthetic_simulation,5,3,2,4,2,2,2,3,3,2,2,4,5,5,1,3,Buddhism,Jaffna,Group D
13,88,0,1,1,9,61,1,1,4,2,2,0,0,3,0,1,2,Female,66,SIM-1124,synthetic_simulation,3,3,5,4,5,3,5,5,4,5,1,5,1,1,2,4,Other,Jaffna,Group B
30,85,2,2,1,6,96,1,1,1,2,2,0,1,4,0,1,2,Male,72,SIM-1125,synthetic_simulation,5,4,1,5,4,3,1,3,1,3,5,1,4,2,2,2,Other,Jaffna,Group D
13,68,1,2,1,6,79,2,1,1,0,2,0,0,3,0,0,2,Male,62,SIM-1126,synthetic_simulation,3,4,4,2,3,3,2,3,4,3,4,2,2,3,1,4,Islam,Galle,Group C
22,79,2,2,0,9,76,2,1,1,1,2,0,2,2,0,1,2,Female,67,SIM-1127,synthetic_simulation,4,3,4,2,5,1,1,5,5,4,4,2,1,4,1,2,Islam,Negombo,Group B
15,89,0,1,0,10,98,1,1,0,1,2,0,2,2,0,0,2,Non-binary,67,SIM-1128,synthetic_simulation,5,5,1,5,3,2,1,3,2,2,2,3,1,2,5,5,Hinduism,Negombo,Group C
20,81,0,0,1,7,56,1,0,1,2,2,0,2,3,0,1,2,Female,67,SIM-1129,synthetic_simulation,4,4,1,2,2,4,2,2,4,3,4,4,1,2,1,1,Islam,Galle,Group C
22,76,2,1,0,9,87,1,1,2,1,0,1,1,3,1,0,2,Female,65,SIM-1130,synthetic_simulation,2,3,4,4,1,4,2,1,2,3,5,3,5,1,1,2,Other,Galle,Group A
22,73,0,1,0,5,91,2,1,1,2,2,1,2,3,0,2,1,Female,67,SIM-1131,synthetic_simulation,2,1,2,2,2,5,5,2,3,3,4,2,1,1,5,3,Islam,Colombo,Group A
23,84,1,1,0,6,74,2,0,3,1,2,1,2,1,0,1,2,Non-binary,66,SIM-1132,synthetic_simulation,1,5,1,1,4,1,2,2,5,3,1,1,4,3,3,2,Hinduism,Colombo,Group D
30,98,1,1,1,5,50,0,1,0,1,0,1,0,2,0,0,2,Female,70,SIM-1133,synthetic_simulation,5,2,5,2,4,1,5,5,2,3,2,3,1,3,5,3,Other,Galle,Group C
23,87,1,0,0,8,76,2,1,2,0,2,1,2,5,1,2,2,Female,71,SIM-1134,synthetic_simulation,4,3,5,1,3,1,1,5,1,2,4,4,2,3,2,1,Christianity,Jaffna,Group C
19,63,1,0,1,7,58,2,1,2,1,0,0,1,3,0,2,2,Non-binary,64,SIM-1135,synthetic_simulation,3,3,2,3,2,3,2,5,5,3,2,2,1,3,5,1,Christianity,Negombo,Group D
26,78,1,0,1,7,78,1,1,4,2,2,0,1,4,0,1,1,Non-binary,69,SIM-1136,synthetic_simulation,2,5,3,1,1,1,5,3,3,3,1,1,5,2,5,5,Christianity,Jaffna,Group D
27,96,2,0,1,9,87,1,0,0,2,0,1,2,2,0,0,1,Male,72,SIM-1137,synthetic_simulation,2,4,2,1,4,4,5,3,1,2,4,3,5,3,3,5,Hinduism,Kandy,Group B
13,64,2,1,1,6,77,2,1,0,1,0,1,1,4,0,1,2,Male,60,SIM-1138,synthetic_simulation,3,4,4,4,1,1,3,1,5,1,5,1,2,3,4,1,Hinduism,Kandy,Group D
24,100,2,1,1,7,82,1,1,1,2,0,0,2,3,0,1,1,Non-binary,71,SIM-1139,synthetic_simulation,4,4,3,4,5,3,5,3,4,1,3,5,1,5,3,2,Other,Kandy,Group D
24,98,2,2,1,5,55,0,1,0,2,2,1,2,3,0,1,1,Female,71,SIM-1140,synthetic_simulation,4,2,4,4,3,2,5,1,5,1,4,2,1,2,5,2,Christianity,Jaffna,Group B
18,63,0,0,0,9,55,2,1,2,0,0,0,2,2,0,2,2,Male,66,SIM-1141,synthetic_simulation,5,5,5,1,1,1,3,2,1,3,1,3,1,2,2,5,Buddhism,Colombo,Group A
28,97,2,2,0,9,93,1,1,3,2,0,1,1,3,0,1,2,Non-binary,74,SIM-1142,synthetic_simulation,5,5,1,5,3,2,4,1,2,2,3,1,5,2,2,2,Islam,Kandy,Group C
19,75,2,2,0,8,52,0,1,0,1,2,1,0,4,0,2,1,Male,64,SIM-1143,synthetic_simulation,1,4,4,4,5,5,2,1,2,1,4,3,1,4,4,2,Christianity,Galle,Group A
21,94,2,1,1,7,64,1,1,2,2,2,0,1,2,0,1,2,Male,68,SIM-1144,synthetic_simulation,2,4,5,4,1,3,3,5,5,4,2,4,5,3,1,2,Christianity,Negombo,Group B
19,77,0,1,0,6,97,1,1,4,1,2,1,0,2,0,1,2,Non-binary,66,SIM-1145,synthetic_simulation,5,1,2,1,1,1,5,3,5,4,1,4,5,3,5,2,Christianity,Colombo,Group A
20,78,2,2,0,5,73,1,1,1,1,2,1,0,3,0,0,2,Female,65,SIM-1146,synthetic_simulation,4,1,4,3,5,5,5,4,3,2,4,3,4,3,1,3,Christianity,Kandy,Group C
13,85,1,0,1,7,84,2,0,0,1,2,1,1,5,0,1,1,Male,64,SIM-1147,synthetic_simulation,3,3,5,3,2,5,2,4,4,3,1,2,3,1,2,5,Other,Negombo,Group C
11,91,2,1,0,8,61,2,1,1,0,2,0,2,3,0,2,0,Male,65,SIM-1148,synthetic_simulation,4,3,1,2,1,2,1,5,3,1,5,3,5,1,1,1,Islam,Negombo,Group C
30,61,0,0,0,10,64,1,1,4,2,2,1,2,2,0,2,1,Non-binary,69,SIM-1149,synthetic_simulation,2,5,4,3,1,4,3,2,3,3,3,3,3,1,3,1,Christianity,Colombo,Group D
15,84,2,0,1,6,75,2,1,2,2,2,0,2,4,1,2,2,Non-binary,68,SIM-1150,synthetic_simulation,4,5,5,4,4,4,4,2,2,1,3,3,4,4,3,3,Other,Jaffna,Group C
14,67,2,0,0,7,82,1,1,1,2,2,1,1,3,0,1,0,Female,62,SIM-1151,synthetic_simulation,1,2,4,5,2,4,2,2,2,5,5,3,3,3,4,5,Christianity,Negombo,Group D
7,74,1,0,0,9,98,0,1,3,0,1,1,1,2,0,1,1,Male,63,SIM-1152,synthetic_simulation,2,2,1,2,1,4,2,1,1,5,3,2,3,2,1,3,Buddhism,Colombo,Group D
16,74,0,1,0,9,79,0,1,0,0,2,1,1,4,0,2,1,Female,65,SIM-1153,synthetic_simulation,3,1,4,5,5,3,3,3,3,3,3,5,2,2,4,5,Other,Kandy,Group D
12,79,1,0,0,6,55,2,1,1,1,0,0,1,4,0,0,0,Non-binary,62,SIM-1154,synthetic_simulation,1,3,4,5,3,1,5,2,1,4,5,5,2,5,3,3,Buddhism,Colombo,Group C
30,73,1,2,0,7,68,2,1,0,1,0,1,2,2,0,2,2,Non-binary,67,SIM-1155,synthetic_simulation,2,1,5,4,5,1,5,4,5,3,2,1,3,1,3,2,Christianity,Jaffna,Group B
26,64,1,0,0,6,62,1,1,1,1,2,0,2,5,0,1,1,Female,64,SIM-1156,synthetic_simulation,3,1,3,1,2,3,4,1,1,1,3,2,5,4,4,3,Islam,Kandy,Group A
16,66,2,1,0,6,63,1,1,2,2,0,1,1,3,0,0,1,Non-binary,61,SIM-1157,synthetic_simulation,1,3,4,1,4,2,3,2,2,3,2,2,1,5,3,3,Other,Jaffna,Group D
34,61,1,2,0,9,75,2,1,1,1,2,1,1,2,0,0,0,Non-binary,65,SIM-1158,synthetic_simulation,1,2,3,1,4,1,2,2,3,3,1,2,1,4,1,4,Buddhism,Negombo,Group A
26,79,0,1,0,7,66,2,1,1,0,2,1,2,5,1,1,1,Male,67,SIM-1159,synthetic_simulation,2,3,2,3,4,5,3,3,2,1,1,4,4,2,5,5,Buddhism,Colombo,Group D
18,98,0,1,0,7,64,2,1,0,2,2,1,2,4,0,2,1,Male,70,SIM-1160,synthetic_simulation,5,4,4,1,5,1,1,3,5,4,3,2,5,3,5,2,Islam,Galle,Group A
5,65,2,0,1,7,98,1,1,1,1,1,0,2,3,0,1,0,Non-binary,59,SIM-1161,synthetic_simulation,1,4,3,4,3,3,2,1,4,5,1,4,3,2,3,3,Other,Jaffna,Group D
34,98,2,0,0,7,79,2,1,1,1,2,0,1,4,0,0,2,Male,75,SIM-1162,synthetic_simulation,1,4,2,3,3,2,4,4,3,1,5,5,2,2,5,2,Hinduism,Colombo,Group D
12,89,1,2,1,7,63,2,1,4,1,0,1,1,2,0,0,2,Female,67,SIM-1163,synthetic_simulation,3,5,5,1,1,1,4,5,2,3,3,5,1,1,5,5,Buddhism,Galle,Group D
10,85,2,2,1,6,64,1,1,1,2,2,1,0,3,0,0,2,Female,64,SIM-1164,synthetic_simulation,4,2,4,5,3,3,2,4,4,2,5,4,3,2,5,1,Other,Galle,Group D
26,86,2,0,1,9,91,2,1,3,0,2,1,1,3,1,1,2,Female,72,SIM-1165,synthetic_simulation,2,2,5,4,3,5,5,3,5,3,2,3,1,4,3,4,Hinduism,Colombo,Group B
35,93,2,2,1,6,94,2,1,5,2,2,1,1,2,1,0,2,Non-binary,76,SIM-1166,synthetic_simulation,2,5,2,4,1,4,2,3,4,3,4,5,2,3,5,4,Other,Kandy,Group D
28,64,2,0,1,6,84,1,1,2,2,2,0,2,2,0,2,2,Male,69,SIM-1167,synthetic_simulation,5,1,5,2,5,5,2,5,2,2,4,3,2,1,4,5,Christianity,Galle,Group B
23,80,1,2,0,7,72,1,1,0,1,0,1,0,5,0,1,2,Male,65,SIM-1168,synthetic_simulation,5,4,5,4,5,5,1,4,2,3,3,1,5,5,4,4,Buddhism,Colombo,Group D
24,88,0,2,0,10,88,1,1,2,0,0,1,2,1,0,2,0,Female,72,SIM-1169,synthetic_simulation,2,4,1,5,2,2,2,4,5,2,5,4,3,2,5,1,Hinduism,Colombo,Group D
25,83,2,0,1,6,97,1,1,0,1,1,1,1,4,0,1,2,Male,69,SIM-1170,synthetic_simulation,5,1,2,4,5,1,3,5,5,3,4,1,3,1,2,2,Islam,Kandy,Group A
25,93,0,2,0,8,58,2,1,0,0,2,0,2,4,0,1,1,Male,71,SIM-1171,synthetic_simulation,3,3,5,2,4,4,3,3,4,4,3,4,4,1,2,3,Islam,Colombo,Group A
22,63,0,2,0,7,93,0,1,0,2,2,0,1,2,0,1,0,Female,64,SIM-1172,synthetic_simulation,2,3,3,4,4,3,4,1,4,5,4,1,4,1,4,5,Christianity,Jaffna,Group B
21,88,0,0,1,7,92,0,1,2,2,2,1,2,3,0,2,2,Male,74,SIM-1173,synthetic_simulation,5,2,2,4,2,4,5,4,2,4,4,1,2,4,4,5,Christianity,Jaffna,Group D
20,81,2,0,1,8,68,2,1,0,2,2,1,1,3,0,0,2,Female,68,SIM-1174,synthetic_simulation,2,5,1,2,3,1,4,2,5,1,1,2,5,5,5,4,Hinduism,Kandy,Group D
15,75,2,0,1,4,65,0,1,1,1,1,0,2,4,0,2,1,Female,66,SIM-1175,synthetic_simulation,4,2,4,4,2,2,1,4,1,1,3,5,3,1,3,3,Buddhism,Negombo,Group A
18,74,2,2,0,6,78,0,1,0,0,2,1,2,2,0,1,1,Non-binary,65,SIM-1176,synthetic_simulation,1,3,5,3,1,1,2,4,5,3,4,4,5,4,4,4,Buddhism,Colombo,Group D
10,85,0,2,1,8,64,1,1,2,0,2,1,1,3,0,2,2,Female,67,SIM-1177,synthetic_simulation,2,1,3,4,2,3,4,4,3,1,3,5,2,5,5,4,Islam,Jaffna,Group A
19,96,2,2,0,7,57,0,1,0,1,2,1,2,3,0,1,2,Male,69,SIM-1178,synthetic_simulation,1,2,1,1,2,4,2,3,3,1,1,2,2,3,4,2,Christianity,Jaffna,Group D
14,80,0,1,1,7,98,0,1,2,1,0,0,0,2,0,1,2,Male,66,SIM-1179,synthetic_simulation,5,4,2,1,4,5,4,2,5,3,3,5,4,4,4,2,Islam,Colombo,Group C
13,93,2,0,1,8,75,2,1,1,2,2,0,2,2,0,1,2,Female,69,SIM-1180,synthetic_simulation,1,4,5,3,1,1,2,4,4,3,1,4,4,1,5,4,Hinduism,Colombo,Group B
21,76,2,2,1,6,74,2,1,2,2,2,0,1,3,0,1,2,Non-binary,67,SIM-1181,synthetic_simulation,2,1,1,4,1,2,4,1,3,5,4,2,3,2,5,1,Islam,Galle,Group D
28,64,2,2,1,9,56,2,1,1,1,1,1,0,2,0,0,2,Female,64,SIM-1182,synthetic_simulation,4,3,1,5,2,2,3,2,2,2,4,3,5,4,1,5,Islam,Kandy,Group A
26,62,0,0,0,8,75,2,1,2,2,2,1,1,2,0,0,1,Female,67,SIM-1183,synthetic_simulation,5,4,3,4,1,4,1,5,2,3,4,2,2,3,3,1,Christianity,Galle,Group B
11,62,1,0,1,7,87,0,0,3,1,0,1,2,3,0,1,0,Non-binary,61,SIM-1184,synthetic_simulation,2,4,4,1,1,5,4,1,2,5,1,4,4,5,1,5,Christianity,Kandy,Group A
14,75,2,1,1,8,62,1,1,0,0,2,1,0,2,0,1,1,Non-binary,61,SIM-1185,synthetic_simulation,5,5,4,2,5,3,3,5,5,4,2,1,5,3,1,3,Buddhism,Galle,Group A
26,73,2,2,1,9,68,0,1,4,2,2,1,1,2,0,1,0,Female,68,SIM-1186,synthetic_simulation,3,2,4,3,1,5,5,4,3,1,1,5,2,5,1,3,Buddhism,Kandy,Group C
14,89,1,0,0,6,59,1,1,2,1,0,1,1,5,0,2,1,Non-binary,66,SIM-1187,synthetic_simulation,1,3,2,2,3,4,4,3,4,2,1,1,5,4,1,1,Buddhism,Colombo,Group B
19,90,2,2,0,8,68,1,1,0,0,2,1,0,4,0,1,1,Male,66,SIM-1188,synthetic_simulation,3,2,1,5,1,5,2,4,2,4,5,3,1,5,1,4,Islam,Kandy,Group D
23,62,2,0,0,10,93,0,1,2,1,2,1,2,4,0,0,2,Female,68,SIM-1189,synthetic_simulation,2,3,2,4,4,4,1,4,4,3,4,1,1,1,4,4,Islam,Jaffna,Group C
14,69,1,0,0,8,62,0,1,1,2,0,0,1,2,0,1,2,Male,63,SIM-1190,synthetic_simulation,4,4,1,5,5,5,3,5,2,4,4,5,4,4,1,3,Other,Negombo,Group D
21,71,2,2,1,7,51,2,1,3,2,0,0,1,3,0,2,1,Non-binary,66,SIM-1191,synthetic_simulation,5,5,3,2,4,1,3,4,5,5,5,1,1,2,5,4,Hinduism,Jaffna,Group C
12,82,0,2,1,10,77,0,1,0,2,2,1,1,4,0,0,0,Male,66,SIM-1192,synthetic_simulation,1,2,3,4,4,2,1,1,2,3,2,2,2,3,3,2,Other,Kandy,Group D
16,66,0,2,1,7,79,0,1,0,0,0,0,1,3,0,0,2,Non-binary,66,SIM-1193,synthetic_simulation,5,4,2,5,3,4,4,3,5,3,3,4,4,3,2,3,Hinduism,Kandy,Group A
22,65,2,2,1,9,66,0,1,2,2,2,1,0,4,0,1,2,Female,65,SIM-1194,synthetic_simulation,2,3,2,1,5,4,2,5,3,2,4,1,5,4,2,5,Christianity,Kandy,Group B
10,98,2,2,1,6,82,2,1,2,0,2,1,2,2,0,0,1,Non-binary,69,SIM-1195,synthetic_simulation,5,2,3,1,2,2,5,2,3,5,4,4,3,2,4,5,Islam,Negombo,Group A
23,92,2,0,0,9,52,0,1,1,0,2,0,2,2,0,1,2,Female,71,SIM-1196,synthetic_simulation,1,2,5,3,1,3,4,4,4,1,1,4,1,4,1,4,Other,Negombo,Group B
20,67,0,0,0,6,67,0,1,1,2,0,1,2,2,1,0,2,Non-binary,66,SIM-1197,synthetic_simulation,2,4,4,1,3,4,1,5,2,4,2,4,1,1,5,5,Islam,Galle,Group D
23,76,2,2,1,7,57,0,1,1,2,2,1,0,3,0,1,1,Non-binary,66,SIM-1198,synthetic_simulation,5,2,4,1,3,1,4,4,3,2,2,2,4,1,2,5,Other,Kandy,Group C
21,74,2,0,1,6,61,1,0,0,1,2,0,2,4,0,1,2,Male,65,SIM-1199,synthetic_simulation,4,5,3,2,2,5,4,4,1,2,2,4,2,2,1,1,Buddhism,Galle,Group C
28,92,1,2,0,10,69,2,1,4,1,2,1,1,4,0,1,1,Male,71,SIM-1200,synthetic_simulation,2,5,4,1,3,1,1,5,1,3,2,1,1,4,2,1,Hinduism,Jaffna,Group B
21,80,2,0,0,7,75,0,1,3,2,0,0,1,2,0,1,0,Female,69,SIM-1201,synthetic_simulation,2,4,5,1,2,4,1,1,4,4,5,4,5,2,2,5,Buddhism,Negombo,Group B
17,65,1,1,1,5,55,2,1,2,1,2,1,2,3,0,1,2,Female,61,SIM-1202,synthetic_simulation,4,3,5,2,2,3,5,2,3,2,1,2,2,2,1,3,Islam,Colombo,Group A
21,90,0,2,1,7,55,0,1,1,1,0,1,1,4,0,1,2,Male,70,SIM-1203,synthetic_simulation,3,4,1,1,2,4,1,4,5,3,5,4,1,1,3,5,Christianity,Negombo,Group C
23,76,2,2,0,8,84,0,1,2,0,2,1,2,4,0,0,2,Female,70,SIM-1204,synthetic_simulation,1,5,2,1,3,3,1,1,1,3,5,1,1,1,3,2,Christianity,Galle,Group C
20,71,2,2,0,7,70,0,1,0,0,0,1,0,4,0,1,2,Female,65,SIM-1205,synthetic_simulation,3,1,4,3,2,2,1,4,3,5,3,2,5,2,4,3,Buddhism,Colombo,Group B
20,75,2,1,1,6,59,2,1,2,2,2,1,0,1,0,2,1,Male,64,SIM-1206,synthetic_simulation,5,1,5,1,3,5,3,4,5,3,1,3,1,2,5,2,Other,Colombo,Group B
16,80,0,0,1,9,62,1,1,0,0,2,1,1,4,0,2,2,Non-binary,68,SIM-1207,synthetic_simulation,4,2,2,1,5,1,1,1,2,1,2,3,2,5,1,2,Buddhism,Colombo,Group C
16,74,1,2,1,9,86,1,1,1,1,2,0,1,2,0,1,2,Female,63,SIM-1208,synthetic_simulation,3,2,2,3,2,3,1,4,3,5,1,1,3,1,2,4,Christianity,Negombo,Group A
12,70,2,0,0,5,53,2,1,2,1,2,0,2,3,0,0,2,Female,63,SIM-1209,synthetic_simulation,2,1,1,2,3,1,1,2,2,5,2,5,3,2,3,1,Buddhism,Kandy,Group A
30,76,2,2,1,6,75,1,1,3,0,2,1,2,3,0,0,2,Non-binary,71,SIM-1210,synthetic_simulation,5,5,2,1,3,2,5,5,1,1,3,4,1,5,5,4,Hinduism,Colombo,Group A
13,61,0,1,0,7,68,1,0,1,2,2,1,1,2,0,1,2,Female,58,SIM-1211,synthetic_simulation,5,2,2,5,3,4,4,1,2,1,4,5,4,2,5,2,Buddhism,Jaffna,Group B
16,91,2,2,1,6,91,2,1,1,2,2,1,1,2,0,1,1,Male,68,SIM-1212,synthetic_simulation,3,4,3,2,1,3,1,3,1,2,5,2,2,5,1,4,Other,Jaffna,Group B
16,67,2,0,0,8,90,0,1,1,0,1,1,1,4,0,1,2,Male,65,SIM-1213,synthetic_simulation,3,4,1,2,1,5,1,4,4,2,3,4,3,2,1,4,Islam,Colombo,Group C
25,62,2,2,0,10,84,1,1,2,1,2,1,2,3,0,0,2,Female,65,SIM-1214,synthetic_simulation,4,5,1,1,2,3,5,5,4,1,5,5,4,4,1,3,Buddhism,Jaffna,Group C
18,86,0,1,1,6,69,1,1,2,2,0,1,2,2,0,1,2,Female,68,SIM-1215,synthetic_simulation,1,2,4,3,5,4,4,2,1,2,2,1,3,1,3,4,Hinduism,Jaffna,Group B
27,91,1,0,1,9,82,2,1,0,1,1,1,1,1,0,1,0,Male,69,SIM-1216,synthetic_simulation,3,4,2,2,2,4,5,2,5,1,2,2,4,2,4,3,Other,Jaffna,Group A
16,93,2,2,1,5,82,1,1,5,0,2,1,2,1,0,1,2,Non-binary,71,SIM-1217,synthetic_simulation,3,2,4,3,4,5,2,3,4,1,3,4,1,3,4,4,Hinduism,Galle,Group C
22,80,1,2,0,8,67,1,1,2,1,1,0,2,2,0,2,1,Male,65,SIM-1218,synthetic_simulation,2,2,5,5,4,5,2,2,5,3,4,3,4,3,4,4,Other,Galle,Group D
15,68,1,2,1,6,94,1,1,0,2,0,1,1,5,0,2,2,Non-binary,64,SIM-1219,synthetic_simulation,5,4,2,3,5,2,2,5,5,2,4,4,1,5,5,2,Christianity,Jaffna,Group B
33,89,1,2,0,8,99,2,1,2,0,0,0,2,4,0,0,1,Non-binary,75,SIM-1220,synthetic_simulation,1,1,5,4,5,1,1,3,5,5,5,2,4,1,5,2,Christianity,Kandy,Group D
13,88,0,2,0,4,66,1,1,1,1,0,1,2,4,0,1,2,Non-binary,67,SIM-1221,synthetic_simulation,2,4,3,3,5,3,5,1,3,5,2,3,4,5,3,5,Islam,Jaffna,Group D
22,70,2,0,1,5,90,0,1,1,2,0,1,1,3,0,0,0,Non-binary,68,SIM-1222,synthetic_simulation,4,5,2,2,1,2,1,3,3,2,2,1,4,1,1,5,Islam,Galle,Group A
24,96,0,0,0,8,75,1,1,1,2,2,1,2,1,0,0,1,Non-binary,72,SIM-1223,synthetic_simulation,4,3,4,3,1,1,2,1,5,2,4,4,2,3,1,3,Other,Colombo,Group B
22,64,2,2,0,6,73,0,1,3,2,2,1,2,4,0,2,1,Non-binary,67,SIM-1224,synthetic_simulation,3,4,4,3,4,2,4,2,1,2,2,5,3,3,2,2,Hinduism,Jaffna,Group B
19,99,0,2,0,7,69,2,1,1,0,2,1,2,3,0,1,2,Female,72,SIM-1225,synthetic_simulation,3,2,2,4,5,5,4,5,4,2,2,5,4,5,2,5,Hinduism,Negombo,Group D
19,94,2,1,1,10,65,0,1,1,1,0,1,0,3,0,2,1,Male,69,SIM-1226,synthetic_simulation,4,2,4,4,3,5,5,4,2,3,3,1,1,4,2,4,Buddhism,Galle,Group A
20,88,1,1,0,7,96,1,1,0,0,0,1,2,3,0,2,1,Male,68,SIM-1227,synthetic_simulation,3,4,2,1,4,4,4,3,3,1,4,2,4,3,5,2,Christianity,Galle,Group C
19,98,2,2,1,8,87,2,1,0,2,2,0,0,6,0,1,2,Female,70,SIM-1228,synthetic_simulation,1,3,1,2,5,3,2,2,3,2,4,1,2,1,4,4,Buddhism,Galle,Group D
26,89,2,2,0,6,72,0,1,1,1,2,1,1,3,1,0,2,Female,69,SIM-1229,synthetic_simulation,3,4,4,1,3,3,5,5,2,2,1,2,2,2,3,4,Islam,Colombo,Group A
33,68,2,1,1,5,88,2,1,2,1,2,1,0,1,0,0,1,Non-binary,67,SIM-1230,synthetic_simulation,5,3,2,4,5,3,5,4,5,1,4,3,2,2,4,3,Christianity,Negombo,Group D
17,78,2,2,0,7,86,2,0,0,1,1,1,1,3,0,0,2,Male,63,SIM-1231,synthetic_simulation,3,3,2,3,2,2,2,3,2,1,4,2,4,2,1,2,Hinduism,Negombo,Group B
12,63,2,0,0,5,63,1,1,4,1,2,0,2,2,0,1,1,Non-binary,61,SIM-1232,synthetic_simulation,2,5,4,4,3,2,2,5,5,1,1,3,4,3,2,4,Christianity,Negombo,Group A
19,76,2,0,1,6,59,2,1,1,2,2,1,1,3,0,1,2,Female,66,SIM-1233,synthetic_simulation,1,2,1,5,2,3,2,2,3,4,2,4,4,4,4,3,Islam,Galle,Group A
35,90,0,2,1,7,92,1,0,0,1,2,0,1,4,0,1,2,Non-binary,73,SIM-1234,synthetic_simulation,2,2,4,3,1,4,2,3,2,5,2,4,3,3,1,1,Christianity,Jaffna,Group B
15,75,2,0,1,7,91,0,1,0,2,0,1,1,3,0,0,1,Non-binary,67,SIM-1235,synthetic_simulation,2,3,2,1,4,1,5,3,1,2,5,1,4,1,2,1,Islam,Jaffna,Group C
30,73,0,2,1,8,100,2,1,2,0,0,1,1,2,0,1,2,Male,72,SIM-1236,synthetic_simulation,5,2,1,3,5,2,4,1,4,3,2,1,5,3,4,4,Hinduism,Negombo,Group B
30,84,0,2,0,8,51,1,1,1,1,2,1,2,4,1,2,0,Male,69,SIM-1237,synthetic_simulation,1,1,5,5,4,3,2,1,4,3,4,4,2,3,4,4,Other,Galle,Group B
17,95,1,0,0,5,77,2,1,2,2,2,1,2,4,0,1,1,Male,69,SIM-1238,synthetic_simulation,1,3,3,4,5,5,3,3,4,1,5,5,4,3,4,1,Christianity,Jaffna,Group D
23,62,1,0,1,6,85,2,1,1,1,2,1,0,3,1,0,1,Non-binary,63,SIM-1239,synthetic_simulation,1,2,4,2,2,2,5,5,2,3,5,3,3,3,2,5,Other,Kandy,Group A
30,75,2,2,1,4,79,1,1,0,2,2,1,0,4,0,1,1,Non-binary,67,SIM-1240,synthetic_simulation,1,1,2,2,3,1,1,2,5,5,2,4,1,1,5,3,Islam,Jaffna,Group B
18,66,2,2,0,6,86,2,1,0,0,2,1,2,2,0,1,1,Female,63,SIM-1241,synthetic_simulation,1,5,1,2,3,2,4,4,3,2,5,5,2,3,2,4,Christianity,Jaffna,Group A
19,88,2,0,1,8,57,1,0,1,2,1,0,0,4,0,0,2,Female,66,SIM-1242,synthetic_simulation,5,2,1,4,5,1,5,1,4,3,1,2,4,4,3,1,Hinduism,Kandy,Group D
17,64,2,2,0,9,50,2,1,2,1,0,1,2,4,0,1,1,Female,62,SIM-1243,synthetic_simulation,3,1,5,2,2,1,2,2,2,5,5,4,4,5,2,1,Christianity,Jaffna,Group A
14,87,2,2,1,7,55,2,1,2,1,0,0,2,4,0,2,2,Female,68,SIM-1244,synthetic_simulation,2,4,4,5,5,2,3,3,4,5,3,5,1,1,4,1,Hinduism,Colombo,Group B
16,71,2,0,0,9,69,2,1,1,1,2,1,1,4,0,2,2,Female,65,SIM-1245,synthetic_simulation,1,4,1,4,5,1,1,2,5,4,1,4,3,4,1,1,Islam,Galle,Group D
13,68,1,1,1,8,66,2,1,0,2,1,1,1,4,1,0,2,Female,59,SIM-1246,synthetic_simulation,3,1,5,2,5,2,4,2,1,4,4,2,5,2,1,1,Other,Colombo,Group D
20,97,0,2,1,7,94,0,1,1,2,2,1,0,1,0,0,1,Female,72,SIM-1247,synthetic_simulation,3,3,2,1,3,2,2,2,1,3,2,2,1,2,4,1,Buddhism,Colombo,Group D
15,61,2,0,1,6,54,2,1,0,0,0,0,1,2,0,2,2,Male,63,SIM-1248,synthetic_simulation,2,3,5,4,5,4,5,3,3,5,2,3,3,1,5,4,Buddhism,Galle,Group C
21,78,2,2,0,4,72,2,1,1,2,0,1,1,4,0,2,2,Female,68,SIM-1249,synthetic_simulation,5,2,4,4,3,5,5,1,1,1,3,2,3,5,5,3,Christianity,Colombo,Group C
11,61,2,2,1,9,98,0,1,0,2,0,1,0,2,0,1,1,Non-binary,61,SIM-1250,synthetic_simulation,4,4,5,3,1,1,4,4,1,4,2,2,4,3,2,1,Other,Jaffna,Group A
22,79,1,2,0,7,75,1,1,1,1,0,0,1,3,0,1,2,Non-binary,65,SIM-1251,synthetic_simulation,4,3,1,2,2,2,3,5,2,5,4,3,4,1,2,1,Hinduism,Negombo,Group A
25,80,2,2,1,9,57,1,1,2,1,0,1,2,3,0,1,1,Non-binary,68,SIM-1252,synthetic_simulation,3,3,1,1,1,1,2,1,2,4,5,4,2,3,1,1,Buddhism,Negombo,Group D
8,73,1,2,1,6,65,0,1,1,1,2,1,1,4,0,0,1,Male,61,SIM-1253,synthetic_simulation,2,4,3,5,5,2,4,4,3,2,2,4,4,3,4,1,Other,Colombo,Group A
22,65,1,1,1,10,81,2,1,1,1,2,0,1,3,0,2,2,Non-binary,63,SIM-1254,synthetic_simulation,4,5,5,4,3,2,4,3,3,5,4,3,4,2,4,1,Other,Negombo,Group D
27,75,2,2,1,7,51,0,1,1,2,1,1,0,2,0,2,2,Non-binary,67,SIM-1255,synthetic_simulation,3,3,2,5,2,2,5,4,2,5,1,4,3,5,2,2,Islam,Colombo,Group C
13,87,1,2,1,6,98,1,1,0,0,0,1,2,3,1,2,1,Male,66,SIM-1256,synthetic_simulation,5,1,4,5,4,5,4,3,1,2,4,4,4,3,3,2,Buddhism,Galle,Group D
30,91,2,2,1,7,78,0,1,3,2,2,0,2,2,0,2,2,Non-binary,75,SIM-1257,synthetic_simulation,4,2,3,5,2,1,1,4,5,4,3,5,4,1,2,1,Islam,Kandy,Group B
23,81,2,2,0,7,85,1,1,0,2,2,1,2,4,0,1,2,Male,68,SIM-1258,synthetic_simulation,3,3,5,3,2,5,1,1,1,2,4,3,4,2,2,1,Other,Colombo,Group D
16,84,1,2,0,7,75,0,1,2,2,2,1,0,3,0,1,2,Non-binary,65,SIM-1259,synthetic_simulation,3,3,2,5,5,5,2,3,1,3,2,3,5,3,5,5,Buddhism,Kandy,Group B
20,68,1,2,0,6,98,0,1,0,1,0,1,0,4,0,1,2,Non-binary,64,SIM-1260,synthetic_simulation,1,5,3,2,1,5,4,2,5,1,5,1,5,2,2,5,Hinduism,Jaffna,Group C
23,71,0,2,1,4,79,2,0,2,1,2,1,2,3,0,1,2,Female,67,SIM-1261,synthetic_simulation,5,1,1,2,1,5,5,3,3,4,4,5,2,2,2,3,Christianity,Galle,Group D
20,66,1,2,1,6,83,2,1,2,1,2,0,1,3,0,0,2,Non-binary,64,SIM-1262,synthetic_simulation,1,2,4,1,4,4,2,3,2,5,3,4,1,1,3,2,Other,Negombo,Group C
23,70,2,0,1,9,93,2,1,0,1,0,1,1,2,1,2,1,Female,67,SIM-1263,synthetic_simulation,2,3,5,1,5,1,3,4,3,3,1,1,3,1,1,4,Hinduism,Colombo,Group B
14,69,2,0,1,6,93,1,0,2,1,2,0,1,0,0,1,2,Female,63,SIM-1264,synthetic_simulation,1,2,2,5,2,1,5,3,3,4,3,5,2,4,1,3,Christianity,Colombo,Group D
21,81,0,2,1,4,51,2,1,0,2,2,0,2,2,0,0,1,Non-binary,67,SIM-1265,synthetic_simulation,1,4,1,5,1,2,3,4,3,1,1,4,3,3,2,3,Buddhism,Jaffna,Group A
12,83,0,1,1,5,64,2,1,1,0,2,0,0,2,0,2,2,Non-binary,65,SIM-1266,synthetic_simulation,4,3,3,3,1,1,2,1,2,5,4,5,1,2,4,1,Hinduism,Galle,Group C
19,98,0,1,1,7,62,0,1,1,1,0,1,1,2,0,1,2,Male,70,SIM-1267,synthetic_simulation,3,3,4,5,3,5,1,3,3,2,5,2,1,4,2,1,Hinduism,Kandy,Group B
15,68,2,2,1,6,50,0,1,2,0,1,1,1,3,0,1,1,Female,62,SIM-1268,synthetic_simulation,5,4,3,5,2,3,5,2,3,1,3,4,2,1,5,4,Christianity,Galle,Group C
16,86,0,2,1,7,94,2,1,2,1,0,1,1,3,0,1,1,Non-binary,69,SIM-1269,synthetic_simulation,1,5,3,5,5,1,5,2,4,4,5,5,5,5,3,5,Hinduism,Jaffna,Group D
27,93,2,1,1,6,66,2,1,2,2,2,1,0,3,0,0,1,Female,70,SIM-1270,synthetic_simulation,5,3,2,4,1,3,2,1,1,5,4,5,5,2,2,1,Buddhism,Kandy,Group B
27,82,2,2,1,9,67,1,1,1,1,0,0,1,2,0,1,1,Female,68,SIM-1271,synthetic_simulation,1,2,1,4,5,4,5,2,4,4,5,1,5,5,1,2,Buddhism,Kandy,Group D
24,70,2,0,0,8,55,2,1,4,1,0,1,2,4,0,2,1,Non-binary,68,SIM-1272,synthetic_simulation,2,1,5,3,2,2,5,4,2,1,5,5,4,5,2,4,Other,Colombo,Group D
13,71,2,2,1,10,99,2,1,0,1,2,1,1,3,0,2,2,Non-binary,64,SIM-1273,synthetic_simulation,1,2,2,3,2,2,2,3,5,5,3,2,4,2,3,4,Christianity,Colombo,Group D
18,62,1,0,1,6,91,0,0,4,1,2,0,1,1,0,1,1,Female,63,SIM-1274,synthetic_simulation,4,5,4,2,1,2,4,5,5,1,4,2,2,4,3,1,Islam,Galle,Group A
27,72,1,1,1,7,79,2,1,2,0,0,1,2,2,0,2,1,Non-binary,68,SIM-1275,synthetic_simulation,3,1,3,3,4,4,2,3,4,4,5,5,4,4,4,4,Buddhism,Kandy,Group D
21,90,0,1,1,9,89,1,1,1,1,1,1,1,2,0,1,0,Female,67,SIM-1276,synthetic_simulation,2,2,4,2,5,5,5,3,4,5,1,4,3,2,4,5,Islam,Colombo,Group A
34,62,0,1,0,8,89,1,1,3,1,2,0,1,4,0,0,1,Male,68,SIM-1277,synthetic_simulation,1,2,2,5,5,3,2,5,4,5,2,1,2,3,4,1,Hinduism,Kandy,Group D
22,69,2,0,1,6,83,2,1,1,1,2,1,2,2,0,0,1,Male,66,SIM-1278,synthetic_simulation,5,4,2,3,3,1,5,2,1,5,1,4,2,5,2,5,Christianity,Kandy,Group C
21,88,2,2,1,8,59,1,0,2,2,2,0,0,1,0,2,2,Non-binary,67,SIM-1279,synthetic_simulation,2,5,5,3,2,5,3,2,2,4,5,5,1,4,1,5,Christianity,Negombo,Group C
18,91,0,2,0,8,86,0,1,1,2,2,1,1,4,1,1,1,Female,69,SIM-1280,synthetic_simulation,2,4,3,3,2,2,3,3,3,3,4,2,1,2,5,2,Buddhism,Colombo,Group C
21,78,0,2,1,4,78,2,1,2,0,2,0,0,3,0,1,0,Male,68,SIM-1281,synthetic_simulation,1,1,2,2,1,2,1,2,4,4,1,3,2,1,1,1,Buddhism,Colombo,Group D
19,88,2,0,0,6,86,2,1,4,2,2,1,2,3,1,0,1,Female,70,SIM-1282,synthetic_simulation,2,4,4,2,1,5,2,4,1,2,4,1,5,1,3,2,Christianity,Colombo,Group A
24,76,2,2,0,7,77,2,1,3,2,2,0,0,4,0,2,1,Non-binary,68,SIM-1283,synthetic_simulation,5,5,5,1,1,3,2,4,5,3,1,4,1,2,1,2,Islam,Negombo,Group D
26,66,1,2,1,9,98,2,1,2,1,2,1,1,2,0,0,2,Male,66,SIM-1284,synthetic_simulation,2,3,4,2,3,5,3,5,5,4,4,2,4,3,2,4,Christianity,Jaffna,Group C
15,76,2,0,1,8,81,2,1,2,1,2,0,1,4,0,2,1,Male,67,SIM-1285,synthetic_simulation,5,3,3,2,4,4,3,3,5,2,5,4,2,1,4,3,Other,Negombo,Group C
12,83,2,2,0,6,79,2,1,1,0,1,1,1,4,0,1,1,Female,65,SIM-1286,synthetic_simulation,1,1,5,4,1,2,3,4,4,1,3,5,3,3,1,1,Christianity,Jaffna,Group B
9,98,2,2,0,6,92,2,1,0,2,2,1,1,5,0,1,1,Male,67,SIM-1287,synthetic_simulation,3,3,5,3,1,3,1,1,5,2,1,4,2,2,3,5,Islam,Galle,Group B
23,63,2,2,0,8,69,0,1,2,2,1,1,0,4,1,1,2,Female,63,SIM-1288,synthetic_simulation,2,4,5,2,1,1,1,2,5,5,4,1,3,2,3,4,Hinduism,Colombo,Group A
13,80,1,0,1,4,66,0,1,2,1,2,1,0,2,0,1,1,Female,64,SIM-1289,synthetic_simulation,3,1,1,3,3,2,4,3,5,3,1,3,1,5,5,2,Islam,Jaffna,Group A
7,73,0,2,1,6,75,2,1,3,1,2,1,1,3,0,0,2,Non-binary,64,SIM-1290,synthetic_simulation,5,5,5,3,5,5,2,4,3,4,4,3,5,2,1,2,Christianity,Kandy,Group B
22,80,1,1,0,9,79,0,1,0,2,2,0,1,3,0,0,1,Non-binary,66,SIM-1291,synthetic_simulation,2,1,4,4,4,3,1,5,5,4,4,5,3,3,2,1,Christianity,Jaffna,Group A
35,61,2,0,1,7,61,1,1,2,2,2,0,2,4,1,1,2,Male,68,SIM-1292,synthetic_simulation,4,1,4,3,5,2,5,4,1,5,3,1,5,4,3,4,Hinduism,Jaffna,Group C
20,73,0,2,1,6,84,0,1,0,2,2,1,2,3,0,1,1,Non-binary,67,SIM-1293,synthetic_simulation,3,2,3,2,2,1,2,1,4,3,4,3,3,1,5,5,Other,Kandy,Group C
25,93,2,0,0,5,90,1,1,1,2,2,1,2,2,0,0,2,Male,72,SIM-1294,synthetic_simulation,2,2,2,3,2,1,4,4,3,3,1,2,5,1,3,2,Buddhism,Galle,Group A
20,82,2,2,1,8,79,1,1,1,1,2,1,2,4,0,1,2,Non-binary,67,SIM-1295,synthetic_simulation,3,1,2,1,1,5,3,3,3,5,5,4,3,5,5,4,Islam,Colombo,Group C
19,78,2,2,0,7,76,0,1,2,2,1,1,1,3,0,0,1,Non-binary,66,SIM-1296,synthetic_simulation,2,3,1,1,5,4,4,5,4,3,2,5,2,4,3,5,Islam,Negombo,Group B
26,71,0,1,0,7,65,2,1,1,1,2,1,2,3,0,0,2,Male,66,SIM-1297,synthetic_simulation,1,2,5,4,3,5,2,5,5,5,4,2,2,3,2,4,Christianity,Galle,Group C
18,72,0,0,1,8,95,2,1,1,2,2,1,0,4,0,1,1,Non-binary,67,SIM-1298,synthetic_simulation,3,5,1,2,4,3,3,1,5,2,2,5,1,3,2,2,Islam,Negombo,Group B
22,75,2,2,0,7,88,1,1,0,1,2,0,1,3,0,2,0,Female,65,SIM-1299,synthetic_simulation,4,4,3,4,5,5,4,3,2,5,5,1,2,5,3,2,Hinduism,Negombo,Group B
22,93,0,2,0,7,74,1,1,2,2,0,1,0,3,0,0,0,Non-binary,70,SIM-1300,synthetic_simulation,4,2,3,1,5,3,4,1,5,4,2,5,4,2,4,5,Other,Galle,Group A
16,99,1,2,1,5,83,1,1,0,1,0,0,1,4,0,2,2,Female,69,SIM-1301,synthetic_simulation,5,1,2,2,4,4,2,1,1,1,4,3,1,4,2,4,Christianity,Jaffna,Group B
26,78,0,0,1,5,67,1,1,1,0,0,0,0,3,0,1,1,Male,69,SIM-1302,synthetic_simulation,2,3,3,3,5,5,1,1,5,2,1,1,2,1,2,2,Buddhism,Galle,Group C
19,76,0,2,1,8,53,2,1,1,2,2,1,0,4,0,0,2,Male,66,SIM-1303,synthetic_simulation,3,4,5,2,5,1,5,4,4,4,3,5,2,4,5,4,Hinduism,Negombo,Group D
15,94,2,1,0,8,60,2,1,2,2,2,1,1,4,0,1,0,Non-binary,66,SIM-1304,synthetic_simulation,5,2,4,5,4,3,4,2,5,2,4,2,4,5,5,1,Buddhism,Galle,Group B
23,77,0,0,1,8,54,2,1,1,1,2,1,0,3,0,0,1,Non-binary,67,SIM-1305,synthetic_simulation,3,3,3,2,3,3,5,4,4,4,4,1,5,2,1,5,Islam,Kandy,Group B
15,82,2,0,1,6,75,2,1,1,2,1,1,2,3,0,1,2,Non-binary,67,SIM-1306,synthetic_simulation,2,3,1,3,4,1,2,3,3,3,3,1,2,4,1,3,Islam,Jaffna,Group D
20,69,2,2,1,8,81,0,1,2,2,2,1,2,4,0,1,2,Non-binary,67,SIM-1307,synthetic_simulation,4,3,5,5,1,5,2,1,2,5,3,5,3,2,2,5,Other,Jaffna,Group C
20,90,0,0,1,6,69,2,1,2,0,0,1,1,3,0,1,2,Female,72,SIM-1308,synthetic_simulation,1,1,3,4,1,4,1,1,3,4,3,5,5,4,2,2,Buddhism,Negombo,Group D
27,81,2,1,1,9,77,1,1,1,2,0,1,1,4,0,0,1,Non-binary,68,SIM-1309,synthetic_simulation,4,5,3,2,1,2,3,2,4,4,3,1,3,1,3,4,Hinduism,Jaffna,Group B
23,92,2,1,1,6,54,0,1,3,2,2,1,2,2,1,2,2,Male,70,SIM-1310,synthetic_simulation,5,3,5,4,1,5,5,5,2,3,3,4,5,3,4,5,Buddhism,Negombo,Group D
20,91,2,2,1,6,88,2,1,1,1,2,1,2,4,0,1,1,Non-binary,69,SIM-1311,synthetic_simulation,1,4,3,2,2,5,4,1,3,1,4,4,3,4,3,3,Buddhism,Kandy,Group B
25,69,0,1,1,7,52,0,1,1,1,2,1,2,4,0,1,1,Non-binary,65,SIM-1312,synthetic_simulation,5,2,4,1,3,3,3,4,5,1,2,3,2,3,2,1,Buddhism,Negombo,Group C
28,89,0,0,0,8,82,2,1,0,2,2,1,0,3,0,2,0,Female,72,SIM-1313,synthetic_simulation,2,4,2,1,2,3,5,1,5,5,1,1,3,3,5,2,Buddhism,Kandy,Group A
23,92,2,0,0,7,72,2,1,0,1,2,1,1,4,0,0,0,Non-binary,69,SIM-1314,synthetic_simulation,1,1,5,3,5,4,5,3,2,3,4,4,2,3,1,4,Islam,Kandy,Group D
20,74,2,2,1,7,59,1,1,5,0,2,1,2,4,0,1,2,Non-binary,68,SIM-1315,synthetic_simulation,5,1,1,1,5,4,3,2,3,2,5,2,4,5,4,1,Other,Jaffna,Group D
12,67,0,0,0,6,76,0,1,1,1,2,1,0,2,0,1,1,Female,62,SIM-1316,synthetic_simulation,2,4,3,5,4,4,3,5,1,4,4,1,3,1,5,2,Hinduism,Jaffna,Group D
14,60,2,1,1,7,89,1,1,2,2,2,1,1,3,0,1,1,Female,60,SIM-1317,synthetic_simulation,4,5,2,5,1,1,1,3,1,5,4,4,1,3,2,5,Christianity,Negombo,Group A
18,78,0,2,1,7,71,1,1,3,2,2,1,1,4,0,1,1,Female,67,SIM-1318,synthetic_simulation,2,1,1,2,4,2,4,4,1,1,2,5,1,1,4,5,Islam,Negombo,Group C
16,74,0,0,1,6,68,1,1,2,2,2,1,1,4,0,0,2,Male,67,SIM-1319,synthetic_simulation,3,1,1,4,5,2,4,3,3,2,3,2,3,4,4,3,Islam,Jaffna,Group C
19,82,2,0,1,7,57,2,1,1,2,2,1,1,3,0,1,2,Female,67,SIM-1320,synthetic_simulation,2,4,4,5,1,4,4,1,3,3,5,3,2,1,1,1,Hinduism,Negombo,Group A
20,68,2,2,1,7,80,1,1,0,1,2,0,1,4,0,1,2,Male,63,SIM-1321,synthetic_simulation,2,1,2,2,3,3,3,2,3,4,2,4,5,2,4,5,Hinduism,Galle,Group C
23,94,2,1,1,10,91,0,1,1,2,2,1,1,3,0,1,2,Male,71,SIM-1322,synthetic_simulation,3,5,5,4,5,2,1,1,4,4,1,5,4,3,2,3,Other,Negombo,Group B
20,70,2,2,1,6,78,0,1,0,2,2,0,2,2,0,0,2,Female,66,SIM-1323,synthetic_simulation,5,5,2,1,4,5,2,2,1,1,5,2,3,4,1,4,Christianity,Galle,Group B
23,69,2,2,1,6,58,0,1,0,2,2,1,1,1,0,2,2,Non-binary,65,SIM-1324,synthetic_simulation,5,5,2,2,4,1,1,4,1,1,5,2,4,3,2,4,Islam,Negombo,Group B
20,79,0,2,1,7,83,0,1,2,2,2,1,2,2,0,1,1,Non-binary,69,SIM-1325,synthetic_simulation,2,2,1,4,5,3,3,3,1,5,2,3,2,3,4,1,Other,Galle,Group C
8,80,0,1,0,6,52,0,1,2,2,2,1,2,1,0,1,2,Male,63,SIM-1326,synthetic_simulation,3,5,4,3,2,1,1,2,4,4,5,5,1,4,2,4,Islam,Kandy,Group A
14,69,2,2,1,5,92,0,1,3,1,1,1,0,2,0,2,1,Non-binary,64,SIM-1327,synthetic_simulation,3,5,4,3,3,5,3,3,4,4,4,4,2,4,5,5,Other,Colombo,Group D
19,71,0,0,0,5,96,0,1,2,1,2,0,1,0,1,0,2,Female,67,SIM-1328,synthetic_simulation,4,2,2,5,5,2,5,2,3,4,4,1,2,5,4,4,Other,Negombo,Group D
13,67,2,2,1,6,80,0,1,1,1,0,1,0,2,0,1,1,Female,62,SIM-1329,synthetic_simulation,5,3,2,4,5,1,5,1,1,4,3,2,3,5,3,5,Christianity,Negombo,Group A
24,89,2,1,1,6,94,1,1,2,2,2,1,1,2,0,1,0,Non-binary,68,SIM-1330,synthetic_simulation,1,1,3,3,4,1,2,2,1,2,2,4,4,5,3,3,Buddhism,Kandy,Group D
29,91,2,0,0,5,54,1,1,2,1,2,1,1,3,0,2,1,Non-binary,71,SIM-1331,synthetic_simulation,5,5,1,5,1,1,5,2,5,3,4,1,5,1,5,5,Islam,Jaffna,Group D
27,78,0,2,0,7,61,2,0,1,1,2,1,0,3,0,1,1,Male,66,SIM-1332,synthetic_simulation,5,1,5,2,1,5,2,5,5,2,5,4,4,2,3,5,Other,Jaffna,Group A
19,89,2,0,1,4,66,1,1,1,1,2,1,2,1,0,2,2,Non-binary,69,SIM-1333,synthetic_simulation,4,4,5,2,1,3,4,4,5,3,5,4,5,2,3,1,Other,Jaffna,Group B
29,89,2,1,1,8,89,1,1,1,2,0,0,1,4,0,1,1,Male,71,SIM-1334,synthetic_simulation,1,1,4,4,4,3,3,1,4,2,4,2,1,1,1,4,Hinduism,Kandy,Group A
21,66,2,2,1,6,74,2,1,2,2,0,0,1,4,0,1,2,Non-binary,66,SIM-1335,synthetic_simulation,4,2,1,4,1,5,4,1,3,5,2,2,4,5,2,5,Buddhism,Colombo,Group A
18,99,2,2,0,6,67,2,1,5,1,2,1,2,3,0,2,2,Non-binary,72,SIM-1336,synthetic_simulation,1,1,4,4,5,1,4,3,2,3,2,4,5,2,4,1,Hinduism,Jaffna,Group C
16,93,2,2,1,8,58,2,1,1,0,0,1,2,4,0,0,2,Non-binary,70,SIM-1337,synthetic_simulation,2,1,5,4,2,1,2,2,1,4,1,4,4,5,3,1,Buddhism,Jaffna,Group D
18,68,1,2,0,8,91,0,1,1,1,0,0,1,3,0,2,2,Non-binary,65,SIM-1338,synthetic_simulation,1,1,2,3,2,4,3,2,5,3,2,3,2,4,4,1,Christianity,Negombo,Group C
18,67,0,2,0,6,51,2,1,0,2,0,1,2,2,0,0,2,Female,64,SIM-1339,synthetic_simulation,4,3,1,3,2,2,2,2,1,4,4,1,1,1,5,2,Christianity,Kandy,Group B
21,65,2,2,1,8,67,2,1,1,1,2,1,2,2,0,0,1,Non-binary,63,SIM-1340,synthetic_simulation,5,3,1,5,1,2,1,1,1,5,1,5,4,5,3,1,Hinduism,Kandy,Group C
21,66,2,2,0,9,62,1,0,3,2,2,0,2,2,0,1,2,Male,63,SIM-1341,synthetic_simulation,1,4,3,3,2,3,4,5,1,3,5,5,2,1,1,1,Hinduism,Galle,Group C
20,90,1,2,0,5,56,2,0,3,2,2,1,2,2,0,1,1,Female,66,SIM-1342,synthetic_simulation,1,2,2,2,1,5,3,3,3,1,4,3,2,3,4,5,Buddhism,Negombo,Group B
23,79,0,0,1,8,59,1,1,1,1,0,1,0,4,0,0,1,Male,68,SIM-1343,synthetic_simulation,3,1,2,5,5,1,4,2,1,4,3,4,1,1,5,1,Buddhism,Galle,Group C
27,91,2,0,1,5,75,1,1,1,0,0,1,1,4,0,0,2,Female,74,SIM-1344,synthetic_simulation,5,1,4,3,5,2,1,5,3,3,3,4,4,1,1,1,Hinduism,Galle,Group D
26,90,0,0,0,9,71,1,1,0,0,1,0,0,2,0,0,2,Non-binary,71,SIM-1345,synthetic_simulation,2,1,1,4,4,5,1,4,2,2,2,3,3,5,2,2,Hinduism,Colombo,Group B
11,84,0,2,1,6,76,0,1,3,1,0,1,0,3,0,1,1,Male,67,SIM-1346,synthetic_simulation,4,1,4,3,4,5,3,1,2,3,1,5,3,1,5,2,Other,Jaffna,Group C
5,87,0,1,0,6,86,2,1,2,2,0,1,2,3,0,2,2,Non-binary,66,SIM-1347,synthetic_simulation,2,3,2,1,3,1,3,4,4,4,1,2,3,3,1,1,Islam,Kandy,Group D
26,61,0,2,1,9,95,2,1,0,2,2,0,0,6,0,0,2,Female,67,SIM-1348,synthetic_simulation,5,4,3,5,5,5,1,1,1,1,5,2,2,4,4,1,Hinduism,Galle,Group D
12,72,1,0,1,8,56,0,1,3,1,2,1,2,1,1,1,1,Non-binary,62,SIM-1349,synthetic_simulation,1,5,1,3,1,2,4,3,5,1,2,4,4,2,1,5,Buddhism,Negombo,Group B
19,86,2,1,0,6,54,1,1,1,0,0,0,2,5,0,2,2,Male,68,SIM-1350,synthetic_simulation,1,2,2,3,3,4,5,4,4,2,1,1,5,4,5,5,Other,Kandy,Group A
13,60,2,2,1,7,66,2,1,2,1,2,1,2,3,0,2,2,Female,62,SIM-1351,synthetic_simulation,5,1,3,2,5,2,4,3,4,5,4,5,4,1,2,2,Christianity,Jaffna,Group D
9,61,0,2,1,6,77,1,0,1,0,2,0,1,2,0,1,2,Female,82,SIM-1352,synthetic_simulation,1,4,5,4,1,4,5,3,2,1,5,1,1,3,2,5,Christianity,Kandy,Group A
23,94,0,2,0,5,55,0,1,2,2,2,1,2,2,1,1,2,Non-binary,70,SIM-1353,synthetic_simulation,1,5,2,4,5,5,2,3,5,5,1,4,5,3,5,4,Christianity,Colombo,Group A
25,87,0,2,0,7,86,2,1,4,2,1,0,0,2,0,0,2,Non-binary,72,SIM-1354,synthetic_simulation,1,4,5,2,5,2,3,4,1,4,3,5,1,4,4,3,Other,Jaffna,Group A
17,71,1,0,1,6,78,1,1,0,2,2,1,2,4,0,0,2,Female,64,SIM-1355,synthetic_simulation,4,3,4,2,1,1,1,4,1,3,3,2,4,5,2,2,Hinduism,Jaffna,Group A
4,88,2,0,0,6,87,1,1,1,2,0,1,1,4,0,0,2,Male,66,SIM-1356,synthetic_simulation,4,5,5,1,5,5,2,4,2,5,1,2,1,2,3,2,Islam,Kandy,Group C
17,92,2,2,1,9,68,0,1,0,2,1,0,2,3,0,0,2,Male,68,SIM-1357,synthetic_simulation,3,4,2,5,5,1,4,2,3,4,3,1,2,1,3,5,Christianity,Negombo,Group C
22,72,1,2,0,6,70,1,1,1,0,2,1,1,3,0,2,0,Male,64,SIM-1358,synthetic_simulation,2,3,5,4,5,4,5,3,2,4,4,5,3,1,2,3,Hinduism,Galle,Group B
11,61,1,2,1,7,90,0,1,0,2,0,1,1,3,0,1,2,Non-binary,61,SIM-1359,synthetic_simulation,5,4,1,2,4,3,3,2,5,4,5,4,4,4,4,3,Christianity,Galle,Group C
21,97,2,2,1,9,63,2,1,0,2,2,1,2,1,0,1,1,Non-binary,69,SIM-1360,synthetic_simulation,5,4,2,2,2,3,5,1,3,2,4,3,5,3,4,1,Christianity,Galle,Group A
20,74,0,0,0,7,69,1,1,2,0,0,0,1,2,0,0,2,Female,68,SIM-1361,synthetic_simulation,5,5,3,5,5,4,4,4,5,2,3,3,5,3,4,2,Christianity,Kandy,Group A
23,64,2,2,0,6,51,2,1,1,2,2,1,2,5,0,0,2,Non-binary,64,SIM-1362,synthetic_simulation,3,3,5,2,1,3,4,5,1,5,1,3,1,5,4,1,Buddhism,Negombo,Group C
21,80,2,0,0,7,78,2,1,1,1,0,0,0,4,0,1,1,Non-binary,67,SIM-1363,synthetic_simulation,4,1,1,1,5,5,1,1,3,4,1,4,3,2,4,5,Other,Kandy,Group C
14,91,2,2,1,8,93,2,1,0,2,2,1,1,3,0,1,1,Non-binary,67,SIM-1364,synthetic_simulation,3,2,4,5,4,5,2,3,5,5,5,3,4,1,1,3,Other,Galle,Group A
27,69,2,2,0,8,51,2,1,1,0,2,1,0,2,0,1,2,Male,65,SIM-1365,synthetic_simulation,5,5,4,1,4,2,3,3,1,1,3,1,2,4,2,1,Buddhism,Galle,Group C
19,71,0,2,1,10,81,2,1,2,2,0,1,2,3,0,1,2,Female,68,SIM-1366,synthetic_simulation,2,3,5,3,5,5,1,2,5,5,3,2,1,5,5,3,Christianity,Galle,Group A
20,70,2,0,1,6,92,2,1,2,2,1,1,2,3,0,1,2,Female,67,SIM-1367,synthetic_simulation,1,4,4,4,3,3,5,4,3,3,3,3,4,2,3,1,Other,Negombo,Group D
14,100,1,2,0,7,75,1,1,1,1,2,1,2,3,0,2,1,Non-binary,67,SIM-1368,synthetic_simulation,4,3,3,2,2,1,2,4,1,4,2,2,4,1,2,1,Other,Colombo,Group D
17,68,2,0,1,5,66,2,1,1,0,2,1,0,4,0,1,2,Non-binary,64,SIM-1369,synthetic_simulation,4,2,2,5,1,2,3,1,5,5,1,1,3,2,3,3,Other,Galle,Group A
15,83,0,0,1,8,100,2,1,0,2,2,1,2,3,0,0,2,Male,70,SIM-1370,synthetic_simulation,3,2,1,1,1,1,5,1,4,2,3,5,5,1,2,5,Christianity,Galle,Group B
19,97,2,0,0,7,53,2,1,2,1,1,0,1,3,0,0,1,Male,69,SIM-1371,synthetic_simulation,4,1,5,4,1,3,3,1,3,3,5,5,3,2,2,4,Christianity,Negombo,Group A
30,66,2,0,0,7,61,1,1,0,0,0,0,2,2,0,1,0,Non-binary,66,SIM-1372,synthetic_simulation,5,1,4,4,1,1,3,5,3,5,2,4,1,2,3,4,Other,Kandy,Group B
12,99,1,2,0,6,94,2,1,2,2,2,1,1,3,0,2,1,Male,69,SIM-1373,synthetic_simulation,5,2,2,2,4,3,2,5,3,5,3,2,1,4,4,2,Islam,Jaffna,Group D
10,98,1,2,1,6,65,2,1,1,1,0,0,2,2,0,1,2,Non-binary,66,SIM-1374,synthetic_simulation,3,5,3,4,2,5,5,3,1,5,1,4,3,5,3,4,Hinduism,Jaffna,Group C
29,95,0,2,1,7,91,1,1,1,1,2,1,1,3,0,1,1,Female,73,SIM-1375,synthetic_simulation,5,5,4,2,5,2,1,3,3,2,2,3,4,3,3,3,Hinduism,Negombo,Group B
19,69,2,2,1,6,67,2,0,4,0,0,0,2,4,0,2,1,Male,66,SIM-1376,synthetic_simulation,2,4,4,3,5,4,1,3,5,5,4,4,5,2,3,2,Christianity,Colombo,Group C
16,85,2,0,1,7,91,0,1,0,2,2,1,1,2,0,2,1,Male,69,SIM-1377,synthetic_simulation,3,1,1,2,3,3,1,4,4,1,5,1,1,4,4,4,Islam,Kandy,Group C
26,90,2,1,1,7,84,1,1,1,2,2,1,2,3,0,1,1,Female,70,SIM-1378,synthetic_simulation,2,4,3,1,5,5,3,3,5,1,1,4,3,3,2,4,Islam,Galle,Group D
16,99,0,2,1,5,73,0,1,1,2,2,0,2,5,1,0,0,Female,71,SIM-1379,synthetic_simulation,1,1,3,4,2,1,4,2,5,1,4,3,1,5,5,1,Islam,Kandy,Group B
31,67,1,0,1,5,76,2,1,2,2,0,1,2,4,0,0,2,Male,70,SIM-1380,synthetic_simulation,2,2,5,4,5,5,2,1,3,5,1,3,5,5,5,1,Buddhism,Colombo,Group C
24,91,0,1,1,6,59,2,1,0,1,2,0,1,4,0,1,2,Male,69,SIM-1381,synthetic_simulation,1,5,1,4,4,1,1,4,4,3,5,1,2,2,2,4,Buddhism,Galle,Group D
17,74,2,2,0,9,56,2,1,1,2,0,0,0,3,0,1,1,Non-binary,63,SIM-1382,synthetic_simulation,1,5,5,2,5,1,2,5,4,2,3,2,2,1,3,2,Other,Negombo,Group C
33,67,0,2,1,6,86,2,1,4,2,0,1,2,3,1,1,2,Male,71,SIM-1383,synthetic_simulation,2,2,1,5,1,1,3,1,4,1,4,5,4,5,2,3,Islam,Negombo,Group A
16,77,0,0,0,7,92,1,1,2,2,2,1,0,2,0,0,2,Non-binary,67,SIM-1384,synthetic_simulation,3,4,3,2,1,1,2,3,4,1,4,1,4,4,1,4,Hinduism,Galle,Group A
24,92,2,2,1,5,86,0,1,3,2,0,1,1,2,0,1,2,Female,73,SIM-1385,synthetic_simulation,5,4,1,1,1,2,1,5,2,3,2,5,2,2,2,3,Buddhism,Galle,Group A
22,79,1,0,1,6,96,2,1,1,0,2,1,1,2,0,0,1,Female,68,SIM-1386,synthetic_simulation,5,3,1,2,1,1,1,5,4,1,3,1,5,5,1,2,Christianity,Negombo,Group C
28,82,1,2,1,5,95,2,1,0,0,1,1,1,3,0,1,2,Non-binary,69,SIM-1387,synthetic_simulation,1,1,1,4,4,2,3,5,3,2,5,1,3,2,5,5,Christianity,Colombo,Group B
29,100,0,0,1,8,89,2,1,2,2,2,0,1,3,0,1,1,Female,76,SIM-1388,synthetic_simulation,1,4,2,3,4,4,3,1,4,3,2,4,3,1,5,2,Islam,Colombo,Group B
20,76,1,2,1,5,95,2,1,4,1,0,1,2,3,0,1,2,Male,68,SIM-1389,synthetic_simulation,3,2,2,1,4,2,5,4,5,4,4,4,5,5,5,5,Other,Negombo,Group C
15,85,2,2,0,8,58,0,1,1,1,2,0,0,3,0,0,2,Female,65,SIM-1390,synthetic_simulation,4,4,3,3,5,1,3,1,2,2,1,4,3,2,3,1,Islam,Kandy,Group B
23,75,2,2,1,8,87,1,1,0,0,1,1,2,1,0,1,2,Male,66,SIM-1391,synthetic_simulation,2,5,1,1,1,4,4,2,5,2,5,1,4,4,1,3,Christianity,Colombo,Group D
16,76,2,1,0,7,88,0,1,0,1,2,1,2,2,0,2,2,Female,65,SIM-1392,synthetic_simulation,1,1,3,1,3,5,4,3,3,5,2,4,3,5,1,1,Christianity,Colombo,Group D
32,88,1,2,0,8,58,1,1,3,1,0,0,0,3,0,1,1,Female,69,SIM-1393,synthetic_simulation,5,3,2,4,3,2,1,4,3,4,3,1,3,1,1,3,Other,Colombo,Group C
21,98,0,2,1,10,95,2,1,0,2,2,1,1,1,0,1,2,Male,71,SIM-1394,synthetic_simulation,3,1,1,2,1,5,3,4,4,4,1,4,4,3,2,2,Buddhism,Jaffna,Group A
18,82,0,1,1,8,50,2,1,1,0,2,1,2,3,0,1,1,Male,66,SIM-1395,synthetic_simulation,2,5,5,4,2,4,4,3,3,3,2,5,1,3,3,4,Other,Jaffna,Group C
21,91,2,0,0,5,72,2,1,3,1,2,1,0,3,1,1,2,Non-binary,69,SIM-1396,synthetic_simulation,3,5,2,4,5,2,4,2,2,1,5,2,2,2,5,4,Hinduism,Galle,Group D
12,64,2,2,0,9,51,1,0,2,1,2,1,1,4,0,0,2,Non-binary,59,SIM-1397,synthetic_simulation,2,5,2,4,3,1,5,5,5,4,1,4,3,5,2,5,Christianity,Colombo,Group B
14,68,2,0,0,7,76,2,1,2,0,2,1,2,3,0,1,2,Male,65,SIM-1398,synthetic_simulation,2,5,2,3,4,2,3,3,3,3,2,3,2,5,3,4,Hinduism,Jaffna,Group B
27,80,0,0,0,10,71,0,1,4,1,1,1,1,2,0,0,2,Male,72,SIM-1399,synthetic_simulation,1,2,1,1,2,1,5,5,3,4,2,2,2,1,5,3,Christianity,Colombo,Group A
16,61,2,1,1,6,81,2,1,0,2,2,1,0,2,0,0,2,Non-binary,60,SIM-1400,synthetic_simulation,3,3,4,5,4,3,2,3,2,2,5,3,5,3,1,4,Christianity,Colombo,Group D
14,70,2,2,1,9,88,1,1,0,0,2,0,2,4,0,0,1,Male,64,SIM-1401,synthetic_simulation,3,5,5,2,2,2,5,1,1,4,3,2,5,4,1,1,Islam,Galle,Group B
23,81,2,2,0,7,88,1,1,1,1,2,1,2,4,0,2,2,Female,69,SIM-1402,synthetic_simulation,5,5,5,4,2,2,2,2,1,1,1,4,5,3,1,4,Christianity,Negombo,Group C
27,61,0,0,1,10,86,2,1,3,2,0,0,2,3,0,1,2,Female,70,SIM-1403,synthetic_simulation,5,4,3,1,5,5,2,2,2,3,2,5,1,5,4,1,Christianity,Negombo,Group D
24,71,2,0,1,7,55,1,1,2,0,2,1,2,3,0,0,0,Non-binary,67,SIM-1404,synthetic_simulation,1,3,1,2,4,5,3,3,3,1,5,4,1,4,1,5,Christianity,Colombo,Group B
26,81,2,2,0,10,71,1,1,0,2,2,0,2,5,1,1,2,Female,67,SIM-1405,synthetic_simulation,1,1,2,5,4,4,2,2,2,5,2,1,2,4,5,5,Christianity,Galle,Group A
15,83,2,1,1,8,91,2,1,0,1,2,0,1,3,0,0,0,Female,64,SIM-1406,synthetic_simulation,4,3,4,5,3,1,2,5,2,1,5,3,2,1,2,2,Islam,Jaffna,Group C
11,97,2,2,1,8,83,1,1,4,2,0,0,0,2,0,1,0,Non-binary,68,SIM-1407,synthetic_simulation,5,3,1,4,1,5,5,2,1,1,5,2,2,2,2,2,Islam,Kandy,Group C
29,86,2,0,0,10,84,1,1,1,1,0,0,2,4,0,1,2,Female,72,SIM-1408,synthetic_simulation,2,3,1,5,1,4,3,2,4,3,2,5,2,2,4,2,Hinduism,Galle,Group C
18,77,2,0,1,6,61,2,1,1,1,2,0,1,3,0,1,2,Non-binary,65,SIM-1409,synthetic_simulation,3,5,4,5,3,1,3,2,3,2,5,3,4,1,4,1,Hinduism,Colombo,Group A
18,97,2,0,0,8,66,1,1,2,2,2,1,1,2,0,0,1,Female,70,SIM-1410,synthetic_simulation,1,5,2,2,2,1,2,4,5,4,1,5,2,5,5,2,Hinduism,Negombo,Group B
28,91,0,2,0,7,98,1,1,2,1,2,0,2,5,0,2,2,Male,75,SIM-1411,synthetic_simulation,3,2,1,2,3,1,5,3,2,4,5,3,5,5,3,5,Other,Jaffna,Group B
23,68,1,1,1,7,92,2,0,3,1,0,0,1,4,0,1,2,Female,65,SIM-1412,synthetic_simulation,3,1,5,4,3,3,5,1,1,3,3,4,2,2,4,4,Islam,Galle,Group A
23,65,2,0,1,7,58,1,1,1,1,2,1,1,3,1,0,1,Non-binary,63,SIM-1413,synthetic_simulation,4,4,5,1,4,1,5,1,4,3,3,1,5,3,4,1,Islam,Negombo,Group C
33,87,2,0,0,8,77,1,1,0,1,2,0,2,3,1,1,2,Female,71,SIM-1414,synthetic_simulation,5,3,4,4,3,4,5,4,3,2,5,3,5,1,5,2,Buddhism,Galle,Group D
16,82,2,1,1,8,75,2,1,2,2,2,1,2,2,0,0,2,Non-binary,66,SIM-1415,synthetic_simulation,1,1,2,3,2,1,1,4,2,2,1,5,2,3,2,2,Buddhism,Kandy,Group D
26,92,2,1,1,6,72,2,1,1,1,2,0,1,3,0,1,1,Non-binary,69,SIM-1416,synthetic_simulation,3,1,4,5,1,1,2,1,1,5,4,4,2,1,5,5,Buddhism,Galle,Group A
20,90,0,2,0,7,74,1,0,0,0,1,0,2,3,0,2,1,Non-binary,68,SIM-1417,synthetic_simulation,1,2,1,1,5,4,2,5,2,4,4,2,3,1,1,4,Hinduism,Kandy,Group D
22,85,2,0,0,4,82,2,1,1,2,0,1,2,2,0,2,2,Female,71,SIM-1418,synthetic_simulation,2,4,5,2,3,2,2,1,5,4,1,2,5,2,3,3,Christianity,Jaffna,Group D
29,99,0,2,1,8,98,0,0,5,1,1,1,1,2,0,2,2,Male,77,SIM-1419,synthetic_simulation,4,3,3,3,3,1,3,1,3,5,3,4,2,2,4,4,Other,Colombo,Group B
23,81,0,1,1,10,94,0,1,1,2,0,1,1,2,0,0,2,Female,70,SIM-1420,synthetic_simulation,2,4,4,3,4,4,3,3,3,3,5,2,2,3,3,2,Islam,Colombo,Group A
23,65,2,2,0,7,94,2,1,1,0,2,1,0,3,0,0,2,Male,66,SIM-1421,synthetic_simulation,1,2,3,5,4,5,5,1,3,4,2,5,3,5,5,2,Hinduism,Kandy,Group A
26,93,0,2,0,5,85,1,1,1,0,0,1,2,3,0,0,1,Non-binary,73,SIM-1422,synthetic_simulation,1,5,3,2,3,4,3,1,3,1,5,1,4,4,2,4,Other,Jaffna,Group B
18,70,2,2,1,8,51,2,1,1,1,2,0,0,3,0,0,1,Male,62,SIM-1423,synthetic_simulation,5,1,5,1,3,3,4,2,1,3,5,4,5,3,3,4,Islam,Galle,Group B
15,91,2,2,0,6,72,1,1,0,2,2,1,1,2,0,1,1,Non-binary,65,SIM-1424,synthetic_simulation,3,3,4,2,2,5,2,4,5,3,4,1,5,1,4,5,Other,Galle,Group C
14,98,0,0,1,7,76,2,1,0,1,2,1,1,2,0,2,2,Non-binary,71,SIM-1425,synthetic_simulation,3,5,3,5,1,2,2,1,2,2,5,1,3,4,1,3,Other,Jaffna,Group A
8,88,2,2,1,8,92,0,1,1,1,2,1,0,4,0,0,2,Non-binary,66,SIM-1426,synthetic_simulation,2,2,1,3,1,2,1,1,1,5,4,4,4,4,3,1,Islam,Kandy,Group D
32,84,1,2,1,8,96,2,1,1,1,2,1,2,3,0,1,2,Female,72,SIM-1427,synthetic_simulation,4,4,2,5,5,4,1,5,4,3,2,3,1,4,5,1,Other,Kandy,Group D
13,78,2,2,1,9,73,2,1,0,2,0,0,0,4,0,1,2,Female,64,SIM-1428,synthetic_simulation,3,1,2,4,1,4,4,1,3,2,5,5,3,4,5,3,Buddhism,Colombo,Group C
19,75,2,2,0,7,65,1,1,0,1,1,0,1,4,0,1,2,Female,63,SIM-1429,synthetic_simulation,5,3,5,3,5,1,1,3,3,1,1,4,2,4,3,5,Buddhism,Colombo,Group D
18,74,1,2,1,7,67,1,1,0,1,2,1,2,3,0,1,2,Male,63,SIM-1430,synthetic_simulation,2,5,4,5,4,1,5,5,2,1,5,5,2,3,5,4,Other,Jaffna,Group C
22,85,0,2,0,8,79,0,1,5,2,0,1,1,2,0,1,2,Female,72,SIM-1431,synthetic_simulation,2,5,4,1,5,3,5,1,3,4,1,1,2,2,3,2,Hinduism,Galle,Group D
25,90,2,2,1,7,64,2,1,2,2,0,1,2,2,0,1,1,Non-binary,71,SIM-1432,synthetic_simulation,5,1,2,1,5,1,2,3,3,5,4,1,1,2,3,3,Christianity,Negombo,Group B
25,87,0,0,1,6,96,1,0,3,2,2,1,2,2,0,1,1,Non-binary,72,SIM-1433,synthetic_simulation,4,4,1,1,1,4,5,4,2,5,5,3,2,1,2,5,Islam,Kandy,Group B
17,68,2,0,1,8,71,2,1,1,2,0,0,1,2,0,1,2,Female,65,SIM-1434,synthetic_simulation,5,2,2,4,3,4,1,1,5,2,4,1,1,5,5,3,Hinduism,Jaffna,Group A
19,80,2,2,1,5,100,2,1,0,2,2,1,1,3,0,1,2,Male,67,SIM-1435,synthetic_simulation,4,4,2,2,4,1,4,4,1,4,1,4,3,3,2,2,Christianity,Negombo,Group D
22,92,1,0,1,7,55,1,1,1,1,2,1,2,4,0,1,1,Male,68,SIM-1436,synthetic_simulation,5,4,4,1,2,3,5,1,5,5,4,5,1,4,5,1,Islam,Jaffna,Group C
19,79,2,0,1,5,59,2,1,2,1,2,0,1,2,0,2,0,Female,66,SIM-1437,synthetic_simulation,5,4,3,4,5,4,2,5,2,4,3,3,2,2,2,4,Christianity,Galle,Group A
30,81,2,0,0,6,76,2,1,0,0,2,1,2,3,0,2,2,Non-binary,72,SIM-1438,synthetic_simulation,1,1,1,1,5,3,2,5,3,2,1,4,5,1,1,5,Islam,Negombo,Group B
23,91,0,2,0,6,93,2,1,3,1,1,1,1,3,0,1,1,Non-binary,71,SIM-1439,synthetic_simulation,2,1,4,4,5,4,1,3,3,4,4,5,2,4,5,1,Buddhism,Kandy,Group A
24,86,2,0,0,6,68,1,1,3,1,0,1,2,3,1,0,1,Female,70,SIM-1440,synthetic_simulation,5,2,2,1,3,3,5,2,5,3,5,5,1,1,2,2,Hinduism,Jaffna,Group C
24,76,2,2,0,9,92,2,1,1,2,1,1,1,3,0,2,2,Non-binary,68,SIM-1441,synthetic_simulation,5,4,3,2,2,3,1,3,4,3,4,2,1,4,1,3,Christianity,Jaffna,Group D
27,96,2,0,0,9,71,1,1,0,1,2,0,2,4,0,0,2,Non-binary,72,SIM-1442,synthetic_simulation,3,1,1,5,1,3,2,1,1,3,2,2,4,4,1,5,Buddhism,Colombo,Group B
21,67,1,2,1,9,93,0,1,1,1,0,1,1,3,0,0,2,Female,66,SIM-1443,synthetic_simulation,2,2,5,1,4,1,4,4,3,3,1,4,4,2,1,5,Hinduism,Galle,Group A
12,100,2,2,0,7,64,2,1,1,2,0,1,2,6,0,1,2,Male,69,SIM-1444,synthetic_simulation,3,2,1,5,3,2,5,4,2,1,4,3,4,2,2,1,Other,Jaffna,Group A
22,65,1,2,1,6,74,0,1,2,2,2,1,2,1,0,0,2,Male,65,SIM-1445,synthetic_simulation,2,4,1,1,2,3,4,1,5,1,3,5,2,4,1,1,Hinduism,Kandy,Group B
16,61,0,0,0,8,64,2,1,1,1,0,1,2,3,0,1,0,Male,62,SIM-1446,synthetic_simulation,3,3,2,2,4,3,5,2,1,5,2,5,1,2,4,2,Hinduism,Negombo,Group C
17,96,0,0,0,7,61,1,1,1,1,0,1,2,1,0,0,1,Female,69,SIM-1447,synthetic_simulation,5,4,2,5,1,4,2,2,4,1,1,4,4,3,5,1,Buddhism,Colombo,Group B
24,70,2,2,1,7,71,2,1,1,2,1,1,0,4,0,1,2,Female,65,SIM-1448,synthetic_simulation,5,3,5,4,4,2,5,2,3,4,2,3,5,4,4,5,Buddhism,Negombo,Group B
27,89,2,1,0,4,67,2,1,2,1,1,0,1,4,0,0,2,Non-binary,69,SIM-1449,synthetic_simulation,1,2,5,1,5,4,2,1,5,4,5,1,3,2,4,4,Christianity,Negombo,Group B
20,92,1,0,1,8,89,2,1,1,1,2,1,1,3,0,1,1,Male,69,SIM-1450,synthetic_simulation,3,1,5,1,5,4,3,5,3,1,3,3,3,1,5,2,Christianity,Colombo,Group C
22,94,0,2,1,8,87,2,1,2,1,2,0,1,5,0,0,2,Non-binary,73,SIM-1451,synthetic_simulation,4,5,4,4,3,3,2,5,5,4,5,1,4,1,4,2,Other,Jaffna,Group B
30,100,0,2,1,7,68,1,1,2,2,2,0,1,2,0,2,2,Non-binary,75,SIM-1452,synthetic_simulation,1,2,4,2,4,5,2,1,4,5,4,5,4,1,1,4,Buddhism,Galle,Group C
21,72,0,0,1,8,100,2,1,3,1,0,0,2,3,0,0,0,Female,70,SIM-1453,synthetic_simulation,3,1,2,3,5,2,5,5,2,2,2,2,4,5,3,2,Buddhism,Galle,Group B
36,88,2,0,0,8,99,0,1,0,1,2,0,0,3,0,0,2,Female,74,SIM-1454,synthetic_simulation,3,2,2,1,3,4,4,2,2,1,5,2,3,1,4,2,Hinduism,Negombo,Group D
23,65,2,2,1,6,96,2,1,0,1,1,1,2,3,0,1,2,Non-binary,65,SIM-1455,synthetic_simulation,1,4,5,4,3,5,2,5,1,3,4,4,4,1,5,1,Hinduism,Negombo,Group D
9,76,2,2,0,7,79,2,1,1,2,2,1,0,3,0,0,2,Male,63,SIM-1456,synthetic_simulation,5,3,4,3,3,5,5,1,3,4,3,3,5,3,2,2,Other,Galle,Group D
25,94,0,0,0,5,71,1,1,4,2,0,1,0,4,0,0,2,Female,74,SIM-1457,synthetic_simulation,3,2,3,1,1,4,2,5,3,4,5,3,5,3,2,5,Hinduism,Kandy,Group A
22,75,0,0,1,9,66,1,1,0,1,2,0,1,2,0,2,2,Male,67,SIM-1458,synthetic_simulation,5,1,4,5,5,3,1,5,3,2,2,1,5,5,1,1,Hinduism,Kandy,Group D
28,84,2,2,1,8,51,2,0,3,2,2,1,2,4,0,2,2,Female,71,SIM-1459,synthetic_simulation,1,4,2,4,5,1,1,5,2,5,5,4,5,3,4,3,Christianity,Negombo,Group D
24,80,0,1,1,6,82,2,1,1,1,0,1,1,3,0,0,1,Non-binary,68,SIM-1460,synthetic_simulation,5,5,4,5,2,4,1,5,1,4,3,3,1,2,3,5,Other,Galle,Group C
19,86,0,2,0,8,78,2,1,2,2,2,1,0,4,0,0,2,Non-binary,69,SIM-1461,synthetic_simulation,2,4,2,2,1,3,1,1,2,3,4,4,4,1,2,3,Christianity,Colombo,Group D
13,99,2,0,0,7,81,2,1,0,2,2,1,2,4,0,2,2,Non-binary,71,SIM-1462,synthetic_simulation,4,3,5,3,5,2,4,3,5,2,5,1,2,2,3,1,Other,Jaffna,Group B
19,62,0,2,1,6,79,1,1,7,2,2,1,1,2,0,1,2,Non-binary,66,SIM-1463,synthetic_simulation,3,4,5,4,5,3,2,5,3,4,5,5,1,5,1,5,Christianity,Colombo,Group C
15,83,2,2,1,7,57,1,1,0,2,2,0,2,3,0,2,2,Non-binary,65,SIM-1464,synthetic_simulation,4,5,5,1,2,5,1,3,5,3,1,4,2,2,5,1,Christianity,Kandy,Group D
17,95,2,1,1,8,85,1,0,1,1,0,0,0,2,0,0,1,Non-binary,66,SIM-1465,synthetic_simulation,5,1,3,1,4,2,5,1,4,4,4,2,2,2,5,3,Other,Kandy,Group D
24,79,1,1,1,8,68,0,1,2,1,2,0,0,2,0,1,2,Male,65,SIM-1466,synthetic_simulation,3,2,3,3,4,2,1,4,5,3,1,5,1,2,1,4,Hinduism,Kandy,Group C
30,63,2,2,0,10,76,2,1,1,2,2,1,1,4,0,2,1,Male,67,SIM-1467,synthetic_simulation,5,3,2,5,1,1,3,3,5,2,1,3,4,3,3,2,Islam,Negombo,Group A
22,82,0,2,0,7,68,0,1,2,1,2,0,1,4,0,2,2,Non-binary,70,SIM-1468,synthetic_simulation,2,5,1,5,3,1,3,1,5,5,3,1,1,1,3,4,Buddhism,Negombo,Group A
13,73,2,2,1,7,51,2,1,1,1,2,1,2,4,0,2,2,Female,63,SIM-1469,synthetic_simulation,1,3,3,4,2,4,4,4,2,1,3,1,3,2,3,4,Other,Colombo,Group C
23,66,1,1,0,8,94,1,1,1,2,0,0,1,3,0,2,1,Female,64,SIM-1470,synthetic_simulation,3,4,2,4,2,3,3,5,5,1,2,2,5,4,1,1,Islam,Colombo,Group A
27,94,2,2,1,7,57,2,1,1,2,2,0,1,1,0,1,2,Female,71,SIM-1471,synthetic_simulation,2,3,4,5,5,4,5,1,3,5,4,4,1,1,2,1,Christianity,Colombo,Group D
16,81,2,0,1,6,79,2,1,2,1,0,1,2,3,0,0,1,Non-binary,68,SIM-1472,synthetic_simulation,2,5,5,4,5,1,1,2,1,4,4,2,1,1,2,2,Hinduism,Kandy,Group A
19,97,2,1,0,6,94,2,1,2,0,2,1,1,4,0,2,2,Non-binary,72,SIM-1473,synthetic_simulation,3,2,5,5,2,5,3,4,4,2,3,4,3,4,4,4,Christianity,Jaffna,Group C
20,92,2,0,1,4,61,2,1,2,0,2,1,1,4,0,0,2,Female,71,SIM-1474,synthetic_simulation,5,2,5,3,3,1,3,2,3,3,3,2,5,5,5,5,Other,Jaffna,Group A
15,88,1,1,1,8,71,2,0,1,1,1,0,2,2,0,2,1,Male,64,SIM-1475,synthetic_simulation,2,3,2,4,4,3,4,5,1,2,1,2,2,5,5,1,Islam,Galle,Group C
24,60,0,1,1,5,69,2,1,1,2,0,1,1,5,0,1,1,Male,64,SIM-1476,synthetic_simulation,4,1,5,5,1,5,3,5,3,5,3,1,3,1,4,4,Christianity,Galle,Group B
19,77,0,2,1,6,54,1,1,3,0,2,0,0,2,0,0,1,Male,66,SIM-1477,synthetic_simulation,2,3,3,4,4,4,1,3,5,4,5,4,4,3,3,3,Hinduism,Kandy,Group C
23,68,2,0,1,7,71,0,1,3,2,2,1,2,3,0,1,1,Female,68,SIM-1478,synthetic_simulation,5,4,4,1,1,4,2,5,4,4,4,2,1,5,1,1,Other,Galle,Group B
15,96,0,2,0,7,74,2,1,2,1,1,0,2,2,0,1,0,Non-binary,68,SIM-1479,synthetic_simulation,5,2,5,1,3,1,1,3,3,5,2,3,1,5,5,2,Other,Jaffna,Group B
17,67,0,2,1,10,51,2,1,3,1,2,1,2,5,0,1,2,Female,65,SIM-1480,synthetic_simulation,4,2,2,2,2,1,3,4,4,2,1,1,3,2,3,4,Christianity,Negombo,Group B
24,71,2,2,1,5,74,2,1,1,2,2,0,2,3,0,1,2,Male,67,SIM-1481,synthetic_simulation,2,2,4,5,3,4,3,2,2,1,5,1,1,2,2,1,Hinduism,Kandy,Group D
18,81,2,1,1,10,55,1,1,3,1,2,1,0,2,0,1,2,Male,64,SIM-1482,synthetic_simulation,5,1,5,2,2,4,3,4,2,2,3,1,5,5,3,2,Other,Negombo,Group A
30,71,0,2,1,9,95,0,0,1,2,2,1,1,4,0,0,2,Male,70,SIM-1483,synthetic_simulation,3,1,1,5,5,2,4,2,5,4,2,1,5,3,4,2,Other,Galle,Group D
18,68,2,0,1,8,83,1,1,1,1,2,1,2,2,0,0,2,Non-binary,65,SIM-1484,synthetic_simulation,1,5,5,4,1,3,5,1,5,4,3,2,3,2,1,3,Christianity,Negombo,Group C
21,84,2,1,0,9,53,1,1,2,2,0,1,0,3,0,1,1,Non-binary,65,SIM-1485,synthetic_simulation,1,3,3,5,5,2,1,4,2,5,5,2,3,3,5,2,Islam,Colombo,Group C
26,64,0,2,0,8,91,0,1,1,2,2,1,2,4,0,1,2,Female,68,SIM-1486,synthetic_simulation,1,3,4,1,2,2,3,1,3,2,2,1,3,1,4,1,Buddhism,Kandy,Group A
11,62,2,0,1,4,68,2,1,2,0,2,1,0,3,0,1,1,Non-binary,61,SIM-1487,synthetic_simulation,2,4,3,4,1,4,2,2,1,1,3,2,4,3,2,1,Hinduism,Kandy,Group D
9,75,0,1,0,8,61,0,1,3,2,2,1,1,3,0,1,2,Non-binary,63,SIM-1488,synthetic_simulation,4,2,1,1,1,3,4,3,1,2,5,2,1,2,2,5,Other,Galle,Group C
11,89,2,2,1,5,63,2,1,0,2,2,1,1,2,0,0,2,Male,65,SIM-1489,synthetic_simulation,5,1,1,4,5,4,5,4,2,4,5,4,2,4,1,4,Other,Jaffna,Group D
28,82,2,2,1,6,80,2,1,1,1,2,0,1,5,0,1,0,Female,69,SIM-1490,synthetic_simulation,3,4,3,5,1,2,3,4,1,2,2,3,2,3,5,4,Other,Negombo,Group C
17,77,2,2,0,7,54,1,1,1,1,0,1,2,2,0,0,2,Male,64,SIM-1491,synthetic_simulation,3,4,4,5,2,2,1,3,3,4,5,4,2,5,2,3,Islam,Negombo,Group C
35,83,2,1,0,6,53,2,1,1,1,2,0,1,2,0,1,2,Non-binary,69,SIM-1492,synthetic_simulation,2,1,1,1,2,4,2,3,1,4,3,5,3,3,4,4,Buddhism,Negombo,Group D
17,75,0,2,1,8,81,1,1,3,0,2,1,1,3,1,2,2,Female,67,SIM-1493,synthetic_simulation,1,3,1,3,5,1,4,5,1,3,2,4,4,3,2,2,Christianity,Negombo,Group A
21,97,2,0,1,7,99,0,1,1,2,0,1,1,1,0,2,1,Non-binary,74,SIM-1494,synthetic_simulation,2,2,5,5,3,1,1,5,2,1,1,3,4,3,5,1,Hinduism,Galle,Group C
29,62,0,2,1,8,74,2,1,1,1,2,0,0,3,1,0,2,Non-binary,66,SIM-1495,synthetic_simulation,4,3,2,3,2,4,1,2,4,5,5,3,2,5,3,2,Islam,Negombo,Group A
32,87,2,0,1,7,71,2,1,0,0,1,1,1,4,1,0,2,Female,72,SIM-1496,synthetic_simulation,4,4,1,4,2,5,4,4,4,1,3,4,2,3,2,4,Other,Colombo,Group D
32,96,2,1,1,7,97,1,1,1,1,2,1,1,5,0,0,1,Female,73,SIM-1497,synthetic_simulation,5,2,4,3,1,5,1,3,3,2,2,4,4,4,2,5,Buddhism,Negombo,Group B
27,92,0,2,0,6,62,0,1,0,2,0,1,2,4,0,0,2,Male,73,SIM-1498,synthetic_simulation,5,5,4,1,1,1,2,3,4,3,1,5,3,5,2,4,Buddhism,Colombo,Group D
26,67,1,2,1,5,62,0,1,0,2,2,1,0,2,0,1,1,Female,63,SIM-1499,synthetic_simulation,4,4,5,2,2,3,2,1,5,4,1,1,3,4,3,3,Buddhism,Negombo,Group D
24,72,0,2,1,7,95,2,1,3,1,2,1,0,2,0,2,2,Male,69,SIM-1500,synthetic_simulation,4,3,4,2,5,2,1,5,2,1,4,3,2,4,5,1,Christianity,Jaffna,Group A
25,89,1,1,1,6,82,0,1,2,1,2,1,1,6,0,2,2,Male,71,SIM-1501,synthetic_simulation,4,3,5,1,3,3,3,1,4,4,4,1,5,4,4,2,Hinduism,Negombo,Group C
17,63,0,2,0,9,53,0,1,1,1,0,1,1,4,0,0,1,Female,63,SIM-1502,synthetic_simulation,2,3,1,2,1,1,1,3,1,4,2,5,3,5,5,4,Other,Kandy,Group A
15,92,2,0,1,5,84,2,1,0,0,1,1,2,5,0,1,1,Male,69,SIM-1503,synthetic_simulation,4,1,1,1,1,4,3,4,4,3,5,2,5,2,1,1,Islam,Negombo,Group B
20,89,0,0,1,10,91,1,1,3,2,2,0,1,3,0,0,1,Non-binary,72,SIM-1504,synthetic_simulation,3,4,1,5,3,5,1,4,2,1,3,2,1,5,4,2,Islam,Jaffna,Group C
19,89,0,1,1,7,64,2,1,2,1,2,1,2,4,1,2,1,Female,68,SIM-1505,synthetic_simulation,1,2,1,3,1,1,5,1,1,3,5,1,3,3,3,4,Islam,Negombo,Group C
17,64,1,0,0,7,69,2,1,1,2,2,1,0,3,0,1,2,Non-binary,62,SIM-1506,synthetic_simulation,4,3,2,2,5,3,2,5,1,4,3,4,5,4,1,4,Islam,Jaffna,Group B
24,89,1,0,1,6,60,2,1,1,1,2,0,1,2,0,1,2,Non-binary,68,SIM-1507,synthetic_simulation,1,3,2,5,1,3,1,2,2,1,3,3,1,3,2,4,Other,Colombo,Group A
26,87,2,2,1,8,82,0,1,1,1,2,1,0,2,0,2,2,Male,71,SIM-1508,synthetic_simulation,2,1,1,2,1,1,2,4,3,4,4,1,1,4,2,3,Hinduism,Galle,Group B
21,93,2,1,1,7,83,1,0,1,0,0,1,1,3,1,1,1,Non-binary,67,SIM-1509,synthetic_simulation,1,2,4,4,2,2,4,2,3,4,4,4,2,4,5,3,Other,Galle,Group C
29,62,1,0,1,7,53,0,1,0,1,2,0,2,3,0,0,1,Male,65,SIM-1510,synthetic_simulation,2,4,5,1,5,3,5,5,2,1,5,5,5,3,3,2,Islam,Colombo,Group B
13,61,1,2,1,8,84,0,0,1,2,0,1,1,3,1,2,0,Non-binary,60,SIM-1511,synthetic_simulation,3,5,3,1,5,2,3,1,2,5,2,4,2,1,3,2,Hinduism,Negombo,Group C
19,75,2,0,1,8,83,0,1,2,0,2,1,1,2,0,1,2,Male,68,SIM-1512,synthetic_simulation,2,1,5,5,2,2,4,5,2,3,3,5,1,4,2,1,Christianity,Kandy,Group C
16,66,1,2,1,9,52,2,1,1,2,1,1,0,3,1,1,2,Non-binary,59,SIM-1513,synthetic_simulation,2,4,3,4,4,4,5,3,1,2,4,1,3,1,2,5,Hinduism,Kandy,Group B
9,82,0,2,0,8,78,2,1,0,0,2,1,1,0,0,1,1,Male,64,SIM-1514,synthetic_simulation,5,5,3,3,3,1,4,5,1,4,2,2,3,5,3,1,Christianity,Jaffna,Group B
20,97,0,2,1,6,81,0,1,2,1,1,1,1,3,0,1,1,Male,71,SIM-1515,synthetic_simulation,4,3,1,4,5,1,2,1,2,3,4,3,3,4,3,5,Other,Negombo,Group D
19,76,0,0,0,4,72,1,1,2,0,2,1,1,2,0,0,1,Female,68,SIM-1516,synthetic_simulation,4,3,3,4,4,2,5,1,1,3,3,1,5,4,5,4,Christianity,Jaffna,Group B
29,94,1,2,1,7,95,2,0,2,1,2,1,1,3,1,0,1,Male,70,SIM-1517,synthetic_simulation,3,2,1,3,3,4,4,5,5,1,1,2,4,5,2,4,Christianity,Negombo,Group A
24,60,1,1,0,7,66,2,1,1,2,0,1,1,4,0,0,2,Male,62,SIM-1518,synthetic_simulation,3,5,2,3,5,3,3,1,2,1,4,5,2,3,3,1,Hinduism,Negombo,Group C
14,67,2,2,0,10,53,2,1,2,0,2,1,1,3,0,0,2,Female,62,SIM-1519,synthetic_simulation,4,3,4,4,1,3,5,3,1,1,2,3,4,3,1,3,Other,Negombo,Group D
31,61,0,2,0,7,84,2,1,2,2,2,0,1,3,0,1,2,Female,68,SIM-1520,synthetic_simulation,5,3,3,2,5,1,5,2,3,3,5,4,4,1,1,3,Hinduism,Kandy,Group D
27,73,2,2,0,8,80,1,1,3,2,2,0,0,3,0,1,2,Male,68,SIM-1521,synthetic_simulation,4,2,4,2,3,2,4,5,2,1,5,1,1,5,1,2,Buddhism,Jaffna,Group D
23,96,2,2,1,8,99,0,1,3,1,1,1,2,4,0,1,2,Male,74,SIM-1522,synthetic_simulation,5,4,1,4,4,4,1,1,2,2,3,4,2,4,4,2,Christianity,Colombo,Group C
19,64,1,2,0,8,62,2,1,0,0,2,1,2,4,1,0,2,Non-binary,61,SIM-1523,synthetic_simulation,3,3,3,2,1,4,3,2,2,3,1,3,1,1,1,1,Hinduism,Colombo,Group C
14,84,2,2,1,8,70,2,1,1,1,0,1,1,5,0,0,2,Non-binary,67,SIM-1524,synthetic_simulation,1,1,5,3,3,3,3,3,4,1,4,1,4,3,3,3,Other,Galle,Group B
18,78,2,1,0,6,73,2,1,1,0,0,1,2,2,0,1,1,Female,65,SIM-1525,synthetic_simulation,3,1,2,3,3,3,4,5,2,4,4,1,1,4,4,4,Hinduism,Kandy,Group C
27,98,1,2,1,6,93,1,0,5,0,0,1,2,3,0,1,1,Male,101,SIM-1526,synthetic_simulation,3,4,2,2,5,5,2,1,3,3,1,4,1,3,2,4,Buddhism,Colombo,Group B
31,65,2,1,1,7,71,2,1,1,1,2,1,1,4,0,1,1,Non-binary,65,SIM-1527,synthetic_simulation,2,5,3,3,2,5,2,2,1,5,3,4,5,1,3,3,Christianity,Colombo,Group B
29,68,2,2,0,4,89,2,1,0,2,2,0,1,4,1,0,2,Non-binary,67,SIM-1528,synthetic_simulation,2,2,2,1,2,2,1,3,2,5,3,2,2,3,1,1,Buddhism,Jaffna,Group A
17,61,2,0,1,7,58,1,1,2,1,2,1,2,3,1,1,2,Male,61,SIM-1529,synthetic_simulation,2,1,5,3,1,5,1,4,5,3,2,4,2,3,2,2,Buddhism,Galle,Group C
13,77,2,2,0,6,70,2,1,3,2,0,1,1,4,1,1,2,Female,64,SIM-1530,synthetic_simulation,2,1,4,4,3,4,4,1,1,3,2,5,4,5,1,1,Christianity,Jaffna,Group A
21,71,0,1,0,7,58,0,1,1,2,0,1,2,3,1,0,0,Female,64,SIM-1531,synthetic_simulation,5,4,5,5,4,5,2,3,3,5,2,2,3,1,5,3,Buddhism,Kandy,Group D
9,95,2,2,1,7,97,2,1,1,1,1,1,1,2,0,0,2,Non-binary,67,SIM-1532,synthetic_simulation,4,5,2,2,1,1,3,2,4,4,3,4,1,4,4,1,Christianity,Jaffna,Group B
22,84,2,2,1,5,59,2,1,0,0,0,0,2,3,0,0,2,Female,69,SIM-1533,synthetic_simulation,1,5,4,2,1,1,2,5,3,4,4,1,2,3,2,3,Christianity,Negombo,Group C
19,85,0,2,1,9,71,1,1,1,2,0,1,2,2,0,2,1,Non-binary,69,SIM-1534,synthetic_simulation,3,4,5,3,5,3,4,2,4,4,5,4,3,3,1,1,Islam,Jaffna,Group C
17,81,0,2,0,7,54,2,1,4,1,2,1,2,3,0,1,2,Non-binary,67,SIM-1535,synthetic_simulation,5,1,1,3,4,3,2,5,1,2,3,3,2,2,5,5,Other,Kandy,Group C
10,64,2,0,0,8,96,2,1,1,2,2,1,1,3,0,1,1,Female,62,SIM-1536,synthetic_simulation,1,2,1,5,3,2,5,3,4,2,1,2,4,1,4,4,Hinduism,Galle,Group C
23,78,1,0,0,7,81,2,1,0,1,2,0,1,1,0,1,2,Male,66,SIM-1537,synthetic_simulation,5,1,4,5,3,1,4,3,1,4,5,1,1,1,1,5,Hinduism,Jaffna,Group B
17,100,0,2,0,8,98,1,1,0,2,0,1,2,4,0,0,2,Non-binary,72,SIM-1538,synthetic_simulation,5,5,4,4,3,2,5,2,3,5,3,4,5,4,3,3,Other,Colombo,Group C
13,93,2,2,1,5,52,1,1,2,2,2,1,2,3,0,0,2,Non-binary,67,SIM-1539,synthetic_simulation,3,1,4,1,1,2,4,2,3,2,3,3,4,5,5,4,Buddhism,Kandy,Group C
3,96,0,0,1,9,59,2,1,2,1,2,1,0,3,0,0,1,Male,66,SIM-1540,synthetic_simulation,4,2,1,4,5,5,3,5,4,1,2,2,4,4,2,5,Other,Colombo,Group C
20,93,1,1,1,8,69,2,1,2,1,2,1,1,4,0,1,1,Non-binary,67,SIM-1541,synthetic_simulation,2,3,5,2,1,3,4,1,5,2,4,2,4,1,1,1,Christianity,Jaffna,Group A
31,64,0,1,1,7,81,1,1,1,2,2,1,2,4,0,1,2,Male,67,SIM-1542,synthetic_simulation,4,1,4,3,2,2,4,2,3,5,4,2,3,3,2,1,Christianity,Galle,Group C
30,69,2,2,1,7,66,2,1,0,2,1,1,2,4,0,2,2,Male,68,SIM-1543,synthetic_simulation,3,4,1,4,2,2,4,1,4,5,5,1,4,5,3,4,Hinduism,Galle,Group A
17,60,0,2,1,9,86,2,1,0,1,0,1,2,2,0,1,2,Male,63,SIM-1544,synthetic_simulation,3,3,4,3,3,3,4,1,2,3,3,4,5,5,2,3,Islam,Jaffna,Group A
16,72,2,0,0,6,58,1,1,1,2,2,1,0,2,0,1,0,Female,62,SIM-1545,synthetic_simulation,3,4,4,3,5,3,1,1,1,5,2,1,1,1,5,5,Buddhism,Kandy,Group D
23,64,0,2,1,5,80,1,1,3,2,0,1,0,2,1,0,1,Non-binary,65,SIM-1546,synthetic_simulation,1,4,4,4,3,1,5,3,2,4,1,5,2,1,4,3,Other,Negombo,Group D
14,79,2,2,1,6,70,2,1,1,1,2,1,2,6,0,0,1,Non-binary,65,SIM-1547,synthetic_simulation,4,4,1,4,3,3,4,3,2,5,3,4,3,4,1,1,Christianity,Jaffna,Group C
22,87,2,0,1,7,75,2,1,0,2,0,1,2,2,1,0,2,Non-binary,70,SIM-1548,synthetic_simulation,4,1,5,5,1,5,4,1,2,2,2,5,4,2,4,2,Christianity,Jaffna,Group D
25,95,1,2,0,7,78,2,1,7,1,2,1,2,4,0,1,2,Male,73,SIM-1549,synthetic_simulation,5,5,1,1,3,1,1,1,4,2,1,4,2,1,1,2,Islam,Galle,Group D
27,90,0,2,1,9,53,2,1,1,2,0,1,2,2,0,2,2,Female,73,SIM-1550,synthetic_simulation,5,3,1,5,3,2,2,3,3,2,1,2,4,1,2,3,Christianity,Jaffna,Group B
19,98,2,1,1,6,96,2,0,2,1,2,0,0,2,0,1,1,Non-binary,68,SIM-1551,synthetic_simulation,5,2,4,1,5,5,1,5,2,5,5,1,1,4,2,1,Other,Jaffna,Group B
19,62,2,1,0,6,89,0,1,3,2,2,1,2,1,0,1,1,Non-binary,63,SIM-1552,synthetic_simulation,3,5,3,4,5,5,1,4,4,4,4,5,5,1,5,1,Hinduism,Galle,Group C
15,60,2,1,1,5,72,0,1,2,0,0,1,2,2,0,1,2,Non-binary,62,SIM-1553,synthetic_simulation,4,1,3,1,5,1,1,2,3,4,4,2,5,4,2,2,Hinduism,Galle,Group B
15,86,0,2,1,8,77,2,1,0,2,2,1,2,3,0,2,2,Female,69,SIM-1554,synthetic_simulation,3,4,3,2,3,2,4,1,1,3,5,2,3,1,3,2,Buddhism,Kandy,Group D
19,72,2,0,0,5,52,2,1,2,2,2,1,1,3,0,2,2,Male,66,SIM-1555,synthetic_simulation,1,2,1,5,5,1,1,3,3,1,3,5,2,3,5,5,Other,Colombo,Group C
22,70,2,0,1,8,75,0,1,0,2,2,0,2,3,0,2,2,Female,68,SIM-1556,synthetic_simulation,5,3,4,5,5,4,1,1,3,4,2,4,2,1,1,5,Christianity,Jaffna,Group C
25,73,0,2,1,6,71,1,1,0,1,2,0,2,3,0,0,0,Female,67,SIM-1557,synthetic_simulation,3,5,3,5,4,4,1,1,2,2,4,5,5,2,2,2,Christianity,Negombo,Group C
15,71,0,0,1,6,69,1,1,2,1,0,0,0,4,0,0,2,Male,65,SIM-1558,synthetic_simulation,3,5,2,3,4,1,4,1,4,3,5,1,1,5,1,3,Other,Negombo,Group B
29,80,1,2,1,10,91,0,0,1,0,2,1,2,3,0,0,1,Female,70,SIM-1559,synthetic_simulation,1,2,2,3,2,2,3,1,5,4,4,3,3,4,2,4,Hinduism,Jaffna,Group D
18,78,1,2,1,9,59,0,0,0,0,0,0,2,1,0,1,1,Male,64,SIM-1560,synthetic_simulation,2,1,2,4,1,2,3,5,1,4,4,4,4,2,5,1,Christianity,Jaffna,Group B
20,80,1,1,1,7,59,0,1,2,2,0,0,1,3,0,1,1,Female,65,SIM-1561,synthetic_simulation,4,3,5,4,1,3,2,2,4,1,4,2,3,4,3,1,Christianity,Galle,Group C
16,87,2,2,0,5,76,0,1,1,1,0,0,1,2,0,2,0,Female,67,SIM-1562,synthetic_simulation,2,2,4,3,5,5,4,2,2,1,3,5,5,2,1,1,Other,Kandy,Group C
5,75,2,1,1,10,84,2,1,0,0,2,0,1,4,0,2,1,Female,62,SIM-1563,synthetic_simulation,5,4,1,5,2,1,1,3,4,1,5,3,4,4,4,5,Buddhism,Kandy,Group B
25,70,2,2,1,7,51,0,1,3,1,2,1,2,4,0,1,1,Non-binary,66,SIM-1564,synthetic_simulation,3,3,1,3,2,5,1,5,5,4,4,5,3,4,2,2,Other,Galle,Group D
24,67,0,0,1,7,77,1,1,0,0,2,1,2,2,0,0,2,Male,68,SIM-1565,synthetic_simulation,1,5,4,1,4,5,1,5,1,4,4,3,1,5,5,5,Christianity,Negombo,Group C
18,74,2,1,0,8,65,0,1,0,2,0,1,2,4,0,0,1,Male,64,SIM-1566,synthetic_simulation,1,2,5,5,2,4,3,2,3,2,5,4,2,1,1,2,Other,Colombo,Group A
20,90,0,1,0,4,88,2,1,3,1,2,1,0,3,0,1,1,Non-binary,69,SIM-1567,synthetic_simulation,4,5,4,3,3,4,1,3,1,5,1,5,4,4,5,3,Other,Negombo,Group A
23,90,2,2,1,6,73,1,0,1,0,2,0,2,2,0,1,2,Female,69,SIM-1568,synthetic_simulation,2,5,5,4,5,1,1,5,5,1,3,5,3,4,1,5,Buddhism,Negombo,Group D
11,87,2,2,1,7,92,2,1,1,2,2,1,2,5,0,1,1,Non-binary,67,SIM-1569,synthetic_simulation,4,5,3,3,3,1,3,3,1,2,3,3,1,5,3,2,Hinduism,Colombo,Group D
17,69,2,2,1,7,70,1,1,0,1,0,1,1,3,1,0,1,Non-binary,61,SIM-1570,synthetic_simulation,3,1,3,2,1,2,1,2,1,2,2,1,3,4,2,3,Other,Colombo,Group B
25,84,0,2,1,5,91,1,1,1,2,2,1,2,4,1,2,1,Female,70,SIM-1571,synthetic_simulation,4,5,5,3,4,1,2,1,2,3,2,2,4,4,1,5,Other,Kandy,Group A
12,83,1,2,1,7,86,1,1,1,0,2,1,0,4,0,0,2,Female,65,SIM-1572,synthetic_simulation,1,4,4,5,3,2,5,5,3,2,1,3,1,3,4,1,Buddhism,Colombo,Group B
22,79,2,2,1,7,91,1,1,0,1,2,1,2,4,1,0,1,Male,66,SIM-1573,synthetic_simulation,1,4,3,3,5,2,2,3,5,1,2,5,2,3,2,3,Christianity,Galle,Group A
12,82,1,2,1,10,91,2,1,3,1,2,1,0,3,0,2,2,Non-binary,66,SIM-1574,synthetic_simulation,5,3,4,4,3,1,4,1,2,5,4,3,1,3,2,5,Islam,Colombo,Group B
23,80,2,0,1,9,74,2,1,4,2,2,1,0,3,0,1,1,Female,69,SIM-1575,synthetic_simulation,5,5,3,1,3,2,2,2,1,2,4,3,3,5,5,2,Islam,Negombo,Group A
20,83,2,2,1,7,68,0,1,1,2,2,1,2,1,0,1,2,Male,67,SIM-1576,synthetic_simulation,3,5,4,2,2,5,2,4,1,4,2,5,3,4,2,1,Christianity,Galle,Group B
10,89,0,0,1,7,88,2,1,2,0,2,0,2,2,0,2,2,Female,71,SIM-1577,synthetic_simulation,2,2,4,5,4,2,3,5,4,4,3,5,3,5,1,2,Christianity,Colombo,Group D
27,64,0,0,1,9,68,0,1,1,1,0,0,1,4,0,1,2,Male,68,SIM-1578,synthetic_simulation,4,1,2,4,1,5,4,5,2,2,1,1,3,5,3,4,Christianity,Kandy,Group A
16,90,2,2,0,7,54,0,0,2,2,2,1,2,3,0,1,2,Male,67,SIM-1579,synthetic_simulation,3,3,5,2,5,5,2,3,5,1,4,1,3,2,1,4,Hinduism,Kandy,Group C
15,65,0,2,0,5,93,1,1,2,1,2,1,1,4,1,1,2,Male,63,SIM-1580,synthetic_simulation,5,5,1,3,5,5,5,2,5,5,1,1,5,1,2,5,Hinduism,Negombo,Group B
21,63,2,2,0,10,70,1,1,1,0,0,0,2,2,0,0,2,Female,64,SIM-1581,synthetic_simulation,4,2,5,2,1,3,2,2,5,5,2,5,1,2,4,3,Buddhism,Jaffna,Group C
27,99,0,2,1,6,57,2,1,3,1,2,1,1,3,0,0,1,Female,73,SIM-1582,synthetic_simulation,5,1,4,1,5,3,1,5,5,1,5,4,1,1,4,3,Christianity,Negombo,Group B
14,98,2,2,1,10,82,0,1,1,1,2,0,2,3,0,1,1,Male,69,SIM-1583,synthetic_simulation,4,3,4,2,2,2,3,5,1,4,1,1,1,2,1,5,Other,Colombo,Group D
20,62,0,1,0,8,94,0,1,1,2,2,1,2,3,0,1,2,Non-binary,65,SIM-1584,synthetic_simulation,2,3,5,2,3,1,1,3,1,4,1,2,1,4,1,5,Christianity,Negombo,Group B
23,78,0,1,1,6,93,2,1,0,2,0,0,2,5,0,2,2,Non-binary,70,SIM-1585,synthetic_simulation,3,5,4,3,2,2,4,3,2,3,2,4,4,5,1,1,Christianity,Galle,Group B
24,67,0,2,1,4,78,1,1,1,1,0,1,2,2,0,1,2,Non-binary,67,SIM-1586,synthetic_simulation,4,3,3,3,2,3,4,4,3,2,2,1,3,2,1,2,Other,Negombo,Group C
21,79,2,1,1,8,54,0,1,3,1,2,1,2,3,0,2,1,Male,67,SIM-1587,synthetic_simulation,1,2,4,5,2,4,3,1,5,2,4,2,5,2,5,2,Buddhism,Kandy,Group B
18,93,2,0,1,5,85,2,1,0,1,2,1,2,3,0,1,2,Non-binary,70,SIM-1588,synthetic_simulation,1,3,5,3,1,4,2,3,1,4,5,5,4,4,1,4,Christianity,Galle,Group D
15,98,0,1,0,8,80,1,0,2,0,0,1,0,2,0,2,2,Female,69,SIM-1589,synthetic_simulation,4,4,5,2,4,2,4,1,2,2,5,2,1,5,5,4,Other,Kandy,Group B
21,85,0,2,0,10,61,0,1,2,2,2,1,1,2,1,1,2,Non-binary,68,SIM-1590,synthetic_simulation,4,2,5,1,1,3,5,5,5,1,1,1,1,1,2,5,Islam,Negombo,Group D
14,74,2,0,0,5,95,0,1,1,1,0,1,2,3,1,0,2,Male,66,SIM-1591,synthetic_simulation,4,1,2,3,1,5,3,4,3,5,5,3,5,2,1,3,Islam,Colombo,Group D
2,84,1,0,0,8,54,1,1,3,1,1,1,2,4,0,1,2,Male,62,SIM-1592,synthetic_simulation,1,1,2,5,2,3,1,4,5,3,2,3,1,1,1,3,Other,Negombo,Group B
23,72,2,2,1,6,69,1,1,2,0,2,1,2,4,0,1,2,Non-binary,67,SIM-1593,synthetic_simulation,1,5,2,5,4,2,5,4,4,1,2,2,1,3,4,1,Christianity,Galle,Group D
25,96,2,1,1,9,55,0,1,2,2,0,1,1,4,0,1,1,Male,71,SIM-1594,synthetic_simulation,4,5,2,2,1,3,3,2,5,1,2,5,1,2,2,4,Hinduism,Kandy,Group A
6,95,0,2,1,7,96,2,1,4,1,2,1,1,2,0,1,1,Female,68,SIM-1595,synthetic_simulation,5,4,2,3,4,4,5,5,4,1,1,4,1,5,2,1,Hinduism,Negombo,Group C
14,82,0,2,1,7,52,0,1,3,1,2,1,0,2,0,1,2,Male,66,SIM-1596,synthetic_simulation,5,1,2,3,2,5,3,2,3,2,3,3,4,3,1,2,Christianity,Colombo,Group B
24,73,1,2,1,9,71,0,1,0,1,2,1,1,3,0,1,1,Female,64,SIM-1597,synthetic_simulation,2,1,2,5,1,2,1,2,4,5,2,4,4,3,2,5,Other,Colombo,Group C
32,72,0,2,1,8,93,1,1,1,1,2,0,1,4,0,2,2,Non-binary,71,SIM-1598,synthetic_simulation,3,1,5,3,4,2,2,4,3,3,5,5,4,2,3,3,Buddhism,Jaffna,Group D
20,61,1,1,1,6,63,2,1,1,2,0,1,2,4,0,0,0,Female,61,SIM-1599,synthetic_simulation,5,1,1,2,5,1,3,2,2,4,5,3,1,2,4,4,Hinduism,Colombo,Group C
16,93,2,0,0,10,55,2,0,2,1,2,1,1,2,0,0,2,Female,67,SIM-1600,synthetic_simulation,1,3,2,1,1,5,4,5,4,1,2,5,2,3,2,4,Islam,Negombo,Group A
19,78,2,1,1,5,56,1,1,3,0,2,1,1,4,0,0,1,Female,65,SIM-1601,synthetic_simulation,5,2,5,2,1,2,1,5,5,1,3,1,4,2,3,5,Buddhism,Colombo,Group C
28,73,0,2,1,7,70,1,0,0,1,2,0,0,6,0,0,1,Non-binary,66,SIM-1602,synthetic_simulation,2,2,1,3,1,3,1,2,5,1,1,4,3,5,1,5,Islam,Colombo,Group A
16,79,0,0,1,6,71,2,1,2,1,0,1,1,4,0,1,2,Female,68,SIM-1603,synthetic_simulation,2,4,2,2,4,3,5,5,2,4,2,1,3,5,4,4,Christianity,Galle,Group C
15,93,2,2,0,5,86,2,1,0,1,2,1,1,2,0,0,0,Female,66,SIM-1604,synthetic_simulation,3,3,1,4,3,3,4,1,1,2,1,5,2,3,4,4,Buddhism,Colombo,Group A
17,65,2,2,0,5,62,2,1,2,2,2,1,2,4,0,1,2,Female,63,SIM-1605,synthetic_simulation,5,1,1,4,1,3,5,2,3,2,3,5,5,2,4,3,Christianity,Negombo,Group A
14,94,1,1,1,7,85,1,1,1,0,2,1,1,3,0,1,1,Male,66,SIM-1606,synthetic_simulation,1,1,3,3,5,2,1,4,1,5,2,2,3,3,3,3,Hinduism,Colombo,Group C
21,96,2,0,0,8,100,2,1,1,0,2,0,2,2,0,0,2,Female,73,SIM-1607,synthetic_simulation,1,5,4,3,5,4,3,4,1,2,2,2,5,5,5,5,Christianity,Kandy,Group C
30,98,2,1,1,9,93,2,1,1,1,1,0,2,3,0,1,2,Female,88,SIM-1608,synthetic_simulation,4,5,3,1,2,5,4,5,2,2,2,3,3,2,4,2,Hinduism,Jaffna,Group B
22,76,2,2,0,9,82,0,1,0,2,0,0,1,4,0,1,2,Non-binary,67,SIM-1609,synthetic_simulation,1,4,1,2,3,3,1,5,2,3,4,1,2,5,3,2,Hinduism,Jaffna,Group A
18,69,0,0,1,7,97,2,1,2,2,2,1,2,2,0,0,2,Male,69,SIM-1610,synthetic_simulation,3,1,5,1,3,2,4,4,4,3,2,1,4,2,5,5,Other,Galle,Group C
18,75,2,1,1,6,100,0,1,2,1,2,1,2,3,0,1,2,Female,67,SIM-1611,synthetic_simulation,3,4,2,3,4,2,3,1,4,2,2,5,5,4,3,5,Christianity,Negombo,Group B
11,73,2,0,1,9,79,2,1,1,1,0,1,1,2,0,1,2,Non-binary,64,SIM-1612,synthetic_simulation,1,3,4,3,2,3,2,4,4,3,3,2,5,5,3,1,Buddhism,Negombo,Group C
25,67,2,0,1,6,64,2,0,0,1,2,1,1,2,0,1,1,Male,64,SIM-1613,synthetic_simulation,1,2,2,5,4,1,5,2,4,5,3,4,2,1,3,2,Buddhism,Galle,Group D
20,84,1,2,0,5,96,1,1,1,1,2,1,0,2,0,1,2,Female,65,SIM-1614,synthetic_simulation,4,1,5,1,2,2,5,4,4,2,4,5,5,2,4,4,Other,Jaffna,Group A
19,79,2,2,0,8,92,0,1,1,2,0,1,2,2,0,1,2,Female,68,SIM-1615,synthetic_simulation,1,3,4,3,3,5,1,3,5,3,2,1,3,4,1,1,Christianity,Kandy,Group B
39,95,2,0,1,9,54,0,1,2,2,2,0,2,3,0,1,1,Female,77,SIM-1616,synthetic_simulation,4,1,3,4,4,5,1,1,2,4,5,1,4,4,4,1,Other,Jaffna,Group C
22,61,2,2,1,6,97,0,1,0,1,0,1,0,2,1,1,2,Male,63,SIM-1617,synthetic_simulation,4,5,1,5,2,1,3,1,3,3,1,5,1,4,4,5,Hinduism,Jaffna,Group B
15,86,0,0,1,10,68,2,1,0,0,2,1,1,5,0,0,2,Male,69,SIM-1618,synthetic_simulation,1,4,5,2,3,2,1,4,3,3,2,5,2,5,4,3,Christianity,Kandy,Group C
17,91,2,2,1,8,66,2,1,3,2,1,1,2,2,0,0,2,Non-binary,69,SIM-1619,synthetic_simulation,2,5,1,5,3,1,1,3,3,4,4,5,5,1,4,1,Buddhism,Jaffna,Group C
27,90,2,1,0,8,67,2,1,2,2,2,1,0,3,0,2,2,Female,70,SIM-1620,synthetic_simulation,2,2,1,2,1,2,1,2,3,5,5,1,5,4,5,5,Hinduism,Colombo,Group A
21,95,0,2,1,6,66,0,1,1,2,0,1,2,4,0,0,2,Female,73,SIM-1621,synthetic_simulation,4,5,2,4,4,2,4,4,3,4,3,4,5,3,5,1,Other,Negombo,Group D
11,89,2,1,1,9,76,2,1,1,2,0,1,1,3,0,2,0,Male,66,SIM-1622,synthetic_simulation,1,1,5,2,1,1,4,2,5,5,1,1,5,2,3,3,Other,Jaffna,Group D
26,97,2,1,0,5,79,0,1,2,1,1,0,2,3,0,1,2,Female,71,SIM-1623,synthetic_simulation,2,5,1,1,3,4,2,3,2,4,4,5,2,2,2,5,Other,Kandy,Group B
16,73,2,1,1,6,71,2,1,2,0,0,1,2,5,0,0,2,Female,66,SIM-1624,synthetic_simulation,1,1,3,2,4,3,4,4,4,5,3,2,3,1,2,3,Christianity,Negombo,Group C
31,80,2,2,1,6,71,0,1,2,1,0,1,1,3,0,1,2,Male,71,SIM-1625,synthetic_simulation,1,2,4,2,4,3,5,4,4,5,2,4,3,1,1,3,Other,Negombo,Group C
26,61,2,1,1,5,87,2,1,3,0,0,1,2,2,1,1,2,Non-binary,66,SIM-1626,synthetic_simulation,1,5,5,5,5,3,2,2,4,1,4,3,4,5,3,4,Hinduism,Jaffna,Group B
17,60,2,0,1,8,50,0,1,0,1,0,1,2,4,0,1,2,Female,63,SIM-1627,synthetic_simulation,5,4,2,4,2,1,1,4,2,1,2,1,4,3,1,3,Christianity,Jaffna,Group B
28,70,0,0,1,8,97,2,1,5,1,1,1,0,5,1,1,2,Non-binary,70,SIM-1628,synthetic_simulation,1,4,5,2,5,2,5,3,2,3,4,4,1,2,5,3,Christianity,Jaffna,Group B
20,64,0,2,1,8,86,2,1,1,2,2,1,1,2,0,2,2,Non-binary,66,SIM-1629,synthetic_simulation,5,4,2,1,5,2,2,4,5,4,4,4,3,4,4,3,Hinduism,Galle,Group B
25,70,2,2,0,7,85,2,1,1,2,2,1,0,4,0,1,2,Male,66,SIM-1630,synthetic_simulation,4,5,4,5,3,5,2,5,5,5,2,5,2,4,1,2,Buddhism,Negombo,Group A
23,67,2,2,0,8,71,0,1,2,2,2,1,1,4,0,0,1,Male,66,SIM-1631,synthetic_simulation,2,5,3,4,2,2,5,3,4,1,4,4,3,2,1,4,Christianity,Galle,Group A
15,61,2,2,0,7,98,2,1,1,2,2,1,1,3,0,1,2,Male,62,SIM-1632,synthetic_simulation,2,5,1,4,5,4,2,1,2,3,3,1,3,3,5,2,Hinduism,Jaffna,Group D
16,96,2,2,0,6,50,0,1,1,2,0,1,2,3,0,0,2,Male,69,SIM-1633,synthetic_simulation,2,1,5,3,5,3,5,2,4,3,3,2,4,3,3,3,Christianity,Kandy,Group D
26,60,1,0,1,6,54,1,1,1,1,2,0,2,1,0,2,1,Male,63,SIM-1634,synthetic_simulation,2,2,2,1,4,4,2,3,5,3,1,4,5,4,4,2,Buddhism,Jaffna,Group A
18,89,2,1,1,4,90,1,1,1,0,2,1,2,2,1,2,2,Non-binary,68,SIM-1635,synthetic_simulation,2,4,4,5,3,3,2,1,4,1,1,1,5,2,4,5,Buddhism,Jaffna,Group B
18,66,2,0,0,9,87,2,1,1,2,1,0,2,3,0,1,1,Non-binary,64,SIM-1636,synthetic_simulation,2,1,1,5,5,1,2,1,5,2,4,5,3,4,3,2,Islam,Colombo,Group D
14,96,1,0,1,9,64,0,1,2,1,0,1,1,3,0,2,1,Non-binary,69,SIM-1637,synthetic_simulation,2,4,4,1,2,4,5,3,1,3,3,4,3,5,5,5,Christianity,Colombo,Group A
23,96,1,2,1,10,80,1,1,3,1,0,1,2,3,0,1,2,Male,71,SIM-1638,synthetic_simulation,4,1,3,4,1,2,2,1,3,2,2,3,3,2,5,1,Christianity,Negombo,Group C
32,86,2,2,1,6,77,2,0,2,2,1,0,0,4,0,1,2,Male,71,SIM-1639,synthetic_simulation,1,5,1,2,1,3,4,1,1,2,4,3,3,3,1,4,Hinduism,Negombo,Group A
14,87,2,2,0,6,76,2,1,1,1,2,0,2,4,0,0,0,Female,66,SIM-1640,synthetic_simulation,3,4,1,1,3,5,4,5,4,2,2,2,4,4,2,2,Hinduism,Negombo,Group C
20,60,2,2,1,4,80,1,1,2,0,2,0,2,3,1,0,1,Female,63,SIM-1641,synthetic_simulation,5,5,1,5,1,4,4,4,4,3,5,5,3,1,2,1,Islam,Galle,Group D
28,99,1,2,1,8,100,1,1,0,2,2,1,2,2,0,1,0,Non-binary,72,SIM-1642,synthetic_simulation,3,4,2,1,4,1,4,5,2,5,1,1,3,1,5,3,Hinduism,Negombo,Group C
20,95,2,2,1,8,99,1,0,1,1,2,0,1,3,0,0,2,Non-binary,70,SIM-1643,synthetic_simulation,3,3,1,4,4,5,4,4,3,2,4,4,1,5,3,5,Buddhism,Colombo,Group A
23,96,2,1,0,9,99,2,1,0,0,2,0,1,2,0,0,2,Male,71,SIM-1644,synthetic_simulation,1,1,4,3,2,1,1,1,5,1,4,1,1,1,3,2,Other,Negombo,Group C
14,86,1,1,1,6,77,2,1,3,0,2,0,1,3,0,1,0,Female,65,SIM-1645,synthetic_simulation,1,3,2,3,3,3,2,4,4,1,2,3,3,5,2,1,Christianity,Jaffna,Group C
23,74,2,1,1,8,66,1,1,0,0,2,1,0,4,0,2,2,Non-binary,65,SIM-1646,synthetic_simulation,1,1,1,2,3,4,3,5,5,2,1,5,5,5,3,1,Islam,Colombo,Group A
19,96,1,2,0,6,78,0,1,1,1,1,1,2,2,0,1,0,Male,67,SIM-1647,synthetic_simulation,2,2,4,2,1,1,1,2,5,2,2,1,2,3,3,4,Christianity,Galle,Group D
26,72,0,2,0,9,81,0,1,0,2,0,1,1,3,0,1,2,Female,68,SIM-1648,synthetic_simulation,4,4,4,4,5,5,5,2,5,2,2,4,1,3,4,3,Islam,Galle,Group D
27,83,2,2,1,8,66,2,1,3,2,2,1,2,4,0,0,0,Female,70,SIM-1649,synthetic_simulation,2,2,5,2,5,5,1,4,1,1,1,5,3,2,3,4,Other,Negombo,Group D
36,64,2,2,1,5,82,2,1,2,2,0,0,2,2,0,1,2,Female,70,SIM-1650,synthetic_simulation,4,2,4,3,5,2,3,2,5,4,5,4,1,4,4,2,Islam,Galle,Group C
23,97,1,0,1,7,81,1,1,2,2,0,1,1,3,0,1,2,Non-binary,72,SIM-1651,synthetic_simulation,4,1,3,4,2,1,1,3,2,5,3,4,3,1,4,3,Islam,Galle,Group A
22,66,2,0,0,4,95,2,1,1,1,1,1,1,5,0,0,1,Non-binary,65,SIM-1652,synthetic_simulation,3,3,1,4,3,4,2,2,1,4,3,5,5,4,2,2,Other,Colombo,Group D
21,69,2,2,1,5,62,0,1,2,1,2,1,2,3,0,1,2,Female,65,SIM-1653,synthetic_simulation,3,5,1,4,1,4,4,4,1,1,5,5,5,4,4,5,Hinduism,Negombo,Group B
18,82,0,2,1,5,85,0,1,3,2,0,0,1,4,0,2,2,Male,71,SIM-1654,synthetic_simulation,4,1,1,1,2,2,2,1,4,1,1,4,1,5,5,2,Buddhism,Negombo,Group B
22,91,0,0,1,6,73,1,1,3,0,2,1,2,4,0,2,2,Non-binary,74,SIM-1655,synthetic_simulation,4,5,4,2,4,5,1,5,3,3,4,3,2,1,1,3,Islam,Jaffna,Group C
18,85,1,2,0,7,56,1,1,0,1,2,0,2,4,0,1,1,Male,64,SIM-1656,synthetic_simulation,2,2,4,5,4,1,3,2,3,4,1,4,2,3,4,2,Buddhism,Negombo,Group C
21,69,2,2,0,7,66,0,1,1,2,2,0,1,4,0,1,0,Male,64,SIM-1657,synthetic_simulation,2,5,1,3,4,5,5,4,4,2,2,5,2,4,5,4,Islam,Negombo,Group C
28,60,2,0,1,7,53,1,1,3,1,2,0,1,3,0,1,2,Female,65,SIM-1658,synthetic_simulation,3,3,2,2,3,1,2,5,3,2,1,2,2,5,5,1,Other,Colombo,Group A
14,90,1,2,1,7,66,2,1,1,2,2,1,1,5,0,0,2,Female,67,SIM-1659,synthetic_simulation,1,1,2,3,4,1,3,3,5,1,3,1,4,3,3,2,Buddhism,Jaffna,Group D
27,99,0,2,0,7,53,1,1,2,1,0,1,1,3,0,0,2,Male,73,SIM-1660,synthetic_simulation,4,3,3,2,5,1,5,1,2,3,4,4,3,5,5,3,Christianity,Jaffna,Group B
28,92,1,0,0,5,96,0,1,1,2,1,1,1,3,0,0,1,Male,72,SIM-1661,synthetic_simulation,2,3,5,5,4,5,4,5,5,4,5,1,5,4,3,4,Buddhism,Negombo,Group B
19,78,2,2,0,7,55,1,1,0,2,2,1,2,3,0,0,2,Female,65,SIM-1662,synthetic_simulation,3,1,3,3,2,5,2,5,3,3,1,4,2,4,5,3,Other,Kandy,Group B
7,96,2,0,0,9,91,2,1,0,1,2,1,1,4,0,0,2,Non-binary,67,SIM-1663,synthetic_simulation,2,3,1,5,4,5,2,4,3,5,4,4,4,4,2,5,Hinduism,Jaffna,Group B
16,76,2,2,1,7,95,1,1,2,2,2,1,0,3,0,1,2,Non-binary,66,SIM-1664,synthetic_simulation,4,4,1,3,5,3,4,3,2,3,4,2,3,1,2,1,Hinduism,Negombo,Group C
28,81,0,2,1,8,73,1,1,0,2,0,1,0,3,0,2,2,Non-binary,70,SIM-1665,synthetic_simulation,4,4,1,1,4,5,4,2,1,5,3,5,4,1,2,4,Buddhism,Negombo,Group B
20,79,0,2,0,8,53,2,1,2,2,2,0,1,3,0,1,1,Female,66,SIM-1666,synthetic_simulation,5,4,5,1,1,2,1,3,1,4,2,3,1,4,2,1,Other,Colombo,Group B
14,78,0,0,1,8,80,1,1,1,2,2,1,1,1,0,1,2,Female,66,SIM-1667,synthetic_simulation,1,5,4,3,5,3,5,1,2,2,4,5,1,1,2,2,Hinduism,Jaffna,Group C
17,91,2,1,1,7,62,1,1,3,0,2,1,0,3,0,2,2,Female,68,SIM-1668,synthetic_simulation,5,3,5,3,3,1,3,2,1,5,4,1,2,5,5,1,Hinduism,Jaffna,Group C
25,81,1,2,1,8,59,1,1,3,1,2,1,2,4,0,0,2,Female,68,SIM-1669,synthetic_simulation,3,1,3,5,4,4,4,3,3,2,1,1,1,5,4,2,Hinduism,Kandy,Group A
23,73,0,0,0,8,78,1,1,0,0,2,1,1,4,0,1,1,Female,67,SIM-1670,synthetic_simulation,2,1,4,4,2,3,1,1,1,3,5,4,3,2,4,4,Buddhism,Negombo,Group D
19,70,0,2,1,8,68,0,0,1,1,2,1,2,3,0,0,2,Male,65,SIM-1671,synthetic_simulation,3,5,4,3,4,3,5,5,3,3,1,5,2,3,4,3,Hinduism,Jaffna,Group D
18,62,2,1,1,8,87,2,1,4,1,2,1,2,4,0,0,2,Male,64,SIM-1672,synthetic_simulation,4,1,3,2,2,1,5,5,4,4,3,2,4,5,2,4,Other,Galle,Group C
18,83,0,2,0,5,80,0,1,1,0,0,1,2,2,0,0,2,Female,70,SIM-1673,synthetic_simulation,5,4,4,2,1,5,2,5,5,2,4,3,5,3,2,3,Other,Jaffna,Group B
14,69,1,2,0,5,91,2,1,0,0,2,1,2,3,0,0,1,Female,63,SIM-1674,synthetic_simulation,5,3,2,2,3,5,1,5,1,4,2,5,5,2,5,3,Christianity,Negombo,Group B
30,66,2,0,0,6,53,1,0,2,1,2,1,2,2,0,1,2,Female,65,SIM-1675,synthetic_simulation,5,1,3,1,5,3,1,2,4,5,4,4,5,2,4,1,Hinduism,Galle,Group B
18,86,1,2,1,9,62,2,1,4,2,2,1,0,2,1,2,2,Male,67,SIM-1676,synthetic_simulation,3,1,3,5,5,5,2,5,1,3,2,1,3,3,3,3,Christianity,Kandy,Group A
27,87,2,2,1,7,78,1,1,3,1,2,0,0,5,0,1,2,Male,71,SIM-1677,synthetic_simulation,4,2,2,1,3,3,3,2,4,3,2,5,2,4,2,5,Christianity,Galle,Group A
29,90,0,2,1,7,94,2,1,1,1,1,0,1,4,0,1,2,Non-binary,73,SIM-1678,synthetic_simulation,2,2,5,2,1,4,4,2,2,3,2,1,1,3,1,5,Hinduism,Colombo,Group A
26,80,2,2,0,4,91,1,1,1,1,2,0,1,3,0,1,0,Male,67,SIM-1679,synthetic_simulation,2,2,5,3,1,4,2,3,4,3,5,4,2,5,1,1,Christianity,Galle,Group D
17,96,0,2,1,7,84,2,1,2,1,0,0,2,3,0,0,2,Non-binary,72,SIM-1680,synthetic_simulation,3,3,5,2,4,1,4,5,3,3,1,1,4,3,1,1,Hinduism,Galle,Group C
22,97,2,2,0,7,79,0,1,2,2,0,1,2,0,0,1,0,Non-binary,71,SIM-1681,synthetic_simulation,5,4,4,3,1,2,1,4,2,5,3,4,5,5,5,4,Islam,Galle,Group D
20,92,2,0,1,4,82,0,1,0,2,2,1,1,4,0,2,2,Female,72,SIM-1682,synthetic_simulation,1,4,2,5,4,2,2,5,2,5,5,3,2,5,3,5,Other,Negombo,Group B
15,85,0,0,1,7,61,2,1,1,2,0,1,0,3,0,1,2,Female,68,SIM-1683,synthetic_simulation,3,4,3,4,2,5,3,4,3,4,5,2,2,5,2,5,Islam,Kandy,Group D
22,72,1,1,1,5,80,2,1,2,1,0,1,1,3,0,0,2,Non-binary,65,SIM-1684,synthetic_simulation,3,3,3,3,3,2,4,5,1,1,2,1,1,4,5,3,Buddhism,Galle,Group A
13,99,0,2,0,6,75,1,1,1,2,2,1,2,4,1,0,0,Female,68,SIM-1685,synthetic_simulation,4,3,3,1,2,4,4,2,2,3,5,5,4,4,4,4,Buddhism,Colombo,Group B
27,71,2,1,0,8,69,2,1,1,0,2,1,2,4,0,0,2,Non-binary,67,SIM-1686,synthetic_simulation,2,2,4,2,2,1,4,5,1,3,3,3,5,2,4,4,Christianity,Jaffna,Group D
17,68,2,2,0,7,94,0,1,1,0,2,0,1,4,0,0,1,Female,66,SIM-1687,synthetic_simulation,3,1,4,2,2,4,1,5,5,1,3,2,1,1,2,4,Islam,Galle,Group A
21,78,2,1,1,6,91,2,1,0,2,1,0,1,1,1,1,2,Male,64,SIM-1688,synthetic_simulation,3,5,5,2,2,3,4,5,4,4,4,5,5,4,2,2,Islam,Jaffna,Group D
22,62,0,2,0,6,54,2,1,3,1,2,0,1,3,0,2,2,Female,65,SIM-1689,synthetic_simulation,5,5,4,3,5,5,5,5,4,5,5,5,1,4,1,3,Hinduism,Jaffna,Group D
18,99,2,2,0,6,99,2,1,0,1,2,1,1,3,0,1,1,Non-binary,69,SIM-1690,synthetic_simulation,5,1,5,5,1,5,4,3,3,3,4,4,1,2,3,1,Christianity,Jaffna,Group C
24,84,2,2,1,7,61,2,1,2,2,2,1,2,2,0,1,0,Non-binary,68,SIM-1691,synthetic_simulation,1,2,5,3,3,2,1,3,3,4,3,2,5,2,1,4,Other,Galle,Group C
17,82,0,0,0,5,61,2,1,3,2,2,1,1,4,0,2,2,Male,69,SIM-1692,synthetic_simulation,4,1,3,1,3,3,2,2,4,1,5,5,4,2,3,3,Islam,Negombo,Group B
25,86,2,2,1,9,97,1,1,1,0,2,0,1,3,0,1,1,Non-binary,70,SIM-1693,synthetic_simulation,1,1,4,2,2,2,4,2,5,5,2,5,3,3,5,3,Islam,Galle,Group B
12,80,0,2,0,5,72,2,1,1,0,2,0,2,4,1,1,2,Male,65,SIM-1694,synthetic_simulation,5,5,5,3,3,2,4,4,3,5,2,5,3,5,5,3,Hinduism,Galle,Group A
21,61,2,2,0,4,90,1,1,2,2,1,1,1,3,0,1,2,Male,63,SIM-1695,synthetic_simulation,2,2,2,2,4,2,2,2,5,4,5,3,2,4,3,5,Hinduism,Negombo,Group B
32,84,1,2,1,8,64,2,1,1,1,0,0,2,3,0,0,2,Male,71,SIM-1696,synthetic_simulation,5,3,2,1,3,3,5,3,3,2,4,2,2,5,5,1,Other,Kandy,Group D
14,89,2,0,1,6,94,1,1,0,1,2,0,1,2,0,2,2,Male,68,SIM-1697,synthetic_simulation,4,5,4,4,2,2,1,2,2,2,4,4,4,1,3,4,Christianity,Negombo,Group B
16,77,2,2,1,7,92,0,1,5,1,0,1,2,3,0,2,2,Non-binary,70,SIM-1698,synthetic_simulation,5,3,3,4,3,5,2,4,1,2,2,3,3,2,5,1,Hinduism,Galle,Group D
23,90,2,0,1,8,76,0,1,2,2,1,1,2,3,0,1,2,Male,72,SIM-1699,synthetic_simulation,4,2,3,4,1,2,1,4,4,1,4,3,2,1,4,1,Buddhism,Galle,Group B
21,69,2,2,1,6,85,2,1,3,1,1,1,1,1,0,0,0,Non-binary,64,SIM-1700,synthetic_simulation,4,1,5,2,2,3,2,3,1,2,2,3,3,2,2,5,Islam,Negombo,Group B
22,69,1,2,0,7,98,1,1,0,1,2,1,2,2,0,2,1,Male,64,SIM-1701,synthetic_simulation,4,4,4,3,5,3,3,2,4,4,1,4,3,2,5,1,Buddhism,Colombo,Group B
23,66,2,1,1,8,73,0,1,2,0,2,1,2,2,0,0,2,Female,66,SIM-1702,synthetic_simulation,4,4,2,2,1,4,5,4,3,5,2,4,3,1,5,1,Buddhism,Negombo,Group B
24,75,2,0,1,9,75,0,1,0,2,0,1,2,3,0,0,0,Non-binary,69,SIM-1703,synthetic_simulation,4,2,5,5,3,2,3,2,1,4,1,3,2,5,4,3,Islam,Jaffna,Group C
27,94,2,1,0,6,86,2,1,2,2,2,0,1,2,0,1,2,Male,71,SIM-1704,synthetic_simulation,2,4,5,3,5,3,2,2,5,4,5,3,2,1,1,3,Islam,Negombo,Group A
22,93,2,0,1,6,69,0,1,0,0,1,1,0,3,1,1,2,Female,69,SIM-1705,synthetic_simulation,1,3,1,1,1,2,2,3,3,3,1,1,4,3,4,4,Hinduism,Colombo,Group C
19,75,0,2,0,8,98,1,1,1,1,2,1,1,3,0,2,1,Male,67,SIM-1706,synthetic_simulation,3,4,4,4,4,1,1,3,2,1,3,4,1,4,5,2,Christianity,Jaffna,Group B
24,84,1,2,1,7,52,2,1,0,1,0,1,1,3,0,1,2,Male,66,SIM-1707,synthetic_simulation,1,2,5,3,1,5,2,2,1,5,4,5,2,4,4,4,Islam,Galle,Group D
31,89,2,2,0,7,70,2,1,2,1,0,1,2,2,0,1,1,Female,71,SIM-1708,synthetic_simulation,4,2,2,3,5,5,1,5,1,3,1,2,5,5,4,4,Christianity,Kandy,Group B
19,70,2,1,1,9,86,1,1,2,0,2,1,1,2,1,1,2,Female,63,SIM-1709,synthetic_simulation,2,3,1,4,4,2,1,5,2,1,3,2,1,5,4,3,Islam,Negombo,Group B
14,67,2,1,0,4,71,2,1,0,0,2,1,1,4,0,0,2,Male,62,SIM-1710,synthetic_simulation,5,4,2,1,3,5,2,1,4,5,3,2,3,5,3,1,Buddhism,Negombo,Group B
27,99,2,0,0,5,63,2,1,0,2,0,1,1,4,0,1,2,Female,73,SIM-1711,synthetic_simulation,2,4,3,2,2,5,1,1,3,3,4,3,4,1,4,5,Buddhism,Negombo,Group A
19,85,0,2,0,4,71,1,1,1,2,0,1,0,3,0,1,0,Male,66,SIM-1712,synthetic_simulation,4,1,1,2,3,1,5,1,2,2,2,4,5,1,4,4,Other,Negombo,Group A
7,99,0,2,1,9,94,2,1,3,0,0,1,2,2,0,2,1,Non-binary,72,SIM-1713,synthetic_simulation,2,5,1,3,2,5,3,3,5,4,3,1,5,1,5,2,Hinduism,Colombo,Group B
25,74,0,1,1,8,77,1,1,1,1,2,1,1,2,0,2,1,Male,67,SIM-1714,synthetic_simulation,2,2,5,4,2,5,2,2,3,2,1,1,1,2,3,4,Hinduism,Jaffna,Group D
17,88,1,1,0,5,67,2,0,0,2,0,1,1,3,0,2,2,Non-binary,65,SIM-1715,synthetic_simulation,4,1,3,5,5,3,1,4,2,5,4,2,4,1,1,1,Islam,Colombo,Group A
19,69,2,2,1,7,84,2,1,2,2,2,1,1,4,0,1,2,Female,66,SIM-1716,synthetic_simulation,2,2,5,1,4,5,1,2,2,3,1,5,1,4,3,4,Islam,Kandy,Group C
22,70,0,2,1,7,81,1,1,3,2,2,1,1,2,0,2,1,Female,68,SIM-1717,synthetic_simulation,3,1,4,2,4,2,1,2,1,3,2,5,2,4,3,1,Hinduism,Colombo,Group A
21,80,2,0,1,4,78,2,1,1,2,0,0,1,4,0,1,2,Male,69,SIM-1718,synthetic_simulation,3,5,2,1,1,5,1,1,1,3,4,5,3,2,3,1,Other,Negombo,Group B
24,73,0,2,1,7,70,2,1,0,0,2,1,0,3,0,2,2,Female,68,SIM-1719,synthetic_simulation,2,1,2,1,3,2,5,2,1,4,3,5,4,1,5,5,Islam,Kandy,Group D
17,67,2,0,1,5,54,2,1,0,1,2,1,0,2,0,1,1,Male,61,SIM-1720,synthetic_simulation,5,2,5,1,5,5,2,1,3,3,1,1,2,1,2,5,Christianity,Kandy,Group D
23,71,0,1,1,8,81,2,1,3,2,0,0,2,2,0,1,2,Male,68,SIM-1721,synthetic_simulation,4,4,2,4,3,2,2,2,4,1,1,1,3,3,5,4,Islam,Kandy,Group B
18,61,0,1,1,5,71,1,1,3,0,0,0,1,3,0,0,2,Male,64,SIM-1722,synthetic_simulation,3,2,2,4,1,5,5,4,3,1,3,4,3,3,5,5,Christianity,Galle,Group D
24,88,2,1,1,7,71,1,0,1,1,0,1,1,3,0,0,1,Non-binary,67,SIM-1723,synthetic_simulation,5,3,4,4,1,2,5,5,1,1,3,1,2,4,1,2,Christianity,Colombo,Group B
24,80,1,0,1,9,62,0,1,3,0,1,1,1,3,0,1,1,Non-binary,68,SIM-1724,synthetic_simulation,2,3,3,3,5,5,5,5,1,2,2,4,4,5,1,3,Buddhism,Kandy,Group D
14,64,2,0,0,8,62,1,1,1,2,0,1,2,4,1,1,1,Non-binary,61,SIM-1725,synthetic_simulation,5,3,1,4,1,1,2,3,3,5,2,4,5,4,1,4,Buddhism,Jaffna,Group D
27,67,0,1,0,8,89,1,1,1,1,1,1,2,3,0,2,2,Female,66,SIM-1726,synthetic_simulation,1,3,5,3,5,3,4,4,2,2,3,3,1,2,2,5,Other,Kandy,Group C
17,64,0,1,1,7,74,1,1,2,2,1,1,2,2,0,2,2,Non-binary,64,SIM-1727,synthetic_simulation,3,5,5,2,1,3,3,2,2,2,4,1,4,1,3,2,Buddhism,Jaffna,Group B
25,85,1,2,0,5,55,1,1,3,0,2,1,0,3,0,1,1,Non-binary,67,SIM-1728,synthetic_simulation,2,4,4,2,4,3,5,4,1,4,3,5,5,3,2,3,Christianity,Colombo,Group D
22,64,2,0,0,6,52,1,1,2,0,2,0,0,4,0,0,1,Female,64,SIM-1729,synthetic_simulation,4,4,4,2,5,3,5,2,1,2,3,2,5,4,3,2,Other,Jaffna,Group B
31,90,0,0,0,7,61,1,1,0,1,2,1,2,3,0,1,2,Female,72,SIM-1730,synthetic_simulation,2,2,1,2,4,1,2,4,4,4,5,4,5,2,2,4,Buddhism,Colombo,Group C
19,61,2,2,0,7,74,1,1,2,0,2,1,0,3,0,2,0,Non-binary,62,SIM-1731,synthetic_simulation,4,1,3,2,4,1,2,4,2,1,4,2,1,5,5,3,Buddhism,Colombo,Group C
18,70,0,2,1,5,81,1,1,2,1,2,0,0,2,0,1,0,Non-binary,63,SIM-1732,synthetic_simulation,2,2,5,4,5,5,3,5,4,1,4,5,1,4,5,5,Christianity,Negombo,Group D
20,96,0,0,0,8,57,1,1,1,1,2,0,1,4,0,1,2,Non-binary,70,SIM-1733,synthetic_simulation,5,2,4,5,3,1,1,4,1,2,2,4,1,1,3,1,Islam,Negombo,Group C
18,89,0,2,0,5,72,1,1,3,2,2,1,2,3,0,0,1,Non-binary,69,SIM-1734,synthetic_simulation,5,2,5,4,2,3,2,3,1,2,2,4,5,1,3,5,Other,Galle,Group C
25,63,1,2,1,9,54,2,1,3,2,1,1,2,2,0,1,2,Non-binary,64,SIM-1735,synthetic_simulation,5,2,2,5,1,4,3,2,4,1,2,1,2,3,3,1,Buddhism,Negombo,Group A
10,93,1,2,0,7,52,2,1,2,2,2,1,2,3,0,2,2,Female,66,SIM-1736,synthetic_simulation,1,4,5,4,1,5,2,1,4,3,1,3,1,2,4,2,Christianity,Jaffna,Group D
14,80,1,2,1,8,93,2,1,3,1,0,0,2,4,0,1,2,Female,67,SIM-1737,synthetic_simulation,4,1,3,2,3,2,2,4,1,1,4,2,5,5,1,1,Buddhism,Kandy,Group D
14,94,0,0,1,8,83,2,1,4,2,1,1,0,5,1,2,2,Female,71,SIM-1738,synthetic_simulation,5,2,3,1,2,3,2,1,5,3,5,5,4,5,4,1,Islam,Colombo,Group A
26,84,2,0,1,10,89,2,1,0,1,0,0,2,1,0,1,0,Male,70,SIM-1739,synthetic_simulation,1,4,5,5,3,3,4,5,1,1,2,3,5,2,4,2,Hinduism,Negombo,Group A
30,87,1,2,0,7,59,2,1,2,2,2,1,1,3,0,1,1,Female,69,SIM-1740,synthetic_simulation,4,2,2,1,2,3,4,1,2,5,2,3,1,3,5,2,Other,Colombo,Group C
19,100,2,1,0,6,66,0,1,0,1,2,1,1,3,0,1,1,Female,68,SIM-1741,synthetic_simulation,2,3,3,2,5,1,5,3,1,4,2,1,1,1,5,1,Other,Jaffna,Group C
19,69,2,0,1,6,72,2,0,1,1,2,1,1,1,0,0,2,Non-binary,64,SIM-1742,synthetic_simulation,1,2,4,5,5,2,4,3,3,4,2,4,1,5,3,1,Christianity,Negombo,Group D
20,85,0,2,1,9,83,1,1,3,2,2,1,2,3,1,0,2,Male,70,SIM-1743,synthetic_simulation,3,2,5,1,4,5,3,5,1,5,2,5,2,2,5,4,Christianity,Negombo,Group C
27,78,0,1,1,5,77,2,1,0,2,1,0,1,3,0,2,2,Male,69,SIM-1744,synthetic_simulation,1,5,2,4,4,3,2,3,5,3,1,3,3,3,3,5,Buddhism,Kandy,Group B
14,62,2,2,1,6,78,2,1,0,0,2,1,2,2,0,0,2,Female,63,SIM-1745,synthetic_simulation,1,3,4,2,5,2,4,2,2,2,5,3,2,1,4,3,Other,Kandy,Group B
21,61,1,2,0,7,58,2,1,1,2,1,1,0,3,0,1,2,Non-binary,60,SIM-1746,synthetic_simulation,4,1,5,4,4,4,2,3,1,2,4,2,4,2,1,2,Buddhism,Negombo,Group D
26,65,0,1,0,7,74,2,1,2,1,2,1,0,4,0,1,2,Male,65,SIM-1747,synthetic_simulation,2,2,2,4,5,1,1,4,4,4,5,5,1,3,5,2,Hinduism,Colombo,Group B
23,86,2,2,0,8,91,2,1,0,1,2,1,0,0,0,1,2,Female,67,SIM-1748,synthetic_simulation,3,1,4,2,3,3,5,3,2,2,3,5,3,4,4,1,Other,Jaffna,Group A
21,83,2,1,0,5,75,1,1,1,2,2,1,0,4,0,0,2,Non-binary,66,SIM-1749,synthetic_simulation,5,3,3,5,1,2,4,2,2,3,4,3,4,2,3,2,Hinduism,Jaffna,Group D
26,82,1,0,0,7,60,2,0,3,1,2,1,1,3,0,2,2,Male,68,SIM-1750,synthetic_simulation,5,2,5,3,5,2,2,5,5,2,2,4,5,5,5,5,Buddhism,Kandy,Group B
4,61,1,0,1,7,71,0,1,0,1,1,1,2,1,0,2,2,Female,58,SIM-1751,synthetic_simulation,1,5,5,3,5,3,1,3,4,1,3,5,3,2,1,4,Islam,Colombo,Group C
24,79,1,0,1,5,88,2,1,0,2,2,1,1,3,0,1,1,Non-binary,67,SIM-1752,synthetic_simulation,4,4,3,2,5,2,5,2,3,5,3,5,2,1,5,4,Hinduism,Colombo,Group A
16,97,2,2,1,8,57,1,1,0,2,2,1,2,4,1,1,2,Female,68,SIM-1753,synthetic_simulation,4,5,1,3,4,2,5,4,1,4,3,2,1,2,3,1,Islam,Galle,Group C
9,76,2,2,1,7,79,2,1,1,1,2,1,1,3,0,1,2,Female,62,SIM-1754,synthetic_simulation,5,5,4,1,4,5,1,1,3,2,3,2,3,1,4,1,Other,Galle,Group A
23,85,1,0,0,7,98,0,0,2,1,2,1,0,3,0,2,1,Male,69,SIM-1755,synthetic_simulation,3,4,3,5,4,1,4,1,4,3,2,2,4,3,4,3,Islam,Galle,Group D
28,91,2,0,1,6,69,0,1,1,2,0,0,1,4,0,1,0,Female,73,SIM-1756,synthetic_simulation,2,4,5,4,4,5,4,5,2,2,3,4,2,4,1,5,Islam,Jaffna,Group B
19,91,0,1,0,6,52,2,1,2,1,2,1,0,4,1,1,1,Non-binary,66,SIM-1757,synthetic_simulation,3,4,4,4,3,1,2,5,5,5,5,4,4,1,1,2,Buddhism,Jaffna,Group D
26,81,1,2,1,5,82,2,1,0,2,2,1,0,5,1,2,2,Female,67,SIM-1758,synthetic_simulation,2,2,4,2,5,1,3,1,5,1,2,5,4,3,4,1,Buddhism,Negombo,Group C
30,94,2,2,0,8,52,2,1,1,2,1,1,1,4,0,1,2,Non-binary,71,SIM-1759,synthetic_simulation,5,1,1,4,3,5,2,1,2,4,3,4,1,3,2,3,Buddhism,Negombo,Group C
28,76,2,2,1,9,60,2,1,1,1,2,1,1,2,0,1,0,Non-binary,66,SIM-1760,synthetic_simulation,2,1,5,1,4,3,2,5,5,4,3,2,3,4,4,4,Buddhism,Jaffna,Group A
30,96,0,2,1,10,52,2,1,0,0,0,1,2,4,0,0,1,Non-binary,74,SIM-1761,synthetic_simulation,4,4,2,1,3,2,2,1,3,3,5,4,4,5,3,2,Other,Colombo,Group A
24,70,2,0,0,8,59,1,1,2,1,0,1,2,5,0,1,2,Female,67,SIM-1762,synthetic_simulation,1,5,1,2,5,4,1,3,2,1,1,5,2,5,5,4,Buddhism,Colombo,Group D
20,71,0,2,0,6,93,0,1,2,2,0,1,0,2,0,2,2,Female,68,SIM-1763,synthetic_simulation,1,3,1,4,5,5,5,2,1,2,1,3,4,2,2,4,Other,Kandy,Group B
10,62,2,2,0,6,87,0,1,2,1,0,1,1,3,0,1,2,Non-binary,61,SIM-1764,synthetic_simulation,5,4,2,3,4,5,5,5,1,2,5,1,4,5,4,5,Other,Galle,Group C
19,92,2,0,0,8,67,2,1,2,2,2,0,0,2,0,1,2,Female,69,SIM-1765,synthetic_simulation,4,5,2,3,5,3,3,2,4,3,1,4,2,2,5,1,Islam,Kandy,Group D
15,77,1,2,1,7,95,1,1,4,1,2,1,2,4,0,1,1,Non-binary,65,SIM-1766,synthetic_simulation,3,5,1,5,3,2,4,4,2,1,4,3,5,1,1,1,Other,Jaffna,Group D
33,69,2,0,1,7,83,2,1,2,2,1,1,1,2,0,2,2,Male,71,SIM-1767,synthetic_simulation,4,2,4,2,2,5,2,4,3,3,4,5,4,1,4,1,Buddhism,Colombo,Group A
19,69,2,1,0,7,72,2,1,1,1,1,1,2,2,0,1,0,Male,61,SIM-1768,synthetic_simulation,1,2,3,5,5,4,1,3,2,5,4,3,2,2,2,4,Christianity,Colombo,Group D
21,96,2,0,1,9,53,2,1,0,1,0,1,1,3,0,0,2,Female,70,SIM-1769,synthetic_simulation,1,1,3,3,3,2,1,4,2,5,1,3,1,4,3,3,Islam,Negombo,Group A
23,93,2,1,0,6,87,2,1,2,2,2,0,1,3,0,1,1,Non-binary,70,SIM-1770,synthetic_simulation,4,1,1,3,3,5,2,5,3,2,4,3,3,4,5,5,Other,Colombo,Group B
20,82,2,0,1,9,69,1,1,1,2,2,1,2,3,0,0,2,Non-binary,69,SIM-1771,synthetic_simulation,4,3,4,3,3,5,1,3,5,5,4,2,2,5,5,5,Islam,Jaffna,Group C
30,85,0,1,1,7,65,0,1,2,1,2,1,0,3,0,1,2,Non-binary,70,SIM-1772,synthetic_simulation,1,3,2,5,5,1,1,3,3,3,1,4,2,1,4,4,Other,Galle,Group D
16,79,0,2,1,6,64,2,1,4,1,1,1,2,4,1,0,2,Female,67,SIM-1773,synthetic_simulation,3,3,1,2,2,1,2,5,2,4,5,3,3,1,3,1,Other,Kandy,Group D
21,76,1,2,0,6,50,1,1,2,1,2,1,0,4,0,2,1,Male,63,SIM-1774,synthetic_simulation,5,3,5,1,4,5,3,1,2,5,2,5,2,4,3,3,Islam,Colombo,Group D
16,97,2,2,0,7,87,2,1,1,0,2,1,1,3,0,1,2,Female,70,SIM-1775,synthetic_simulation,5,5,4,1,4,3,1,2,2,3,4,1,5,3,1,1,Islam,Colombo,Group B
12,65,2,2,0,8,57,2,1,1,0,0,0,2,5,1,1,2,Male,61,SIM-1776,synthetic_simulation,4,5,5,3,5,1,5,5,2,4,1,1,1,4,4,5,Hinduism,Jaffna,Group D
16,77,1,0,1,6,76,1,1,1,1,2,1,1,1,0,2,1,Non-binary,64,SIM-1777,synthetic_simulation,5,1,5,2,5,5,5,1,4,4,2,1,5,4,5,3,Hinduism,Jaffna,Group B
20,74,2,2,1,8,51,0,1,2,2,2,1,0,3,0,0,2,Male,65,SIM-1778,synthetic_simulation,1,2,1,2,1,2,5,1,5,5,2,2,4,3,1,2,Buddhism,Jaffna,Group C
17,80,2,2,0,6,81,2,1,1,2,0,1,1,1,0,0,0,Male,65,SIM-1779,synthetic_simulation,1,2,4,4,2,4,2,4,2,1,3,4,1,5,5,2,Other,Negombo,Group C
16,78,2,1,1,7,68,0,1,3,1,0,0,2,3,0,2,0,Female,66,SIM-1780,synthetic_simulation,4,4,5,4,3,1,5,3,4,5,2,1,4,2,1,4,Islam,Colombo,Group B
12,81,0,0,1,5,82,1,1,1,2,0,1,2,3,0,1,0,Non-binary,66,SIM-1781,synthetic_simulation,4,5,4,5,3,5,4,3,2,5,4,2,3,5,4,2,Christianity,Kandy,Group C
20,66,1,2,1,8,54,2,1,2,2,1,1,2,2,0,2,2,Female,63,SIM-1782,synthetic_simulation,4,3,3,4,4,1,1,4,5,1,5,5,2,3,1,5,Islam,Kandy,Group D
11,81,1,0,1,7,63,2,1,3,2,2,1,1,2,0,2,2,Non-binary,66,SIM-1783,synthetic_simulation,3,3,5,5,5,2,3,4,5,5,4,5,2,3,1,5,Hinduism,Kandy,Group A
25,70,2,2,1,9,56,0,1,0,1,2,1,2,1,0,1,0,Non-binary,64,SIM-1784,synthetic_simulation,5,4,5,1,2,3,5,3,3,3,3,2,1,5,3,2,Islam,Negombo,Group C
20,67,0,1,0,8,82,2,1,3,1,0,1,1,4,1,1,2,Non-binary,65,SIM-1785,synthetic_simulation,4,2,4,3,4,5,2,5,4,1,2,4,2,2,3,4,Christianity,Galle,Group D
11,63,0,2,0,7,55,1,1,3,0,2,0,2,1,0,2,2,Female,62,SIM-1786,synthetic_simulation,2,3,3,2,2,2,3,5,5,3,3,5,2,5,5,4,Islam,Negombo,Group D
18,91,1,0,1,9,81,0,1,4,0,2,1,1,5,0,1,1,Female,71,SIM-1787,synthetic_simulation,2,2,5,1,5,4,2,5,1,4,4,4,4,1,3,3,Islam,Colombo,Group C
15,77,2,2,1,8,57,1,1,1,1,2,1,1,2,0,0,2,Non-binary,63,SIM-1788,synthetic_simulation,1,4,1,1,3,5,3,5,2,1,4,2,5,1,4,2,Christianity,Negombo,Group D
22,85,2,0,0,9,97,0,1,0,2,0,1,0,3,0,0,1,Male,70,SIM-1789,synthetic_simulation,5,2,4,5,1,4,3,4,5,4,4,5,2,1,4,2,Hinduism,Jaffna,Group A
28,89,2,1,1,6,71,1,1,2,1,2,0,1,4,0,0,1,Non-binary,70,SIM-1790,synthetic_simulation,4,2,4,3,2,3,1,2,4,2,5,5,4,2,1,5,Islam,Kandy,Group A
9,87,2,2,0,8,56,2,1,1,2,0,1,2,3,0,0,1,Male,65,SIM-1791,synthetic_simulation,2,2,5,5,3,5,3,2,4,2,4,3,5,2,5,2,Hinduism,Colombo,Group A
21,79,0,0,1,8,52,2,1,1,1,2,1,1,3,1,1,2,Female,66,SIM-1792,synthetic_simulation,5,3,3,1,2,5,4,3,4,3,4,5,2,3,4,1,Christianity,Colombo,Group B
19,76,2,1,1,5,66,2,1,2,2,2,0,2,4,0,0,2,Female,66,SIM-1793,synthetic_simulation,1,1,5,2,2,2,4,2,3,4,2,1,1,4,1,4,Islam,Colombo,Group D
24,75,2,1,0,9,95,0,1,0,2,0,1,2,2,0,0,2,Male,68,SIM-1794,synthetic_simulation,3,5,2,4,2,1,4,5,2,4,5,3,1,2,5,4,Islam,Colombo,Group C
21,86,0,0,0,5,57,2,1,1,1,2,0,0,3,0,1,2,Female,68,SIM-1795,synthetic_simulation,5,2,5,5,5,5,2,4,1,1,2,2,1,4,4,3,Other,Galle,Group D
15,80,0,2,1,5,90,2,1,4,2,0,0,1,3,0,1,2,Female,69,SIM-1796,synthetic_simulation,5,2,2,1,4,3,1,5,4,2,3,1,3,1,2,2,Buddhism,Negombo,Group A
18,94,2,2,1,4,71,2,1,3,0,1,1,2,3,0,0,2,Male,71,SIM-1797,synthetic_simulation,3,2,1,4,2,5,2,1,2,3,1,1,1,1,1,4,Christianity,Colombo,Group A
15,95,2,2,1,8,90,1,1,2,1,2,0,0,1,0,2,2,Female,69,SIM-1798,synthetic_simulation,5,1,4,4,5,5,5,4,4,3,2,4,2,4,4,2,Hinduism,Galle,Group A
26,67,2,0,1,5,94,2,1,0,2,2,1,2,2,0,0,2,Male,68,SIM-1799,synthetic_simulation,1,4,4,1,1,5,4,1,4,1,5,3,2,5,2,5,Christianity,Negombo,Group D
20,65,2,0,1,6,100,2,1,2,1,0,1,1,5,0,1,1,Male,67,SIM-1800,synthetic_simulation,1,3,3,3,4,5,1,1,1,1,2,4,1,3,1,4,Other,Negombo,Group D
31,85,0,2,0,8,53,2,1,2,1,0,1,2,3,0,1,2,Non-binary,72,SIM-1801,synthetic_simulation,3,1,5,1,5,3,4,3,2,3,1,3,1,3,4,2,Christianity,Galle,Group D
20,72,0,2,1,7,90,0,1,2,2,2,1,1,3,0,1,2,Female,68,SIM-1802,synthetic_simulation,4,2,1,2,1,2,1,1,4,1,2,3,4,5,1,2,Buddhism,Jaffna,Group B
16,61,0,2,1,6,53,1,1,0,0,2,1,2,4,1,1,1,Non-binary,60,SIM-1803,synthetic_simulation,2,1,2,4,4,1,2,2,3,4,1,1,5,4,3,3,Christianity,Jaffna,Group A
11,96,2,0,0,5,66,0,1,2,1,2,1,1,4,0,1,1,Male,68,SIM-1804,synthetic_simulation,4,1,3,2,5,3,2,2,4,3,5,5,1,4,2,4,Hinduism,Colombo,Group C
9,69,0,2,1,7,82,0,1,1,0,0,1,2,2,0,1,2,Female,65,SIM-1805,synthetic_simulation,5,1,1,5,1,3,4,1,2,5,2,4,4,2,5,1,Hinduism,Galle,Group A
10,97,1,0,0,8,72,0,1,0,1,2,1,1,3,0,2,1,Female,67,SIM-1806,synthetic_simulation,2,4,1,4,5,4,3,3,5,2,5,4,2,1,5,4,Buddhism,Galle,Group A
22,89,1,2,0,8,78,1,1,4,0,2,0,2,3,0,1,2,Male,70,SIM-1807,synthetic_simulation,3,5,2,3,1,1,1,1,4,2,5,1,1,1,1,5,Other,Jaffna,Group B
23,91,2,1,1,10,98,0,1,0,1,0,0,0,3,0,1,2,Non-binary,70,SIM-1808,synthetic_simulation,3,3,2,1,2,2,5,4,3,5,3,5,4,4,1,2,Islam,Galle,Group A
11,68,2,2,0,6,91,1,1,3,1,0,1,0,2,0,0,0,Male,61,SIM-1809,synthetic_simulation,2,4,4,5,2,2,3,4,3,5,3,3,4,2,3,4,Islam,Galle,Group A
25,69,0,1,1,5,68,2,1,2,0,0,1,2,4,0,0,0,Female,68,SIM-1810,synthetic_simulation,1,4,5,2,4,4,2,4,4,4,2,3,5,2,2,2,Buddhism,Colombo,Group B
17,81,2,0,0,7,80,0,1,1,1,2,1,0,3,0,2,2,Male,67,SIM-1811,synthetic_simulation,2,5,3,5,1,4,1,4,2,3,2,5,2,3,1,3,Buddhism,Colombo,Group B
21,67,2,0,0,7,52,2,1,3,1,2,1,0,3,1,1,1,Non-binary,62,SIM-1812,synthetic_simulation,5,4,5,3,2,3,3,1,4,1,5,3,5,3,5,3,Hinduism,Galle,Group D
30,72,2,1,0,7,73,2,1,0,0,2,1,1,4,0,1,1,Male,66,SIM-1813,synthetic_simulation,1,1,3,1,4,2,5,5,3,2,3,4,5,4,2,4,Buddhism,Kandy,Group B
25,73,0,2,1,6,80,2,1,3,0,2,1,2,2,0,1,0,Male,69,SIM-1814,synthetic_simulation,3,1,1,5,3,2,3,5,4,5,2,4,5,3,2,3,Hinduism,Kandy,Group C
18,66,2,0,1,4,86,2,1,2,2,2,1,0,4,0,0,2,Female,66,SIM-1815,synthetic_simulation,2,2,2,2,2,2,5,4,3,3,2,4,2,2,3,2,Christianity,Galle,Group A
15,68,2,2,1,5,95,2,1,0,0,2,1,0,5,0,0,2,Male,64,SIM-1816,synthetic_simulation,4,4,2,5,2,3,2,3,5,1,2,1,1,5,1,5,Hinduism,Jaffna,Group D
7,92,0,2,0,8,64,0,1,1,1,1,1,1,4,0,2,2,Female,66,SIM-1817,synthetic_simulation,4,2,1,1,5,2,1,3,4,2,3,3,5,1,2,4,Hinduism,Colombo,Group C
16,67,2,2,0,7,95,1,1,2,2,2,1,1,5,1,1,2,Non-binary,63,SIM-1818,synthetic_simulation,5,3,1,5,3,5,2,1,1,3,2,1,3,4,3,5,Christianity,Kandy,Group A
19,61,1,0,1,8,83,1,1,1,2,2,0,0,3,0,1,2,Male,62,SIM-1819,synthetic_simulation,4,1,3,2,1,4,1,5,4,2,5,3,2,3,5,3,Hinduism,Colombo,Group B
14,85,2,2,1,8,54,1,1,1,0,2,0,0,4,0,2,1,Female,65,SIM-1820,synthetic_simulation,2,3,1,1,4,4,3,1,3,4,2,4,4,3,3,3,Islam,Galle,Group D
19,99,1,0,0,8,69,1,1,0,0,2,0,0,2,0,1,1,Female,68,SIM-1821,synthetic_simulation,2,5,3,3,3,4,2,2,2,2,4,4,4,2,3,2,Hinduism,Colombo,Group C
20,73,0,0,1,8,74,1,1,1,1,1,0,0,4,0,1,1,Male,65,SIM-1822,synthetic_simulation,4,1,5,3,1,4,1,4,3,4,1,5,2,3,3,4,Buddhism,Kandy,Group B
19,65,2,0,1,7,68,1,1,1,1,1,1,1,4,0,0,2,Male,63,SIM-1823,synthetic_simulation,2,3,2,4,2,5,5,2,5,4,5,3,4,1,1,4,Hinduism,Galle,Group D
16,83,0,0,1,7,56,2,1,3,2,2,1,0,2,0,1,2,Female,68,SIM-1824,synthetic_simulation,5,5,2,5,4,1,1,2,2,4,2,2,2,4,3,1,Christianity,Galle,Group B
21,96,2,0,1,4,78,1,1,2,0,2,0,2,2,0,1,2,Female,72,SIM-1825,synthetic_simulation,1,3,2,2,4,2,2,3,1,1,4,1,1,3,5,2,Buddhism,Galle,Group B
23,91,0,1,0,6,57,2,1,2,1,2,0,2,3,0,1,2,Non-binary,69,SIM-1826,synthetic_simulation,5,5,5,5,3,4,2,5,1,1,3,4,2,5,2,4,Christianity,Colombo,Group D
13,85,1,2,0,6,96,1,1,1,1,0,1,2,5,0,2,0,Non-binary,66,SIM-1827,synthetic_simulation,5,5,5,1,5,2,3,4,5,4,5,5,1,5,4,5,Christianity,Jaffna,Group D
28,73,1,1,1,7,93,0,1,2,1,0,0,1,3,0,0,2,Non-binary,68,SIM-1828,synthetic_simulation,2,1,4,4,1,2,5,1,5,3,5,5,2,4,1,3,Islam,Kandy,Group B
19,82,1,1,0,6,74,2,1,1,2,0,1,1,2,0,1,1,Male,64,SIM-1829,synthetic_simulation,1,2,3,2,3,5,1,4,5,4,2,4,5,5,4,5,Other,Negombo,Group D
20,64,2,1,1,8,53,1,1,1,1,2,1,2,2,0,1,2,Male,61,SIM-1830,synthetic_simulation,2,5,3,5,5,2,2,1,5,3,3,3,3,5,3,3,Islam,Kandy,Group C
24,87,1,2,0,6,78,0,1,0,1,1,1,1,2,1,2,2,Non-binary,67,SIM-1831,synthetic_simulation,3,5,4,2,5,4,1,1,4,2,2,5,1,3,1,2,Christianity,Kandy,Group B
21,89,2,1,1,9,80,2,1,0,2,1,1,1,3,0,2,1,Male,68,SIM-1832,synthetic_simulation,2,1,2,1,5,2,4,5,3,1,4,3,3,5,5,4,Christianity,Negombo,Group B
26,99,2,2,0,6,94,0,1,2,2,2,1,2,3,0,1,2,Male,74,SIM-1833,synthetic_simulation,2,2,3,4,4,5,5,2,4,3,1,5,4,3,4,3,Christianity,Kandy,Group B
22,70,2,0,1,6,53,2,1,3,2,0,1,2,2,0,1,2,Male,67,SIM-1834,synthetic_simulation,2,4,3,2,1,4,5,1,2,3,3,1,1,1,2,2,Christianity,Galle,Group A
16,61,2,0,1,6,85,2,1,2,2,2,0,2,3,0,1,2,Male,64,SIM-1835,synthetic_simulation,1,4,2,1,1,5,4,5,1,3,1,3,4,2,5,5,Christianity,Galle,Group A
22,82,1,0,0,6,78,2,1,3,2,0,1,1,3,0,1,1,Non-binary,69,SIM-1836,synthetic_simulation,2,2,1,3,3,3,5,2,1,5,4,5,5,3,5,3,Islam,Colombo,Group C
13,88,0,2,1,9,59,2,1,0,1,2,0,0,3,1,1,0,Male,63,SIM-1837,synthetic_simulation,1,3,1,2,2,1,4,2,2,1,5,4,5,2,4,4,Other,Negombo,Group D
21,92,2,2,0,7,56,2,1,0,1,2,0,1,4,0,1,1,Non-binary,67,SIM-1838,synthetic_simulation,4,1,4,4,3,2,1,4,1,5,4,2,1,3,2,5,Christianity,Galle,Group B
20,68,0,2,1,7,85,2,1,1,2,2,1,1,3,0,0,0,Non-binary,65,SIM-1839,synthetic_simulation,3,2,5,2,1,2,4,4,5,2,1,4,1,3,1,2,Other,Negombo,Group D
19,70,2,2,1,6,67,2,1,5,2,1,1,2,4,0,2,1,Male,67,SIM-1840,synthetic_simulation,1,4,3,2,4,2,3,4,5,3,3,3,3,4,5,5,Buddhism,Galle,Group B
19,81,0,2,0,7,100,2,1,1,1,2,0,0,5,0,2,1,Male,68,SIM-1841,synthetic_simulation,4,5,3,1,3,3,4,3,5,1,2,4,4,3,1,3,Hinduism,Kandy,Group C
9,73,2,1,1,7,95,2,0,3,1,2,0,0,3,0,2,2,Non-binary,62,SIM-1842,synthetic_simulation,1,4,4,5,2,1,1,2,2,1,1,4,3,5,5,1,Christianity,Negombo,Group D
17,94,0,2,1,7,78,2,1,1,1,0,1,1,3,0,0,2,Male,70,SIM-1843,synthetic_simulation,1,5,4,5,3,5,5,3,3,1,3,2,1,5,3,1,Christianity,Galle,Group C
21,79,1,0,1,7,82,2,1,1,0,2,1,0,3,0,1,2,Non-binary,67,SIM-1844,synthetic_simulation,3,1,3,2,5,3,3,4,2,3,1,4,3,3,5,4,Christianity,Jaffna,Group D
21,92,0,0,1,9,58,2,1,2,0,2,1,1,5,0,1,1,Female,89,SIM-1845,synthetic_simulation,5,5,2,4,2,3,4,5,3,4,5,5,1,1,1,2,Hinduism,Negombo,Group A
14,83,0,2,1,7,95,1,1,1,1,2,0,1,2,1,1,2,Female,65,SIM-1846,synthetic_simulation,5,2,2,4,5,4,1,4,1,4,5,1,2,5,2,4,Other,Negombo,Group D
28,91,1,2,1,5,73,2,0,2,2,2,1,1,2,0,1,2,Non-binary,69,SIM-1847,synthetic_simulation,1,5,5,1,4,3,3,1,1,4,2,2,4,2,4,3,Islam,Jaffna,Group A
15,73,2,2,0,7,76,0,1,2,1,2,1,2,4,0,1,0,Female,64,SIM-1848,synthetic_simulation,2,3,3,2,1,3,3,5,1,5,5,3,5,1,2,2,Christianity,Negombo,Group C
26,93,0,1,0,6,94,2,1,6,0,2,0,0,4,0,1,2,Non-binary,74,SIM-1849,synthetic_simulation,4,2,3,2,3,2,3,5,3,3,4,5,5,2,5,1,Hinduism,Colombo,Group B
23,71,2,0,0,8,50,2,1,0,0,2,1,2,2,0,1,0,Non-binary,64,SIM-1850,synthetic_simulation,2,1,3,5,3,4,4,2,1,2,2,3,3,3,1,5,Buddhism,Kandy,Group D
16,82,1,0,0,7,75,2,1,0,1,2,1,0,2,0,2,1,Male,64,SIM-1851,synthetic_simulation,2,2,3,1,5,5,1,3,2,5,1,2,5,3,3,5,Hinduism,Kandy,Group B
31,69,2,1,1,9,81,2,1,2,2,2,0,0,2,0,0,2,Female,67,SIM-1852,synthetic_simulation,1,3,4,3,5,1,1,1,3,1,4,2,2,3,2,3,Christianity,Galle,Group B
13,79,1,1,1,6,58,0,1,2,2,2,1,2,4,0,0,1,Female,63,SIM-1853,synthetic_simulation,1,1,1,4,1,5,1,5,5,4,3,4,2,5,3,3,Other,Colombo,Group D
26,73,0,2,1,7,53,1,1,3,2,0,0,1,5,0,1,1,Male,68,SIM-1854,synthetic_simulation,1,4,3,4,3,4,2,3,3,1,1,2,3,1,4,2,Other,Jaffna,Group B
26,71,1,2,1,5,77,1,1,0,2,2,1,1,5,0,2,2,Non-binary,66,SIM-1855,synthetic_simulation,1,3,1,2,1,2,5,3,2,5,5,3,5,2,3,1,Buddhism,Jaffna,Group D
16,99,1,0,1,7,77,0,1,0,1,2,1,1,3,1,1,1,Male,68,SIM-1856,synthetic_simulation,5,1,2,1,5,1,1,1,2,4,1,2,5,4,4,5,Christianity,Kandy,Group A
28,66,2,0,0,5,67,2,1,1,0,2,0,2,1,0,2,1,Female,68,SIM-1857,synthetic_simulation,1,5,5,3,5,5,2,1,2,3,5,1,1,1,3,2,Buddhism,Jaffna,Group B
18,91,2,2,0,7,94,2,1,3,1,2,0,1,2,0,1,2,Non-binary,69,SIM-1858,synthetic_simulation,5,2,2,4,2,1,2,4,1,4,4,4,3,2,5,2,Buddhism,Kandy,Group C
22,99,0,1,0,7,65,2,1,3,1,1,1,1,3,0,2,2,Non-binary,71,SIM-1859,synthetic_simulation,5,1,3,1,5,1,3,4,5,4,4,2,1,4,3,2,Christianity,Colombo,Group B
22,61,1,0,1,7,76,2,1,1,0,2,1,2,3,0,0,2,Male,65,SIM-1860,synthetic_simulation,1,2,2,3,5,1,5,5,5,4,4,1,2,1,2,4,Other,Colombo,Group A
19,88,1,2,1,8,59,2,1,2,2,2,0,1,4,0,1,2,Non-binary,67,SIM-1861,synthetic_simulation,3,5,4,2,1,3,3,5,4,5,2,3,3,1,2,2,Other,Colombo,Group B
25,70,2,2,0,7,51,2,1,1,0,2,1,0,4,0,0,2,Female,65,SIM-1862,synthetic_simulation,4,1,1,5,2,4,5,5,2,4,5,3,1,3,2,2,Other,Galle,Group B
25,62,0,2,0,5,71,2,1,0,1,0,0,2,4,0,1,1,Female,65,SIM-1863,synthetic_simulation,2,4,3,4,2,4,3,4,1,5,1,1,2,1,4,2,Other,Jaffna,Group A
10,76,2,1,0,6,76,2,1,1,0,0,1,0,2,0,2,2,Female,80,SIM-1864,synthetic_simulation,5,3,4,4,3,2,4,5,3,1,1,1,5,2,4,2,Other,Galle,Group A
28,97,2,2,1,7,88,0,1,2,2,2,1,1,2,0,1,1,Non-binary,74,SIM-1865,synthetic_simulation,4,1,1,3,4,5,5,5,1,3,1,2,3,3,5,4,Buddhism,Negombo,Group A
10,60,2,2,0,7,72,1,0,3,2,1,1,2,3,0,1,2,Male,59,SIM-1866,synthetic_simulation,3,5,4,5,3,2,2,4,2,4,2,4,1,1,4,3,Islam,Jaffna,Group D
26,84,2,2,0,7,64,1,1,2,0,0,1,1,3,0,1,2,Female,69,SIM-1867,synthetic_simulation,2,1,2,1,3,5,2,4,1,5,2,4,4,3,5,4,Christianity,Negombo,Group D
27,80,2,1,1,9,80,2,1,0,0,2,1,1,2,1,1,1,Non-binary,66,SIM-1868,synthetic_simulation,2,2,3,2,3,1,5,5,2,4,5,5,5,4,3,2,Islam,Colombo,Group B
13,95,2,2,1,7,69,2,1,1,1,1,1,2,2,1,2,1,Male,66,SIM-1869,synthetic_simulation,5,1,2,1,2,5,3,5,3,4,2,1,1,2,1,3,Buddhism,Galle,Group C
18,63,0,0,0,8,62,2,1,2,0,2,1,2,4,0,1,2,Non-binary,65,SIM-1870,synthetic_simulation,1,4,5,3,1,5,4,3,3,4,4,3,1,4,2,4,Christianity,Galle,Group C
13,87,0,2,1,4,96,1,1,3,1,1,1,1,3,1,0,2,Female,67,SIM-1871,synthetic_simulation,3,1,3,4,5,1,4,2,5,2,1,5,3,2,2,1,Buddhism,Kandy,Group D
19,87,0,0,0,8,77,1,1,3,1,2,0,1,4,0,1,1,Non-binary,69,SIM-1872,synthetic_simulation,5,3,2,4,2,2,1,4,4,3,4,1,4,5,5,1,Christianity,Colombo,Group A
18,87,2,1,1,10,60,0,1,2,2,2,1,2,3,0,1,2,Female,68,SIM-1873,synthetic_simulation,3,1,3,1,5,5,5,2,1,3,2,1,5,4,4,2,Hinduism,Kandy,Group C
25,98,2,2,1,9,84,2,1,1,2,0,0,1,2,0,2,2,Female,73,SIM-1874,synthetic_simulation,1,2,1,2,5,2,4,4,4,5,1,5,5,5,3,2,Buddhism,Colombo,Group A
28,93,1,0,1,6,90,2,1,1,1,2,1,2,2,1,1,2,Female,71,SIM-1875,synthetic_simulation,1,1,3,3,4,2,3,3,1,1,3,4,3,3,5,5,Buddhism,Kandy,Group C
28,62,0,2,1,10,88,2,1,0,1,0,1,2,2,1,2,1,Female,67,SIM-1876,synthetic_simulation,5,4,3,2,3,4,3,2,5,1,4,1,3,4,2,1,Hinduism,Galle,Group B
17,79,2,2,1,7,80,1,1,1,0,0,1,2,3,0,0,2,Non-binary,67,SIM-1877,synthetic_simulation,1,5,1,3,4,1,2,3,5,1,3,5,3,1,5,3,Other,Galle,Group C
19,76,0,1,0,7,76,2,1,0,0,0,1,1,2,0,2,2,Non-binary,66,SIM-1878,synthetic_simulation,4,1,2,2,3,1,4,1,3,4,5,2,4,2,1,3,Hinduism,Kandy,Group D
10,72,2,1,0,7,89,2,1,3,2,2,1,0,4,0,0,2,Male,63,SIM-1879,synthetic_simulation,2,1,3,1,2,3,4,2,3,5,4,2,3,1,1,5,Hinduism,Kandy,Group D
15,78,0,0,0,7,85,2,0,1,0,2,1,0,1,0,1,0,Male,65,SIM-1880,synthetic_simulation,5,3,4,5,5,2,3,2,3,4,1,3,4,1,1,1,Islam,Jaffna,Group C
26,75,2,1,1,4,79,2,1,2,0,2,1,0,1,0,0,2,Male,67,SIM-1881,synthetic_simulation,3,4,3,3,4,3,2,2,1,2,1,4,4,3,3,4,Islam,Galle,Group B
30,77,2,1,1,8,83,2,1,1,1,1,1,2,3,0,0,2,Male,69,SIM-1882,synthetic_simulation,4,5,2,1,2,1,4,1,4,5,3,5,2,3,1,4,Other,Negombo,Group D
13,99,2,2,1,7,58,2,1,1,1,2,1,1,2,0,1,2,Female,67,SIM-1883,synthetic_simulation,5,2,1,4,2,1,3,1,4,5,1,4,3,1,3,3,Islam,Negombo,Group C
16,64,0,2,1,7,51,0,1,4,0,0,1,1,3,0,0,2,Female,66,SIM-1884,synthetic_simulation,1,1,2,4,3,3,2,3,3,5,4,4,3,1,5,4,Other,Colombo,Group A
20,97,0,0,1,7,97,1,1,2,2,0,0,1,4,0,1,1,Non-binary,74,SIM-1885,synthetic_simulation,1,5,5,2,5,1,2,1,5,2,2,5,5,1,3,2,Hinduism,Jaffna,Group A
22,79,0,2,0,6,97,2,0,2,0,2,1,2,2,0,0,1,Non-binary,69,SIM-1886,synthetic_simulation,1,2,3,4,3,1,3,4,4,5,2,1,3,2,2,2,Islam,Kandy,Group C
15,85,1,2,1,7,89,0,1,0,2,2,1,0,4,0,0,1,Male,66,SIM-1887,synthetic_simulation,1,4,3,5,3,4,2,5,5,2,1,2,4,3,4,5,Other,Negombo,Group A
23,93,0,1,1,9,69,1,1,0,2,2,0,2,3,1,2,1,Non-binary,69,SIM-1888,synthetic_simulation,3,4,1,3,2,5,2,2,3,1,5,3,3,4,1,4,Other,Colombo,Group A
17,74,2,2,1,8,58,1,1,1,0,2,1,1,2,0,0,0,Non-binary,63,SIM-1889,synthetic_simulation,4,5,3,2,3,4,1,3,1,5,4,1,1,3,4,5,Islam,Galle,Group B
20,77,2,1,1,7,68,2,0,0,2,0,0,2,3,0,0,2,Non-binary,65,SIM-1890,synthetic_simulation,2,2,4,3,1,5,2,3,2,4,5,4,5,1,5,1,Christianity,Galle,Group D
23,76,1,2,0,7,86,1,0,1,1,2,0,2,4,0,0,0,Female,64,SIM-1891,synthetic_simulation,3,4,4,3,5,4,4,3,4,3,3,4,1,4,3,4,Islam,Negombo,Group D
20,75,1,2,0,7,67,0,1,0,2,2,0,1,4,0,1,2,Male,64,SIM-1892,synthetic_simulation,3,5,2,1,3,4,2,3,3,2,1,5,4,4,3,3,Other,Colombo,Group B
17,97,1,0,1,6,90,1,1,2,2,1,1,0,2,0,1,1,Male,69,SIM-1893,synthetic_simulation,2,4,1,4,3,2,4,2,3,1,3,2,1,4,4,3,Christianity,Galle,Group D
19,93,0,0,0,7,84,2,1,5,1,0,1,0,3,0,1,2,Non-binary,73,SIM-1894,synthetic_simulation,2,4,5,3,4,3,3,3,4,1,5,2,4,3,5,1,Islam,Colombo,Group A
19,64,2,2,1,8,81,0,1,1,2,2,1,0,3,1,1,1,Non-binary,62,SIM-1895,synthetic_simulation,1,4,2,5,5,4,2,2,2,3,4,3,5,1,4,2,Hinduism,Galle,Group C
18,64,1,1,1,7,97,1,1,2,2,1,0,1,4,0,0,2,Female,62,SIM-1896,synthetic_simulation,3,3,1,5,5,2,3,3,1,5,5,1,2,1,2,2,Buddhism,Galle,Group B
18,77,2,2,1,6,95,0,1,0,2,0,0,2,2,0,2,1,Female,68,SIM-1897,synthetic_simulation,5,2,1,4,3,4,5,3,4,4,2,3,1,5,1,2,Islam,Galle,Group D
30,64,2,2,0,7,86,1,1,1,2,2,0,2,3,0,2,0,Non-binary,66,SIM-1898,synthetic_simulation,2,5,2,4,1,3,2,5,1,3,5,4,5,2,1,4,Islam,Kandy,Group C
23,85,1,0,1,8,60,0,1,2,2,2,1,2,1,1,0,1,Female,68,SIM-1899,synthetic_simulation,2,5,2,2,4,2,3,4,3,5,5,4,2,3,3,5,Buddhism,Kandy,Group D
18,66,1,0,1,5,97,2,1,4,2,2,1,1,4,0,1,1,Female,66,SIM-1900,synthetic_simulation,4,2,3,2,1,5,5,1,4,5,5,2,4,5,5,1,Christianity,Colombo,Group B
24,81,1,2,1,6,61,1,1,3,2,2,1,2,3,0,2,2,Non-binary,69,SIM-1901,synthetic_simulation,5,2,5,2,3,3,4,1,1,2,5,4,4,5,5,4,Buddhism,Galle,Group A
18,60,2,2,1,5,69,2,1,0,2,2,1,1,2,0,2,2,Non-binary,62,SIM-1902,synthetic_simulation,5,2,4,4,5,1,4,1,5,4,4,1,2,5,3,3,Christianity,Colombo,Group D
27,73,1,2,0,7,91,2,1,2,0,2,1,1,4,0,0,0,Female,68,SIM-1903,synthetic_simulation,2,2,3,3,5,2,4,4,5,4,1,1,5,3,5,5,Other,Negombo,Group B
22,87,2,2,0,8,60,1,1,2,2,0,1,0,2,0,0,1,Non-binary,67,SIM-1904,synthetic_simulation,1,1,1,1,1,1,4,2,5,2,4,3,2,2,5,5,Christianity,Galle,Group C
19,79,1,2,0,9,82,2,1,1,1,2,0,1,4,0,1,2,Male,65,SIM-1905,synthetic_simulation,4,5,5,2,2,2,4,1,1,5,3,1,1,4,1,4,Hinduism,Galle,Group D
23,99,1,2,0,9,73,2,1,0,1,2,1,0,4,0,0,2,Female,69,SIM-1906,synthetic_simulation,5,1,5,1,3,5,1,1,5,5,2,4,2,2,2,3,Buddhism,Colombo,Group D
11,95,2,2,0,6,81,0,1,2,1,1,1,2,3,0,1,2,Female,67,SIM-1907,synthetic_simulation,2,4,2,5,5,2,3,1,3,4,1,5,3,2,2,5,Hinduism,Colombo,Group A
13,74,1,1,1,7,98,0,1,0,2,2,1,2,3,0,2,2,Female,64,SIM-1908,synthetic_simulation,5,4,5,4,2,4,5,2,1,4,2,2,1,1,3,4,Hinduism,Negombo,Group B
13,62,1,2,1,6,90,2,0,3,0,0,0,1,3,1,2,2,Male,62,SIM-1909,synthetic_simulation,4,5,5,5,5,1,5,4,3,4,2,2,5,5,2,3,Buddhism,Negombo,Group A
21,94,2,2,1,9,65,1,1,5,0,0,0,1,3,1,1,2,Female,71,SIM-1910,synthetic_simulation,4,4,1,2,5,1,2,4,2,4,1,2,1,5,2,4,Christianity,Colombo,Group C
30,96,2,0,1,9,53,2,0,0,2,2,0,1,3,0,1,2,Non-binary,72,SIM-1911,synthetic_simulation,3,2,3,3,2,2,3,2,1,5,1,5,4,4,1,3,Hinduism,Kandy,Group C
33,93,0,0,1,7,98,1,1,0,2,2,1,0,2,1,1,2,Male,74,SIM-1912,synthetic_simulation,2,1,5,2,1,4,1,5,5,4,3,4,4,1,2,1,Hinduism,Jaffna,Group D
24,65,1,0,0,6,79,1,1,1,2,0,1,1,2,0,2,2,Male,66,SIM-1913,synthetic_simulation,4,2,2,1,3,4,1,3,5,5,4,1,4,4,2,2,Christianity,Negombo,Group C
23,100,0,1,1,4,59,2,1,2,2,2,1,2,4,0,1,2,Male,72,SIM-1914,synthetic_simulation,3,4,3,2,2,2,3,2,2,2,1,4,1,3,2,4,Hinduism,Jaffna,Group A
9,70,0,2,0,5,81,2,1,1,0,0,0,1,4,0,2,2,Male,65,SIM-1915,synthetic_simulation,3,1,2,3,2,3,4,3,4,1,3,3,4,1,4,4,Islam,Negombo,Group D
17,89,0,2,1,4,52,0,1,0,1,2,1,2,3,0,0,0,Non-binary,67,SIM-1916,synthetic_simulation,5,2,5,3,5,5,4,4,2,2,5,4,5,5,2,4,Buddhism,Negombo,Group A
15,96,2,0,1,5,59,0,1,2,2,0,0,1,2,0,1,2,Male,70,SIM-1917,synthetic_simulation,5,5,3,4,2,2,3,3,5,2,1,4,5,4,4,4,Christianity,Negombo,Group B
16,69,0,2,1,10,82,2,1,0,1,0,1,0,1,1,1,1,Female,62,SIM-1918,synthetic_simulation,3,2,5,4,3,4,5,1,5,3,4,2,1,1,1,1,Islam,Negombo,Group C
19,96,1,1,1,5,70,0,1,0,1,2,1,2,2,0,1,0,Male,66,SIM-1919,synthetic_simulation,5,4,1,3,1,5,4,3,4,2,5,4,2,1,2,2,Islam,Kandy,Group A
17,72,1,2,1,5,66,2,1,2,0,0,1,0,3,0,0,2,Male,65,SIM-1920,synthetic_simulation,4,1,3,3,1,2,2,3,2,3,5,5,2,2,5,2,Christianity,Kandy,Group D
8,99,1,0,1,6,83,0,1,2,2,0,1,2,4,1,2,2,Male,70,SIM-1921,synthetic_simulation,1,5,2,1,1,5,1,4,3,3,5,2,5,1,4,5,Other,Jaffna,Group A
24,71,0,0,1,10,93,1,1,2,2,2,0,2,2,1,0,2,Male,69,SIM-1922,synthetic_simulation,4,1,1,2,3,3,4,5,2,3,5,3,1,1,2,1,Hinduism,Colombo,Group D
14,98,2,2,1,7,84,1,1,3,0,2,1,1,3,0,1,2,Female,70,SIM-1923,synthetic_simulation,3,5,4,4,5,4,5,3,3,2,2,5,5,5,5,2,Hinduism,Jaffna,Group D
21,62,0,0,0,8,73,2,1,2,0,2,0,0,2,0,0,2,Female,66,SIM-1924,synthetic_simulation,3,1,2,1,3,3,4,4,5,1,4,5,4,3,3,2,Other,Kandy,Group A
32,88,2,1,1,7,83,1,1,1,1,0,0,2,4,0,2,2,Male,73,SIM-1925,synthetic_simulation,4,4,5,2,2,3,4,1,5,3,3,3,4,4,4,3,Other,Kandy,Group B
14,81,0,2,0,4,85,1,1,3,2,0,1,2,4,0,2,1,Male,69,SIM-1926,synthetic_simulation,5,5,2,4,4,4,1,3,2,4,1,1,5,3,1,3,Other,Galle,Group B
5,79,0,0,1,9,89,1,1,3,2,2,0,1,3,0,0,2,Female,66,SIM-1927,synthetic_simulation,5,3,4,1,4,3,2,3,5,4,3,4,4,1,3,1,Hinduism,Galle,Group C
18,69,0,2,1,8,65,2,1,4,2,2,1,1,4,0,1,0,Male,65,SIM-1928,synthetic_simulation,3,1,2,5,4,2,2,1,4,5,2,4,3,5,5,1,Buddhism,Negombo,Group C
27,88,2,1,0,7,56,0,1,2,1,2,1,1,4,0,2,2,Female,70,SIM-1929,synthetic_simulation,2,1,1,5,1,2,5,2,1,4,5,1,3,5,4,2,Hinduism,Galle,Group A
32,68,0,0,0,10,84,2,1,0,2,0,0,2,2,0,2,0,Non-binary,70,SIM-1930,synthetic_simulation,5,2,2,4,3,5,3,5,3,4,1,3,3,5,4,3,Buddhism,Colombo,Group C
13,82,0,2,0,6,56,0,1,2,1,0,1,1,4,0,2,2,Non-binary,67,SIM-1931,synthetic_simulation,4,5,3,1,3,2,3,1,5,3,4,1,2,5,2,3,Hinduism,Jaffna,Group A
23,70,2,0,1,7,73,0,1,1,1,2,0,2,3,0,2,2,Male,68,SIM-1932,synthetic_simulation,5,3,4,2,1,2,3,1,3,2,1,2,2,2,3,2,Buddhism,Jaffna,Group A
17,98,2,1,1,6,62,1,1,1,2,2,0,1,2,0,0,2,Non-binary,68,SIM-1933,synthetic_simulation,4,4,2,2,2,5,5,1,2,4,1,2,1,1,2,2,Buddhism,Kandy,Group A
19,61,0,2,0,9,67,2,1,0,1,2,1,0,2,0,0,0,Non-binary,61,SIM-1934,synthetic_simulation,3,2,4,1,4,1,4,2,4,2,3,2,2,2,1,5,Islam,Jaffna,Group C
36,68,2,2,1,8,74,0,1,2,2,2,1,0,3,0,1,2,Female,70,SIM-1935,synthetic_simulation,5,3,1,5,4,4,2,1,3,1,5,1,5,2,3,4,Hinduism,Colombo,Group D
11,70,0,0,0,7,95,0,1,0,1,0,1,0,5,0,0,1,Female,65,SIM-1936,synthetic_simulation,4,5,3,1,1,2,2,2,5,4,4,5,1,1,4,1,Buddhism,Galle,Group A
22,77,1,2,1,5,84,2,0,3,0,2,1,2,2,0,1,1,Non-binary,66,SIM-1937,synthetic_simulation,3,3,5,5,4,5,4,5,1,1,1,2,1,5,5,1,Islam,Galle,Group A
23,69,2,2,1,6,59,2,1,3,0,2,1,1,3,0,2,1,Male,67,SIM-1938,synthetic_simulation,2,1,2,5,5,3,2,2,4,1,2,1,5,4,1,5,Hinduism,Colombo,Group B
27,80,1,1,1,5,94,0,1,3,0,2,1,0,3,0,1,2,Male,69,SIM-1939,synthetic_simulation,4,1,1,2,3,3,2,5,2,5,2,2,3,5,2,3,Buddhism,Galle,Group B
21,95,2,0,0,9,75,2,1,1,1,2,1,1,2,0,0,0,Male,69,SIM-1940,synthetic_simulation,2,2,4,4,4,2,3,5,5,2,5,2,2,5,2,4,Islam,Negombo,Group A
22,88,2,2,1,5,60,1,1,1,1,2,1,1,2,0,1,1,Non-binary,67,SIM-1941,synthetic_simulation,2,5,4,3,4,4,3,5,4,2,1,4,1,2,1,3,Other,Jaffna,Group C
18,83,0,1,0,9,76,2,1,0,2,1,0,1,4,0,1,2,Non-binary,66,SIM-1942,synthetic_simulation,1,5,1,1,5,5,1,4,5,5,5,1,3,3,3,5,Buddhism,Galle,Group C
22,64,1,2,1,9,60,2,1,1,0,0,0,1,2,0,1,2,Male,63,SIM-1943,synthetic_simulation,5,3,2,5,2,5,1,5,2,3,1,4,4,5,1,5,Islam,Jaffna,Group B
18,88,0,2,0,6,68,1,1,0,2,0,1,1,4,0,1,0,Non-binary,67,SIM-1944,synthetic_simulation,4,2,5,1,2,5,2,2,2,5,4,3,3,1,3,5,Buddhism,Colombo,Group B
24,67,0,1,1,6,90,2,1,0,1,2,1,1,1,0,0,0,Male,64,SIM-1945,synthetic_simulation,2,5,2,4,5,5,3,4,1,5,2,2,3,1,1,1,Hinduism,Galle,Group A
18,91,2,1,0,6,83,2,1,2,1,2,0,1,4,0,1,2,Female,68,SIM-1946,synthetic_simulation,1,1,3,4,2,5,1,1,4,5,3,2,2,1,1,1,Islam,Negombo,Group C
22,70,2,0,1,8,74,1,1,2,1,0,1,0,2,0,1,1,Female,65,SIM-1947,synthetic_simulation,3,3,2,3,1,4,1,1,1,1,5,4,4,2,4,3,Hinduism,Negombo,Group B
20,77,2,1,0,9,61,2,1,2,2,2,1,1,3,0,1,2,Male,65,SIM-1948,synthetic_simulation,4,4,3,3,5,5,3,3,1,2,4,1,1,4,3,2,Islam,Colombo,Group C
27,74,2,1,1,9,64,0,0,1,1,2,1,1,3,0,1,2,Non-binary,65,SIM-1949,synthetic_simulation,2,1,4,5,3,4,1,5,1,3,2,5,5,4,1,1,Buddhism,Negombo,Group D
20,94,1,2,1,6,99,2,1,0,2,2,1,0,4,0,0,2,Female,70,SIM-1950,synthetic_simulation,5,2,3,3,3,4,4,3,3,4,4,5,1,4,2,4,Hinduism,Colombo,Group B
9,65,2,0,1,9,67,2,1,1,0,2,1,1,3,0,1,2,Male,62,SIM-1951,synthetic_simulation,1,5,5,5,3,4,4,5,2,4,3,3,2,5,2,4,Christianity,Negombo,Group C
28,83,0,1,0,9,81,2,1,0,1,2,1,1,4,0,1,1,Male,68,SIM-1952,synthetic_simulation,2,1,1,2,4,3,3,5,1,4,1,1,1,5,3,4,Christianity,Galle,Group B
15,66,1,0,1,7,75,1,1,0,0,0,1,0,3,0,0,2,Non-binary,62,SIM-1953,synthetic_simulation,5,4,3,5,5,1,3,2,3,3,1,1,2,3,1,5,Christianity,Jaffna,Group D
16,88,2,0,1,7,51,2,1,0,2,2,1,2,3,0,0,2,Non-binary,68,SIM-1954,synthetic_simulation,2,4,2,3,5,2,1,2,3,4,4,4,2,3,3,3,Christianity,Jaffna,Group A
16,96,0,2,1,9,97,2,1,0,2,0,0,1,5,0,0,2,Female,72,SIM-1955,synthetic_simulation,4,2,3,1,2,3,2,1,3,3,4,2,1,3,1,5,Islam,Kandy,Group C
28,77,0,2,1,9,54,1,1,1,0,2,1,2,3,0,2,2,Male,70,SIM-1956,synthetic_simulation,4,1,4,3,5,1,5,4,1,4,5,2,5,2,4,4,Hinduism,Jaffna,Group C
7,80,0,2,0,9,83,1,0,3,2,2,1,1,3,0,1,0,Male,62,SIM-1957,synthetic_simulation,4,3,3,4,5,3,4,1,3,4,4,1,5,4,5,4,Islam,Negombo,Group D
39,97,0,0,1,10,91,2,1,2,1,2,1,2,3,0,1,1,Male,79,SIM-1958,synthetic_simulation,1,1,5,3,2,4,4,5,1,3,1,5,1,5,2,5,Hinduism,Kandy,Group C
26,81,2,0,1,8,87,2,1,2,0,0,1,1,1,0,2,2,Female,73,SIM-1959,synthetic_simulation,4,4,3,2,5,4,3,4,4,2,4,3,4,3,3,4,Christianity,Kandy,Group C
21,80,0,0,1,7,90,0,1,1,1,1,1,0,2,0,0,0,Female,68,SIM-1960,synthetic_simulation,5,2,5,5,5,5,2,3,2,3,2,4,3,2,2,4,Other,Galle,Group A
20,83,0,2,1,9,87,1,1,0,0,2,1,1,2,0,1,2,Female,68,SIM-1961,synthetic_simulation,2,2,2,4,1,4,3,5,5,3,2,1,5,3,1,3,Buddhism,Galle,Group C
22,88,2,2,1,10,72,2,1,2,1,0,1,1,2,0,1,1,Male,69,SIM-1962,synthetic_simulation,3,3,4,5,2,3,1,2,1,5,1,3,2,5,2,4,Christianity,Galle,Group C
23,64,2,1,1,6,95,0,1,1,1,2,1,2,2,1,0,0,Non-binary,63,SIM-1963,synthetic_simulation,5,2,1,5,1,2,2,1,2,1,4,1,5,3,1,5,Christianity,Negombo,Group B
24,93,2,2,1,7,96,2,0,5,0,2,1,0,4,0,2,2,Male,74,SIM-1964,synthetic_simulation,5,2,2,3,4,4,1,1,1,1,4,3,4,2,3,5,Other,Negombo,Group B
23,77,2,2,1,5,72,2,1,2,0,0,1,0,5,0,0,1,Non-binary,69,SIM-1965,synthetic_simulation,4,2,2,1,2,1,4,3,4,2,4,3,1,2,5,2,Islam,Negombo,Group D
21,63,2,1,0,8,74,2,1,0,1,2,1,0,3,0,1,2,Female,61,SIM-1966,synthetic_simulation,1,2,1,4,5,3,3,1,2,2,2,2,4,3,4,4,Islam,Jaffna,Group C
19,91,2,1,1,8,74,1,1,4,2,2,1,1,2,1,2,2,Male,69,SIM-1967,synthetic_simulation,2,2,3,2,5,1,3,1,2,2,1,4,3,5,4,2,Hinduism,Colombo,Group A
19,75,2,1,0,6,64,0,1,2,1,2,1,1,3,0,1,2,Non-binary,64,SIM-1968,synthetic_simulation,1,4,3,2,1,5,5,4,3,1,5,4,5,2,2,5,Buddhism,Galle,Group D
19,64,2,2,1,9,56,1,1,2,1,2,1,2,4,0,2,0,Male,63,SIM-1969,synthetic_simulation,2,1,3,1,1,5,2,5,1,2,2,2,2,4,3,2,Hinduism,Kandy,Group A
27,85,1,0,0,6,63,1,1,1,1,2,1,0,2,0,0,2,Male,68,SIM-1970,synthetic_simulation,2,5,4,1,4,2,4,4,1,2,1,5,2,2,3,4,Christianity,Kandy,Group C
24,95,0,2,1,6,92,2,1,2,1,2,1,1,3,0,1,0,Male,72,SIM-1971,synthetic_simulation,1,2,2,3,4,3,5,4,5,3,1,4,4,1,4,1,Islam,Kandy,Group D
2,96,1,0,1,9,77,2,1,3,2,2,1,1,2,0,1,0,Male,65,SIM-1972,synthetic_simulation,5,5,5,2,5,2,5,1,3,3,5,2,1,3,1,3,Christianity,Colombo,Group B
24,98,1,1,0,6,93,1,0,2,1,1,1,2,4,0,0,2,Female,69,SIM-1973,synthetic_simulation,2,5,1,4,3,1,3,5,3,1,3,3,3,4,4,4,Christianity,Negombo,Group B
21,95,2,1,0,5,87,1,1,2,2,2,0,1,4,0,1,2,Female,70,SIM-1974,synthetic_simulation,1,4,2,1,4,2,2,1,5,3,5,3,1,5,2,2,Islam,Negombo,Group B
20,60,2,2,1,8,67,1,1,1,2,2,1,1,4,0,2,1,Non-binary,63,SIM-1975,synthetic_simulation,2,2,3,1,5,1,3,1,3,2,5,4,5,4,4,2,Christianity,Negombo,Group A
18,75,1,2,1,7,59,1,1,0,2,2,1,2,2,1,1,2,Female,62,SIM-1976,synthetic_simulation,3,5,1,1,4,2,2,4,3,3,1,3,4,2,1,2,Christianity,Kandy,Group C
27,93,2,2,1,9,78,1,1,1,1,2,1,2,2,0,2,2,Female,72,SIM-1977,synthetic_simulation,5,2,5,4,2,5,5,2,4,5,3,4,4,2,2,5,Buddhism,Colombo,Group A
26,75,0,0,0,8,97,2,1,1,1,2,1,1,4,0,1,0,Female,69,SIM-1978,synthetic_simulation,4,3,2,2,1,3,1,2,2,3,3,1,2,1,1,4,Hinduism,Jaffna,Group A
15,84,2,2,0,4,92,1,1,2,2,2,1,0,3,0,1,1,Female,66,SIM-1979,synthetic_simulation,2,3,2,4,5,2,4,4,5,1,4,2,5,4,5,2,Buddhism,Colombo,Group B
22,84,2,2,1,9,88,2,1,2,1,0,0,1,4,0,2,2,Non-binary,71,SIM-1980,synthetic_simulation,3,3,4,4,4,1,5,4,4,2,5,5,2,2,2,1,Other,Colombo,Group A
14,75,1,1,0,10,88,2,1,2,1,2,0,0,3,0,0,1,Female,62,SIM-1981,synthetic_simulation,4,5,2,3,1,3,3,1,4,2,5,4,1,5,1,4,Buddhism,Galle,Group D
12,96,2,1,1,9,76,2,1,2,2,0,1,2,2,0,1,2,Female,68,SIM-1982,synthetic_simulation,4,3,2,1,3,5,4,5,4,1,3,5,4,5,4,5,Hinduism,Jaffna,Group D
16,80,0,1,0,9,58,1,1,0,2,2,1,1,2,0,1,2,Non-binary,63,SIM-1983,synthetic_simulation,2,4,5,2,4,5,5,1,3,3,3,2,4,4,5,4,Buddhism,Colombo,Group A
25,79,2,2,1,7,64,2,1,0,1,2,1,1,3,0,0,0,Female,66,SIM-1984,synthetic_simulation,1,4,5,3,5,4,2,1,5,2,3,2,3,4,1,5,Other,Jaffna,Group D
26,100,0,2,1,6,79,0,1,1,2,0,1,2,3,0,0,1,Non-binary,75,SIM-1985,synthetic_simulation,2,5,1,3,2,3,3,3,3,2,1,1,1,1,4,5,Christianity,Colombo,Group C
23,80,2,1,1,7,66,0,1,1,0,0,0,2,4,0,0,2,Female,69,SIM-1986,synthetic_simulation,3,2,3,5,1,2,5,1,3,5,1,2,5,4,5,3,Christianity,Jaffna,Group B
24,67,0,2,0,8,89,2,1,2,0,1,0,2,3,0,1,2,Female,68,SIM-1987,synthetic_simulation,4,1,5,1,1,5,2,5,4,1,1,3,3,5,3,3,Buddhism,Jaffna,Group A
23,81,0,2,0,8,69,2,1,5,2,2,1,0,2,0,1,1,Male,69,SIM-1988,synthetic_simulation,2,2,1,2,2,2,2,1,1,3,5,5,4,4,3,1,Other,Jaffna,Group C
16,93,0,1,0,6,56,2,1,2,1,2,1,2,4,0,1,2,Non-binary,67,SIM-1989,synthetic_simulation,1,2,2,2,5,2,2,4,5,3,3,2,5,2,5,2,Hinduism,Galle,Group A
23,91,0,2,1,6,89,2,1,3,2,2,0,0,3,0,2,2,Non-binary,73,SIM-1990,synthetic_simulation,2,2,1,2,3,1,4,5,5,2,1,2,2,2,1,4,Other,Negombo,Group C
25,92,2,0,1,5,85,1,1,1,1,2,1,0,1,0,0,2,Male,71,SIM-1991,synthetic_simulation,5,2,1,1,2,2,3,4,4,4,4,5,1,4,1,2,Buddhism,Colombo,Group B
25,88,0,2,1,8,63,2,1,2,0,2,1,2,3,0,1,1,Non-binary,71,SIM-1992,synthetic_simulation,1,1,1,2,3,4,2,3,4,5,3,5,2,3,2,4,Islam,Galle,Group C
27,70,2,2,0,6,99,0,1,2,1,2,0,1,2,0,1,2,Non-binary,68,SIM-1993,synthetic_simulation,3,3,1,4,5,3,5,3,2,5,3,1,4,4,1,1,Islam,Colombo,Group A
24,94,0,1,0,7,70,2,1,1,0,2,1,1,1,0,1,2,Non-binary,70,SIM-1994,synthetic_simulation,4,2,5,4,4,3,2,5,4,5,3,2,3,1,1,1,Other,Colombo,Group C
22,96,1,0,1,10,84,1,1,1,0,0,1,0,3,0,1,2,Male,71,SIM-1995,synthetic_simulation,2,4,3,1,4,1,3,2,3,2,1,3,2,5,3,4,Buddhism,Kandy,Group A
26,68,2,0,0,8,96,0,1,1,2,0,1,1,2,0,1,2,Non-binary,69,SIM-1996,synthetic_simulation,1,5,1,2,5,4,4,2,4,1,2,3,4,5,3,5,Other,Kandy,Group A
20,65,0,2,0,7,58,2,0,3,1,2,0,1,4,0,1,2,Female,63,SIM-1997,synthetic_simulation,5,5,4,5,3,4,2,5,5,1,4,1,2,4,1,3,Buddhism,Galle,Group D
15,99,1,2,1,8,94,2,1,2,2,2,0,1,3,0,2,2,Female,71,SIM-1998,synthetic_simulation,1,4,2,5,2,3,5,5,1,5,4,2,1,3,4,4,Hinduism,Colombo,Group D
19,95,2,2,1,9,85,2,0,2,1,2,1,0,3,0,0,2,Non-binary,69,SIM-1999,synthetic_simulation,5,2,2,5,5,4,3,4,1,4,2,5,2,5,3,5,Islam,Galle,Group C
16,96,0,2,1,5,58,2,1,2,0,1,1,2,5,0,2,1,Male,71,SIM-2000,synthetic_simulation,3,1,2,4,5,5,2,3,3,4,4,3,1,3,1,4,Christianity,Negombo,Group D
16,95,2,1,0,6,83,1,1,2,1,0,0,1,3,0,1,2,Female,68,SIM-2001,synthetic_simulation,4,3,2,5,4,2,4,5,1,3,1,2,1,5,3,4,Islam,Negombo,Group D
19,82,2,2,0,7,94,2,1,1,2,2,1,2,3,0,1,2,Female,68,SIM-2002,synthetic_simulation,3,5,2,2,2,2,1,1,4,4,3,1,5,2,1,4,Christianity,Kandy,Group A
15,86,2,1,0,6,90,2,1,0,2,0,1,1,3,0,2,0,Female,66,SIM-2003,synthetic_simulation,2,3,1,2,4,3,5,4,1,5,2,1,3,1,5,4,Buddhism,Kandy,Group B
18,82,2,2,0,7,88,2,1,3,1,2,1,0,3,0,0,1,Male,67,SIM-2004,synthetic_simulation,1,1,3,5,3,3,2,3,4,3,3,5,2,5,3,4,Christianity,Galle,Group D
9,62,1,0,1,5,58,1,1,0,2,0,0,2,5,0,0,1,Non-binary,59,SIM-2005,synthetic_simulation,5,5,4,3,3,4,2,4,2,5,4,1,4,4,1,5,Hinduism,Negombo,Group C
21,90,1,2,0,8,60,2,1,1,1,2,1,0,2,0,0,2,Female,66,SIM-2006,synthetic_simulation,5,3,5,5,1,1,1,3,5,1,5,1,5,2,3,1,Buddhism,Negombo,Group A
20,80,1,1,0,6,77,1,1,0,2,0,0,0,3,0,1,2,Female,64,SIM-2007,synthetic_simulation,1,1,4,3,5,3,3,1,3,5,4,1,3,3,4,3,Islam,Galle,Group C
15,86,2,2,0,7,79,2,1,1,1,2,1,1,3,1,1,1,Non-binary,64,SIM-2008,synthetic_simulation,1,3,5,1,2,3,1,3,2,3,4,3,5,1,5,3,Islam,Negombo,Group B
24,80,2,0,1,7,97,2,1,0,1,0,0,1,4,0,1,1,Non-binary,69,SIM-2009,synthetic_simulation,2,2,5,1,2,3,3,4,1,5,2,5,2,3,1,5,Other,Kandy,Group D
26,80,0,1,0,8,73,0,1,1,2,2,1,1,3,0,1,2,Female,69,SIM-2010,synthetic_simulation,3,1,4,2,4,4,2,3,3,2,3,5,2,3,5,5,Christianity,Galle,Group C
10,67,2,2,0,4,65,2,0,3,2,2,1,2,3,0,1,2,Female,61,SIM-2011,synthetic_simulation,5,3,1,4,4,5,1,4,4,3,2,5,2,5,1,4,Buddhism,Jaffna,Group C
15,71,0,0,0,8,60,2,1,0,1,0,0,0,3,0,1,0,Female,62,SIM-2012,synthetic_simulation,2,2,2,2,2,3,2,5,2,4,1,1,3,2,5,1,Christianity,Jaffna,Group A
15,66,1,2,0,7,53,2,1,2,2,0,1,0,3,0,0,2,Male,61,SIM-2013,synthetic_simulation,3,2,1,2,4,5,1,1,5,1,3,1,5,1,5,1,Hinduism,Jaffna,Group C
14,68,2,2,1,8,53,0,1,1,2,0,0,2,2,0,0,2,Non-binary,63,SIM-2014,synthetic_simulation,2,1,2,4,1,4,2,4,5,4,1,3,4,2,2,2,Hinduism,Negombo,Group D
25,99,2,1,0,5,79,1,1,2,1,2,1,2,4,0,0,2,Male,71,SIM-2015,synthetic_simulation,5,4,3,2,5,1,2,2,2,5,1,1,5,2,1,1,Other,Kandy,Group C
19,66,0,0,1,8,59,2,1,1,2,1,1,2,2,0,2,1,Male,65,SIM-2016,synthetic_simulation,1,5,5,4,1,2,2,2,2,4,2,3,3,5,3,4,Buddhism,Kandy,Group A
18,71,0,0,1,9,93,2,1,1,1,0,0,1,4,0,0,1,Male,68,SIM-2017,synthetic_simulation,1,1,4,2,3,2,4,3,2,3,4,5,1,3,3,2,Buddhism,Negombo,Group D
8,84,0,0,0,7,80,2,1,1,0,0,1,2,4,0,1,1,Non-binary,67,SIM-2018,synthetic_simulation,3,2,3,1,2,2,1,5,1,2,5,3,1,2,3,5,Christianity,Kandy,Group D
24,84,1,0,1,6,93,0,1,2,1,2,1,1,1,0,1,2,Non-binary,70,SIM-2019,synthetic_simulation,4,2,2,3,1,2,4,5,5,4,4,2,1,3,5,4,Other,Galle,Group B
13,66,0,2,1,6,71,2,1,3,2,2,1,1,3,0,1,2,Female,64,SIM-2020,synthetic_simulation,3,1,1,2,1,4,2,2,5,5,4,4,4,2,4,2,Islam,Galle,Group C
20,92,2,0,0,8,80,0,1,0,2,2,0,1,3,0,0,2,Male,71,SIM-2021,synthetic_simulation,4,4,4,3,4,2,5,3,1,4,3,1,3,1,3,4,Buddhism,Negombo,Group B
22,91,0,2,1,8,76,1,1,2,2,2,1,1,3,0,0,1,Non-binary,71,SIM-2022,synthetic_simulation,2,5,5,5,4,4,3,5,3,4,2,5,3,4,5,5,Buddhism,Kandy,Group B
28,69,2,0,0,8,99,1,1,0,0,2,0,0,3,0,1,1,Male,67,SIM-2023,synthetic_simulation,2,3,3,2,4,1,1,5,5,3,3,4,1,4,3,2,Buddhism,Negombo,Group A
12,72,2,1,1,7,90,2,1,0,0,2,1,2,3,0,2,0,Male,63,SIM-2024,synthetic_simulation,5,1,5,1,3,3,1,3,3,5,5,4,3,4,2,4,Other,Kandy,Group C
2,98,1,0,1,7,80,0,1,2,1,0,1,1,1,0,1,2,Non-binary,66,SIM-2025,synthetic_simulation,4,5,2,4,1,3,3,4,3,5,2,5,3,5,5,3,Hinduism,Kandy,Group A
21,93,2,1,1,7,80,2,1,3,0,2,1,1,1,0,1,1,Male,70,SIM-2026,synthetic_simulation,5,5,5,1,5,3,4,2,3,2,4,4,2,5,1,5,Islam,Galle,Group B
31,88,2,1,0,6,62,2,1,2,1,2,0,2,4,0,1,2,Female,70,SIM-2027,synthetic_simulation,1,2,1,3,4,4,3,5,5,3,1,3,4,3,5,2,Hinduism,Galle,Group A
27,63,1,2,1,8,87,2,1,3,1,0,0,2,3,0,1,2,Female,67,SIM-2028,synthetic_simulation,4,3,3,4,3,4,5,4,4,3,4,5,3,5,2,3,Christianity,Galle,Group C
21,77,1,2,0,7,99,0,1,3,2,0,1,1,3,0,2,2,Male,69,SIM-2029,synthetic_simulation,3,1,3,1,3,4,2,4,3,1,4,5,1,4,1,3,Buddhism,Colombo,Group A
17,82,0,1,0,9,56,1,1,3,0,2,1,2,2,0,1,2,Female,66,SIM-2030,synthetic_simulation,1,2,1,1,4,1,3,4,4,2,2,3,5,5,3,2,Christianity,Negombo,Group B
25,67,2,0,0,9,82,2,1,1,2,2,1,2,3,0,2,0,Male,67,SIM-2031,synthetic_simulation,1,2,5,1,2,5,3,4,1,2,4,2,5,4,5,1,Christianity,Jaffna,Group B
14,78,0,2,1,7,76,2,1,0,0,2,1,0,2,1,0,2,Female,65,SIM-2032,synthetic_simulation,3,4,1,4,1,4,2,1,4,5,5,2,4,2,2,1,Buddhism,Kandy,Group C
23,84,0,0,1,8,93,2,1,1,0,2,1,2,3,0,2,0,Male,72,SIM-2033,synthetic_simulation,1,5,4,1,4,4,1,1,4,5,4,4,3,4,1,4,Other,Colombo,Group C
23,73,0,0,0,6,50,2,1,1,2,2,1,2,3,0,0,2,Female,68,SIM-2034,synthetic_simulation,4,1,1,1,5,3,5,3,2,2,1,5,2,4,4,2,Christianity,Galle,Group B
26,91,0,2,1,7,57,1,1,3,2,2,1,0,3,0,0,2,Female,72,SIM-2035,synthetic_simulation,5,1,5,3,1,2,3,2,3,3,2,3,3,1,5,2,Other,Negombo,Group B
37,94,0,2,1,8,52,0,1,1,1,2,0,2,3,0,2,2,Non-binary,76,SIM-2036,synthetic_simulation,1,1,1,1,3,2,3,3,5,1,5,5,1,1,5,3,Hinduism,Kandy,Group C
22,73,2,1,1,5,58,2,1,4,1,2,1,2,3,1,0,2,Male,65,SIM-2037,synthetic_simulation,4,2,2,1,5,1,1,1,2,5,2,3,3,1,3,3,Islam,Kandy,Group A
17,94,1,2,0,8,85,2,1,1,2,1,1,2,4,0,1,2,Female,68,SIM-2038,synthetic_simulation,2,4,1,5,1,2,5,3,4,1,1,2,5,1,4,3,Islam,Colombo,Group C
20,64,2,2,1,6,57,2,1,3,1,0,1,1,4,0,0,2,Non-binary,65,SIM-2039,synthetic_simulation,4,3,1,4,5,5,2,3,1,2,3,2,5,4,3,5,Islam,Galle,Group A
9,94,2,2,1,6,81,1,1,0,1,0,1,2,3,0,1,2,Non-binary,66,SIM-2040,synthetic_simulation,5,2,5,5,3,3,2,4,5,3,5,4,4,3,4,1,Islam,Jaffna,Group A
16,66,1,2,0,6,93,2,1,7,1,2,1,0,2,0,1,0,Male,63,SIM-2041,synthetic_simulation,4,3,4,3,4,1,4,5,1,1,1,3,1,1,1,4,Other,Kandy,Group C
18,63,2,1,0,7,52,2,1,2,0,0,1,2,3,0,2,1,Female,63,SIM-2042,synthetic_simulation,3,4,4,5,5,2,5,1,4,4,3,2,4,5,1,4,Hinduism,Galle,Group C
17,86,2,2,1,5,51,2,1,2,1,2,0,1,2,0,2,1,Female,66,SIM-2043,synthetic_simulation,5,5,5,2,4,2,5,1,1,2,1,1,3,5,5,2,Other,Colombo,Group C
21,79,0,1,1,8,99,2,1,2,1,0,1,2,4,0,1,2,Female,69,SIM-2044,synthetic_simulation,2,1,5,4,3,3,3,3,2,3,3,2,2,5,5,3,Christianity,Negombo,Group A
15,96,2,0,1,7,84,0,1,3,2,1,1,2,1,0,2,2,Female,72,SIM-2045,synthetic_simulation,3,3,5,1,3,1,4,5,1,2,3,5,4,4,1,2,Buddhism,Negombo,Group A
27,75,2,1,1,10,57,2,1,3,0,1,1,0,3,0,1,2,Non-binary,66,SIM-2046,synthetic_simulation,4,2,2,5,5,3,2,3,2,2,2,3,5,2,4,1,Christianity,Colombo,Group C
20,71,2,2,1,7,65,2,0,2,2,2,1,0,4,0,1,1,Non-binary,64,SIM-2047,synthetic_simulation,5,3,3,5,5,1,5,2,3,1,4,1,1,2,3,5,Other,Jaffna,Group A
20,80,2,1,1,8,99,1,1,0,1,0,0,2,3,0,1,2,Non-binary,67,SIM-2048,synthetic_simulation,2,5,1,1,3,2,5,1,5,1,4,2,3,1,1,1,Christianity,Negombo,Group A
18,78,0,0,1,6,61,1,1,1,1,2,0,2,5,0,1,2,Male,67,SIM-2049,synthetic_simulation,3,1,5,1,5,3,1,4,1,4,1,2,1,5,1,2,Christianity,Colombo,Group A
21,74,1,2,1,5,88,2,1,1,2,0,1,1,1,0,0,2,Male,66,SIM-2050,synthetic_simulation,2,3,5,3,5,3,2,4,2,5,3,3,1,1,2,3,Christianity,Negombo,Group C
25,88,2,1,1,8,62,1,1,2,1,2,1,1,2,0,1,2,Non-binary,68,SIM-2051,synthetic_simulation,4,5,5,5,5,5,1,4,4,4,4,1,1,4,5,2,Hinduism,Colombo,Group B
15,90,2,2,0,5,70,2,1,0,2,2,0,1,2,0,1,1,Female,65,SIM-2052,synthetic_simulation,2,2,4,5,5,3,4,1,4,3,1,3,5,5,4,3,Hinduism,Negombo,Group D
16,94,2,0,1,8,94,0,1,2,1,0,0,0,3,0,1,2,Female,71,SIM-2053,synthetic_simulation,1,4,5,2,1,1,5,1,2,3,1,2,2,1,3,3,Buddhism,Jaffna,Group C
18,99,2,0,1,10,51,2,1,1,2,1,1,1,4,0,2,2,Non-binary,71,SIM-2054,synthetic_simulation,3,2,1,2,3,5,4,4,5,2,5,4,4,3,2,2,Islam,Colombo,Group A
12,71,2,2,1,8,65,2,1,1,2,0,0,1,2,0,1,1,Female,62,SIM-2055,synthetic_simulation,2,1,5,5,3,3,1,1,3,1,2,3,5,4,2,5,Other,Jaffna,Group A
15,89,2,0,1,8,74,1,1,2,2,0,1,2,2,0,0,2,Female,69,SIM-2056,synthetic_simulation,4,2,1,2,2,3,2,4,3,2,2,2,2,4,1,2,Other,Jaffna,Group A
17,76,2,1,0,7,81,1,1,4,0,2,0,1,2,0,1,2,Male,65,SIM-2057,synthetic_simulation,4,2,2,5,4,5,5,2,5,5,3,3,3,4,5,1,Hinduism,Kandy,Group C
25,87,0,1,0,6,51,1,1,3,2,2,1,1,3,0,2,2,Non-binary,70,SIM-2058,synthetic_simulation,2,2,3,4,2,2,2,2,1,2,4,2,4,3,1,1,Hinduism,Colombo,Group A
22,79,2,2,1,7,71,2,1,2,1,2,0,1,2,0,0,1,Male,66,SIM-2059,synthetic_simulation,4,2,4,3,5,3,4,2,2,3,3,3,2,2,2,4,Buddhism,Jaffna,Group D
21,100,2,2,0,6,67,2,1,0,0,2,1,2,3,0,1,0,Male,70,SIM-2060,synthetic_simulation,5,1,1,2,5,4,3,3,3,3,4,2,3,2,2,1,Other,Kandy,Group D
25,89,2,0,0,5,51,1,1,2,2,0,0,0,2,0,2,1,Female,70,SIM-2061,synthetic_simulation,5,5,2,5,1,2,2,3,5,4,4,1,4,3,3,1,Other,Kandy,Group A
19,98,1,0,1,7,68,2,1,1,1,2,0,1,4,0,1,1,Non-binary,69,SIM-2062,synthetic_simulation,5,3,3,2,1,3,2,5,3,2,4,5,3,2,1,2,Buddhism,Jaffna,Group B
22,93,0,1,1,9,97,2,1,2,2,2,1,1,3,1,1,2,Non-binary,71,SIM-2063,synthetic_simulation,1,4,3,3,1,2,2,5,3,1,4,5,5,3,1,2,Buddhism,Galle,Group B
19,96,2,2,0,5,64,2,1,1,2,2,1,1,3,0,1,2,Female,69,SIM-2064,synthetic_simulation,2,3,3,4,1,1,5,5,1,5,4,3,3,1,4,5,Christianity,Colombo,Group A
22,93,0,2,0,9,79,2,1,2,2,0,1,2,2,0,2,2,Non-binary,73,SIM-2065,synthetic_simulation,1,3,1,1,1,2,4,2,3,5,5,2,1,3,3,1,Buddhism,Colombo,Group D
17,78,2,2,1,9,65,1,1,1,2,0,1,1,4,0,1,1,Female,65,SIM-2066,synthetic_simulation,4,4,2,1,1,5,4,2,2,1,5,5,5,2,5,5,Christianity,Galle,Group C
5,70,0,0,1,8,55,2,1,3,1,2,1,1,3,0,1,2,Male,62,SIM-2067,synthetic_simulation,1,1,5,2,1,3,5,2,5,5,4,5,3,3,1,5,Other,Colombo,Group A
19,75,2,0,0,8,64,2,1,2,0,1,1,0,5,0,2,1,Non-binary,67,SIM-2068,synthetic_simulation,4,4,2,5,1,2,2,1,1,1,1,3,5,3,1,1,Christianity,Jaffna,Group A
29,61,1,2,1,7,74,0,1,1,2,2,1,1,3,0,2,1,Male,65,SIM-2069,synthetic_simulation,4,1,2,3,1,4,2,1,1,1,1,3,4,5,5,2,Islam,Kandy,Group A
26,81,1,2,0,7,65,1,1,1,2,2,1,1,3,0,1,0,Male,65,SIM-2070,synthetic_simulation,3,3,2,4,3,1,3,2,5,4,2,3,1,3,3,3,Hinduism,Kandy,Group B
26,80,2,0,1,6,81,2,1,0,2,2,1,1,2,0,0,2,Non-binary,70,SIM-2071,synthetic_simulation,5,1,1,4,1,1,2,4,2,2,4,4,1,2,1,3,Christianity,Galle,Group C
27,81,2,2,1,7,97,1,1,1,2,2,1,1,2,0,0,2,Female,70,SIM-2072,synthetic_simulation,4,5,1,4,4,2,1,5,3,3,1,1,3,4,5,3,Islam,Jaffna,Group C
21,99,2,0,1,7,53,2,1,0,2,1,1,1,4,0,2,2,Male,71,SIM-2073,synthetic_simulation,3,4,1,1,1,5,2,3,3,3,2,1,4,1,4,5,Buddhism,Jaffna,Group B
21,96,0,1,0,10,86,1,1,1,1,0,1,1,3,0,0,2,Non-binary,71,SIM-2074,synthetic_simulation,5,5,2,3,5,1,3,5,2,2,1,1,5,3,1,3,Buddhism,Kandy,Group B
16,66,2,2,1,8,50,1,1,1,2,0,1,1,4,0,1,1,Non-binary,62,SIM-2075,synthetic_simulation,4,3,1,1,5,2,1,4,4,5,2,2,3,2,5,4,Buddhism,Negombo,Group B
18,75,2,1,0,7,50,2,1,4,1,2,1,2,2,0,2,2,Female,65,SIM-2076,synthetic_simulation,4,4,3,2,1,2,3,1,5,1,3,2,2,2,2,4,Buddhism,Negombo,Group B
24,77,0,2,1,7,57,2,1,3,2,0,1,2,2,0,0,0,Male,84,SIM-2077,synthetic_simulation,1,3,1,4,1,1,3,2,2,3,1,1,3,5,1,5,Islam,Colombo,Group B
27,74,2,2,1,6,74,2,1,2,2,0,1,1,2,0,0,0,Female,68,SIM-2078,synthetic_simulation,1,5,4,3,5,2,4,1,3,4,4,3,2,2,4,2,Hinduism,Colombo,Group C
19,92,0,2,1,6,52,2,1,3,0,2,1,2,1,0,1,2,Non-binary,70,SIM-2079,synthetic_simulation,5,3,1,4,4,2,5,1,5,5,4,4,1,4,5,1,Christianity,Colombo,Group C
17,81,2,0,0,8,86,2,1,1,2,2,0,1,3,0,2,2,Non-binary,68,SIM-2080,synthetic_simulation,4,4,1,1,2,4,3,4,5,4,5,1,3,2,5,5,Hinduism,Jaffna,Group B
20,83,2,2,0,6,51,2,1,2,1,0,1,0,4,0,2,2,Female,67,SIM-2081,synthetic_simulation,2,4,1,1,3,2,2,1,3,3,3,3,3,4,1,3,Christianity,Kandy,Group D
24,94,1,2,1,6,75,1,1,1,1,0,1,0,4,0,1,2,Male,69,SIM-2082,synthetic_simulation,1,3,1,1,5,2,4,1,2,2,3,5,1,1,2,1,Hinduism,Jaffna,Group B
11,92,0,0,1,6,84,2,1,2,1,1,1,0,1,0,1,2,Female,68,SIM-2083,synthetic_simulation,5,4,4,4,1,5,1,5,4,2,1,4,5,3,5,2,Islam,Galle,Group D
6,65,0,0,0,6,62,2,0,3,1,1,1,1,1,0,1,2,Male,59,SIM-2084,synthetic_simulation,4,4,5,3,3,1,5,5,5,4,2,2,3,1,5,3,Islam,Kandy,Group C
17,89,0,1,1,9,79,2,0,0,2,2,1,2,2,0,0,2,Male,67,SIM-2085,synthetic_simulation,4,3,1,3,1,5,4,4,5,5,5,5,4,3,2,4,Buddhism,Kandy,Group C
13,77,2,0,1,7,63,1,1,0,0,1,1,2,1,0,1,1,Non-binary,63,SIM-2086,synthetic_simulation,2,5,3,2,2,3,3,2,5,3,3,5,1,1,4,4,Other,Kandy,Group C
17,72,0,0,1,7,61,1,1,1,2,2,1,0,4,0,1,2,Non-binary,65,SIM-2087,synthetic_simulation,5,4,4,4,2,5,4,5,2,1,3,5,5,4,1,5,Islam,Kandy,Group B
19,62,2,2,0,7,91,1,1,1,1,2,1,2,3,0,0,2,Female,63,SIM-2088,synthetic_simulation,4,4,5,2,5,3,2,1,5,2,4,3,1,3,1,2,Islam,Colombo,Group C
17,79,2,2,0,7,67,1,1,1,1,2,0,2,3,0,1,2,Male,64,SIM-2089,synthetic_simulation,1,4,1,2,3,3,2,3,3,4,4,1,1,3,1,5,Buddhism,Kandy,Group C
29,74,0,2,1,6,91,0,1,3,1,0,1,2,4,0,0,0,Female,72,SIM-2090,synthetic_simulation,2,4,5,2,3,5,2,5,3,3,2,5,5,1,3,2,Other,Jaffna,Group B
22,70,1,2,1,5,61,0,1,1,1,2,1,0,3,0,0,1,Male,63,SIM-2091,synthetic_simulation,5,3,3,2,2,4,5,3,1,5,1,1,5,5,1,5,Islam,Kandy,Group B
22,88,2,2,0,9,68,2,0,2,2,2,1,1,2,1,1,2,Female,66,SIM-2092,synthetic_simulation,2,5,4,1,1,5,4,2,5,1,2,5,5,5,2,1,Islam,Galle,Group D
24,91,2,2,1,8,55,1,1,0,2,1,0,1,2,0,0,1,Female,67,SIM-2093,synthetic_simulation,1,5,4,2,5,1,4,1,4,1,1,3,4,1,1,5,Hinduism,Negombo,Group B
13,70,0,0,1,8,75,0,1,1,0,2,1,2,2,1,2,1,Female,66,SIM-2094,synthetic_simulation,5,1,5,3,4,5,3,5,1,2,5,1,2,2,4,1,Christianity,Jaffna,Group A
26,62,2,2,1,8,69,2,1,2,2,0,1,2,3,0,0,1,Non-binary,66,SIM-2095,synthetic_simulation,2,4,1,2,2,4,1,2,5,1,3,2,1,1,3,2,Christianity,Jaffna,Group C
20,94,2,2,1,10,50,1,1,1,1,0,0,0,4,1,2,2,Female,68,SIM-2096,synthetic_simulation,3,4,2,1,2,5,2,4,5,3,2,4,3,4,2,1,Hinduism,Jaffna,Group A
24,60,0,0,0,6,73,2,1,1,1,2,0,2,5,0,2,1,Female,66,SIM-2097,synthetic_simulation,1,1,4,5,5,4,1,2,2,2,1,5,2,4,2,1,Christianity,Colombo,Group A
14,97,2,2,1,5,54,2,1,3,2,2,1,0,2,0,0,2,Male,68,SIM-2098,synthetic_simulation,1,5,2,5,1,1,1,4,2,2,5,5,3,2,4,5,Buddhism,Galle,Group B
11,85,2,2,1,8,92,1,1,2,2,2,1,0,4,0,1,0,Non-binary,65,SIM-2099,synthetic_simulation,1,2,4,5,3,2,2,4,3,2,2,3,3,5,1,1,Other,Kandy,Group D
25,73,2,2,1,5,75,1,1,0,2,2,0,2,2,0,0,2,Male,67,SIM-2100,synthetic_simulation,3,2,1,4,2,4,2,5,1,3,3,4,3,4,3,3,Islam,Galle,Group C
22,70,0,1,0,7,85,2,1,0,0,2,0,0,3,0,1,0,Female,64,SIM-2101,synthetic_simulation,3,5,1,3,5,4,3,3,1,4,5,1,4,4,3,3,Christianity,Kandy,Group D
15,60,1,0,0,7,91,1,1,0,1,2,0,0,2,0,0,0,Female,59,SIM-2102,synthetic_simulation,4,4,4,1,5,4,5,4,1,1,4,5,4,3,3,2,Islam,Colombo,Group C
15,69,2,2,1,8,53,1,0,0,0,2,0,0,3,0,1,2,Female,60,SIM-2103,synthetic_simulation,2,2,5,5,5,1,2,1,3,1,3,2,2,3,2,3,Hinduism,Negombo,Group B
27,66,1,0,0,6,67,1,1,1,0,0,1,0,4,0,0,0,Non-binary,65,SIM-2104,synthetic_simulation,4,3,1,1,3,3,1,5,4,4,4,2,5,2,4,5,Hinduism,Colombo,Group C
13,84,2,2,1,9,51,0,1,0,1,2,1,0,4,0,1,2,Male,64,SIM-2105,synthetic_simulation,2,3,1,1,2,4,3,4,4,2,5,3,4,4,2,1,Christianity,Galle,Group D
30,67,2,0,0,6,52,2,1,1,1,2,1,1,1,0,1,2,Non-binary,66,SIM-2106,synthetic_simulation,3,1,3,4,5,1,4,5,4,5,5,5,1,1,1,1,Hinduism,Colombo,Group A
15,81,2,2,1,8,52,2,1,0,2,2,1,1,2,0,2,2,Female,65,SIM-2107,synthetic_simulation,3,5,1,5,3,2,3,1,1,3,4,3,2,5,5,2,Christianity,Galle,Group C
24,84,2,2,1,6,74,2,1,2,2,0,1,2,2,0,1,0,Male,69,SIM-2108,synthetic_simulation,4,5,3,2,1,4,2,5,5,2,1,4,1,2,3,1,Buddhism,Galle,Group C
18,72,0,0,1,8,73,2,1,0,2,2,0,2,4,1,1,2,Female,66,SIM-2109,synthetic_simulation,5,2,1,1,4,3,2,5,1,2,5,2,3,1,3,1,Christianity,Galle,Group B
24,61,0,2,1,5,53,2,1,1,1,0,0,1,5,0,0,2,Female,65,SIM-2110,synthetic_simulation,4,4,1,5,2,1,5,4,5,2,2,2,1,1,3,1,Hinduism,Colombo,Group A
17,61,0,2,0,7,63,1,1,1,2,2,1,2,4,0,0,1,Non-binary,62,SIM-2111,synthetic_simulation,2,5,5,1,3,2,3,2,2,1,2,3,4,2,2,2,Buddhism,Negombo,Group A
19,61,2,1,0,9,62,2,1,2,2,2,1,1,2,0,1,0,Female,60,SIM-2112,synthetic_simulation,4,2,5,4,4,3,2,5,3,1,5,4,1,2,3,3,Buddhism,Kandy,Group B
20,90,1,2,0,7,65,1,0,4,1,0,1,2,4,0,0,1,Female,68,SIM-2113,synthetic_simulation,1,2,1,4,4,2,1,4,4,5,4,1,3,4,3,3,Christianity,Negombo,Group B
14,73,2,0,1,9,82,2,1,1,2,2,1,0,3,0,1,2,Female,64,SIM-2114,synthetic_simulation,2,5,4,2,3,3,1,1,1,3,4,4,3,5,5,4,Islam,Kandy,Group C
24,92,0,0,0,7,85,0,1,0,2,2,1,2,3,0,0,2,Female,73,SIM-2115,synthetic_simulation,2,2,4,4,3,5,3,1,1,2,3,3,4,4,4,5,Islam,Colombo,Group B
17,77,2,2,1,6,67,1,1,1,1,2,1,2,1,0,0,2,Male,64,SIM-2116,synthetic_simulation,5,1,1,5,3,5,5,2,2,1,4,3,2,1,1,4,Hinduism,Galle,Group C
19,78,0,0,0,7,89,2,1,2,2,2,1,1,4,0,1,1,Female,69,SIM-2117,synthetic_simulation,3,1,4,4,5,5,3,1,5,4,1,4,5,4,2,2,Christianity,Kandy,Group D
14,81,1,2,0,8,71,1,1,1,1,0,1,1,3,1,2,2,Non-binary,63,SIM-2118,synthetic_simulation,2,5,1,2,1,2,5,4,4,1,1,3,2,4,1,2,Islam,Kandy,Group C
5,89,2,2,1,4,76,0,1,2,2,2,1,1,3,0,0,2,Non-binary,65,SIM-2119,synthetic_simulation,3,4,5,3,5,5,1,2,3,2,2,2,5,5,4,3,Christianity,Colombo,Group B
19,71,2,2,0,8,57,2,1,2,2,0,1,2,4,0,1,1,Male,65,SIM-2120,synthetic_simulation,4,1,2,1,4,1,2,4,5,2,5,3,4,3,1,1,Islam,Jaffna,Group B
34,65,2,2,1,6,62,0,1,0,2,0,1,0,3,0,1,2,Female,67,SIM-2121,synthetic_simulation,1,1,3,1,4,1,4,2,5,1,2,1,4,5,2,4,Buddhism,Kandy,Group C
25,82,2,2,1,5,86,2,0,0,1,1,1,2,4,0,1,2,Non-binary,67,SIM-2122,synthetic_simulation,5,5,4,5,4,5,2,2,4,4,5,2,4,4,5,2,Christianity,Colombo,Group D
20,73,2,2,0,8,99,1,1,1,2,2,0,2,3,0,1,2,Non-binary,66,SIM-2123,synthetic_simulation,3,3,4,2,3,3,1,4,3,4,2,5,3,3,1,5,Islam,Negombo,Group A
18,78,2,0,1,9,85,0,1,1,1,0,0,0,2,0,2,2,Non-binary,68,SIM-2124,synthetic_simulation,2,2,5,2,2,3,1,2,4,2,5,2,2,1,4,4,Other,Jaffna,Group D
20,86,2,1,1,7,53,2,1,1,1,0,1,0,2,0,1,2,Female,65,SIM-2125,synthetic_simulation,3,1,4,2,5,2,2,4,4,1,5,2,5,5,2,5,Hinduism,Negombo,Group A
23,80,1,1,1,5,57,2,1,1,1,2,1,1,4,0,2,2,Male,66,SIM-2126,synthetic_simulation,2,3,1,1,2,3,2,1,1,3,2,2,2,2,4,5,Hinduism,Galle,Group C
13,85,0,1,1,6,72,2,1,2,1,2,1,2,1,0,0,1,Male,66,SIM-2127,synthetic_simulation,3,4,1,4,1,4,1,1,3,3,3,4,5,1,1,3,Christianity,Galle,Group B
27,82,2,2,1,6,87,1,0,2,1,0,1,2,2,0,1,2,Male,69,SIM-2128,synthetic_simulation,2,3,2,1,1,3,2,5,5,2,1,5,1,3,2,3,Other,Kandy,Group A
24,90,2,2,0,7,58,2,1,2,1,2,0,1,2,0,2,2,Non-binary,70,SIM-2129,synthetic_simulation,4,5,2,1,5,1,4,3,4,4,4,1,2,1,1,5,Buddhism,Negombo,Group D
24,88,2,1,1,7,88,2,1,2,2,0,0,1,2,0,2,1,Male,71,SIM-2130,synthetic_simulation,2,4,2,1,4,3,4,3,2,3,1,2,1,2,3,4,Hinduism,Jaffna,Group B
23,81,0,2,0,8,78,0,1,4,1,1,1,2,3,0,1,1,Non-binary,70,SIM-2131,synthetic_simulation,2,4,1,4,1,2,3,1,3,1,4,4,4,2,2,3,Christianity,Negombo,Group B
20,87,2,2,0,8,89,1,1,2,2,2,1,1,3,0,1,1,Male,68,SIM-2132,synthetic_simulation,1,3,2,3,2,3,4,5,2,5,5,3,3,5,1,4,Hinduism,Colombo,Group B
24,95,0,0,1,8,78,2,1,2,1,0,1,0,2,0,2,0,Non-binary,73,SIM-2133,synthetic_simulation,2,5,2,5,2,2,1,3,5,5,2,5,3,5,2,3,Christianity,Negombo,Group A
24,77,2,0,0,8,80,0,1,1,1,0,1,2,2,1,1,1,Female,68,SIM-2134,synthetic_simulation,1,1,1,3,3,4,1,4,3,4,2,1,2,4,5,1,Other,Kandy,Group A
18,77,2,2,1,7,62,1,1,2,0,2,0,1,4,0,0,2,Non-binary,66,SIM-2135,synthetic_simulation,5,3,5,3,4,5,3,4,1,5,4,5,1,4,3,2,Islam,Negombo,Group D
17,91,2,1,1,10,86,1,1,1,2,2,1,1,3,1,2,1,Male,67,SIM-2136,synthetic_simulation,1,1,4,1,3,4,5,2,3,1,2,1,1,1,4,1,Islam,Colombo,Group B
21,83,2,1,1,8,92,1,1,2,2,2,0,0,4,1,1,2,Non-binary,66,SIM-2137,synthetic_simulation,4,3,3,3,5,1,3,3,5,2,2,1,5,2,1,1,Islam,Jaffna,Group C
29,63,2,0,1,8,94,2,1,0,2,0,0,2,2,0,2,2,Female,69,SIM-2138,synthetic_simulation,1,1,1,1,1,4,5,4,1,2,2,3,2,1,4,2,Islam,Galle,Group B
13,96,2,2,0,10,51,2,1,1,1,1,1,2,3,0,2,2,Male,67,SIM-2139,synthetic_simulation,5,3,1,1,3,4,5,3,5,1,1,1,2,3,1,3,Buddhism,Colombo,Group D
11,61,2,1,1,7,81,0,1,5,2,1,1,2,4,1,1,2,Female,61,SIM-2140,synthetic_simulation,4,4,3,5,3,1,2,2,3,2,2,3,1,3,2,3,Christianity,Colombo,Group B
21,90,2,2,0,6,99,2,1,2,1,2,0,0,3,0,0,2,Male,70,SIM-2141,synthetic_simulation,3,2,3,2,5,1,4,1,5,1,3,2,1,4,4,1,Buddhism,Galle,Group C
20,90,0,0,0,9,79,2,1,2,1,2,1,0,2,0,1,2,Female,70,SIM-2142,synthetic_simulation,3,4,2,1,2,5,5,5,3,1,4,5,3,1,3,3,Islam,Negombo,Group A
21,98,2,2,1,9,59,0,0,3,2,2,1,1,3,1,0,2,Male,70,SIM-2143,synthetic_simulation,1,1,3,3,2,5,2,2,1,5,1,1,2,3,1,5,Islam,Kandy,Group C
21,62,2,2,0,7,94,1,1,1,1,0,0,2,3,0,0,1,Female,64,SIM-2144,synthetic_simulation,1,5,4,5,5,3,3,2,3,5,1,3,3,4,4,5,Other,Jaffna,Group C
19,84,0,2,0,10,63,2,1,0,1,2,1,0,3,0,0,0,Male,65,SIM-2145,synthetic_simulation,5,4,4,3,2,2,3,2,5,4,5,2,4,1,1,3,Hinduism,Negombo,Group C
29,77,2,2,0,7,52,2,1,5,1,2,1,2,4,0,0,2,Non-binary,70,SIM-2146,synthetic_simulation,5,2,4,2,5,1,5,5,5,5,5,5,4,2,5,5,Islam,Galle,Group B
10,73,1,0,1,8,72,1,1,1,1,0,1,2,2,0,0,1,Female,62,SIM-2147,synthetic_simulation,2,1,4,4,2,4,2,4,5,2,2,2,1,3,5,2,Buddhism,Kandy,Group A
15,64,0,0,1,9,55,0,1,1,2,1,1,1,3,0,0,2,Male,64,SIM-2148,synthetic_simulation,5,4,4,2,5,4,1,3,2,5,1,4,5,3,4,1,Buddhism,Jaffna,Group A
19,83,2,0,1,7,56,2,1,1,2,1,0,2,3,0,0,0,Male,67,SIM-2149,synthetic_simulation,2,3,2,5,2,5,4,1,2,1,1,5,1,2,5,3,Buddhism,Kandy,Group C
10,79,0,2,0,8,73,0,0,1,1,1,1,1,4,0,1,2,Non-binary,63,SIM-2150,synthetic_simulation,4,5,1,2,3,2,5,1,2,5,2,3,2,4,3,1,Other,Galle,Group A
19,64,1,2,1,9,81,0,1,0,2,0,1,1,3,1,1,2,Female,62,SIM-2151,synthetic_simulation,1,1,3,2,3,1,1,5,4,2,4,1,1,3,4,2,Buddhism,Kandy,Group C
30,84,1,2,0,6,95,2,1,2,0,0,1,0,2,0,0,2,Male,72,SIM-2152,synthetic_simulation,4,4,1,5,2,5,4,1,3,4,1,3,3,2,2,1,Christianity,Jaffna,Group C
20,90,1,2,0,6,85,0,0,3,1,0,0,1,2,0,0,2,Male,69,SIM-2153,synthetic_simulation,5,1,3,5,5,2,1,5,2,3,5,3,1,4,4,3,Christianity,Negombo,Group B
21,91,2,0,1,9,92,2,1,5,1,2,0,0,2,0,1,2,Non-binary,72,SIM-2154,synthetic_simulation,4,3,2,3,3,1,2,5,5,1,2,3,3,5,2,2,Other,Galle,Group D
12,96,1,2,1,7,71,0,1,2,2,2,0,2,2,0,0,2,Non-binary,68,SIM-2155,synthetic_simulation,4,2,2,1,1,4,5,3,5,2,1,5,4,4,5,2,Christianity,Kandy,Group A
16,76,1,2,0,6,66,1,1,1,2,2,0,1,3,0,2,2,Female,64,SIM-2156,synthetic_simulation,4,4,5,4,2,4,1,3,2,2,5,5,3,3,4,5,Other,Galle,Group C
18,98,0,0,1,7,80,1,1,3,1,2,0,1,1,0,0,2,Female,72,SIM-2157,synthetic_simulation,5,1,5,4,1,5,1,5,2,3,3,4,2,4,3,3,Other,Jaffna,Group A
18,95,0,0,1,8,85,1,1,2,1,0,1,2,3,0,0,2,Non-binary,73,SIM-2158,synthetic_simulation,4,1,2,4,1,2,1,3,5,4,1,2,1,3,5,2,Other,Jaffna,Group D
28,72,0,2,1,5,78,1,0,5,2,1,0,0,2,0,0,0,Female,67,SIM-2159,synthetic_simulation,2,1,2,2,4,4,5,4,2,1,2,3,2,4,5,2,Christianity,Negombo,Group A
23,66,0,1,1,8,63,2,1,0,1,2,1,0,4,0,0,2,Non-binary,64,SIM-2160,synthetic_simulation,5,2,3,5,1,2,2,2,4,4,5,4,3,5,5,1,Islam,Jaffna,Group A
13,77,2,2,1,8,68,1,1,3,0,2,0,1,3,0,1,2,Non-binary,65,SIM-2161,synthetic_simulation,4,1,2,5,1,5,2,1,4,3,1,4,3,4,2,5,Christianity,Negombo,Group C
21,76,0,0,1,9,72,1,1,1,1,0,1,1,3,0,1,1,Male,67,SIM-2162,synthetic_simulation,5,5,1,5,4,3,1,1,4,1,5,5,3,5,2,1,Other,Colombo,Group B
23,83,2,2,1,7,51,1,1,3,2,0,1,1,2,0,0,1,Female,68,SIM-2163,synthetic_simulation,3,5,3,1,4,2,2,1,1,5,2,2,3,3,3,2,Hinduism,Negombo,Group C
27,83,2,0,1,9,94,2,1,2,1,0,1,2,2,0,1,2,Male,72,SIM-2164,synthetic_simulation,2,1,2,5,4,2,4,1,4,4,1,4,3,4,2,2,Christianity,Kandy,Group B
29,90,0,1,1,7,76,1,1,1,2,1,1,2,3,0,1,1,Non-binary,71,SIM-2165,synthetic_simulation,4,5,3,5,5,5,2,4,5,5,2,1,1,2,1,1,Hinduism,Colombo,Group A
14,80,2,2,1,7,88,2,1,1,2,2,0,1,3,0,1,2,Non-binary,66,SIM-2166,synthetic_simulation,3,4,3,2,4,3,1,4,1,1,4,4,5,5,1,1,Christianity,Jaffna,Group D
15,64,0,2,0,7,59,1,1,0,1,2,1,1,3,1,1,2,Female,59,SIM-2167,synthetic_simulation,3,5,4,3,5,4,4,2,5,3,1,5,2,1,4,2,Other,Kandy,Group A
12,94,2,2,1,10,78,2,1,1,2,0,1,1,2,0,1,2,Female,68,SIM-2168,synthetic_simulation,5,1,5,4,2,1,5,5,5,5,1,3,4,5,5,2,Christianity,Kandy,Group D
19,72,1,0,1,5,96,1,0,3,1,1,1,2,2,0,1,1,Non-binary,64,SIM-2169,synthetic_simulation,3,3,3,2,5,5,3,3,2,5,5,5,4,4,1,5,Buddhism,Kandy,Group D
23,99,1,2,0,8,61,1,1,2,0,0,0,2,3,1,1,2,Non-binary,70,SIM-2170,synthetic_simulation,2,4,3,2,2,1,2,2,3,2,1,5,2,5,2,2,Buddhism,Jaffna,Group A
26,65,1,2,1,7,67,2,1,4,0,2,0,0,3,0,1,1,Female,65,SIM-2171,synthetic_simulation,2,2,4,2,4,3,4,1,4,1,4,2,1,4,3,2,Other,Jaffna,Group A
20,98,0,2,1,7,69,0,0,2,0,0,1,0,2,0,0,2,Non-binary,72,SIM-2172,synthetic_simulation,1,1,2,4,4,3,3,3,3,3,5,1,2,3,2,3,Islam,Kandy,Group B
18,64,0,0,0,8,69,2,1,3,0,2,1,2,3,0,0,1,Female,66,SIM-2173,synthetic_simulation,2,2,3,2,2,2,5,2,3,2,5,1,3,3,5,4,Hinduism,Colombo,Group C
21,69,2,2,1,9,80,0,1,2,2,0,1,2,5,0,0,2,Male,68,SIM-2174,synthetic_simulation,3,3,4,3,3,1,3,1,2,4,3,2,5,2,5,4,Christianity,Kandy,Group B
15,62,2,0,0,8,70,2,1,1,1,2,0,2,3,0,0,2,Male,62,SIM-2175,synthetic_simulation,2,2,1,5,5,1,5,2,3,3,1,2,2,1,1,2,Other,Jaffna,Group C
33,88,2,1,0,9,84,2,1,1,1,2,1,0,3,0,1,2,Non-binary,70,SIM-2176,synthetic_simulation,5,1,4,3,1,3,1,1,4,2,3,4,1,3,1,5,Hinduism,Jaffna,Group D
10,94,0,2,1,7,74,0,1,3,0,2,1,2,3,0,0,1,Non-binary,70,SIM-2177,synthetic_simulation,1,1,5,5,4,1,1,1,1,4,4,1,3,2,2,3,Christianity,Negombo,Group A
21,77,2,1,1,7,58,2,1,0,1,0,1,0,3,0,0,2,Female,64,SIM-2178,synthetic_simulation,3,3,5,5,5,4,5,4,5,3,1,5,2,1,4,2,Christianity,Galle,Group A
32,97,0,1,1,5,97,1,1,1,1,0,1,2,5,0,0,1,Female,76,SIM-2179,synthetic_simulation,1,1,2,2,5,3,3,1,4,2,3,4,2,2,2,3,Islam,Colombo,Group C
20,84,2,2,1,10,62,0,1,1,2,2,1,1,2,0,0,1,Male,67,SIM-2180,synthetic_simulation,3,3,2,2,4,2,2,2,2,3,3,1,3,3,1,1,Hinduism,Negombo,Group D
19,85,0,0,0,7,78,1,1,2,1,0,0,0,3,0,0,2,Non-binary,69,SIM-2181,synthetic_simulation,5,3,5,4,2,2,3,3,1,5,5,3,1,1,4,5,Christianity,Galle,Group D
18,94,2,1,1,7,53,2,1,4,2,0,1,2,3,0,1,0,Male,68,SIM-2182,synthetic_simulation,1,1,5,1,4,2,3,4,2,2,3,5,5,3,4,4,Islam,Jaffna,Group D
19,72,2,2,1,8,96,1,1,1,2,0,1,2,2,0,2,1,Female,67,SIM-2183,synthetic_simulation,4,5,3,3,5,1,2,3,4,5,3,5,5,4,1,3,Buddhism,Galle,Group A
28,74,2,2,1,9,96,1,1,0,0,0,0,1,3,0,1,2,Non-binary,69,SIM-2184,synthetic_simulation,3,3,5,4,3,3,3,5,5,2,1,4,3,1,2,2,Islam,Jaffna,Group B
7,96,0,2,1,6,68,2,1,2,1,0,1,1,1,0,1,2,Female,67,SIM-2185,synthetic_simulation,4,1,2,4,2,2,3,3,3,5,1,1,4,2,3,1,Hinduism,Kandy,Group D
29,96,0,0,1,9,56,1,1,0,1,0,0,1,4,0,1,2,Male,73,SIM-2186,synthetic_simulation,1,5,5,3,4,3,4,5,3,1,5,2,1,4,1,5,Islam,Colombo,Group C
11,99,2,0,1,7,88,0,0,4,2,1,0,1,3,0,0,2,Non-binary,71,SIM-2187,synthetic_simulation,4,3,2,3,1,1,5,5,2,5,1,3,4,2,2,3,Buddhism,Jaffna,Group D
18,96,2,1,0,9,63,2,1,4,1,2,0,1,3,0,2,2,Female,70,SIM-2188,synthetic_simulation,4,5,1,5,4,4,1,4,1,1,4,5,4,3,3,1,Buddhism,Jaffna,Group C
17,65,0,2,1,6,85,2,1,1,1,2,0,1,3,0,1,2,Female,65,SIM-2189,synthetic_simulation,1,4,5,1,5,4,5,3,5,3,5,2,4,3,5,3,Hinduism,Jaffna,Group C
24,93,0,2,1,8,96,2,1,0,2,2,1,2,1,0,2,1,Male,73,SIM-2190,synthetic_simulation,5,4,2,2,5,4,3,1,2,4,4,2,1,4,5,3,Other,Galle,Group B
10,76,2,2,1,7,80,2,1,1,1,0,1,2,4,0,2,2,Male,65,SIM-2191,synthetic_simulation,4,5,4,1,1,1,2,4,5,4,1,2,4,4,5,3,Islam,Jaffna,Group C
23,100,1,2,1,5,93,2,1,4,1,2,0,1,3,0,2,1,Non-binary,73,SIM-2192,synthetic_simulation,4,3,3,1,2,2,2,4,2,4,1,2,3,1,3,5,Hinduism,Kandy,Group C
32,79,1,0,1,5,61,2,1,0,1,0,1,2,3,0,0,2,Male,70,SIM-2193,synthetic_simulation,5,1,2,2,5,1,1,1,1,1,5,4,2,2,4,5,Christianity,Negombo,Group A
12,82,0,2,1,6,96,0,1,0,1,1,0,2,4,1,0,2,Female,66,SIM-2194,synthetic_simulation,4,2,5,1,2,3,1,3,4,4,3,5,3,5,5,4,Islam,Negombo,Group C
21,81,1,2,1,8,61,0,1,3,2,1,1,0,5,0,1,1,Non-binary,66,SIM-2195,synthetic_simulation,4,1,5,4,2,4,1,4,3,4,2,2,2,3,5,3,Buddhism,Negombo,Group D
16,73,2,2,1,4,61,1,1,4,1,0,0,1,5,0,1,1,Female,64,SIM-2196,synthetic_simulation,4,2,1,4,4,3,2,5,5,5,2,2,5,5,4,1,Islam,Jaffna,Group B
23,63,2,2,1,8,94,0,1,2,2,2,1,1,5,0,2,2,Non-binary,68,SIM-2197,synthetic_simulation,2,2,4,2,2,1,3,1,5,4,1,1,4,5,3,2,Hinduism,Kandy,Group B
20,96,2,2,0,7,78,2,1,1,0,0,1,1,2,0,1,2,Female,70,SIM-2198,synthetic_simulation,5,3,2,2,5,5,1,2,1,1,4,5,5,4,3,3,Other,Galle,Group A
16,92,2,2,1,4,90,0,1,6,0,2,0,1,3,0,1,2,Male,72,SIM-2199,synthetic_simulation,4,5,4,3,5,5,1,4,5,5,5,3,5,2,4,4,Other,Colombo,Group B
23,66,2,0,0,6,90,2,1,2,1,2,1,1,3,0,1,2,Male,66,SIM-2200,synthetic_simulation,5,1,1,3,3,1,2,5,4,1,3,2,1,5,1,5,Christianity,Galle,Group A
31,91,2,2,1,6,82,2,1,2,2,0,1,2,3,0,1,2,Non-binary,74,SIM-2201,synthetic_simulation,3,5,3,1,2,2,3,3,4,2,1,4,4,2,4,4,Hinduism,Jaffna,Group A
19,85,0,2,0,7,59,1,1,0,2,0,0,0,4,0,0,1,Female,67,SIM-2202,synthetic_simulation,3,4,4,1,3,3,1,3,1,4,4,2,5,4,2,4,Islam,Kandy,Group B
24,76,0,0,1,9,85,2,1,2,1,2,0,2,2,0,2,2,Male,71,SIM-2203,synthetic_simulation,4,3,1,2,4,1,3,1,2,1,1,2,2,5,2,3,Buddhism,Colombo,Group C
12,70,1,0,1,9,53,2,1,2,1,2,1,1,2,1,1,2,Male,60,SIM-2204,synthetic_simulation,5,3,2,1,3,1,4,5,2,1,2,2,2,5,1,3,Islam,Jaffna,Group D
14,94,1,2,0,6,60,2,1,3,0,2,1,1,3,0,0,2,Male,68,SIM-2205,synthetic_simulation,5,4,3,5,2,5,1,1,5,5,1,5,1,3,1,1,Islam,Kandy,Group B
23,88,2,2,0,6,82,2,1,0,2,2,0,0,3,0,0,2,Non-binary,69,SIM-2206,synthetic_simulation,5,1,5,4,5,4,1,4,5,2,4,5,5,5,2,1,Buddhism,Galle,Group B
29,82,0,0,0,5,95,2,1,2,2,0,1,1,3,0,0,2,Male,74,SIM-2207,synthetic_simulation,2,4,1,1,4,4,2,1,1,2,2,2,5,1,4,4,Christianity,Kandy,Group B
22,84,0,2,1,6,89,2,1,2,2,2,1,1,3,0,1,2,Female,71,SIM-2208,synthetic_simulation,3,1,5,1,2,2,4,2,4,4,1,4,5,4,3,1,Other,Kandy,Group A
18,64,0,2,1,6,67,0,1,0,1,2,0,0,4,0,0,2,Non-binary,63,SIM-2209,synthetic_simulation,5,2,3,3,4,2,4,1,1,3,2,3,1,1,2,1,Other,Galle,Group A
20,79,0,1,1,7,91,0,0,2,1,2,0,0,4,1,0,1,Non-binary,66,SIM-2210,synthetic_simulation,5,3,1,5,1,2,4,1,2,3,5,1,4,5,4,2,Islam,Negombo,Group B
12,68,2,0,0,7,98,2,1,1,2,0,0,1,4,0,1,2,Non-binary,65,SIM-2211,synthetic_simulation,2,1,1,1,2,5,5,4,4,5,4,3,5,5,2,1,Hinduism,Colombo,Group B
24,68,1,1,0,6,67,0,0,0,1,0,0,2,3,1,1,0,Non-binary,60,SIM-2212,synthetic_simulation,2,5,3,4,1,1,2,5,5,4,4,4,5,1,3,4,Other,Galle,Group A
25,86,2,1,1,6,59,2,1,3,1,2,1,2,3,0,1,2,Non-binary,69,SIM-2213,synthetic_simulation,5,5,2,1,3,2,2,2,2,5,5,4,3,3,2,3,Christianity,Colombo,Group B
17,96,0,2,0,6,60,2,1,1,1,2,1,1,3,0,0,2,Non-binary,69,SIM-2214,synthetic_simulation,1,3,1,2,2,5,1,1,3,4,4,3,2,3,2,5,Christianity,Jaffna,Group B
17,76,2,0,1,6,70,1,1,2,0,2,1,1,4,0,2,1,Male,67,SIM-2215,synthetic_simulation,5,4,3,5,1,3,2,4,2,2,4,3,4,1,3,3,Buddhism,Jaffna,Group A
22,68,0,2,1,9,53,0,1,1,2,2,1,1,2,0,1,1,Non-binary,65,SIM-2216,synthetic_simulation,5,4,4,1,5,1,1,4,4,3,1,2,4,1,5,4,Hinduism,Negombo,Group D
17,86,0,0,1,8,74,2,1,1,1,0,0,1,4,0,0,2,Male,70,SIM-2217,synthetic_simulation,2,1,5,5,3,3,1,4,4,1,3,3,4,4,2,5,Other,Negombo,Group B
20,95,0,2,1,8,87,1,1,0,1,2,0,2,3,0,2,1,Female,71,SIM-2218,synthetic_simulation,2,4,1,1,2,4,5,5,1,3,1,3,5,3,2,2,Hinduism,Galle,Group A
33,90,1,2,1,9,77,2,1,3,2,0,1,0,6,1,2,1,Male,73,SIM-2219,synthetic_simulation,5,3,4,4,2,4,2,1,4,4,5,2,3,2,2,4,Other,Galle,Group C
19,95,1,0,1,8,99,2,1,0,1,2,1,1,2,0,2,1,Non-binary,70,SIM-2220,synthetic_simulation,5,1,1,4,5,1,2,3,3,3,5,4,4,5,1,4,Buddhism,Colombo,Group C
18,81,0,1,1,9,73,0,1,1,2,0,1,1,2,0,1,2,Female,67,SIM-2221,synthetic_simulation,5,2,2,5,5,2,5,2,3,1,3,5,1,5,1,4,Hinduism,Galle,Group D
16,90,1,0,1,8,51,2,1,1,0,2,1,1,5,0,1,1,Non-binary,67,SIM-2222,synthetic_simulation,2,4,3,3,1,1,5,3,4,2,1,2,1,1,3,3,Hinduism,Negombo,Group D
24,66,1,0,0,7,74,2,1,0,0,0,1,1,2,0,0,1,Non-binary,65,SIM-2223,synthetic_simulation,5,4,1,3,1,2,2,5,5,2,1,3,2,2,4,5,Other,Negombo,Group A
19,74,0,0,1,6,96,2,1,2,0,2,1,1,3,0,0,2,Non-binary,69,SIM-2224,synthetic_simulation,5,1,3,2,1,4,2,1,4,4,1,1,3,3,1,2,Islam,Negombo,Group D
16,76,0,0,1,6,55,2,0,1,1,2,1,2,1,0,2,2,Male,65,SIM-2225,synthetic_simulation,4,5,1,3,4,1,1,3,5,3,2,3,4,3,3,1,Other,Colombo,Group B
28,80,2,0,1,8,61,1,1,1,1,2,0,0,3,0,0,0,Female,68,SIM-2226,synthetic_simulation,1,4,2,5,3,1,3,3,4,4,2,1,3,3,1,5,Hinduism,Galle,Group C
29,97,0,2,0,7,86,2,1,0,2,2,1,2,3,0,0,2,Female,74,SIM-2227,synthetic_simulation,3,3,2,3,2,2,1,3,2,3,1,2,1,1,4,4,Buddhism,Galle,Group B
16,95,1,2,1,5,65,0,1,0,2,2,0,1,3,0,0,2,Female,68,SIM-2228,synthetic_simulation,1,4,4,2,3,4,4,2,4,5,2,5,4,1,1,4,Buddhism,Colombo,Group B
9,65,2,2,0,4,88,1,1,1,1,2,1,2,3,0,0,2,Male,61,SIM-2229,synthetic_simulation,4,2,2,1,5,4,4,1,2,4,1,5,5,5,5,4,Islam,Colombo,Group B
26,67,2,1,1,10,71,0,1,3,1,2,1,1,3,0,2,2,Male,67,SIM-2230,synthetic_simulation,3,4,3,3,3,2,3,4,5,3,5,1,1,5,4,4,Islam,Kandy,Group A
16,74,0,0,1,6,90,2,1,1,1,2,0,0,4,1,1,2,Male,66,SIM-2231,synthetic_simulation,5,5,2,5,3,2,5,1,4,5,1,4,2,3,4,2,Hinduism,Colombo,Group C
25,72,1,1,1,6,78,1,1,8,2,0,1,2,4,0,1,2,Male,69,SIM-2232,synthetic_simulation,4,4,1,5,1,2,4,3,5,4,2,1,4,5,1,3,Islam,Galle,Group C
8,85,2,1,1,9,54,1,1,1,1,0,0,2,3,0,1,2,Female,62,SIM-2233,synthetic_simulation,5,1,2,2,5,4,5,1,3,2,3,1,2,5,1,5,Buddhism,Galle,Group B
25,96,2,0,1,5,69,1,1,0,1,2,1,1,4,0,1,1,Male,71,SIM-2234,synthetic_simulation,2,4,3,2,3,4,5,4,1,5,5,2,3,3,2,2,Hinduism,Negombo,Group B
13,98,0,0,1,8,67,2,1,1,2,2,0,2,4,0,2,1,Non-binary,71,SIM-2235,synthetic_simulation,4,5,1,4,2,1,1,2,5,4,4,3,2,1,2,2,Islam,Negombo,Group A
24,86,2,0,1,10,91,1,1,0,1,0,0,2,4,0,0,2,Female,72,SIM-2236,synthetic_simulation,2,1,4,4,1,4,5,1,2,1,3,4,2,5,4,2,Buddhism,Kandy,Group C
20,94,2,0,1,10,81,1,1,1,2,0,1,1,5,1,1,0,Male,69,SIM-2237,synthetic_simulation,4,3,4,4,3,3,3,1,1,2,3,1,5,1,2,2,Islam,Colombo,Group C
14,81,1,2,0,6,89,2,0,6,1,0,0,1,3,0,0,2,Male,67,SIM-2238,synthetic_simulation,4,1,4,1,5,3,1,2,4,5,4,2,2,2,2,2,Buddhism,Jaffna,Group A
18,68,2,0,0,7,69,2,1,1,1,0,1,1,4,1,1,1,Non-binary,63,SIM-2239,synthetic_simulation,2,2,1,5,2,2,3,2,2,3,5,4,5,1,2,2,Hinduism,Kandy,Group B
24,81,2,2,1,6,85,2,0,1,2,0,1,1,4,0,0,1,Non-binary,68,SIM-2240,synthetic_simulation,3,1,4,4,5,2,5,3,1,1,4,5,2,4,5,2,Buddhism,Colombo,Group C
21,82,0,0,1,7,53,1,1,0,0,2,1,2,2,0,2,2,Non-binary,69,SIM-2241,synthetic_simulation,1,3,2,5,5,2,4,3,1,3,5,5,5,4,2,3,Christianity,Galle,Group B
24,90,2,1,1,9,52,1,1,0,1,2,1,0,3,1,0,2,Non-binary,65,SIM-2242,synthetic_simulation,5,4,1,2,5,1,5,2,5,1,5,2,1,3,2,3,Other,Kandy,Group D
32,69,0,0,1,5,64,2,1,0,2,2,1,0,3,0,2,2,Female,70,SIM-2243,synthetic_simulation,4,1,1,1,4,3,3,4,4,4,5,4,5,4,5,2,Buddhism,Kandy,Group D
11,75,2,2,0,8,89,2,1,2,0,0,0,2,4,0,0,1,Non-binary,65,SIM-2244,synthetic_simulation,5,1,1,2,2,3,2,3,4,4,3,3,1,2,1,4,Christianity,Colombo,Group B
30,75,2,2,0,7,77,2,1,0,1,2,1,2,2,0,1,1,Non-binary,67,SIM-2245,synthetic_simulation,2,1,5,5,5,4,2,4,4,3,5,2,1,1,4,1,Islam,Galle,Group C
21,98,2,0,1,9,70,2,1,0,1,0,1,2,1,0,0,2,Male,72,SIM-2246,synthetic_simulation,5,1,3,4,4,3,4,2,5,3,4,3,4,1,3,2,Other,Colombo,Group C
15,78,2,0,1,9,95,0,1,1,0,0,1,2,3,0,1,2,Non-binary,69,SIM-2247,synthetic_simulation,2,3,5,2,1,4,3,1,5,3,3,1,1,5,1,5,Buddhism,Galle,Group D
12,90,0,0,1,6,75,1,0,2,2,2,1,1,3,0,2,2,Male,69,SIM-2248,synthetic_simulation,5,5,5,3,4,1,4,2,4,5,5,3,4,5,5,5,Buddhism,Galle,Group C
19,90,0,1,0,7,81,2,1,4,0,0,1,1,4,1,0,2,Non-binary,71,SIM-2249,synthetic_simulation,1,5,5,1,1,2,1,2,1,2,2,2,5,5,5,2,Hinduism,Negombo,Group C
26,71,2,1,1,8,99,2,1,1,2,0,1,2,3,0,1,0,Female,67,SIM-2250,synthetic_simulation,1,1,3,5,4,2,5,5,4,3,2,4,3,1,4,3,Buddhism,Jaffna,Group D
19,83,1,1,0,8,76,1,1,3,1,1,1,1,3,0,2,2,Male,65,SIM-2251,synthetic_simulation,1,3,5,4,5,4,1,2,5,4,5,3,4,1,2,5,Other,Negombo,Group C
29,96,1,1,0,4,89,2,1,2,1,0,1,1,2,0,1,0,Male,70,SIM-2252,synthetic_simulation,1,3,4,2,4,5,2,3,4,4,2,1,3,5,3,3,Islam,Kandy,Group B
11,79,2,2,0,8,71,1,1,1,2,2,0,2,2,0,0,1,Male,63,SIM-2253,synthetic_simulation,1,1,1,1,4,4,5,1,5,3,1,4,5,1,3,1,Hinduism,Kandy,Group C
20,98,0,0,1,9,52,2,1,0,2,2,0,2,3,0,0,0,Male,71,SIM-2254,synthetic_simulation,1,2,1,4,5,1,1,4,4,3,3,5,4,2,3,4,Other,Colombo,Group A
12,69,0,2,1,7,92,1,1,1,2,2,1,1,3,0,0,2,Male,64,SIM-2255,synthetic_simulation,2,1,2,2,1,3,2,5,1,4,1,5,5,5,1,3,Buddhism,Colombo,Group A
22,63,2,0,1,8,97,0,1,5,2,2,0,1,3,0,1,2,Non-binary,69,SIM-2256,synthetic_simulation,4,2,4,5,5,4,1,3,1,5,3,4,3,4,5,5,Other,Colombo,Group A
25,96,1,2,0,9,72,1,1,0,1,2,0,2,3,0,1,2,Non-binary,69,SIM-2257,synthetic_simulation,5,1,3,3,2,1,5,1,5,1,4,2,5,5,3,1,Other,Negombo,Group D
17,94,2,2,1,7,75,2,1,1,1,0,1,2,3,0,2,1,Female,70,SIM-2258,synthetic_simulation,1,2,1,3,4,2,1,4,5,4,2,3,3,4,3,4,Islam,Galle,Group C
4,100,0,1,0,8,71,1,1,2,1,2,0,0,4,0,1,1,Non-binary,64,SIM-2259,synthetic_simulation,2,2,5,5,2,5,5,1,2,1,2,3,1,3,2,3,Buddhism,Jaffna,Group A
21,87,2,0,0,7,100,1,1,1,1,2,1,2,3,0,1,2,Female,70,SIM-2260,synthetic_simulation,2,1,2,1,5,5,1,3,3,3,2,4,3,4,1,4,Christianity,Kandy,Group D
23,97,2,0,0,7,95,2,1,0,2,0,0,2,4,0,2,1,Female,74,SIM-2261,synthetic_simulation,2,2,2,5,5,4,4,1,2,2,5,3,3,2,5,1,Hinduism,Kandy,Group D
22,93,2,2,1,6,52,2,1,1,1,2,1,0,3,0,0,2,Male,69,SIM-2262,synthetic_simulation,4,4,1,2,3,3,1,2,5,3,3,5,1,1,4,1,Islam,Colombo,Group B
27,94,1,2,1,7,89,2,1,3,1,2,0,2,2,0,0,2,Female,73,SIM-2263,synthetic_simulation,5,5,4,1,2,4,1,1,5,3,5,4,4,2,2,2,Hinduism,Negombo,Group D
14,83,2,2,1,10,80,2,1,1,2,0,0,1,3,1,0,2,Female,66,SIM-2264,synthetic_simulation,4,3,2,3,3,5,4,2,4,3,2,3,2,3,2,2,Buddhism,Colombo,Group D
24,75,0,0,1,6,51,0,0,1,2,0,1,0,3,0,1,2,Female,67,SIM-2265,synthetic_simulation,3,2,1,2,2,5,2,3,2,4,4,1,4,2,2,3,Hinduism,Negombo,Group D
27,97,0,0,0,8,72,2,1,6,1,2,1,1,2,0,0,2,Female,76,SIM-2266,synthetic_simulation,2,2,4,4,3,2,5,5,3,4,2,2,2,2,3,5,Other,Galle,Group C
9,77,2,2,0,7,57,1,1,2,2,1,1,0,3,0,1,2,Female,61,SIM-2267,synthetic_simulation,3,3,1,4,3,3,3,2,2,2,5,1,1,3,4,2,Other,Colombo,Group B
22,82,1,2,1,9,94,0,1,0,2,2,1,2,4,0,1,1,Male,68,SIM-2268,synthetic_simulation,1,2,1,4,2,3,2,1,1,1,2,1,4,2,1,3,Other,Galle,Group D
17,78,2,1,1,9,51,0,1,1,1,2,0,1,3,0,1,1,Female,63,SIM-2269,synthetic_simulation,1,3,4,3,5,5,5,1,1,1,1,3,5,3,5,4,Christianity,Kandy,Group A
20,83,0,1,1,6,94,2,1,1,1,2,1,1,2,0,1,2,Male,67,SIM-2270,synthetic_simulation,4,1,4,5,1,5,1,1,2,1,1,4,5,1,1,1,Other,Kandy,Group A
22,79,1,1,1,6,97,1,1,3,0,2,1,0,3,0,1,1,Non-binary,66,SIM-2271,synthetic_simulation,5,4,4,1,5,4,2,3,2,3,5,5,4,5,2,2,Other,Kandy,Group A
17,62,0,1,1,6,54,1,1,2,2,0,1,1,3,0,0,2,Female,62,SIM-2272,synthetic_simulation,3,4,1,3,1,4,1,4,5,2,1,4,5,1,4,3,Buddhism,Galle,Group C
16,95,0,1,1,6,86,2,1,0,1,0,0,1,3,0,1,2,Non-binary,69,SIM-2273,synthetic_simulation,5,5,2,2,2,2,2,1,4,3,3,3,1,1,1,1,Other,Colombo,Group D
20,78,2,2,0,6,77,2,1,3,2,2,0,2,3,0,1,1,Non-binary,67,SIM-2274,synthetic_simulation,4,2,3,2,4,5,2,1,1,2,3,3,5,1,1,4,Christianity,Negombo,Group D
13,84,2,2,0,8,98,1,0,2,2,2,1,2,2,0,0,1,Female,66,SIM-2275,synthetic_simulation,1,5,3,4,5,4,3,2,3,5,5,5,5,2,2,2,Christianity,Negombo,Group B
13,66,0,2,1,6,90,2,1,2,1,2,1,2,3,1,1,1,Non-binary,63,SIM-2276,synthetic_simulation,5,1,1,1,3,2,4,5,4,4,1,1,2,1,2,2,Islam,Colombo,Group D
24,60,2,2,0,6,85,1,1,1,0,2,1,1,2,0,2,1,Male,64,SIM-2277,synthetic_simulation,5,4,1,4,5,3,2,1,2,3,3,1,2,3,1,4,Christianity,Jaffna,Group C
13,70,1,2,1,6,96,0,1,2,2,2,0,0,5,0,2,1,Male,64,SIM-2278,synthetic_simulation,1,1,2,2,2,5,1,3,1,5,1,4,3,3,1,5,Other,Negombo,Group C
24,88,1,2,0,8,58,2,1,1,1,0,1,0,3,0,1,2,Non-binary,67,SIM-2279,synthetic_simulation,3,1,4,2,4,1,3,4,2,1,2,2,1,3,3,3,Hinduism,Negombo,Group B
23,64,1,2,1,7,69,0,1,4,0,2,1,2,3,0,1,1,Female,66,SIM-2280,synthetic_simulation,1,2,1,5,4,5,2,4,1,5,1,3,5,3,4,4,Islam,Colombo,Group C
10,96,0,0,1,7,92,2,1,1,1,1,1,1,1,0,1,2,Non-binary,68,SIM-2281,synthetic_simulation,5,1,5,5,5,4,4,4,3,4,1,5,1,1,2,1,Christianity,Colombo,Group A
16,69,2,0,1,6,55,2,1,1,2,0,1,0,1,0,1,1,Female,62,SIM-2282,synthetic_simulation,3,4,4,5,5,5,1,3,4,4,5,4,1,4,5,1,Islam,Colombo,Group A
27,68,2,2,1,5,97,1,1,1,2,2,1,0,4,0,0,2,Non-binary,68,SIM-2283,synthetic_simulation,3,5,1,4,5,1,3,4,3,4,2,5,2,5,5,5,Buddhism,Jaffna,Group A
14,67,0,1,0,9,87,2,1,1,2,2,0,2,3,0,1,2,Female,63,SIM-2284,synthetic_simulation,1,4,5,1,2,5,5,4,3,5,3,1,5,4,2,4,Other,Galle,Group D
17,61,2,0,0,7,72,1,1,1,2,0,1,1,2,0,1,1,Non-binary,62,SIM-2285,synthetic_simulation,5,2,2,5,1,4,4,2,4,1,3,1,3,2,4,3,Other,Kandy,Group D
23,91,0,0,0,10,67,0,1,2,1,2,1,2,2,0,0,2,Female,72,SIM-2286,synthetic_simulation,4,4,5,3,1,3,5,4,4,3,1,4,4,1,5,4,Islam,Galle,Group C
25,95,2,1,0,8,57,1,1,4,1,2,1,1,3,0,1,1,Non-binary,69,SIM-2287,synthetic_simulation,5,3,1,5,3,4,5,2,3,1,4,2,3,4,3,5,Christianity,Galle,Group D
18,85,2,1,1,10,55,0,1,3,2,0,1,1,3,0,1,2,Female,67,SIM-2288,synthetic_simulation,2,5,3,4,2,2,3,2,2,2,4,1,2,1,2,2,Hinduism,Colombo,Group C
16,68,2,0,1,8,71,2,1,1,0,0,0,1,3,0,1,1,Male,65,SIM-2289,synthetic_simulation,4,3,1,1,4,4,3,2,4,2,3,5,3,3,5,4,Christianity,Colombo,Group A
29,71,0,2,0,7,92,1,1,1,1,2,1,2,3,0,1,2,Male,69,SIM-2290,synthetic_simulation,3,3,3,5,3,2,3,3,3,3,1,3,2,2,5,5,Islam,Colombo,Group D
30,79,0,0,1,6,77,2,1,1,1,2,1,2,2,0,1,2,Female,72,SIM-2291,synthetic_simulation,4,2,2,1,4,5,5,1,3,4,1,3,2,4,2,5,Christianity,Kandy,Group C
26,98,1,2,1,6,73,2,1,2,1,1,1,0,3,0,1,2,Female,70,SIM-2292,synthetic_simulation,3,1,2,3,4,2,1,5,3,3,2,2,1,5,4,2,Islam,Galle,Group D
21,70,0,0,0,9,66,2,1,1,2,1,1,1,4,0,0,1,Male,91,SIM-2293,synthetic_simulation,3,3,4,2,5,5,3,4,2,5,5,4,5,3,2,5,Other,Kandy,Group D
15,89,0,1,1,7,58,1,1,2,1,2,1,0,3,0,1,1,Female,65,SIM-2294,synthetic_simulation,4,4,4,1,4,2,4,5,5,4,4,2,4,3,1,3,Other,Negombo,Group A
15,78,1,2,1,8,100,1,1,0,1,2,1,0,3,1,1,2,Male,62,SIM-2295,synthetic_simulation,3,1,3,5,4,4,3,1,5,3,1,5,2,2,5,5,Other,Galle,Group D
23,72,1,0,1,8,51,2,1,2,1,2,0,2,3,0,0,0,Male,65,SIM-2296,synthetic_simulation,3,4,3,4,2,1,3,2,4,3,3,2,2,3,1,2,Islam,Kandy,Group A
23,78,2,2,1,8,66,2,1,1,2,0,1,1,1,0,0,1,Non-binary,67,SIM-2297,synthetic_simulation,2,4,2,4,5,5,3,2,5,5,4,3,1,3,4,4,Other,Kandy,Group C
28,63,2,1,0,6,88,0,1,4,2,0,1,1,4,0,1,0,Non-binary,67,SIM-2298,synthetic_simulation,5,1,5,4,5,2,5,2,1,5,5,1,4,4,1,5,Buddhism,Jaffna,Group B
24,92,2,0,0,9,76,2,1,2,0,2,1,2,2,0,1,2,Female,72,SIM-2299,synthetic_simulation,5,1,3,4,3,1,1,2,4,1,1,1,2,3,4,5,Hinduism,Kandy,Group B
11,70,2,1,1,7,66,1,1,1,2,0,1,0,3,0,1,2,Female,60,SIM-2300,synthetic_simulation,2,4,3,1,5,2,3,4,4,2,4,4,5,2,2,3,Islam,Kandy,Group A
26,89,2,1,0,7,100,1,1,0,2,1,1,1,3,0,1,2,Male,69,SIM-2301,synthetic_simulation,4,2,5,4,1,2,5,1,3,3,1,5,5,1,3,2,Other,Jaffna,Group A
14,63,2,2,0,8,81,1,1,0,2,1,0,2,5,0,1,2,Male,61,SIM-2302,synthetic_simulation,1,5,4,2,2,2,4,1,1,1,5,4,1,2,3,2,Buddhism,Kandy,Group C
18,98,1,2,1,7,65,2,1,1,0,2,0,1,4,0,2,2,Male,70,SIM-2303,synthetic_simulation,1,5,4,3,3,4,1,1,5,4,2,2,2,2,2,2,Christianity,Galle,Group C
22,68,2,0,0,4,92,0,1,2,0,2,1,1,3,0,1,2,Non-binary,68,SIM-2304,synthetic_simulation,1,2,3,1,1,2,5,5,4,4,4,2,4,1,5,2,Hinduism,Colombo,Group C
32,95,2,0,1,9,58,2,1,2,2,2,0,2,4,0,1,2,Male,75,SIM-2305,synthetic_simulation,2,1,4,1,4,1,2,2,1,2,5,2,1,4,4,2,Hinduism,Galle,Group A
39,92,2,2,0,9,73,2,1,1,2,2,1,0,4,0,2,1,Non-binary,75,SIM-2306,synthetic_simulation,2,4,4,4,1,2,4,3,2,4,2,5,1,5,1,1,Other,Colombo,Group D
24,99,0,2,0,4,92,1,1,2,0,2,0,1,3,0,1,0,Female,72,SIM-2307,synthetic_simulation,3,5,4,4,3,3,4,1,2,2,2,1,3,5,3,4,Islam,Jaffna,Group A
19,79,1,2,1,5,99,0,1,1,1,2,0,0,4,0,0,1,Non-binary,66,SIM-2308,synthetic_simulation,1,4,2,1,5,5,2,5,3,4,5,3,1,2,1,5,Islam,Kandy,Group C
23,89,1,0,0,10,69,1,1,5,2,2,1,1,4,0,1,2,Female,71,SIM-2309,synthetic_simulation,4,2,1,4,2,4,5,4,1,4,3,3,3,4,1,5,Buddhism,Jaffna,Group B
25,75,1,0,0,7,57,0,1,4,1,0,1,2,5,0,0,2,Female,70,SIM-2310,synthetic_simulation,4,4,3,4,3,3,5,2,4,3,5,2,3,4,1,5,Islam,Jaffna,Group B
18,67,2,0,1,7,78,1,1,2,2,2,1,0,3,1,1,2,Female,63,SIM-2311,synthetic_simulation,1,2,3,4,1,3,4,5,2,5,1,2,2,4,5,3,Other,Jaffna,Group B
31,78,0,0,1,6,97,1,1,0,2,0,1,1,3,0,1,2,Non-binary,72,SIM-2312,synthetic_simulation,1,1,2,4,1,1,5,3,2,3,3,2,5,4,3,2,Hinduism,Galle,Group D
21,67,2,2,1,5,83,2,1,1,1,0,0,1,5,0,1,2,Female,65,SIM-2313,synthetic_simulation,1,2,1,4,3,1,2,3,5,1,2,5,4,2,1,4,Hinduism,Jaffna,Group A
23,99,2,2,1,7,80,1,1,3,1,1,0,1,2,0,1,2,Non-binary,71,SIM-2314,synthetic_simulation,2,2,1,5,3,4,5,4,5,5,4,3,1,3,1,5,Hinduism,Kandy,Group C
24,64,2,2,1,8,65,2,1,0,2,2,1,2,3,0,0,2,Non-binary,65,SIM-2315,synthetic_simulation,2,5,2,5,3,4,4,1,1,3,2,4,2,5,3,2,Other,Negombo,Group B
23,84,2,1,1,7,80,2,1,1,2,0,0,2,3,0,0,1,Female,69,SIM-2316,synthetic_simulation,2,4,5,5,5,5,5,1,5,5,4,1,4,5,1,2,Christianity,Jaffna,Group C
25,85,2,1,1,8,94,2,1,3,2,0,1,2,3,0,1,1,Female,71,SIM-2317,synthetic_simulation,5,5,5,1,3,2,1,5,1,5,4,4,1,1,4,2,Other,Colombo,Group B
16,82,2,0,1,10,69,2,1,2,1,2,1,2,4,0,0,2,Non-binary,68,SIM-2318,synthetic_simulation,4,3,1,3,4,4,2,5,4,5,5,1,5,2,3,3,Hinduism,Kandy,Group D
17,86,1,2,0,6,62,1,1,2,2,0,1,2,4,0,1,2,Female,66,SIM-2319,synthetic_simulation,4,2,5,1,2,4,2,1,4,4,5,5,5,5,1,4,Hinduism,Kandy,Group C
13,65,0,2,0,7,74,1,1,0,0,2,1,1,2,1,1,1,Male,60,SIM-2320,synthetic_simulation,3,3,5,5,2,2,3,1,4,5,2,1,3,2,5,5,Islam,Negombo,Group B
23,82,2,2,0,9,69,2,1,0,0,2,1,2,3,0,1,2,Female,68,SIM-2321,synthetic_simulation,2,5,5,1,4,5,5,5,5,4,5,5,3,2,4,1,Hinduism,Kandy,Group A
25,71,2,0,1,6,73,2,1,1,1,2,0,1,4,0,1,2,Female,67,SIM-2322,synthetic_simulation,5,4,1,3,1,1,2,2,5,5,2,3,4,4,2,3,Buddhism,Kandy,Group A
23,98,2,1,0,7,55,2,1,3,0,0,0,1,4,0,1,2,Male,71,SIM-2323,synthetic_simulation,5,5,5,4,1,5,5,3,3,4,5,1,1,1,5,3,Other,Jaffna,Group A
30,90,0,2,0,10,67,0,1,2,2,2,0,1,6,0,1,2,Non-binary,74,SIM-2324,synthetic_simulation,4,4,3,2,1,2,1,3,2,5,5,2,3,2,2,1,Islam,Negombo,Group B
20,99,1,2,0,6,91,2,1,2,2,1,1,0,4,0,1,2,Female,70,SIM-2325,synthetic_simulation,2,4,1,5,1,1,4,4,4,1,4,2,2,5,2,3,Islam,Jaffna,Group A
24,62,1,0,0,9,70,1,1,2,1,2,1,2,2,0,0,1,Male,63,SIM-2326,synthetic_simulation,3,1,2,5,5,1,4,3,5,3,3,5,3,5,1,5,Christianity,Negombo,Group D
13,71,2,2,0,7,98,2,1,0,2,2,1,2,3,0,0,2,Male,64,SIM-2327,synthetic_simulation,2,2,5,3,4,1,3,5,2,5,5,3,4,1,4,4,Christianity,Negombo,Group C
18,68,2,0,1,10,85,0,1,3,1,2,1,1,3,0,1,2,Non-binary,66,SIM-2328,synthetic_simulation,1,5,4,4,2,5,3,2,4,1,5,5,2,2,1,4,Hinduism,Jaffna,Group D
24,60,2,2,1,5,68,2,1,0,2,1,1,1,3,0,2,2,Non-binary,64,SIM-2329,synthetic_simulation,2,4,1,4,4,2,2,5,4,3,2,4,5,4,5,5,Buddhism,Kandy,Group A
25,70,0,0,1,7,63,2,1,1,2,0,0,2,3,0,0,1,Non-binary,69,SIM-2330,synthetic_simulation,1,5,2,2,2,5,2,1,2,2,4,4,2,1,2,5,Buddhism,Galle,Group A
18,87,2,0,1,5,84,2,1,2,2,1,0,2,4,0,2,2,Male,71,SIM-2331,synthetic_simulation,1,5,3,4,1,5,2,1,2,5,4,4,4,2,1,4,Islam,Jaffna,Group A
20,69,0,2,0,6,65,2,1,1,1,2,1,1,2,0,1,2,Non-binary,64,SIM-2332,synthetic_simulation,3,4,2,3,5,3,1,3,5,2,3,2,5,1,5,5,Other,Negombo,Group C
11,80,2,2,1,6,96,1,1,1,1,0,1,1,3,0,1,2,Female,65,SIM-2333,synthetic_simulation,4,3,5,4,3,4,3,2,2,3,3,4,1,4,5,3,Christianity,Jaffna,Group D
18,96,0,2,0,7,56,1,1,2,2,2,0,1,1,0,0,2,Female,69,SIM-2334,synthetic_simulation,2,2,4,3,3,5,3,4,2,3,3,1,4,3,2,4,Islam,Kandy,Group A
25,88,2,0,0,5,51,2,1,1,2,1,1,1,1,0,1,2,Female,68,SIM-2335,synthetic_simulation,1,2,5,5,1,3,4,5,5,5,5,4,3,3,1,1,Christianity,Galle,Group C
23,76,2,2,1,7,61,2,1,3,2,1,1,2,4,0,1,2,Male,68,SIM-2336,synthetic_simulation,2,1,2,5,1,2,3,4,4,1,2,2,4,3,4,1,Christianity,Kandy,Group B
23,75,0,2,1,8,80,0,1,0,1,0,0,1,4,0,1,1,Non-binary,68,SIM-2337,synthetic_simulation,4,1,1,5,4,3,3,4,2,5,1,1,4,4,5,5,Buddhism,Negombo,Group D
20,78,1,2,1,5,92,1,1,1,2,2,1,2,3,0,1,0,Male,65,SIM-2338,synthetic_simulation,4,1,4,1,5,5,1,4,3,1,2,3,4,4,1,1,Islam,Negombo,Group B
20,67,0,0,0,6,59,1,1,1,2,2,0,0,4,0,0,2,Male,65,SIM-2339,synthetic_simulation,5,2,4,5,5,2,2,4,1,5,4,5,5,1,4,1,Buddhism,Negombo,Group C
16,85,2,1,0,10,79,1,1,1,0,2,0,1,3,0,0,2,Non-binary,66,SIM-2340,synthetic_simulation,4,3,2,3,4,3,1,5,2,1,3,5,4,5,2,4,Buddhism,Negombo,Group A
24,75,0,1,0,7,57,2,1,0,2,2,1,1,1,0,2,2,Female,66,SIM-2341,synthetic_simulation,3,2,5,2,5,5,5,1,2,4,1,1,1,4,4,3,Islam,Galle,Group B
23,94,2,1,1,4,78,2,1,2,0,0,1,1,4,0,1,1,Male,71,SIM-2342,synthetic_simulation,1,2,2,4,5,2,4,5,1,1,4,1,4,4,2,2,Other,Galle,Group D
23,90,0,2,1,5,51,2,1,0,1,0,1,0,1,0,1,2,Non-binary,68,SIM-2343,synthetic_simulation,5,2,4,5,3,2,4,1,3,1,3,5,3,3,5,1,Christianity,Negombo,Group C
17,84,1,2,1,7,78,1,1,0,0,0,1,1,5,1,0,1,Female,65,SIM-2344,synthetic_simulation,3,2,2,1,5,4,4,1,4,3,1,5,2,3,3,5,Buddhism,Jaffna,Group C
7,75,2,0,1,7,76,2,1,0,2,1,0,2,4,0,0,1,Non-binary,63,SIM-2345,synthetic_simulation,2,3,4,1,1,5,2,5,3,2,2,1,5,3,3,2,Other,Colombo,Group B
27,68,0,2,0,6,52,2,1,1,2,1,0,1,5,0,2,0,Non-binary,66,SIM-2346,synthetic_simulation,1,1,5,3,3,4,2,5,1,5,4,5,3,5,5,1,Hinduism,Jaffna,Group D
17,91,0,1,1,10,84,2,1,7,1,0,1,1,4,1,0,1,Female,71,SIM-2347,synthetic_simulation,4,5,1,2,1,2,2,5,2,3,5,3,1,3,4,3,Islam,Jaffna,Group D
15,79,1,2,1,10,79,2,1,2,1,2,0,1,4,0,0,1,Female,65,SIM-2348,synthetic_simulation,1,1,1,5,1,2,4,1,4,2,1,4,4,3,3,1,Hinduism,Negombo,Group D
24,69,2,0,1,7,81,1,1,3,2,2,0,1,4,0,1,2,Male,68,SIM-2349,synthetic_simulation,2,1,2,5,4,3,4,5,3,3,1,4,5,5,2,5,Hinduism,Galle,Group D
18,68,2,2,1,8,76,0,1,2,0,2,1,1,3,0,2,2,Male,66,SIM-2350,synthetic_simulation,5,5,4,1,5,4,4,2,3,3,2,3,5,3,5,3,Islam,Galle,Group B
26,67,1,0,0,8,86,2,1,2,1,2,1,0,2,1,1,2,Female,64,SIM-2351,synthetic_simulation,5,2,1,3,5,1,5,3,4,5,2,4,5,1,1,5,Christianity,Jaffna,Group C
24,91,2,1,1,9,76,0,1,1,1,1,1,2,4,0,0,2,Non-binary,70,SIM-2352,synthetic_simulation,5,3,4,1,5,5,5,3,3,4,4,4,3,1,3,5,Other,Jaffna,Group C
24,69,0,1,1,6,96,2,1,4,0,2,1,2,4,0,0,1,Female,70,SIM-2353,synthetic_simulation,4,3,5,1,5,4,4,2,1,3,5,4,2,2,4,5,Hinduism,Jaffna,Group D
12,81,2,0,0,10,97,1,1,1,1,2,0,2,5,0,1,2,Female,66,SIM-2354,synthetic_simulation,3,1,2,2,3,2,2,3,4,5,3,2,2,1,5,5,Hinduism,Negombo,Group A
27,78,2,2,1,7,86,2,1,3,2,2,1,2,2,0,1,1,Female,70,SIM-2355,synthetic_simulation,3,5,4,3,2,3,2,1,1,1,1,3,1,5,3,5,Other,Kandy,Group A
22,83,0,0,0,8,96,2,0,2,2,0,1,2,0,0,0,2,Male,71,SIM-2356,synthetic_simulation,1,4,2,2,1,5,5,5,4,2,1,5,3,3,3,3,Hinduism,Colombo,Group D
18,95,1,0,0,7,96,2,1,2,2,0,0,2,4,1,1,1,Non-binary,70,SIM-2357,synthetic_simulation,4,2,4,3,2,5,5,5,1,5,4,1,3,2,5,4,Islam,Negombo,Group B
21,95,2,2,0,7,63,2,1,1,1,2,0,2,4,0,2,2,Male,70,SIM-2358,synthetic_simulation,5,1,4,5,2,3,4,5,2,4,3,3,3,4,1,3,Other,Colombo,Group B
9,78,0,2,1,7,100,1,1,2,2,2,1,2,2,0,1,2,Male,66,SIM-2359,synthetic_simulation,5,3,5,4,2,2,4,2,2,5,3,3,4,4,5,4,Buddhism,Kandy,Group B
22,61,0,2,0,5,63,1,1,1,1,2,1,2,3,0,2,2,Female,64,SIM-2360,synthetic_simulation,2,5,2,4,3,1,2,2,3,5,3,2,3,1,1,3,Buddhism,Kandy,Group A
14,77,0,0,0,4,51,1,1,5,1,2,1,2,3,0,0,1,Female,66,SIM-2361,synthetic_simulation,2,5,3,3,2,3,3,1,4,1,4,2,3,2,5,5,Christianity,Negombo,Group C
12,84,0,2,1,7,98,0,1,1,1,2,1,2,3,0,1,2,Male,68,SIM-2362,synthetic_simulation,5,1,4,4,3,1,2,2,4,2,1,4,5,4,2,3,Hinduism,Galle,Group C
11,82,1,1,0,6,61,1,1,2,2,2,1,1,2,0,1,2,Female,61,SIM-2363,synthetic_simulation,5,4,4,1,4,4,2,5,1,2,2,2,5,4,2,3,Islam,Galle,Group D
27,86,2,2,1,8,79,2,1,2,1,0,0,2,4,0,0,2,Non-binary,72,SIM-2364,synthetic_simulation,4,3,1,5,4,5,4,1,3,4,1,5,5,4,5,4,Other,Colombo,Group B
16,66,0,0,0,8,99,2,1,1,1,0,0,2,3,0,1,1,Male,66,SIM-2365,synthetic_simulation,3,1,2,5,4,2,3,1,3,2,2,5,3,1,1,3,Hinduism,Galle,Group C
29,86,1,1,1,7,52,2,1,1,1,2,1,2,3,0,0,2,Female,68,SIM-2366,synthetic_simulation,2,4,3,4,3,1,3,5,4,1,2,4,3,1,3,3,Islam,Jaffna,Group A
17,67,1,2,0,9,63,0,1,1,1,0,1,0,4,0,0,0,Male,61,SIM-2367,synthetic_simulation,3,5,5,3,3,2,4,4,2,4,4,2,5,2,5,1,Islam,Jaffna,Group D
10,90,0,2,1,7,80,1,1,0,2,2,1,1,5,0,1,2,Non-binary,67,SIM-2368,synthetic_simulation,4,2,3,1,1,4,1,5,4,1,3,4,1,1,3,5,Buddhism,Kandy,Group C
13,74,0,0,1,5,88,1,1,3,1,2,0,1,3,1,0,2,Male,66,SIM-2369,synthetic_simulation,5,3,5,3,2,1,4,1,4,1,4,1,1,1,5,5,Buddhism,Negombo,Group D
27,88,2,2,1,7,90,2,1,3,2,2,1,2,4,0,2,1,Male,74,SIM-2370,synthetic_simulation,3,3,3,4,5,2,5,4,5,5,2,2,2,5,4,1,Islam,Galle,Group D
19,62,0,2,1,9,94,2,1,0,0,1,1,1,4,0,2,2,Male,66,SIM-2371,synthetic_simulation,5,4,3,5,5,2,3,5,1,5,1,2,4,1,1,3,Hinduism,Kandy,Group A
17,76,0,2,1,4,58,2,1,4,2,2,0,1,2,0,2,1,Female,67,SIM-2372,synthetic_simulation,5,1,2,5,2,4,4,5,1,5,2,2,4,2,4,2,Other,Jaffna,Group A
21,88,0,1,1,7,69,2,1,4,2,2,0,1,3,0,0,2,Male,71,SIM-2373,synthetic_simulation,1,5,1,3,5,3,2,4,5,3,4,2,2,1,4,3,Christianity,Galle,Group A
23,69,0,1,1,8,86,0,1,0,2,0,1,1,4,0,0,0,Female,66,SIM-2374,synthetic_simulation,3,4,3,2,5,4,2,4,3,1,1,5,5,1,1,5,Hinduism,Galle,Group A
27,92,2,2,1,10,86,0,1,0,1,1,0,2,3,0,1,1,Female,71,SIM-2375,synthetic_simulation,3,2,4,3,5,1,2,3,1,2,3,4,5,5,5,3,Islam,Negombo,Group A
29,85,0,2,1,9,65,0,0,4,1,2,0,1,4,0,2,1,Male,72,SIM-2376,synthetic_simulation,5,2,4,2,3,1,4,4,3,4,4,5,3,2,1,2,Other,Galle,Group D
18,84,2,2,1,7,65,2,1,2,2,2,1,0,3,0,1,2,Male,66,SIM-2377,synthetic_simulation,4,2,4,3,3,5,1,2,2,3,5,4,4,4,1,1,Christianity,Galle,Group D
12,74,0,1,1,8,66,1,1,1,1,2,1,2,2,0,1,2,Male,62,SIM-2378,synthetic_simulation,1,4,1,2,3,2,5,4,3,5,2,1,3,5,2,5,Islam,Negombo,Group A
18,79,0,2,1,4,95,1,1,1,1,0,1,0,2,0,1,1,Male,66,SIM-2379,synthetic_simulation,5,5,3,2,2,1,2,1,1,3,3,2,3,1,2,2,Other,Colombo,Group B
22,84,1,0,1,5,95,2,1,2,1,0,1,1,3,0,1,1,Male,69,SIM-2380,synthetic_simulation,2,3,5,2,4,3,4,4,3,3,3,3,4,3,3,2,Other,Galle,Group A
14,79,2,2,1,8,51,2,1,0,2,0,1,0,4,0,1,2,Male,64,SIM-2381,synthetic_simulation,2,1,5,2,5,3,1,5,2,1,1,5,5,5,1,2,Christianity,Negombo,Group D
14,88,2,2,1,7,66,2,1,4,2,0,1,2,3,0,1,2,Male,69,SIM-2382,synthetic_simulation,1,3,2,1,1,4,3,2,5,1,4,3,1,5,4,4,Islam,Kandy,Group D
22,77,0,1,1,7,70,2,1,2,2,2,0,2,4,0,2,2,Female,69,SIM-2383,synthetic_simulation,4,5,1,2,3,1,3,4,1,2,2,1,5,2,4,1,Buddhism,Kandy,Group C
20,68,0,1,1,7,99,0,1,0,1,2,1,2,2,1,0,1,Non-binary,64,SIM-2384,synthetic_simulation,5,3,3,2,1,1,5,2,2,4,5,3,5,4,2,5,Hinduism,Jaffna,Group C
20,69,2,0,1,7,97,2,1,3,2,0,1,2,3,1,0,2,Non-binary,68,SIM-2385,synthetic_simulation,3,4,4,5,5,5,4,3,4,4,2,1,3,4,1,1,Christianity,Negombo,Group D
15,60,2,2,1,7,81,1,1,4,1,0,1,2,2,0,1,2,Non-binary,63,SIM-2386,synthetic_simulation,1,2,1,1,4,5,4,2,5,5,4,5,3,4,5,4,Hinduism,Galle,Group B
19,72,0,2,1,5,52,1,1,1,1,2,1,2,2,0,1,2,Non-binary,64,SIM-2387,synthetic_simulation,4,5,1,2,1,5,2,5,5,2,3,1,3,5,2,5,Christianity,Kandy,Group D
14,90,2,0,1,7,60,2,1,2,2,2,1,1,4,0,2,2,Female,69,SIM-2388,synthetic_simulation,3,5,3,4,5,1,1,3,1,4,5,5,4,3,2,3,Buddhism,Galle,Group D
25,92,1,0,0,5,72,2,1,1,2,2,1,2,4,0,1,2,Non-binary,71,SIM-2389,synthetic_simulation,2,3,2,1,5,4,5,4,2,3,1,5,4,2,4,1,Hinduism,Negombo,Group B
26,68,2,0,0,6,98,1,1,2,2,2,0,1,3,0,0,0,Male,67,SIM-2390,synthetic_simulation,2,4,2,5,3,4,1,2,4,3,4,3,2,3,5,4,Other,Kandy,Group A
9,98,0,2,0,9,55,1,1,3,1,2,1,2,2,0,1,2,Female,67,SIM-2391,synthetic_simulation,3,3,2,3,4,4,5,3,2,4,2,4,3,4,5,3,Other,Jaffna,Group C
14,80,0,1,1,7,90,0,1,2,1,0,1,0,2,0,0,0,Non-binary,66,SIM-2392,synthetic_simulation,1,3,4,5,5,4,4,4,3,3,4,4,4,5,4,4,Hinduism,Kandy,Group A
11,97,2,0,1,8,60,2,1,0,2,1,0,2,3,0,1,2,Non-binary,67,SIM-2393,synthetic_simulation,2,5,4,5,4,3,4,4,1,3,1,4,2,4,4,5,Islam,Jaffna,Group D
16,88,1,0,0,7,75,1,1,2,2,2,1,1,4,0,2,2,Non-binary,68,SIM-2394,synthetic_simulation,5,3,3,1,3,1,5,2,3,5,2,2,3,3,4,1,Other,Negombo,Group A
19,89,2,2,1,6,88,1,1,1,2,0,1,2,2,0,1,2,Non-binary,69,SIM-2395,synthetic_simulation,3,2,2,1,1,2,1,2,3,3,5,3,3,4,5,4,Christianity,Colombo,Group D
11,63,0,0,1,5,85,0,0,0,1,0,1,2,4,1,1,1,Non-binary,62,SIM-2396,synthetic_simulation,3,3,3,4,2,1,3,3,5,4,2,1,1,1,5,5,Islam,Negombo,Group A
14,69,2,2,1,6,89,0,1,2,0,0,0,2,5,0,1,1,Non-binary,66,SIM-2397,synthetic_simulation,2,2,2,4,2,4,3,2,5,1,2,4,4,2,2,4,Christianity,Jaffna,Group B
14,60,2,2,1,7,91,2,1,1,1,0,0,0,3,0,2,2,Female,63,SIM-2398,synthetic_simulation,1,5,1,1,2,3,2,4,3,3,1,3,2,3,3,2,Buddhism,Galle,Group A
21,89,1,1,1,8,65,2,1,2,1,1,1,1,3,0,0,2,Male,67,SIM-2399,synthetic_simulation,5,4,5,1,4,3,2,5,2,4,2,2,3,1,2,1,Other,Kandy,Group A
20,74,0,2,0,7,68,0,1,3,2,2,1,2,4,0,1,0,Non-binary,68,SIM-2400,synthetic_simulation,1,2,5,1,2,1,1,3,1,3,4,3,4,4,1,2,Buddhism,Kandy,Group D
16,91,2,1,0,8,91,1,1,2,2,2,1,1,2,0,1,0,Non-binary,66,SIM-2401,synthetic_simulation,4,4,2,3,1,2,4,5,1,2,3,1,2,2,3,4,Islam,Jaffna,Group B
21,74,2,2,1,5,52,2,1,3,2,2,0,2,1,0,1,2,Non-binary,66,SIM-2402,synthetic_simulation,4,4,3,5,5,4,1,5,2,5,1,4,1,2,5,3,Christianity,Kandy,Group C
17,93,0,2,0,8,76,1,1,0,1,2,0,0,3,0,1,1,Female,67,SIM-2403,synthetic_simulation,2,2,4,4,4,3,5,4,3,1,1,1,2,2,2,5,Other,Jaffna,Group C
18,65,0,2,1,5,96,2,1,1,0,2,0,1,2,0,1,2,Non-binary,66,SIM-2404,synthetic_simulation,2,5,2,4,1,4,3,5,1,3,1,2,3,5,5,3,Hinduism,Galle,Group D
30,67,2,2,1,8,94,2,1,1,2,2,1,1,2,0,0,2,Female,69,SIM-2405,synthetic_simulation,2,1,2,2,4,4,2,1,5,4,4,1,5,2,3,3,Buddhism,Colombo,Group B
28,74,2,0,0,8,90,0,1,2,2,2,1,2,3,0,2,2,Female,72,SIM-2406,synthetic_simulation,4,4,4,3,4,4,1,3,4,1,4,2,5,1,5,2,Other,Negombo,Group A
12,76,2,1,1,4,51,2,1,0,1,2,0,1,1,0,1,2,Male,60,SIM-2407,synthetic_simulation,1,4,2,1,4,5,1,4,5,3,4,1,1,3,2,5,Hinduism,Galle,Group A
25,74,1,0,1,8,94,0,1,0,1,2,1,2,4,0,1,1,Female,68,SIM-2408,synthetic_simulation,1,5,1,1,3,4,5,2,2,2,4,2,3,1,3,4,Islam,Galle,Group C
25,91,1,2,1,8,96,2,1,3,2,2,1,1,3,0,1,2,Male,72,SIM-2409,synthetic_simulation,2,5,4,3,5,4,4,4,4,4,2,3,3,4,2,4,Hinduism,Kandy,Group A
13,64,2,0,1,9,83,1,1,1,0,2,1,2,4,0,1,2,Non-binary,64,SIM-2410,synthetic_simulation,5,3,1,4,2,2,4,2,1,5,1,3,4,5,2,4,Islam,Kandy,Group A
25,74,1,2,1,6,65,0,1,0,0,2,1,1,1,0,1,1,Non-binary,65,SIM-2411,synthetic_simulation,1,5,5,1,3,2,3,4,1,3,1,3,5,5,5,4,Buddhism,Colombo,Group A
29,93,0,0,0,7,74,2,1,3,2,0,0,2,3,0,1,2,Non-binary,76,SIM-2412,synthetic_simulation,4,4,4,2,5,5,2,1,4,4,5,3,4,4,3,2,Hinduism,Jaffna,Group B
13,63,1,2,0,8,88,2,1,0,1,2,0,0,2,0,1,2,Non-binary,59,SIM-2413,synthetic_simulation,3,2,4,4,2,5,4,3,1,3,3,1,3,3,5,5,Christianity,Jaffna,Group A
14,98,2,2,1,8,91,1,1,0,1,2,1,0,4,0,1,1,Female,67,SIM-2414,synthetic_simulation,3,1,3,5,3,4,4,5,4,5,2,5,1,5,3,4,Christianity,Galle,Group A
26,99,2,2,1,8,67,2,1,4,2,2,0,2,4,1,1,2,Male,73,SIM-2415,synthetic_simulation,3,3,3,3,3,3,4,4,3,2,3,2,5,4,1,1,Christianity,Galle,Group B
22,64,2,0,0,6,66,1,1,1,2,2,1,1,4,0,0,2,Female,64,SIM-2416,synthetic_simulation,5,2,4,4,1,3,1,3,2,5,2,2,4,4,1,4,Islam,Kandy,Group D
23,72,2,0,0,8,87,1,1,3,2,1,1,1,3,0,1,2,Non-binary,67,SIM-2417,synthetic_simulation,2,1,5,5,3,1,4,3,5,5,2,5,1,4,3,2,Hinduism,Jaffna,Group D
22,75,0,2,1,8,84,1,1,3,0,2,1,0,3,0,0,2,Female,69,SIM-2418,synthetic_simulation,4,1,2,2,4,3,5,3,4,5,2,2,3,4,5,1,Other,Colombo,Group D
22,91,2,1,1,7,76,2,1,1,1,0,1,1,3,0,0,1,Non-binary,69,SIM-2419,synthetic_simulation,5,1,3,3,3,3,3,3,4,1,1,2,2,2,4,3,Hinduism,Galle,Group C
12,84,0,0,1,6,71,2,0,2,2,2,1,2,3,0,0,1,Male,67,SIM-2420,synthetic_simulation,4,2,5,1,4,2,4,3,3,4,3,3,2,3,3,2,Hinduism,Kandy,Group B
26,86,2,0,1,6,83,2,1,2,1,2,1,2,4,0,1,2,Female,72,SIM-2421,synthetic_simulation,4,3,5,1,5,1,2,5,5,3,3,2,5,4,2,4,Buddhism,Negombo,Group B
27,90,1,2,0,9,52,1,0,2,1,0,1,2,2,1,0,2,Male,86,SIM-2422,synthetic_simulation,2,3,3,5,5,1,1,5,3,2,4,2,1,2,1,5,Other,Negombo,Group D
19,65,2,0,1,8,54,2,1,0,1,0,0,1,3,0,1,0,Female,62,SIM-2423,synthetic_simulation,3,1,2,4,4,2,5,4,3,3,3,4,4,2,3,5,Christianity,Negombo,Group B
20,93,2,1,0,7,79,2,1,1,2,1,1,1,3,0,2,2,Male,69,SIM-2424,synthetic_simulation,2,2,3,2,1,3,3,2,2,1,4,2,1,1,3,1,Islam,Negombo,Group A
11,88,0,0,1,7,61,1,1,2,2,2,1,1,3,0,2,2,Female,68,SIM-2425,synthetic_simulation,5,1,5,5,1,3,1,4,1,2,5,5,5,4,3,2,Other,Galle,Group C
23,83,0,0,1,4,89,1,1,1,2,2,1,0,3,0,1,0,Female,99,SIM-2426,synthetic_simulation,5,5,1,2,5,1,5,3,5,1,4,2,3,2,2,1,Christianity,Jaffna,Group D
23,96,1,2,1,7,89,2,1,1,1,2,0,2,3,0,0,0,Non-binary,70,SIM-2427,synthetic_simulation,5,3,3,2,3,3,1,2,3,3,2,5,1,1,5,1,Islam,Jaffna,Group A
20,88,1,2,1,5,85,2,1,2,2,2,1,0,3,0,1,2,Female,68,SIM-2428,synthetic_simulation,2,4,5,2,5,1,3,4,1,2,1,2,5,1,4,5,Other,Jaffna,Group D
27,68,2,2,1,7,95,1,1,0,2,2,1,2,4,0,1,2,Male,67,SIM-2429,synthetic_simulation,4,1,3,3,5,3,3,2,1,3,2,5,5,4,2,2,Islam,Colombo,Group B
18,77,0,2,1,9,57,1,1,1,1,0,1,0,2,0,2,2,Male,66,SIM-2430,synthetic_simulation,4,5,5,5,4,4,4,5,1,4,5,2,4,5,4,5,Islam,Colombo,Group A
23,80,1,0,0,6,63,1,1,0,0,2,0,2,2,0,1,2,Male,66,SIM-2431,synthetic_simulation,1,3,2,3,1,2,2,3,1,1,1,2,3,2,1,2,Christianity,Jaffna,Group D
14,62,2,0,1,7,63,2,1,2,1,2,1,2,2,0,0,1,Non-binary,62,SIM-2432,synthetic_simulation,5,2,5,4,4,5,4,2,2,4,5,4,1,5,4,5,Buddhism,Galle,Group C
20,98,2,2,1,8,89,0,1,3,0,2,1,0,2,1,0,2,Male,72,SIM-2433,synthetic_simulation,4,3,4,4,5,4,1,1,2,4,2,4,5,1,4,2,Christianity,Negombo,Group C
19,65,2,0,1,7,76,2,0,0,2,2,1,1,3,0,2,2,Non-binary,64,SIM-2434,synthetic_simulation,1,2,1,1,2,3,4,3,3,3,1,2,3,5,1,3,Other,Negombo,Group B
21,88,2,2,1,6,63,1,1,1,2,2,1,1,3,0,1,2,Male,68,SIM-2435,synthetic_simulation,4,2,5,1,3,5,3,5,1,3,5,4,4,5,2,5,Christianity,Jaffna,Group B
18,80,2,0,1,7,57,2,1,2,1,1,1,2,3,0,2,0,Non-binary,66,SIM-2436,synthetic_simulation,5,1,3,1,5,4,3,5,3,5,4,1,5,4,2,3,Christianity,Kandy,Group A
19,61,2,0,1,8,95,0,1,4,2,2,0,2,3,0,0,2,Male,68,SIM-2437,synthetic_simulation,3,1,3,4,4,2,3,4,4,5,3,1,4,1,1,1,Christianity,Galle,Group A
25,97,1,0,1,7,85,0,1,3,0,2,1,1,1,0,2,2,Non-binary,75,SIM-2438,synthetic_simulation,5,3,5,2,2,5,4,1,2,2,2,3,3,3,2,5,Other,Kandy,Group B
17,94,1,1,0,7,76,0,1,3,1,0,1,1,3,1,0,0,Female,67,SIM-2439,synthetic_simulation,2,5,4,2,2,5,5,2,2,3,4,3,4,2,5,1,Other,Kandy,Group B
10,81,1,2,1,9,98,2,1,2,1,2,1,1,2,0,0,2,Male,65,SIM-2440,synthetic_simulation,4,3,5,5,5,2,4,4,5,1,5,1,1,4,4,5,Islam,Galle,Group B
30,69,2,2,0,8,92,2,1,2,2,1,1,1,3,0,1,2,Non-binary,68,SIM-2441,synthetic_simulation,4,4,2,4,1,4,4,5,4,3,5,3,4,4,2,1,Islam,Galle,Group C
28,65,2,2,1,5,59,0,1,2,1,2,0,1,5,0,1,2,Non-binary,67,SIM-2442,synthetic_simulation,2,2,4,1,2,5,4,2,2,3,1,2,2,3,4,4,Other,Colombo,Group B
12,75,2,2,1,8,75,0,1,1,1,2,0,0,2,0,0,2,Non-binary,63,SIM-2443,synthetic_simulation,2,2,5,4,3,2,4,5,1,4,4,2,2,4,2,2,Islam,Colombo,Group C
24,70,2,0,1,8,74,1,1,2,2,0,1,0,3,0,1,2,Non-binary,67,SIM-2444,synthetic_simulation,3,1,1,2,4,4,3,5,1,4,5,3,2,1,4,1,Christianity,Negombo,Group A
17,80,2,2,1,5,92,2,1,0,1,2,0,0,4,0,2,2,Male,67,SIM-2445,synthetic_simulation,4,5,4,2,4,3,2,1,1,5,1,1,2,4,1,2,Hinduism,Colombo,Group B
22,99,2,2,1,4,57,0,1,2,2,0,1,2,3,0,0,2,Non-binary,73,SIM-2446,synthetic_simulation,4,1,5,3,4,1,4,3,3,2,3,5,1,4,1,1,Hinduism,Kandy,Group B
22,83,2,2,1,5,73,0,0,0,1,2,1,2,3,0,1,2,Male,67,SIM-2447,synthetic_simulation,3,4,1,3,5,3,4,2,2,2,3,2,5,3,1,5,Islam,Galle,Group D
19,96,2,2,0,7,82,2,1,1,0,2,1,1,4,0,2,2,Female,71,SIM-2448,synthetic_simulation,1,3,5,5,4,3,2,1,3,3,1,4,2,2,5,2,Islam,Negombo,Group C
15,86,1,2,0,9,97,2,1,2,2,2,1,0,4,0,1,2,Female,67,SIM-2449,synthetic_simulation,3,3,2,4,4,1,4,5,2,1,4,5,2,2,5,2,Buddhism,Colombo,Group B
16,79,0,1,1,6,95,2,1,0,0,2,1,1,5,0,0,2,Female,68,SIM-2450,synthetic_simulation,5,5,3,3,3,3,2,5,5,4,1,4,5,5,1,3,Christianity,Negombo,Group B
15,94,1,1,1,8,77,2,1,1,0,0,0,2,1,0,0,2,Male,68,SIM-2451,synthetic_simulation,4,1,5,3,1,3,3,1,3,1,1,2,2,1,4,2,Christianity,Jaffna,Group D
15,79,0,2,1,4,80,2,1,1,0,2,0,0,4,0,1,0,Female,66,SIM-2452,synthetic_simulation,2,1,4,4,5,2,5,2,2,4,4,3,5,3,1,2,Buddhism,Colombo,Group C
20,95,0,1,1,7,93,1,0,0,1,0,1,1,2,0,1,2,Male,68,SIM-2453,synthetic_simulation,5,4,5,2,5,2,4,5,5,3,3,4,2,2,1,2,Buddhism,Negombo,Group A
16,72,2,1,0,6,87,2,0,2,2,1,0,2,4,0,1,2,Female,63,SIM-2454,synthetic_simulation,4,3,5,5,4,4,5,2,2,2,5,1,5,3,3,1,Hinduism,Galle,Group C
24,65,0,0,0,10,94,2,1,2,2,2,1,1,2,0,2,1,Female,68,SIM-2455,synthetic_simulation,3,1,5,5,3,5,4,1,4,3,3,4,5,5,5,4,Christianity,Kandy,Group C
29,94,1,0,1,4,95,2,1,1,2,2,1,2,5,0,1,2,Male,74,SIM-2456,synthetic_simulation,5,5,5,5,2,4,1,5,3,4,4,1,3,2,5,2,Christianity,Galle,Group D
17,83,1,2,1,7,92,1,1,3,1,2,1,1,2,1,1,1,Female,65,SIM-2457,synthetic_simulation,4,3,4,3,4,2,1,4,1,2,2,5,4,3,1,4,Other,Jaffna,Group A
21,96,2,2,1,4,50,2,1,1,1,1,0,2,2,0,2,1,Male,69,SIM-2458,synthetic_simulation,1,4,4,2,4,2,3,4,5,1,4,5,5,1,1,2,Christianity,Colombo,Group D
23,98,2,0,0,6,66,2,1,1,1,2,1,1,1,0,1,1,Male,70,SIM-2459,synthetic_simulation,1,5,5,5,5,1,5,5,5,1,3,3,2,1,3,5,Hinduism,Jaffna,Group B
23,62,2,1,1,4,70,0,1,3,2,0,1,2,2,0,0,1,Female,65,SIM-2460,synthetic_simulation,2,2,3,4,5,1,5,3,1,5,3,1,1,5,3,4,Hinduism,Kandy,Group D
20,80,2,2,0,10,84,2,1,1,2,2,1,2,4,0,0,2,Male,68,SIM-2461,synthetic_simulation,4,4,5,5,4,2,2,5,5,1,4,3,5,2,5,3,Buddhism,Colombo,Group D
24,75,1,2,0,6,65,2,0,0,2,2,1,2,5,0,0,1,Non-binary,65,SIM-2462,synthetic_simulation,1,5,4,1,5,3,2,5,1,5,4,4,2,2,5,2,Hinduism,Colombo,Group A
23,85,2,0,0,7,66,1,0,0,0,0,1,1,2,0,0,2,Non-binary,68,SIM-2463,synthetic_simulation,3,1,2,2,3,4,4,5,1,2,4,3,5,1,5,5,Hinduism,Kandy,Group D
13,92,2,0,1,7,70,1,1,4,1,2,1,1,3,0,1,2,Female,68,SIM-2464,synthetic_simulation,4,2,5,1,2,2,2,1,2,3,3,4,3,5,5,4,Other,Jaffna,Group B
25,71,2,2,1,5,98,1,1,0,1,2,1,2,1,0,2,0,Non-binary,66,SIM-2465,synthetic_simulation,3,4,5,2,2,2,2,5,3,3,1,5,1,4,4,5,Hinduism,Galle,Group B
25,82,0,2,0,9,72,0,1,0,0,2,1,2,0,0,0,2,Female,70,SIM-2466,synthetic_simulation,3,1,5,4,2,1,5,5,4,2,2,3,1,1,1,3,Islam,Kandy,Group B
15,88,2,2,0,8,57,2,1,1,0,2,0,2,2,0,1,0,Male,66,SIM-2467,synthetic_simulation,1,2,5,3,4,4,1,1,5,2,1,5,2,1,4,3,Islam,Negombo,Group A
20,65,2,0,1,8,50,2,1,0,1,2,1,2,5,0,1,2,Male,64,SIM-2468,synthetic_simulation,4,3,1,3,4,4,5,5,2,4,3,4,4,3,2,3,Buddhism,Galle,Group B
24,93,2,0,0,5,62,2,1,1,1,2,1,1,1,0,0,2,Non-binary,70,SIM-2469,synthetic_simulation,5,1,5,2,4,5,2,4,4,1,1,1,3,5,5,3,Christianity,Colombo,Group B
19,84,0,2,0,9,97,1,1,1,0,2,1,0,3,1,1,2,Non-binary,68,SIM-2470,synthetic_simulation,1,5,4,5,3,2,4,4,4,1,4,2,4,4,5,5,Christianity,Kandy,Group B
26,98,1,0,1,9,98,1,1,4,1,1,1,2,2,0,0,1,Non-binary,74,SIM-2471,synthetic_simulation,1,4,4,1,2,5,1,5,5,1,5,4,1,5,1,4,Other,Kandy,Group D
34,74,0,1,1,7,76,2,1,2,1,0,1,2,2,0,0,2,Male,71,SIM-2472,synthetic_simulation,4,2,1,4,5,1,2,1,5,5,4,4,1,5,5,3,Hinduism,Negombo,Group C
15,64,2,2,1,8,82,1,1,0,1,2,1,0,3,0,1,2,Non-binary,61,SIM-2473,synthetic_simulation,4,1,5,5,5,5,2,5,2,1,2,2,4,1,5,5,Hinduism,Jaffna,Group D
12,80,2,1,0,7,90,2,1,3,1,2,1,1,3,0,1,2,Female,64,SIM-2474,synthetic_simulation,3,3,3,3,1,3,4,5,5,4,4,2,5,1,4,5,Hinduism,Negombo,Group A
22,63,0,1,0,5,53,0,1,2,0,2,1,1,1,0,2,1,Male,64,SIM-2475,synthetic_simulation,4,4,5,5,1,2,4,2,4,3,5,5,4,1,2,4,Hinduism,Negombo,Group D
24,99,0,2,1,7,69,2,1,0,2,2,0,2,3,0,1,2,Non-binary,73,SIM-2476,synthetic_simulation,3,4,4,1,5,2,2,3,5,3,3,4,4,3,4,5,Hinduism,Jaffna,Group C
19,62,2,0,1,6,82,2,1,0,1,0,1,0,3,1,0,1,Male,62,SIM-2477,synthetic_simulation,1,1,2,3,2,4,2,1,2,5,1,4,5,4,3,1,Islam,Colombo,Group D
29,90,1,2,1,7,95,2,1,0,0,0,1,1,2,1,1,2,Male,71,SIM-2478,synthetic_simulation,2,3,2,2,4,5,5,3,2,4,4,3,5,4,5,4,Other,Kandy,Group B
12,81,0,2,1,9,86,2,1,2,2,0,1,0,2,0,2,2,Female,68,SIM-2479,synthetic_simulation,5,2,3,4,5,4,3,2,2,2,1,2,5,5,4,5,Buddhism,Galle,Group C
24,75,2,1,1,5,68,0,1,2,2,2,1,1,2,0,2,2,Female,67,SIM-2480,synthetic_simulation,1,1,5,4,5,5,4,3,5,3,2,1,3,1,1,2,Buddhism,Colombo,Group C
16,63,2,2,0,6,95,0,1,1,2,2,1,0,4,0,0,0,Non-binary,63,SIM-2481,synthetic_simulation,4,2,1,3,1,5,4,5,3,4,1,4,1,5,2,2,Islam,Colombo,Group D
30,85,1,2,0,6,83,2,1,2,2,2,1,2,3,0,0,2,Male,71,SIM-2482,synthetic_simulation,5,4,5,2,2,1,5,4,2,2,2,3,1,1,2,3,Hinduism,Colombo,Group D
32,83,2,2,1,6,92,1,1,1,0,2,1,1,3,0,1,2,Female,72,SIM-2483,synthetic_simulation,2,2,3,1,5,5,1,1,3,5,2,1,5,5,1,4,Hinduism,Galle,Group D
15,71,0,2,0,6,69,0,0,3,2,0,1,2,3,0,2,1,Female,66,SIM-2484,synthetic_simulation,2,3,3,4,4,4,1,1,1,1,4,5,5,5,1,5,Christianity,Kandy,Group B
17,96,2,2,1,7,50,1,1,1,2,2,0,0,4,0,1,2,Non-binary,67,SIM-2485,synthetic_simulation,3,5,3,3,4,5,1,5,2,4,5,3,3,3,5,5,Buddhism,Colombo,Group B
25,72,0,2,1,8,58,2,1,0,1,2,1,0,4,0,0,1,Male,66,SIM-2486,synthetic_simulation,5,3,2,4,3,5,4,3,3,3,1,1,3,3,2,1,Christianity,Negombo,Group C
18,78,1,2,0,8,96,2,1,4,0,2,1,2,4,1,0,2,Non-binary,68,SIM-2487,synthetic_simulation,3,2,5,2,4,2,3,1,3,5,2,4,2,5,1,1,Buddhism,Galle,Group C
20,82,1,1,1,7,52,1,1,0,2,2,0,1,3,0,0,2,Non-binary,64,SIM-2488,synthetic_simulation,1,1,5,1,5,2,3,2,4,4,2,3,4,1,3,3,Christianity,Jaffna,Group B
20,64,2,2,1,8,80,0,1,1,2,2,0,2,3,0,1,2,Non-binary,65,SIM-2489,synthetic_simulation,5,4,1,2,5,2,5,2,3,5,2,2,1,5,2,4,Hinduism,Kandy,Group C
8,97,0,2,1,10,70,0,1,0,1,1,1,1,1,0,1,2,Male,66,SIM-2490,synthetic_simulation,1,5,3,5,4,3,1,3,4,2,3,1,1,1,1,3,Hinduism,Negombo,Group B
20,75,0,0,1,7,71,0,1,1,2,0,1,2,4,0,0,1,Male,69,SIM-2491,synthetic_simulation,3,1,3,2,1,2,1,2,3,4,1,4,3,2,4,1,Hinduism,Galle,Group A
16,63,0,0,0,9,70,1,1,2,2,0,0,0,5,0,0,1,Non-binary,64,SIM-2492,synthetic_simulation,5,1,4,2,2,3,2,4,3,1,1,3,4,4,1,1,Other,Galle,Group A
17,75,1,0,1,8,53,2,1,1,1,0,1,2,3,0,0,2,Non-binary,65,SIM-2493,synthetic_simulation,3,3,4,4,5,3,5,5,1,2,2,1,3,5,2,4,Christianity,Jaffna,Group C
29,84,0,2,1,10,56,0,1,3,1,0,1,1,4,0,2,0,Non-binary,72,SIM-2494,synthetic_simulation,5,2,2,2,4,4,5,1,3,1,1,5,2,2,5,3,Other,Galle,Group A
12,81,0,2,0,8,53,1,1,1,2,0,0,2,3,0,0,2,Male,65,SIM-2495,synthetic_simulation,3,3,5,3,4,2,4,5,5,5,1,5,2,5,3,1,Other,Kandy,Group A
25,88,1,0,1,6,53,2,1,2,2,0,1,0,4,0,0,2,Non-binary,70,SIM-2496,synthetic_simulation,2,2,1,4,5,5,4,3,5,1,3,2,2,3,1,5,Christianity,Negombo,Group D
18,62,2,2,1,7,54,2,1,2,2,0,0,2,3,0,2,1,Female,64,SIM-2497,synthetic_simulation,3,3,1,4,3,1,5,5,5,2,2,3,3,4,2,2,Hinduism,Galle,Group D
18,71,2,1,1,7,85,1,1,1,1,1,1,1,2,0,1,1,Non-binary,62,SIM-2498,synthetic_simulation,2,1,3,5,2,5,3,1,1,2,1,3,4,5,1,1,Islam,Jaffna,Group B
25,93,2,0,0,8,56,0,1,0,1,1,0,1,3,0,1,2,Non-binary,69,SIM-2499,synthetic_simulation,3,4,1,3,5,2,5,1,3,2,5,2,5,3,1,3,Buddhism,Kandy,Group B
22,63,0,1,0,6,63,1,1,1,2,1,1,0,2,0,2,1,Male,62,SIM-2500,synthetic_simulation,5,2,3,2,4,5,3,3,1,5,2,3,1,3,2,1,Christianity,Galle,Group B
23,94,1,1,1,9,83,2,1,2,1,2,0,2,2,0,1,2,Male,69,SIM-2501,synthetic_simulation,5,5,5,5,3,2,4,1,3,3,1,5,5,2,4,5,Hinduism,Colombo,Group C
26,64,2,0,0,7,56,2,1,3,2,2,1,2,3,0,1,2,Female,66,SIM-2502,synthetic_simulation,5,5,1,3,5,2,5,2,4,5,3,5,4,3,2,2,Other,Colombo,Group A
18,93,2,0,1,8,96,2,1,2,2,1,1,2,2,0,1,1,Non-binary,71,SIM-2503,synthetic_simulation,4,1,3,5,2,5,3,5,1,2,5,2,3,2,2,2,Hinduism,Jaffna,Group B
16,74,2,0,1,7,74,1,1,4,1,1,0,2,3,0,1,2,Male,66,SIM-2504,synthetic_simulation,1,3,5,1,3,3,2,4,5,5,4,4,3,1,5,5,Christianity,Colombo,Group C
13,84,0,2,0,7,98,2,0,0,1,1,1,1,4,1,1,2,Male,64,SIM-2505,synthetic_simulation,5,3,5,2,4,4,2,4,5,4,4,2,3,1,1,3,Christianity,Colombo,Group B
15,66,2,0,1,7,60,0,1,2,0,2,0,0,3,0,1,1,Male,63,SIM-2506,synthetic_simulation,2,1,3,5,1,4,5,4,5,4,5,5,2,1,1,5,Buddhism,Kandy,Group C
38,63,2,0,0,8,52,0,1,1,2,2,0,2,3,0,0,1,Male,69,SIM-2507,synthetic_simulation,5,5,3,1,2,4,1,3,3,3,4,2,2,1,2,5,Buddhism,Kandy,Group B
27,69,0,0,1,10,80,2,0,1,2,0,1,2,4,1,1,2,Male,68,SIM-2508,synthetic_simulation,4,5,2,2,3,4,5,4,3,5,5,5,2,5,4,4,Christianity,Negombo,Group A
12,65,0,0,1,4,66,2,1,0,2,0,1,1,2,0,1,2,Male,63,SIM-2509,synthetic_simulation,2,3,5,5,5,1,4,5,1,5,1,4,5,2,5,4,Buddhism,Negombo,Group D
12,72,2,2,1,8,79,0,1,1,0,2,1,2,3,0,0,0,Non-binary,64,SIM-2510,synthetic_simulation,4,2,3,5,5,2,4,1,2,4,4,5,1,1,4,4,Other,Negombo,Group A
23,81,2,1,1,7,74,2,1,0,1,2,1,1,0,0,2,2,Male,66,SIM-2511,synthetic_simulation,2,4,5,5,3,1,2,2,3,2,4,3,3,3,4,2,Hinduism,Kandy,Group D
23,84,2,0,1,7,73,2,1,1,0,2,1,2,4,0,1,2,Non-binary,71,SIM-2512,synthetic_simulation,3,2,1,5,5,4,3,4,2,1,5,1,3,2,5,2,Islam,Kandy,Group D
23,92,0,2,1,4,93,0,1,0,0,2,1,0,4,0,1,2,Non-binary,72,SIM-2513,synthetic_simulation,1,5,4,4,3,4,2,4,2,2,1,4,5,5,5,1,Hinduism,Kandy,Group A
18,86,0,2,0,8,60,2,1,2,1,0,0,1,1,0,0,2,Female,88,SIM-2514,synthetic_simulation,1,2,4,5,2,5,3,4,3,3,1,1,1,1,4,4,Hinduism,Colombo,Group D
19,84,2,0,1,7,75,1,1,1,1,2,1,0,2,0,0,0,Female,66,SIM-2515,synthetic_simulation,4,4,3,4,5,4,5,2,1,1,2,4,1,2,4,3,Christianity,Negombo,Group A
22,76,2,2,1,6,71,2,1,0,1,0,0,1,2,0,1,1,Female,65,SIM-2516,synthetic_simulation,1,2,3,4,2,2,1,5,2,2,2,4,5,4,4,3,Islam,Colombo,Group D
21,79,1,2,1,7,84,1,1,2,2,2,0,1,3,0,1,2,Non-binary,66,SIM-2517,synthetic_simulation,4,2,5,1,4,4,4,4,1,5,1,4,3,1,1,4,Buddhism,Negombo,Group A
7,77,1,2,1,7,53,0,1,4,1,2,0,2,2,0,0,1,Non-binary,62,SIM-2518,synthetic_simulation,4,2,3,2,4,4,5,1,1,5,5,4,4,2,1,2,Buddhism,Jaffna,Group B
19,94,2,1,0,4,76,2,1,4,1,0,0,0,3,0,1,1,Non-binary,68,SIM-2519,synthetic_simulation,4,2,5,4,4,1,2,3,3,4,3,5,4,1,1,5,Hinduism,Colombo,Group D
15,69,2,2,1,7,74,0,1,2,1,2,0,1,5,0,2,2,Male,65,SIM-2520,synthetic_simulation,1,1,3,3,4,2,5,2,2,5,3,3,1,4,1,2,Christianity,Negombo,Group C
21,60,1,0,0,8,99,1,1,0,1,1,0,2,3,0,1,2,Female,62,SIM-2521,synthetic_simulation,4,5,5,4,5,3,1,5,1,5,2,5,1,3,5,1,Islam,Galle,Group B
38,86,0,2,0,6,88,0,1,1,1,0,1,0,4,0,1,1,Male,74,SIM-2522,synthetic_simulation,1,4,3,3,3,5,3,1,2,3,4,5,3,3,2,4,Christianity,Jaffna,Group B
22,68,2,1,1,7,58,2,1,0,2,2,1,1,3,0,2,2,Female,64,SIM-2523,synthetic_simulation,4,5,2,1,5,3,1,2,1,1,3,3,1,4,1,2,Islam,Colombo,Group A
18,96,0,0,0,7,75,0,1,2,2,0,1,0,2,0,1,2,Female,72,SIM-2524,synthetic_simulation,5,1,5,3,5,1,2,2,3,2,4,4,5,2,4,5,Islam,Colombo,Group D
26,94,2,2,0,9,89,2,1,0,1,2,1,1,3,1,1,2,Male,70,SIM-2525,synthetic_simulation,4,1,2,1,2,4,1,3,1,2,4,3,4,5,2,1,Buddhism,Galle,Group D
23,63,0,2,0,7,76,2,1,2,2,0,1,2,1,0,1,0,Non-binary,65,SIM-2526,synthetic_simulation,2,1,2,1,3,5,4,3,3,3,1,1,4,1,1,2,Hinduism,Kandy,Group C
23,64,2,0,1,8,68,1,1,3,1,0,1,1,3,0,1,2,Female,66,SIM-2527,synthetic_simulation,4,1,2,1,1,2,1,5,3,1,3,3,1,5,3,4,Buddhism,Galle,Group A
24,80,2,2,1,7,69,1,1,0,2,0,0,2,3,0,0,0,Non-binary,67,SIM-2528,synthetic_simulation,3,2,2,3,1,5,5,4,2,5,3,5,5,1,3,5,Christianity,Kandy,Group A
32,84,2,0,1,10,68,2,1,1,1,2,1,2,5,0,1,2,Male,73,SIM-2529,synthetic_simulation,4,5,1,3,3,1,3,3,2,3,4,4,1,5,5,2,Buddhism,Colombo,Group A
13,71,2,0,1,6,51,1,1,4,0,2,1,2,4,0,0,1,Female,65,SIM-2530,synthetic_simulation,2,3,4,1,1,4,4,5,2,5,4,5,1,1,3,4,Hinduism,Kandy,Group D
23,89,0,0,0,6,87,2,1,4,2,0,0,1,3,0,0,2,Non-binary,74,SIM-2531,synthetic_simulation,2,4,1,1,3,1,4,2,4,2,1,1,5,3,5,4,Other,Galle,Group B
14,84,2,2,0,7,81,2,1,0,0,2,1,1,2,0,0,2,Female,66,SIM-2532,synthetic_simulation,1,1,3,2,2,2,4,4,2,3,5,4,5,1,5,2,Buddhism,Negombo,Group B
23,73,2,2,0,6,63,2,1,1,0,2,1,2,3,0,1,2,Non-binary,67,SIM-2533,synthetic_simulation,5,5,3,1,2,3,2,1,2,3,3,2,2,1,5,2,Christianity,Jaffna,Group C
14,61,2,2,0,5,82,1,0,0,1,2,1,1,0,0,1,2,Non-binary,58,SIM-2534,synthetic_simulation,4,1,4,5,5,4,2,2,1,3,3,5,4,4,2,2,Hinduism,Colombo,Group B
17,90,0,0,0,8,65,2,1,2,1,0,1,2,3,0,2,1,Non-binary,71,SIM-2535,synthetic_simulation,1,1,4,2,1,4,5,5,4,2,1,5,1,4,2,5,Christianity,Jaffna,Group A
18,69,1,0,1,4,62,0,1,1,2,1,1,1,3,0,1,1,Male,63,SIM-2536,synthetic_simulation,5,1,4,2,3,1,3,1,4,2,1,3,3,1,3,2,Islam,Galle,Group C
26,93,1,0,0,6,87,2,1,1,2,0,1,2,3,0,0,2,Female,73,SIM-2537,synthetic_simulation,4,1,2,2,2,1,1,2,1,4,5,4,1,1,2,3,Hinduism,Jaffna,Group C
26,77,0,2,1,5,90,2,1,1,2,2,0,1,2,0,1,0,Non-binary,68,SIM-2538,synthetic_simulation,3,1,1,5,5,1,5,3,2,2,4,5,1,2,1,2,Islam,Negombo,Group C
13,83,1,2,1,7,81,2,1,4,1,2,1,0,5,0,0,2,Male,66,SIM-2539,synthetic_simulation,4,4,3,2,1,4,2,5,5,2,3,1,3,3,5,1,Hinduism,Negombo,Group A
20,95,1,2,0,4,89,2,1,3,1,2,1,0,3,1,1,2,Non-binary,68,SIM-2540,synthetic_simulation,2,5,1,2,1,1,5,1,3,5,4,4,4,1,1,3,Other,Negombo,Group A
16,95,2,1,0,8,68,1,0,2,2,0,1,1,4,0,1,2,Non-binary,66,SIM-2541,synthetic_simulation,2,1,1,3,1,5,3,3,4,2,3,4,2,1,2,1,Other,Galle,Group C
12,75,2,0,0,8,54,1,1,1,2,0,1,0,3,0,1,2,Male,62,SIM-2542,synthetic_simulation,3,1,1,3,2,5,5,1,1,1,1,3,5,3,4,1,Hinduism,Negombo,Group C
19,68,2,2,1,5,80,2,1,0,2,2,1,1,3,1,1,1,Male,78,SIM-2543,synthetic_simulation,1,1,4,1,2,5,4,4,5,5,1,5,2,2,2,4,Islam,Colombo,Group D
18,91,2,2,0,7,63,2,1,1,2,2,1,0,4,0,0,2,Female,68,SIM-2544,synthetic_simulation,5,1,4,1,1,4,1,4,3,4,1,5,1,4,5,5,Islam,Negombo,Group B
35,77,0,0,1,8,89,2,1,5,0,2,1,2,4,0,0,2,Male,77,SIM-2545,synthetic_simulation,4,2,3,4,2,1,2,5,5,1,5,2,1,4,4,3,Christianity,Galle,Group A
23,68,0,1,1,8,68,2,1,1,2,2,1,1,2,0,0,2,Non-binary,65,SIM-2546,synthetic_simulation,2,2,3,5,1,2,2,1,2,4,3,2,3,3,4,3,Hinduism,Negombo,Group B
12,96,0,0,1,5,84,1,1,3,0,2,1,2,4,0,2,2,Male,73,SIM-2547,synthetic_simulation,1,3,3,3,4,1,3,4,1,3,1,4,3,1,5,4,Islam,Jaffna,Group D
17,68,2,1,1,5,78,2,1,4,1,1,1,2,2,0,0,2,Male,64,SIM-2548,synthetic_simulation,3,1,1,1,2,4,3,2,3,3,5,5,1,4,3,1,Hinduism,Negombo,Group A
26,61,1,0,1,9,91,2,0,0,0,0,0,2,4,0,0,2,Non-binary,67,SIM-2549,synthetic_simulation,2,3,4,5,3,5,3,2,3,3,4,3,2,1,2,5,Other,Galle,Group A
33,61,0,2,0,6,92,2,1,1,2,2,1,2,4,0,1,2,Non-binary,69,SIM-2550,synthetic_simulation,3,4,2,2,2,4,2,4,2,2,5,5,2,5,2,5,Islam,Jaffna,Group C
10,85,1,1,1,6,53,0,1,1,1,2,0,1,3,1,1,1,Female,60,SIM-2551,synthetic_simulation,4,3,1,5,1,1,4,4,2,2,5,3,4,1,4,4,Islam,Kandy,Group A
9,86,0,2,0,8,65,0,1,0,2,2,1,2,3,0,0,2,Non-binary,66,SIM-2552,synthetic_simulation,5,5,5,3,3,4,1,5,2,5,2,2,1,4,4,2,Other,Colombo,Group C
31,72,1,0,1,5,94,0,1,2,1,1,1,2,2,0,1,2,Male,70,SIM-2553,synthetic_simulation,2,2,1,4,5,2,3,5,1,1,4,1,5,1,5,5,Christianity,Negombo,Group C
22,73,0,2,1,7,70,1,0,2,1,2,1,2,3,0,0,2,Male,66,SIM-2554,synthetic_simulation,2,2,4,3,3,4,2,2,4,1,2,5,5,1,5,2,Hinduism,Galle,Group B
15,74,0,2,1,8,76,2,1,1,2,1,1,1,4,0,1,0,Non-binary,64,SIM-2555,synthetic_simulation,4,1,5,1,3,3,4,3,5,3,3,2,2,2,3,4,Hinduism,Colombo,Group C
23,87,2,0,0,5,59,2,1,1,0,1,1,1,4,0,0,2,Female,70,SIM-2556,synthetic_simulation,1,1,1,1,2,4,3,1,1,3,5,1,3,2,4,1,Hinduism,Jaffna,Group D
4,62,2,2,0,6,78,0,1,3,0,2,1,1,2,0,1,0,Female,58,SIM-2557,synthetic_simulation,5,4,4,5,3,1,3,3,1,2,5,1,3,1,2,2,Hinduism,Galle,Group C
20,97,2,0,1,5,63,2,1,0,1,2,1,0,3,0,0,0,Non-binary,69,SIM-2558,synthetic_simulation,2,4,4,3,3,3,1,5,5,4,5,2,2,3,5,3,Buddhism,Negombo,Group B
22,69,2,2,1,6,91,1,1,0,0,0,0,1,1,1,1,1,Male,64,SIM-2559,synthetic_simulation,5,5,2,1,1,5,1,3,3,1,5,2,4,3,1,2,Other,Negombo,Group D
26,100,1,2,0,9,60,2,1,2,2,2,1,2,4,0,1,2,Non-binary,72,SIM-2560,synthetic_simulation,2,1,1,2,2,1,5,5,5,1,2,2,1,3,2,1,Christianity,Kandy,Group A
14,67,2,2,1,9,68,1,1,1,1,2,1,1,3,1,1,2,Male,60,SIM-2561,synthetic_simulation,5,1,4,2,1,2,3,3,2,4,3,3,5,3,4,2,Other,Colombo,Group A
21,91,2,2,1,7,55,0,1,2,0,2,0,1,3,0,1,2,Male,70,SIM-2562,synthetic_simulation,3,4,3,4,2,4,5,2,3,1,2,4,2,4,5,4,Hinduism,Negombo,Group D
14,69,2,1,1,8,79,2,1,1,0,2,1,0,1,0,2,1,Male,62,SIM-2563,synthetic_simulation,2,4,4,5,5,4,2,5,1,1,5,4,3,3,5,2,Buddhism,Jaffna,Group A
22,63,2,2,1,8,97,2,1,1,0,0,1,1,3,0,1,1,Non-binary,66,SIM-2564,synthetic_simulation,5,4,2,1,3,1,1,2,5,2,3,4,1,4,1,3,Buddhism,Jaffna,Group C
15,95,2,2,1,6,59,1,1,0,2,2,0,2,5,0,1,0,Male,66,SIM-2565,synthetic_simulation,1,2,4,4,2,4,4,3,1,1,4,3,5,3,3,2,Other,Jaffna,Group A
18,94,1,2,1,7,51,2,1,1,1,2,1,1,3,1,0,1,Non-binary,65,SIM-2566,synthetic_simulation,3,3,1,2,3,4,3,4,1,3,2,2,4,1,2,4,Islam,Jaffna,Group B
14,76,0,2,1,5,71,2,1,1,1,2,1,0,3,0,1,2,Non-binary,64,SIM-2567,synthetic_simulation,3,3,1,4,3,5,3,4,5,3,1,4,2,3,5,2,Christianity,Colombo,Group A
24,88,0,2,1,6,87,2,1,1,0,1,0,2,3,0,1,2,Female,72,SIM-2568,synthetic_simulation,1,1,5,4,4,4,5,1,1,5,4,3,1,1,3,5,Buddhism,Kandy,Group D
25,82,2,2,1,7,99,0,1,3,1,0,1,1,2,0,1,2,Female,71,SIM-2569,synthetic_simulation,5,2,1,1,1,4,1,4,4,2,4,3,5,1,1,1,Hinduism,Kandy,Group D
19,94,1,0,0,5,53,2,1,1,2,2,1,1,3,0,1,2,Female,68,SIM-2570,synthetic_simulation,4,4,5,1,2,5,5,1,4,2,5,2,4,2,1,3,Islam,Galle,Group D
20,73,0,2,1,5,89,2,1,2,2,0,1,2,5,1,1,1,Non-binary,68,SIM-2571,synthetic_simulation,1,1,3,1,5,4,3,3,1,3,5,1,3,5,2,1,Christianity,Colombo,Group D
11,81,1,2,1,6,68,0,1,2,0,2,0,0,3,0,2,0,Non-binary,64,SIM-2572,synthetic_simulation,5,2,2,5,4,5,1,1,3,2,4,3,1,5,2,3,Hinduism,Galle,Group D
18,79,1,2,1,9,58,2,1,3,2,0,1,0,3,0,1,2,Non-binary,65,SIM-2573,synthetic_simulation,1,5,3,4,1,2,3,1,3,2,2,5,2,1,5,1,Other,Negombo,Group D
20,74,2,0,1,9,60,2,0,1,1,2,1,2,3,0,1,1,Female,64,SIM-2574,synthetic_simulation,1,2,5,4,5,4,1,1,3,5,3,3,5,5,5,3,Buddhism,Galle,Group D
36,96,2,1,0,7,96,2,1,1,1,0,1,2,3,0,0,1,Male,75,SIM-2575,synthetic_simulation,2,1,4,5,5,1,3,2,3,4,2,1,3,5,2,2,Other,Jaffna,Group D
13,67,1,2,1,8,90,2,1,2,1,2,0,0,2,0,1,2,Male,61,SIM-2576,synthetic_simulation,5,3,4,2,3,3,4,1,4,1,2,1,3,3,2,1,Islam,Kandy,Group C
29,66,0,0,0,6,66,2,1,0,2,2,0,0,3,0,2,2,Female,68,SIM-2577,synthetic_simulation,4,4,3,3,1,2,5,5,3,5,4,5,5,5,5,3,Buddhism,Kandy,Group B
26,83,2,2,0,4,97,1,1,2,1,0,1,0,4,0,0,1,Female,70,SIM-2578,synthetic_simulation,2,5,4,2,4,4,1,3,5,4,2,4,5,5,5,2,Hinduism,Kandy,Group B
22,86,0,2,0,6,55,2,1,5,0,1,0,0,3,0,2,2,Male,71,SIM-2579,synthetic_simulation,1,2,5,5,2,1,5,2,3,1,3,3,5,5,5,3,Islam,Colombo,Group D
31,68,1,0,1,7,66,1,1,0,1,2,1,2,3,0,1,2,Female,66,SIM-2580,synthetic_simulation,1,1,2,4,2,3,1,5,5,3,4,2,1,2,1,3,Christianity,Jaffna,Group C
22,76,0,1,1,7,83,1,1,0,1,2,1,2,1,0,0,2,Non-binary,66,SIM-2581,synthetic_simulation,1,1,1,4,4,5,1,3,4,4,2,2,2,5,4,4,Hinduism,Galle,Group C
22,98,2,2,1,7,100,1,1,0,1,2,1,1,3,0,1,0,Non-binary,70,SIM-2582,synthetic_simulation,5,4,5,1,3,4,1,2,5,1,5,5,3,3,2,4,Christianity,Negombo,Group A
20,70,1,2,0,7,73,2,1,0,1,2,1,0,5,0,1,2,Female,62,SIM-2583,synthetic_simulation,5,1,5,1,3,5,3,3,5,5,2,1,4,4,1,1,Buddhism,Colombo,Group D
27,87,0,1,1,6,91,1,1,4,0,2,1,1,4,0,1,1,Non-binary,72,SIM-2584,synthetic_simulation,2,1,1,4,5,2,2,4,1,1,4,4,5,2,5,2,Christianity,Negombo,Group C
27,90,0,2,0,8,96,0,1,0,2,2,1,0,4,0,1,1,Non-binary,72,SIM-2585,synthetic_simulation,4,4,1,4,1,3,3,3,5,2,4,3,2,3,4,5,Buddhism,Colombo,Group C
16,78,1,2,1,5,50,2,1,2,1,2,0,2,2,0,0,1,Non-binary,63,SIM-2586,synthetic_simulation,2,5,2,1,5,3,2,4,1,1,5,3,4,1,4,3,Christianity,Jaffna,Group D
12,98,0,1,1,8,64,2,0,5,1,2,1,1,5,0,0,2,Male,69,SIM-2587,synthetic_simulation,3,3,2,1,2,5,3,4,3,3,4,3,1,3,1,1,Other,Colombo,Group D
19,89,2,2,1,6,55,2,1,0,2,0,1,2,2,0,2,1,Female,68,SIM-2588,synthetic_simulation,1,3,2,2,4,5,2,3,5,5,1,2,3,4,3,4,Other,Negombo,Group B
15,78,0,0,1,10,89,1,1,0,2,2,1,1,3,0,1,2,Non-binary,67,SIM-2589,synthetic_simulation,1,2,4,4,1,2,1,4,5,4,4,4,2,2,3,2,Islam,Colombo,Group A
20,83,0,0,1,7,78,0,1,3,1,2,0,1,2,0,0,2,Female,71,SIM-2590,synthetic_simulation,1,5,5,4,4,1,1,2,2,1,2,5,2,4,5,4,Christianity,Jaffna,Group A
27,88,1,2,1,6,55,1,0,2,1,2,1,2,5,0,1,0,Non-binary,67,SIM-2591,synthetic_simulation,2,2,1,5,1,4,2,4,3,5,3,2,3,1,3,3,Buddhism,Kandy,Group B
17,84,1,1,1,6,71,1,1,0,2,2,0,0,4,1,1,2,Male,62,SIM-2592,synthetic_simulation,2,3,5,2,2,1,2,1,5,3,2,1,3,1,5,4,Hinduism,Colombo,Group B
20,95,2,2,0,6,76,2,1,0,1,0,0,2,4,0,1,1,Non-binary,69,SIM-2593,synthetic_simulation,1,4,5,3,2,3,5,2,5,4,4,4,5,1,3,4,Buddhism,Negombo,Group B
20,74,0,2,1,8,85,2,1,2,1,2,1,2,0,0,1,2,Male,67,SIM-2594,synthetic_simulation,2,1,2,3,1,4,1,2,2,1,1,1,3,3,1,2,Other,Negombo,Group A
25,72,2,0,1,7,89,2,1,2,1,0,1,2,3,0,2,2,Non-binary,71,SIM-2595,synthetic_simulation,5,3,2,3,3,2,3,2,1,3,2,3,2,3,4,1,Hinduism,Colombo,Group C
7,69,2,0,1,8,54,0,1,1,2,0,1,2,2,0,1,0,Male,87,SIM-2596,synthetic_simulation,5,5,5,1,1,1,5,1,3,2,3,2,5,5,2,3,Christianity,Jaffna,Group D
16,62,1,2,0,8,74,2,1,2,0,0,0,1,3,0,1,1,Non-binary,62,SIM-2597,synthetic_simulation,2,3,2,3,2,1,2,1,2,5,2,4,3,1,4,3,Other,Galle,Group D
21,62,0,1,1,7,58,2,1,2,1,0,1,2,1,0,0,2,Non-binary,64,SIM-2598,synthetic_simulation,1,5,4,5,4,4,3,1,3,5,5,2,4,4,3,2,Christianity,Kandy,Group A
27,95,2,0,0,8,88,0,1,3,2,2,0,2,2,0,1,0,Male,74,SIM-2599,synthetic_simulation,2,5,1,1,5,2,4,1,3,1,1,4,4,1,4,1,Other,Jaffna,Group A
17,87,0,0,1,9,83,2,1,0,1,0,1,1,2,0,0,1,Non-binary,69,SIM-2600,synthetic_simulation,2,5,5,1,4,2,4,1,1,3,4,3,3,2,3,2,Christianity,Galle,Group D
9,86,0,2,0,8,86,2,1,1,1,0,1,1,1,0,1,2,Non-binary,65,SIM-2601,synthetic_simulation,2,2,1,3,2,1,4,5,1,4,2,4,2,3,5,2,Other,Negombo,Group D
24,85,1,2,1,7,54,2,0,2,2,1,1,1,3,0,0,1,Non-binary,66,SIM-2602,synthetic_simulation,3,4,4,1,4,1,3,5,4,4,2,3,5,1,2,4,Islam,Colombo,Group A
16,94,2,2,1,8,76,1,1,3,2,2,1,0,4,0,2,2,Male,70,SIM-2603,synthetic_simulation,5,3,2,2,3,5,2,1,2,4,2,2,5,5,5,1,Buddhism,Negombo,Group C
13,79,0,0,0,5,92,2,1,3,2,2,1,1,3,0,1,2,Female,68,SIM-2604,synthetic_simulation,4,4,3,2,3,4,3,2,2,4,2,2,5,1,2,3,Buddhism,Colombo,Group B
16,95,1,1,0,10,86,2,1,4,0,2,1,2,2,0,0,2,Non-binary,70,SIM-2605,synthetic_simulation,4,1,4,3,1,2,5,4,3,1,3,2,1,5,5,5,Christianity,Kandy,Group B
19,74,0,0,0,8,93,0,1,1,2,2,1,0,3,0,1,2,Non-binary,68,SIM-2606,synthetic_simulation,3,3,3,5,4,3,5,4,4,1,5,3,3,3,5,3,Christianity,Colombo,Group D
16,97,0,1,1,8,60,2,1,0,1,0,1,2,3,0,1,2,Male,69,SIM-2607,synthetic_simulation,2,4,1,1,4,4,4,5,4,5,5,1,1,3,4,2,Hinduism,Negombo,Group C
7,88,2,0,1,7,64,1,1,2,2,0,1,1,4,0,2,1,Female,66,SIM-2608,synthetic_simulation,3,4,5,4,2,5,2,1,3,3,1,1,1,5,2,5,Hinduism,Galle,Group A
25,70,2,2,1,4,72,2,1,0,1,1,1,1,4,0,0,1,Non-binary,65,SIM-2609,synthetic_simulation,3,1,2,3,1,4,5,3,1,2,1,4,4,2,4,2,Buddhism,Galle,Group A
28,83,2,2,1,7,76,2,1,1,2,2,1,2,3,0,0,2,Non-binary,71,SIM-2610,synthetic_simulation,1,5,4,1,1,1,1,4,4,1,3,2,5,3,5,5,Buddhism,Galle,Group C
24,81,2,1,1,7,63,2,1,1,1,2,1,2,3,0,1,1,Female,66,SIM-2611,synthetic_simulation,5,3,2,3,4,4,1,4,2,4,5,1,1,5,4,4,Islam,Colombo,Group A
13,66,1,2,1,6,69,1,1,2,1,2,0,2,4,0,1,2,Non-binary,61,SIM-2612,synthetic_simulation,4,3,3,3,5,4,4,2,1,2,1,5,2,3,3,2,Christianity,Jaffna,Group A
19,84,2,2,1,6,84,2,1,3,2,0,1,1,2,0,2,1,Female,69,SIM-2613,synthetic_simulation,2,1,3,5,4,4,4,4,5,5,4,2,3,1,5,5,Christianity,Negombo,Group D
20,73,2,2,0,6,82,1,1,1,2,0,0,0,3,0,0,2,Male,65,SIM-2614,synthetic_simulation,4,5,5,4,4,3,4,5,4,4,5,5,2,4,3,3,Buddhism,Negombo,Group B
24,62,2,2,1,8,56,2,1,0,2,2,0,2,2,0,0,1,Male,63,SIM-2615,synthetic_simulation,4,3,3,1,4,5,5,1,3,3,2,1,5,2,5,4,Christianity,Jaffna,Group B
24,98,2,1,1,9,99,0,1,2,1,0,1,1,2,0,2,0,Female,73,SIM-2616,synthetic_simulation,5,3,5,3,3,4,2,1,2,2,5,3,4,4,3,2,Hinduism,Galle,Group D
16,86,0,2,1,7,78,1,1,1,1,2,0,2,4,0,2,1,Male,68,SIM-2617,synthetic_simulation,4,3,4,3,1,4,4,4,4,5,4,5,2,2,3,1,Christianity,Galle,Group D
20,95,2,2,1,6,74,2,1,1,0,1,1,2,4,0,1,0,Female,70,SIM-2618,synthetic_simulation,4,5,5,1,3,3,3,3,3,1,2,5,2,1,5,4,Hinduism,Negombo,Group D
23,87,2,2,1,6,98,2,1,3,2,2,1,1,3,0,0,2,Non-binary,72,SIM-2619,synthetic_simulation,3,1,3,3,5,2,4,5,2,3,5,2,1,5,3,5,Other,Colombo,Group D
29,74,0,2,1,7,57,2,0,3,2,2,0,2,2,0,1,1,Male,68,SIM-2620,synthetic_simulation,5,3,1,3,2,4,5,4,4,4,2,4,2,5,2,1,Christianity,Colombo,Group D
24,81,2,2,0,7,77,2,1,0,0,2,0,2,3,0,1,2,Female,68,SIM-2621,synthetic_simulation,1,4,5,3,5,4,2,5,2,2,2,3,4,5,3,1,Other,Kandy,Group B
25,87,0,2,1,8,90,2,1,1,1,2,1,0,4,0,1,2,Female,71,SIM-2622,synthetic_simulation,2,5,2,2,1,2,4,3,5,5,3,2,2,1,5,1,Buddhism,Galle,Group A
21,98,1,1,1,6,70,2,1,1,2,2,1,2,3,0,1,1,Female,68,SIM-2623,synthetic_simulation,4,2,1,2,2,4,1,5,2,2,4,2,2,4,2,5,Christianity,Negombo,Group B
28,70,0,1,1,8,87,0,1,3,1,2,1,1,3,0,2,1,Non-binary,70,SIM-2624,synthetic_simulation,2,1,5,4,5,4,4,5,3,3,3,1,5,3,2,4,Islam,Colombo,Group B
22,95,2,1,1,8,95,2,0,2,1,0,0,1,4,0,1,2,Non-binary,70,SIM-2625,synthetic_simulation,1,4,2,5,1,4,4,5,4,1,5,4,4,5,2,1,Islam,Kandy,Group C
15,97,0,2,1,6,63,1,1,2,2,2,1,1,3,0,1,2,Non-binary,69,SIM-2626,synthetic_simulation,2,3,1,1,5,5,2,1,3,1,2,4,2,3,4,1,Other,Jaffna,Group A
28,87,0,2,1,4,62,0,1,2,1,0,1,2,4,0,1,2,Male,73,SIM-2627,synthetic_simulation,1,2,5,5,2,1,3,3,5,3,5,3,5,4,2,5,Islam,Colombo,Group D
24,97,2,2,1,6,68,1,1,1,2,0,1,1,4,0,0,2,Non-binary,72,SIM-2628,synthetic_simulation,3,1,4,5,2,5,4,1,1,4,5,3,3,3,4,2,Hinduism,Colombo,Group C
17,76,2,0,0,9,71,2,1,0,2,0,1,1,3,0,2,2,Female,67,SIM-2629,synthetic_simulation,4,5,2,2,5,2,4,2,2,2,3,4,2,3,1,2,Buddhism,Negombo,Group A
17,98,0,2,0,4,56,2,1,2,1,1,0,2,3,0,1,2,Non-binary,69,SIM-2630,synthetic_simulation,1,2,4,4,3,5,5,4,3,4,5,5,2,3,3,4,Hinduism,Galle,Group C
22,88,1,2,1,9,62,2,1,1,0,2,0,0,3,0,0,2,Male,68,SIM-2631,synthetic_simulation,2,2,3,5,5,5,2,1,4,5,4,5,5,1,4,1,Buddhism,Negombo,Group D
23,62,0,1,0,4,94,2,1,0,2,1,0,2,3,0,2,0,Non-binary,64,SIM-2632,synthetic_simulation,4,4,5,5,5,3,5,5,4,4,2,2,5,4,5,3,Islam,Jaffna,Group C
21,96,1,0,1,6,78,1,1,2,2,0,0,1,3,0,1,1,Female,71,SIM-2633,synthetic_simulation,3,1,5,3,5,2,4,2,1,3,1,4,5,3,2,2,Buddhism,Galle,Group C
22,79,0,2,1,6,63,2,1,1,2,0,1,1,4,0,1,2,Male,68,SIM-2634,synthetic_simulation,4,4,2,1,3,2,4,3,4,1,4,2,2,5,5,1,Hinduism,Negombo,Group B
30,78,2,0,1,10,97,2,1,1,1,1,0,2,2,0,1,0,Female,70,SIM-2635,synthetic_simulation,1,4,5,4,4,2,1,3,5,3,1,5,1,5,2,4,Other,Colombo,Group D
26,83,2,0,1,7,89,2,1,3,1,2,0,2,3,0,1,1,Non-binary,72,SIM-2636,synthetic_simulation,3,3,3,1,2,5,5,1,1,3,1,3,1,4,5,3,Other,Negombo,Group D
21,66,1,0,1,7,68,0,1,2,1,2,1,2,1,0,1,2,Male,65,SIM-2637,synthetic_simulation,2,5,5,2,1,2,2,5,5,2,3,4,5,1,3,2,Christianity,Galle,Group B
26,79,2,0,0,6,88,2,1,1,1,0,1,2,3,1,0,2,Male,70,SIM-2638,synthetic_simulation,3,2,1,5,2,3,4,5,2,3,1,1,1,3,3,2,Hinduism,Kandy,Group B
14,93,2,2,0,8,80,1,1,2,1,2,0,2,4,0,2,2,Female,69,SIM-2639,synthetic_simulation,3,1,4,5,2,4,1,3,5,5,2,2,3,1,1,1,Hinduism,Kandy,Group A
22,61,2,2,0,6,84,1,1,0,2,2,1,2,2,0,2,2,Male,64,SIM-2640,synthetic_simulation,5,5,3,1,4,5,1,5,2,2,3,4,1,4,5,1,Other,Jaffna,Group D
31,71,1,0,1,7,66,2,1,3,1,2,0,0,1,0,1,2,Male,67,SIM-2641,synthetic_simulation,3,5,3,2,2,4,3,4,5,2,4,1,1,2,1,3,Islam,Negombo,Group C
19,60,0,0,1,6,60,0,1,1,1,2,1,2,2,0,0,2,Male,65,SIM-2642,synthetic_simulation,3,1,4,3,2,4,2,1,1,4,4,2,2,5,5,5,Other,Colombo,Group C
15,77,1,2,1,8,63,2,1,0,2,2,1,1,1,0,1,2,Female,62,SIM-2643,synthetic_simulation,4,5,4,3,3,5,1,1,2,3,4,5,1,3,3,4,Christianity,Jaffna,Group A
16,89,0,2,0,8,54,2,1,2,1,0,0,2,2,0,0,1,Non-binary,68,SIM-2644,synthetic_simulation,2,3,3,5,3,5,2,5,5,4,5,2,5,3,1,1,Christianity,Jaffna,Group D
13,92,2,0,0,6,74,0,1,2,1,2,0,1,2,0,0,2,Female,68,SIM-2645,synthetic_simulation,4,5,4,5,3,2,4,3,5,4,3,3,2,4,2,1,Hinduism,Jaffna,Group A
15,98,2,2,0,6,70,1,1,1,2,0,0,2,3,0,1,1,Non-binary,68,SIM-2646,synthetic_simulation,4,3,2,4,3,3,3,4,4,2,3,2,1,4,3,2,Hinduism,Galle,Group B
18,84,2,1,1,6,50,2,1,4,0,0,0,0,3,0,2,2,Non-binary,68,SIM-2647,synthetic_simulation,1,2,4,1,3,5,2,4,5,4,3,2,3,1,4,3,Christianity,Kandy,Group C
12,70,2,2,1,7,93,2,1,1,1,0,1,1,4,0,1,0,Male,62,SIM-2648,synthetic_simulation,4,2,1,5,1,4,3,4,4,4,2,4,2,5,3,5,Hinduism,Galle,Group C
20,97,2,1,1,8,84,1,1,4,2,2,1,2,5,0,1,2,Male,72,SIM-2649,synthetic_simulation,5,4,1,2,4,5,2,2,5,2,3,4,2,1,3,5,Buddhism,Kandy,Group B
25,91,1,2,0,7,72,2,1,1,2,0,0,1,3,0,0,0,Non-binary,69,SIM-2650,synthetic_simulation,5,3,2,1,5,3,2,5,3,2,2,5,2,4,4,4,Christianity,Negombo,Group B
15,83,2,0,0,4,98,1,1,3,1,0,1,2,3,0,1,1,Non-binary,68,SIM-2651,synthetic_simulation,1,2,4,4,3,1,5,4,4,1,4,3,1,5,5,4,Christianity,Galle,Group B
29,88,1,2,1,8,97,2,1,4,1,0,1,0,3,1,0,1,Male,71,SIM-2652,synthetic_simulation,2,5,1,3,4,4,3,5,1,3,5,3,5,4,4,1,Hinduism,Colombo,Group A
23,97,1,0,1,5,55,2,1,0,2,1,1,1,3,0,1,1,Non-binary,69,SIM-2653,synthetic_simulation,2,1,5,4,5,1,2,3,1,1,1,5,4,1,5,3,Buddhism,Negombo,Group C
26,88,1,0,0,6,81,2,1,1,0,2,1,2,2,0,1,2,Non-binary,71,SIM-2654,synthetic_simulation,4,1,4,1,2,1,5,3,2,2,5,1,4,1,1,2,Christianity,Galle,Group A
16,75,2,0,1,7,91,1,1,2,1,1,1,2,5,0,1,0,Non-binary,65,SIM-2655,synthetic_simulation,4,3,2,3,2,3,5,3,1,5,5,2,4,1,1,4,Buddhism,Colombo,Group C
25,89,2,0,0,7,59,2,1,1,1,2,1,1,4,1,1,2,Non-binary,68,SIM-2656,synthetic_simulation,4,4,4,2,4,5,3,2,2,4,5,4,1,2,1,5,Christianity,Negombo,Group B
13,62,2,2,1,8,56,1,1,1,1,0,1,2,4,1,1,2,Non-binary,60,SIM-2657,synthetic_simulation,2,5,3,3,1,1,4,3,1,4,1,5,3,1,4,1,Buddhism,Negombo,Group A
25,75,2,2,1,6,63,1,1,3,0,2,0,1,4,0,1,2,Male,68,SIM-2658,synthetic_simulation,3,3,3,3,1,2,3,5,4,2,2,5,2,3,5,1,Other,Colombo,Group C
21,76,1,0,0,6,64,2,1,1,2,2,1,1,4,0,1,2,Male,66,SIM-2659,synthetic_simulation,5,1,1,2,4,5,2,1,3,4,4,4,2,1,2,2,Christianity,Colombo,Group C
23,67,2,2,0,7,98,1,1,4,1,2,0,1,3,0,1,1,Female,66,SIM-2660,synthetic_simulation,3,3,3,5,1,4,4,1,2,1,1,4,5,4,3,3,Buddhism,Jaffna,Group A
13,61,2,2,1,8,89,1,1,4,1,2,0,1,4,0,1,0,Non-binary,62,SIM-2661,synthetic_simulation,3,5,2,5,1,5,3,5,3,4,4,1,2,1,4,5,Other,Galle,Group C
15,65,2,2,0,8,53,2,1,2,1,2,1,0,3,0,0,2,Female,61,SIM-2662,synthetic_simulation,2,2,1,3,2,3,3,1,5,5,2,3,5,4,1,1,Hinduism,Kandy,Group A
24,86,0,2,0,7,89,1,1,2,1,2,1,0,3,0,2,0,Female,69,SIM-2663,synthetic_simulation,3,5,2,3,1,3,3,4,5,3,4,4,1,4,2,1,Islam,Colombo,Group A
14,92,2,0,1,9,58,0,1,1,0,1,1,2,2,0,1,2,Male,69,SIM-2664,synthetic_simulation,1,2,2,4,1,4,3,1,3,1,2,5,4,5,5,4,Buddhism,Kandy,Group B
23,100,2,2,1,9,68,2,1,4,0,0,0,0,3,0,2,2,Non-binary,74,SIM-2665,synthetic_simulation,4,2,3,5,4,4,4,2,4,3,1,2,5,2,5,5,Other,Jaffna,Group D
12,74,2,0,1,8,66,1,1,1,1,2,1,0,4,0,1,2,Female,62,SIM-2666,synthetic_simulation,1,2,3,2,1,4,2,3,3,3,1,1,5,4,5,2,Christianity,Kandy,Group B
25,84,2,2,1,5,64,2,1,0,1,2,1,0,3,0,0,1,Female,67,SIM-2667,synthetic_simulation,5,3,2,3,3,3,5,1,3,5,4,2,2,4,4,1,Other,Colombo,Group B
13,97,0,2,0,8,65,0,1,1,1,2,0,2,2,0,1,2,Female,69,SIM-2668,synthetic_simulation,4,1,3,3,3,5,3,1,3,5,4,2,1,3,3,5,Islam,Galle,Group B
23,67,0,1,1,7,88,2,1,1,1,2,0,2,4,0,1,2,Male,66,SIM-2669,synthetic_simulation,3,3,3,4,4,1,5,2,2,5,5,3,4,1,3,3,Islam,Kandy,Group A
24,89,2,0,1,6,63,2,1,2,0,2,0,2,3,0,0,2,Non-binary,72,SIM-2670,synthetic_simulation,5,1,3,4,3,1,5,2,2,5,5,2,1,2,2,5,Islam,Negombo,Group A
16,90,0,1,0,6,90,2,1,2,0,2,1,1,3,0,1,2,Non-binary,69,SIM-2671,synthetic_simulation,4,5,4,4,2,2,5,1,3,1,4,5,4,2,1,3,Hinduism,Kandy,Group B
23,64,2,0,1,7,55,2,1,0,2,2,1,2,4,0,1,1,Male,65,SIM-2672,synthetic_simulation,3,4,2,1,4,3,3,4,4,5,5,5,3,5,1,3,Buddhism,Jaffna,Group A
22,94,2,0,0,6,80,1,1,0,0,2,0,2,2,0,2,2,Non-binary,72,SIM-2673,synthetic_simulation,1,5,5,2,1,4,3,1,5,1,4,4,1,4,1,2,Christianity,Jaffna,Group B
17,93,1,2,1,7,93,1,1,2,2,2,0,2,4,0,1,2,Male,69,SIM-2674,synthetic_simulation,4,3,2,1,3,5,3,4,5,4,3,3,3,4,1,1,Buddhism,Colombo,Group C
14,61,2,0,0,7,54,2,1,3,1,2,1,2,2,1,1,2,Non-binary,60,SIM-2675,synthetic_simulation,3,3,1,3,2,3,3,3,5,3,5,4,4,3,2,3,Buddhism,Galle,Group B
8,64,0,2,0,7,82,0,1,0,0,2,1,1,1,1,2,2,Female,61,SIM-2676,synthetic_simulation,1,1,3,4,4,2,1,5,1,4,4,2,5,2,2,2,Hinduism,Kandy,Group C
22,62,0,1,0,8,76,2,1,1,2,1,1,1,3,0,1,2,Non-binary,63,SIM-2677,synthetic_simulation,5,3,3,4,4,1,2,3,4,4,3,5,3,1,5,5,Christianity,Colombo,Group D
11,73,2,2,0,7,67,2,0,3,2,0,0,2,5,1,2,2,Female,63,SIM-2678,synthetic_simulation,5,2,5,4,1,5,1,1,2,2,5,4,4,5,4,1,Hinduism,Galle,Group C
21,80,2,2,1,6,55,0,1,1,0,0,1,0,3,0,2,1,Non-binary,68,SIM-2679,synthetic_simulation,5,3,1,5,5,1,4,1,5,4,1,5,4,5,3,1,Christianity,Jaffna,Group A
18,81,2,2,1,4,84,1,1,1,2,2,0,2,4,0,0,2,Female,68,SIM-2680,synthetic_simulation,5,1,4,2,3,5,1,4,2,4,4,4,3,5,2,2,Other,Kandy,Group B
24,71,0,2,0,8,65,2,1,1,1,2,0,0,2,0,1,2,Non-binary,65,SIM-2681,synthetic_simulation,2,1,2,1,2,4,1,2,2,2,1,1,1,5,3,2,Christianity,Colombo,Group C
18,96,2,0,0,7,67,2,1,1,0,2,1,2,2,0,1,2,Female,71,SIM-2682,synthetic_simulation,4,2,4,2,4,5,1,4,2,4,5,3,5,2,5,4,Hinduism,Kandy,Group B
18,75,2,2,1,7,86,1,1,1,1,2,0,0,3,0,1,2,Non-binary,64,SIM-2683,synthetic_simulation,4,1,1,4,3,4,2,2,2,2,3,4,4,4,5,5,Other,Kandy,Group C
24,62,2,2,0,9,97,2,1,1,2,2,0,0,2,0,2,2,Male,65,SIM-2684,synthetic_simulation,2,4,5,3,2,3,5,2,3,1,4,2,1,2,2,4,Christianity,Negombo,Group A
22,72,0,2,1,5,67,1,1,2,2,2,1,1,4,0,0,2,Non-binary,67,SIM-2685,synthetic_simulation,3,5,1,5,2,1,4,2,2,3,3,5,4,1,1,4,Islam,Jaffna,Group A
22,81,0,2,0,7,87,1,1,0,1,2,1,1,2,0,1,2,Female,67,SIM-2686,synthetic_simulation,3,3,5,2,4,5,4,2,1,5,1,5,4,5,4,1,Hinduism,Galle,Group A
23,76,1,2,1,6,98,2,1,1,1,0,1,1,3,0,0,1,Male,67,SIM-2687,synthetic_simulation,5,4,4,3,3,5,2,1,2,4,4,3,4,2,3,4,Other,Jaffna,Group D
11,71,1,2,1,8,55,2,1,1,1,2,1,0,3,0,0,2,Male,87,SIM-2688,synthetic_simulation,1,3,4,4,2,2,1,5,5,1,1,3,1,1,3,5,Islam,Colombo,Group C
25,65,0,0,1,4,76,0,1,1,0,2,0,1,1,0,1,1,Female,67,SIM-2689,synthetic_simulation,3,4,1,4,4,1,5,5,2,3,1,1,2,3,5,2,Other,Jaffna,Group B
24,93,0,2,1,8,51,0,1,4,2,2,0,2,2,1,1,2,Male,72,SIM-2690,synthetic_simulation,1,3,1,4,3,3,3,3,5,1,3,4,5,5,3,1,Christianity,Colombo,Group A
14,100,2,1,1,8,91,0,1,0,1,0,1,1,3,0,1,2,Female,69,SIM-2691,synthetic_simulation,4,2,3,4,3,4,2,3,2,2,5,1,5,4,1,1,Christianity,Jaffna,Group C
19,73,2,2,1,6,64,1,1,1,0,2,1,2,3,0,0,1,Male,65,SIM-2692,synthetic_simulation,1,1,5,5,4,3,5,3,4,1,1,4,2,4,2,4,Other,Colombo,Group B
20,75,0,2,1,7,67,1,1,1,1,2,0,2,4,0,1,2,Non-binary,66,SIM-2693,synthetic_simulation,4,1,3,5,3,2,2,4,3,4,1,4,4,4,4,5,Other,Colombo,Group D
19,85,0,0,0,6,84,1,1,3,2,2,0,0,3,0,2,2,Female,70,SIM-2694,synthetic_simulation,2,2,2,2,5,3,2,3,5,4,2,3,2,1,4,2,Christianity,Kandy,Group C
22,89,0,0,1,8,89,2,1,0,2,2,0,1,3,0,1,1,Male,71,SIM-2695,synthetic_simulation,2,4,2,4,2,4,3,3,1,5,3,3,3,2,1,5,Buddhism,Negombo,Group B
29,76,2,0,1,8,70,1,0,1,1,1,1,1,4,0,0,1,Male,67,SIM-2696,synthetic_simulation,5,5,1,5,2,1,5,3,2,5,1,4,3,5,3,3,Other,Negombo,Group C
26,96,0,2,0,5,83,2,1,0,2,0,1,2,2,0,1,0,Female,72,SIM-2697,synthetic_simulation,3,4,4,3,3,2,1,1,5,4,2,3,1,5,1,5,Buddhism,Kandy,Group C
12,82,1,2,0,5,98,2,1,0,1,0,1,1,1,0,1,1,Female,63,SIM-2698,synthetic_simulation,5,1,2,5,4,5,5,3,3,1,3,4,1,5,4,3,Christianity,Negombo,Group C
24,78,0,1,1,9,94,1,1,0,1,0,1,1,4,0,1,1,Female,67,SIM-2699,synthetic_simulation,4,5,2,5,1,5,5,5,2,4,4,3,3,5,1,1,Islam,Galle,Group A
28,86,1,2,0,10,85,2,1,6,1,0,1,1,2,0,1,2,Male,72,SIM-2700,synthetic_simulation,5,3,3,2,3,1,1,1,3,1,5,2,2,3,4,5,Islam,Kandy,Group C
22,98,2,2,0,8,97,1,1,1,0,2,0,2,1,1,2,2,Male,72,SIM-2701,synthetic_simulation,1,5,3,5,1,3,3,2,1,4,3,4,1,5,3,5,Hinduism,Negombo,Group C
27,92,2,2,0,8,94,2,0,1,1,2,0,0,4,0,0,2,Non-binary,70,SIM-2702,synthetic_simulation,4,4,2,3,3,5,5,4,5,3,1,5,2,3,4,5,Hinduism,Kandy,Group B
32,62,0,2,0,7,86,1,1,0,1,2,1,2,2,0,1,2,Female,67,SIM-2703,synthetic_simulation,2,2,1,4,1,2,1,1,1,1,2,2,1,2,1,4,Christianity,Kandy,Group C
26,73,2,2,0,7,96,0,1,0,2,0,0,1,3,0,1,2,Non-binary,68,SIM-2704,synthetic_simulation,3,3,3,1,3,4,2,1,3,2,2,1,5,4,5,1,Other,Kandy,Group D
21,79,1,2,1,8,91,0,1,1,1,2,1,2,3,0,1,1,Female,67,SIM-2705,synthetic_simulation,4,4,2,2,4,3,2,5,4,2,4,3,2,3,4,5,Islam,Negombo,Group A
26,73,0,0,0,7,75,1,1,3,1,2,1,2,5,0,0,2,Male,70,SIM-2706,synthetic_simulation,4,3,4,3,1,4,1,3,4,5,2,1,3,4,5,2,Other,Negombo,Group A
21,88,2,1,0,9,75,0,0,1,2,0,0,1,2,0,2,1,Female,67,SIM-2707,synthetic_simulation,1,5,3,2,5,3,2,2,5,3,1,5,3,4,5,1,Buddhism,Galle,Group C
20,93,2,2,1,7,50,2,1,1,0,0,1,2,4,0,0,2,Non-binary,71,SIM-2708,synthetic_simulation,3,1,2,4,4,2,5,5,2,2,3,3,1,1,5,5,Christianity,Kandy,Group C
18,89,0,1,1,7,52,2,1,1,0,0,1,2,3,0,2,2,Non-binary,69,SIM-2709,synthetic_simulation,2,4,5,5,3,4,1,5,1,4,4,1,2,3,1,2,Hinduism,Negombo,Group B
29,100,2,2,1,7,87,2,0,3,1,2,1,0,5,0,0,2,Male,74,SIM-2710,synthetic_simulation,4,2,3,5,1,2,5,1,4,2,5,2,4,5,1,4,Christianity,Galle,Group D
15,71,0,1,0,7,78,2,1,0,2,2,0,2,3,0,1,2,Non-binary,63,SIM-2711,synthetic_simulation,4,5,5,3,2,4,4,2,4,4,5,1,3,1,3,2,Hinduism,Jaffna,Group C
29,95,2,1,1,9,88,2,1,0,2,0,1,1,2,0,1,2,Non-binary,72,SIM-2712,synthetic_simulation,1,4,3,4,4,3,3,5,2,3,1,3,3,5,4,1,Christianity,Galle,Group A
23,91,0,1,1,7,97,1,1,2,1,2,1,1,3,0,0,1,Male,71,SIM-2713,synthetic_simulation,5,2,3,1,1,2,3,4,1,5,4,2,2,4,2,1,Christianity,Negombo,Group A
12,74,0,2,0,7,73,2,1,1,1,2,1,1,5,0,1,2,Non-binary,64,SIM-2714,synthetic_simulation,2,4,5,1,4,3,3,4,3,2,4,5,2,1,5,3,Hinduism,Jaffna,Group C
22,89,2,2,1,7,54,2,1,1,0,2,1,2,3,0,1,2,Male,69,SIM-2715,synthetic_simulation,3,5,1,5,1,3,1,5,4,5,1,1,1,5,4,3,Buddhism,Colombo,Group B
7,64,0,0,0,6,81,2,1,2,1,1,0,2,3,0,2,1,Male,62,SIM-2716,synthetic_simulation,4,4,2,4,2,4,4,1,5,3,4,4,4,5,5,3,Christianity,Negombo,Group C
24,92,2,2,1,5,55,2,0,1,2,2,1,1,4,0,0,2,Non-binary,69,SIM-2717,synthetic_simulation,4,3,1,4,5,4,3,4,5,1,2,3,3,2,3,4,Islam,Galle,Group C
25,81,0,1,1,9,81,1,1,2,1,2,1,1,3,0,1,2,Male,68,SIM-2718,synthetic_simulation,2,5,1,3,2,2,5,1,3,3,2,4,2,1,1,1,Christianity,Jaffna,Group B
16,72,0,2,1,9,76,0,1,6,1,1,1,0,3,0,1,2,Female,67,SIM-2719,synthetic_simulation,5,4,2,1,3,5,3,3,2,3,1,4,3,1,2,4,Other,Kandy,Group C
21,86,2,2,1,9,86,0,1,2,2,2,1,1,3,0,2,2,Male,71,SIM-2720,synthetic_simulation,4,1,4,3,4,1,4,3,2,3,1,1,4,4,1,1,Islam,Galle,Group D
32,86,2,2,1,5,68,1,1,1,2,2,1,0,4,0,1,1,Non-binary,70,SIM-2721,synthetic_simulation,2,4,1,2,5,4,5,1,4,1,2,4,5,4,3,3,Other,Negombo,Group B
17,68,0,2,0,9,57,2,1,2,2,1,1,1,3,0,1,1,Female,63,SIM-2722,synthetic_simulation,1,3,1,4,4,3,5,5,4,1,3,2,5,1,3,3,Hinduism,Galle,Group B
14,61,1,0,0,10,62,2,1,0,0,2,1,0,4,0,0,1,Female,60,SIM-2723,synthetic_simulation,5,2,1,1,1,1,1,3,4,3,1,5,4,2,5,2,Hinduism,Kandy,Group D
29,77,2,2,0,9,84,2,1,0,1,0,1,1,3,0,0,2,Female,69,SIM-2724,synthetic_simulation,3,2,4,3,3,2,1,3,3,1,2,5,2,2,1,3,Hinduism,Colombo,Group A
32,83,2,2,1,9,74,2,1,3,1,2,1,1,3,0,0,1,Female,71,SIM-2725,synthetic_simulation,4,2,3,5,3,1,2,4,3,4,3,4,5,4,1,3,Other,Galle,Group D
20,95,1,1,1,8,77,2,1,1,0,0,1,2,2,0,1,2,Male,69,SIM-2726,synthetic_simulation,2,1,5,2,4,1,4,5,4,3,3,3,2,3,2,5,Hinduism,Negombo,Group C
26,97,0,1,1,6,66,2,1,2,2,2,1,2,1,0,0,2,Male,73,SIM-2727,synthetic_simulation,1,3,5,3,3,5,5,1,2,2,2,4,1,5,4,1,Islam,Jaffna,Group C
28,81,2,0,1,8,92,2,1,1,0,2,1,2,3,0,0,2,Male,73,SIM-2728,synthetic_simulation,3,5,4,5,4,5,4,3,1,4,2,3,3,4,3,3,Hinduism,Colombo,Group D
16,90,2,2,0,5,100,2,1,1,1,2,1,2,3,0,1,1,Non-binary,68,SIM-2729,synthetic_simulation,2,2,1,1,1,1,3,5,4,3,4,5,1,2,5,5,Christianity,Colombo,Group B
17,78,0,2,1,6,66,2,1,2,1,2,1,2,4,0,0,1,Non-binary,67,SIM-2730,synthetic_simulation,2,3,5,1,1,5,3,3,2,2,3,2,5,1,2,5,Other,Kandy,Group A
27,90,2,0,0,7,86,0,1,2,2,2,1,2,3,0,0,1,Female,74,SIM-2731,synthetic_simulation,3,4,4,2,4,5,2,4,2,2,5,3,5,2,1,5,Other,Colombo,Group A
30,68,2,0,0,7,59,2,1,3,1,2,1,2,3,0,0,1,Non-binary,68,SIM-2732,synthetic_simulation,1,1,2,5,2,1,5,5,5,5,4,5,2,1,5,3,Other,Colombo,Group D
23,75,0,2,0,8,87,1,1,1,2,0,1,2,2,0,0,2,Male,69,SIM-2733,synthetic_simulation,1,3,5,4,2,4,5,2,1,5,4,1,5,4,3,4,Other,Colombo,Group D
15,85,0,2,0,4,72,2,1,4,1,0,0,1,4,0,0,2,Male,69,SIM-2734,synthetic_simulation,5,3,2,1,1,5,2,4,4,2,3,4,2,5,3,4,Buddhism,Negombo,Group A
32,61,0,0,1,7,80,2,1,0,1,2,1,2,4,1,0,1,Male,68,SIM-2735,synthetic_simulation,4,5,1,4,5,1,3,1,1,3,3,3,4,5,4,1,Hinduism,Colombo,Group C
17,89,1,0,0,8,62,2,1,1,1,0,1,2,1,0,1,1,Male,66,SIM-2736,synthetic_simulation,3,3,5,4,2,4,5,5,4,3,3,2,5,4,1,4,Christianity,Galle,Group D
18,93,1,1,1,8,93,2,1,3,1,0,1,0,3,0,2,1,Male,69,SIM-2737,synthetic_simulation,3,5,4,3,4,5,4,3,1,3,1,4,4,5,3,3,Christianity,Colombo,Group C
22,76,2,2,1,8,59,2,1,1,1,2,1,2,2,0,0,2,Female,66,SIM-2738,synthetic_simulation,3,1,3,3,1,1,5,5,1,3,2,5,4,5,5,1,Other,Kandy,Group C
29,78,1,2,1,7,96,0,1,5,1,2,1,2,4,0,0,1,Male,72,SIM-2739,synthetic_simulation,1,1,5,1,3,5,3,1,2,2,2,5,3,3,5,1,Christianity,Colombo,Group B
25,94,2,1,1,6,53,1,1,1,2,2,1,0,3,0,1,2,Male,69,SIM-2740,synthetic_simulation,4,4,5,4,3,4,5,5,1,1,2,5,2,3,5,1,Hinduism,Galle,Group D
22,91,2,2,1,8,64,2,1,1,1,0,1,2,3,1,1,1,Male,68,SIM-2741,synthetic_simulation,5,5,5,3,2,1,5,3,1,1,3,3,4,3,1,2,Islam,Kandy,Group B
23,72,2,2,1,7,78,2,1,1,1,2,0,1,3,0,1,2,Female,66,SIM-2742,synthetic_simulation,2,5,5,5,5,4,1,4,4,3,4,1,3,1,1,3,Christianity,Negombo,Group C
20,73,2,1,1,8,93,0,1,1,1,0,1,0,4,0,1,0,Male,65,SIM-2743,synthetic_simulation,2,2,4,5,2,3,5,4,2,5,3,1,5,3,3,3,Buddhism,Kandy,Group C
23,87,2,2,0,8,79,0,1,2,1,0,1,1,2,0,2,2,Non-binary,71,SIM-2744,synthetic_simulation,3,2,4,5,5,2,2,3,1,2,3,5,5,4,4,4,Other,Galle,Group B
5,83,2,2,1,7,61,2,1,2,1,2,1,0,4,0,1,1,Female,61,SIM-2745,synthetic_simulation,4,4,3,5,2,3,2,2,2,1,4,4,4,3,4,4,Islam,Kandy,Group A
18,66,1,2,1,6,93,2,1,1,1,2,1,1,3,1,0,2,Female,63,SIM-2746,synthetic_simulation,1,1,4,4,3,5,4,2,2,2,5,2,5,4,4,3,Islam,Jaffna,Group B
21,72,2,0,1,9,80,1,1,1,2,2,1,1,3,0,1,2,Male,66,SIM-2747,synthetic_simulation,4,2,4,5,5,4,5,4,3,5,1,4,2,3,2,2,Other,Galle,Group A
13,96,2,0,0,8,62,2,1,0,0,2,0,1,2,0,2,2,Male,69,SIM-2748,synthetic_simulation,4,3,1,4,3,1,4,1,4,2,5,3,5,5,1,5,Other,Kandy,Group A
22,88,0,0,1,10,78,2,1,0,2,0,0,2,2,0,1,1,Male,71,SIM-2749,synthetic_simulation,1,1,1,1,4,4,3,5,3,5,3,1,1,3,1,2,Christianity,Colombo,Group D
19,99,0,2,1,8,84,0,1,0,0,2,1,2,4,0,1,2,Female,73,SIM-2750,synthetic_simulation,3,3,2,1,4,5,3,3,2,5,2,2,5,4,3,2,Other,Kandy,Group B
31,91,0,2,1,8,84,1,1,2,1,2,1,0,2,0,1,2,Female,72,SIM-2751,synthetic_simulation,4,5,3,5,1,1,1,1,1,4,2,5,4,4,5,4,Buddhism,Colombo,Group C
29,98,2,0,0,5,86,1,1,2,2,2,0,0,4,0,1,0,Non-binary,73,SIM-2752,synthetic_simulation,2,1,1,5,3,3,1,5,4,5,4,5,3,4,1,2,Hinduism,Jaffna,Group B
17,69,1,0,1,7,95,2,1,1,1,0,0,2,2,0,1,1,Male,65,SIM-2753,synthetic_simulation,1,4,3,5,3,4,5,4,5,4,3,3,2,3,4,4,Islam,Negombo,Group B
19,91,1,0,1,7,91,2,1,1,0,0,1,1,3,0,1,2,Male,71,SIM-2754,synthetic_simulation,5,5,3,1,1,2,5,3,4,5,4,3,2,1,2,4,Other,Galle,Group A
20,61,0,2,1,8,80,2,1,1,1,0,1,2,3,0,1,2,Male,65,SIM-2755,synthetic_simulation,3,5,5,3,4,5,4,1,3,5,4,3,3,4,5,1,Christianity,Negombo,Group C
17,87,2,2,0,8,52,1,1,1,2,2,1,2,5,0,0,2,Female,67,SIM-2756,synthetic_simulation,1,3,3,1,4,5,4,5,4,2,1,3,2,1,5,2,Other,Kandy,Group C
21,79,2,0,1,8,87,2,1,1,1,0,1,1,2,0,2,1,Female,69,SIM-2757,synthetic_simulation,5,5,5,5,5,4,5,4,1,4,4,5,4,3,2,2,Buddhism,Jaffna,Group B
15,74,1,0,0,10,99,1,0,0,1,2,0,1,3,0,0,1,Female,63,SIM-2758,synthetic_simulation,5,2,2,3,5,3,5,4,4,1,3,5,4,1,2,2,Other,Kandy,Group B
13,94,1,0,1,6,65,0,1,2,2,2,1,1,2,0,2,1,Female,68,SIM-2759,synthetic_simulation,4,1,2,3,4,3,1,5,5,1,1,3,3,1,1,3,Buddhism,Jaffna,Group C
24,94,0,1,1,8,80,0,0,1,1,2,1,1,4,0,1,2,Female,70,SIM-2760,synthetic_simulation,4,2,2,2,2,2,1,2,3,2,2,5,4,4,2,5,Other,Negombo,Group C
24,61,2,2,1,8,88,1,1,1,1,2,0,2,4,0,1,1,Non-binary,64,SIM-2761,synthetic_simulation,4,3,5,4,3,2,1,2,3,1,1,3,1,3,3,5,Hinduism,Jaffna,Group B
15,84,2,2,0,10,82,2,1,1,0,1,0,0,2,1,1,2,Female,64,SIM-2762,synthetic_simulation,1,3,5,5,5,4,5,5,2,1,3,2,4,4,5,3,Christianity,Kandy,Group D
25,75,1,0,1,8,96,0,1,1,1,2,0,1,0,0,0,2,Female,68,SIM-2763,synthetic_simulation,1,1,2,4,2,1,4,5,3,5,5,3,2,5,5,2,Buddhism,Jaffna,Group C
16,77,2,0,1,8,74,2,1,0,0,1,0,1,2,0,0,1,Non-binary,65,SIM-2764,synthetic_simulation,3,5,5,2,5,3,2,5,5,3,1,3,3,2,4,4,Other,Colombo,Group D
22,93,0,2,0,8,77,2,1,0,0,2,1,1,1,0,1,2,Female,70,SIM-2765,synthetic_simulation,4,4,4,4,1,1,2,4,5,3,5,2,1,1,1,3,Islam,Colombo,Group A
25,72,2,2,1,8,52,1,1,0,2,2,0,2,2,0,2,2,Non-binary,66,SIM-2766,synthetic_simulation,5,3,4,5,3,1,4,3,3,1,1,1,4,3,4,4,Buddhism,Jaffna,Group C
20,98,0,1,1,9,95,1,1,1,1,2,1,2,2,0,1,1,Male,70,SIM-2767,synthetic_simulation,2,1,5,2,5,4,4,4,4,2,1,4,1,1,1,3,Hinduism,Jaffna,Group A
23,67,2,2,1,6,63,0,1,3,1,0,0,1,3,0,1,2,Non-binary,66,SIM-2768,synthetic_simulation,3,4,5,4,4,2,4,4,5,2,4,3,5,3,1,2,Hinduism,Jaffna,Group B
17,87,2,2,0,6,99,2,1,2,1,2,0,1,2,0,2,2,Male,69,SIM-2769,synthetic_simulation,1,5,1,1,1,1,1,2,3,4,5,2,5,4,1,2,Islam,Jaffna,Group D
19,87,0,0,0,10,60,0,1,2,2,1,0,2,3,0,1,1,Non-binary,69,SIM-2770,synthetic_simulation,3,3,1,3,1,4,3,5,3,2,5,2,1,2,3,3,Other,Jaffna,Group A
19,70,0,0,0,4,63,2,1,1,1,2,0,1,3,0,0,0,Male,64,SIM-2771,synthetic_simulation,3,1,3,2,4,2,5,4,4,2,1,5,5,2,2,2,Other,Colombo,Group D
16,73,2,2,1,7,74,1,1,1,1,0,1,2,3,0,1,1,Non-binary,64,SIM-2772,synthetic_simulation,3,1,3,1,1,1,1,4,3,5,3,3,5,2,2,1,Other,Galle,Group C
19,93,1,2,1,7,83,2,1,1,2,2,1,2,3,0,1,2,Male,69,SIM-2773,synthetic_simulation,3,1,3,5,3,1,2,5,1,5,3,2,5,2,3,3,Other,Negombo,Group A
11,90,2,2,1,7,72,0,1,3,2,2,1,0,3,0,1,2,Female,67,SIM-2774,synthetic_simulation,2,3,2,3,5,2,5,3,2,1,5,1,3,1,4,2,Other,Colombo,Group D
17,73,1,2,1,9,68,1,1,2,2,2,1,2,3,1,0,2,Non-binary,63,SIM-2775,synthetic_simulation,4,4,4,2,1,2,4,2,5,2,4,1,3,3,1,4,Islam,Jaffna,Group C
18,81,1,0,1,8,77,1,1,1,2,0,1,2,3,0,0,1,Female,67,SIM-2776,synthetic_simulation,5,1,2,3,3,5,2,1,4,3,4,4,5,5,3,5,Hinduism,Galle,Group D
18,62,2,0,0,6,98,1,1,3,2,2,0,1,1,0,0,2,Non-binary,65,SIM-2777,synthetic_simulation,3,5,5,2,4,5,4,4,4,2,3,5,2,3,4,5,Islam,Galle,Group A
19,68,2,2,1,6,98,1,1,2,1,2,1,2,1,0,1,1,Female,64,SIM-2778,synthetic_simulation,3,1,1,2,5,4,4,3,2,2,4,5,5,1,2,2,Christianity,Negombo,Group C
20,79,0,2,0,7,66,1,1,3,0,2,1,0,3,0,0,2,Male,68,SIM-2779,synthetic_simulation,3,4,5,4,4,4,4,1,1,1,1,5,5,4,5,4,Christianity,Kandy,Group B
23,63,1,2,1,9,84,0,1,0,0,2,1,1,3,0,1,2,Male,64,SIM-2780,synthetic_simulation,4,3,5,3,5,3,5,5,2,3,1,3,5,5,1,4,Buddhism,Kandy,Group B
25,94,0,2,0,7,86,1,0,2,1,2,0,0,4,0,0,1,Male,70,SIM-2781,synthetic_simulation,1,1,1,3,1,5,2,1,3,1,5,1,2,5,1,5,Other,Kandy,Group D
16,89,0,2,1,7,83,0,1,0,1,0,1,2,4,0,2,1,Female,70,SIM-2782,synthetic_simulation,1,1,5,1,1,2,2,5,4,2,2,3,2,5,1,1,Hinduism,Kandy,Group C
13,98,0,1,1,6,56,2,1,1,0,1,1,0,3,0,0,1,Non-binary,67,SIM-2783,synthetic_simulation,2,5,3,5,5,5,4,3,3,3,3,2,5,1,2,1,Buddhism,Colombo,Group D
14,88,0,0,1,8,77,2,1,2,2,2,1,2,3,0,0,0,Female,69,SIM-2784,synthetic_simulation,1,5,1,1,3,4,1,1,4,2,3,4,4,2,1,3,Christianity,Colombo,Group A
17,98,0,2,0,7,88,2,1,2,1,0,0,0,4,0,1,0,Non-binary,70,SIM-2785,synthetic_simulation,3,1,5,4,3,4,3,2,4,1,2,4,1,2,1,3,Buddhism,Jaffna,Group B
18,82,0,0,0,6,60,2,1,5,2,0,1,0,3,0,0,2,Male,69,SIM-2786,synthetic_simulation,3,1,3,2,3,4,1,3,3,1,4,3,3,2,2,4,Christianity,Galle,Group A
15,84,2,1,1,9,67,2,1,1,2,0,0,0,3,0,0,1,Non-binary,65,SIM-2787,synthetic_simulation,3,5,3,4,2,2,5,1,2,5,1,4,1,3,3,5,Christianity,Colombo,Group C
12,99,2,0,1,10,60,2,1,0,1,1,1,0,1,0,1,1,Male,66,SIM-2788,synthetic_simulation,2,4,4,4,3,1,3,4,5,3,1,3,3,2,4,2,Islam,Colombo,Group A
17,86,0,0,1,7,94,2,1,2,2,2,1,1,3,0,1,1,Male,70,SIM-2789,synthetic_simulation,3,2,3,1,1,4,1,1,5,5,3,5,1,5,5,3,Buddhism,Negombo,Group B
21,61,2,1,1,7,93,1,1,1,1,0,0,0,5,0,1,2,Female,63,SIM-2790,synthetic_simulation,1,2,2,2,2,5,2,1,2,3,3,2,2,2,4,1,Christianity,Colombo,Group C
24,89,1,2,0,5,58,2,1,3,0,2,1,2,3,0,1,2,Female,69,SIM-2791,synthetic_simulation,4,1,1,5,3,1,1,2,1,4,4,5,5,5,2,4,Hinduism,Kandy,Group D
17,96,0,0,1,8,88,2,1,4,1,1,0,2,4,0,2,2,Male,74,SIM-2792,synthetic_simulation,4,5,1,4,1,5,4,3,2,3,4,4,3,5,2,3,Christianity,Colombo,Group C
18,92,2,2,1,8,68,1,1,2,0,0,0,2,3,0,1,2,Male,70,SIM-2793,synthetic_simulation,5,3,1,5,2,4,5,4,2,2,3,2,5,3,4,4,Islam,Kandy,Group A
14,83,0,2,0,7,84,2,1,1,1,2,1,1,3,0,1,2,Non-binary,66,SIM-2794,synthetic_simulation,1,3,5,2,1,2,1,3,2,3,4,1,5,2,2,2,Buddhism,Colombo,Group C
20,87,1,0,1,6,75,2,1,0,1,2,1,2,3,1,2,2,Male,68,SIM-2795,synthetic_simulation,3,2,5,2,5,1,1,3,5,5,2,3,2,4,5,3,Christianity,Jaffna,Group A
15,100,2,1,0,10,74,2,1,2,2,2,1,0,5,0,1,0,Non-binary,67,SIM-2796,synthetic_simulation,4,4,2,1,1,1,3,4,4,1,1,2,3,2,1,5,Other,Jaffna,Group A
23,64,2,2,1,8,94,1,1,2,2,2,0,2,5,0,1,1,Female,66,SIM-2797,synthetic_simulation,1,2,3,3,2,4,4,4,1,1,3,3,4,4,3,2,Other,Negombo,Group A
9,87,0,2,0,6,82,2,1,0,1,2,1,0,3,0,0,2,Male,65,SIM-2798,synthetic_simulation,4,1,5,1,3,4,3,2,1,3,2,2,2,3,5,1,Christianity,Galle,Group A
18,71,1,2,1,8,62,2,1,3,0,0,1,2,2,0,0,2,Female,66,SIM-2799,synthetic_simulation,3,4,3,5,2,4,5,5,1,4,2,4,5,1,2,4,Buddhism,Negombo,Group B
22,86,0,2,1,7,56,2,1,1,0,2,0,2,4,0,1,1,Non-binary,69,SIM-2800,synthetic_simulation,4,3,3,1,3,3,5,2,3,1,5,5,3,3,3,2,Islam,Colombo,Group B
21,84,1,2,0,7,97,2,1,2,1,1,1,1,4,0,1,1,Non-binary,67,SIM-2801,synthetic_simulation,5,5,5,2,3,2,4,4,2,1,3,4,2,3,4,2,Hinduism,Colombo,Group A
36,66,1,0,1,8,58,0,1,1,2,2,1,2,3,0,0,0,Male,69,SIM-2802,synthetic_simulation,5,5,5,4,4,2,3,1,4,1,5,1,2,4,1,2,Buddhism,Colombo,Group A
22,68,2,2,0,4,87,0,1,2,2,2,1,1,3,0,2,0,Male,66,SIM-2803,synthetic_simulation,4,1,2,3,5,4,4,1,4,4,2,4,4,3,4,4,Islam,Colombo,Group B
14,85,2,2,0,4,75,0,1,2,0,2,1,0,1,1,1,0,Male,64,SIM-2804,synthetic_simulation,1,2,4,2,4,3,3,3,3,5,3,2,1,5,3,5,Christianity,Kandy,Group B
19,65,2,2,0,9,57,1,1,1,2,2,1,2,2,1,1,2,Non-binary,61,SIM-2805,synthetic_simulation,1,1,1,4,2,4,2,3,5,3,5,1,3,3,1,4,Hinduism,Galle,Group D
9,71,1,0,1,7,89,2,1,0,1,2,1,0,2,0,1,2,Female,61,SIM-2806,synthetic_simulation,1,5,5,5,4,4,4,5,3,4,1,2,3,3,4,4,Buddhism,Jaffna,Group B
20,93,2,2,1,6,95,1,1,1,2,0,1,0,4,0,0,1,Male,70,SIM-2807,synthetic_simulation,4,3,5,5,3,2,5,5,3,3,3,5,3,4,3,1,Christianity,Galle,Group B
15,73,2,0,0,5,56,2,1,1,2,2,1,2,2,0,2,2,Female,65,SIM-2808,synthetic_simulation,1,5,3,5,2,3,3,5,2,2,5,3,3,3,1,4,Hinduism,Kandy,Group A
25,80,0,1,0,7,53,2,1,1,2,2,0,1,3,0,0,1,Male,67,SIM-2809,synthetic_simulation,3,4,4,1,4,2,2,5,5,3,4,5,1,3,2,4,Christianity,Colombo,Group C
17,98,1,2,0,7,92,2,1,0,0,2,0,2,0,0,0,2,Female,69,SIM-2810,synthetic_simulation,5,5,5,5,1,4,5,1,3,1,3,5,2,2,1,5,Other,Kandy,Group B
19,69,2,1,1,9,75,2,1,2,2,1,1,0,5,0,1,1,Non-binary,63,SIM-2811,synthetic_simulation,3,5,4,5,5,5,3,4,4,4,4,5,2,5,3,4,Other,Jaffna,Group A
16,76,2,2,0,8,84,0,1,1,0,0,1,1,4,0,1,2,Male,66,SIM-2812,synthetic_simulation,1,4,1,1,1,1,2,5,2,4,3,2,1,5,5,4,Islam,Galle,Group C
30,84,0,2,1,7,72,2,1,3,2,2,1,2,2,0,1,2,Non-binary,73,SIM-2813,synthetic_simulation,3,2,3,4,2,4,5,2,5,5,5,3,2,5,3,4,Hinduism,Colombo,Group B
18,90,0,0,0,8,71,0,0,0,1,2,1,1,3,0,1,2,Non-binary,68,SIM-2814,synthetic_simulation,1,5,2,2,4,3,5,5,4,2,5,2,1,3,5,4,Other,Negombo,Group B
31,96,0,0,1,9,65,0,1,0,1,2,0,2,2,0,1,0,Female,74,SIM-2815,synthetic_simulation,4,1,1,3,3,5,2,1,1,5,3,1,1,5,4,1,Christianity,Jaffna,Group B
25,97,1,2,1,8,78,2,1,0,2,2,1,1,3,0,1,2,Female,70,SIM-2816,synthetic_simulation,3,5,4,5,4,3,5,3,2,5,2,2,2,2,2,1,Islam,Colombo,Group D
23,91,0,1,1,8,58,2,1,0,2,2,1,2,2,0,1,0,Non-binary,68,SIM-2817,synthetic_simulation,4,1,4,5,2,4,3,2,4,2,5,5,2,1,1,4,Other,Negombo,Group D
22,69,0,0,0,7,86,1,1,1,0,2,1,2,4,1,1,1,Male,67,SIM-2818,synthetic_simulation,4,4,1,5,2,4,3,5,3,1,3,4,1,1,3,4,Islam,Jaffna,Group A
22,61,0,2,0,6,77,1,1,1,2,2,1,2,4,0,2,1,Female,65,SIM-2819,synthetic_simulation,2,5,4,1,2,1,5,1,3,4,3,4,4,2,2,1,Hinduism,Colombo,Group A
8,75,2,2,0,5,92,2,1,5,0,0,1,2,4,0,1,1,Non-binary,66,SIM-2820,synthetic_simulation,1,4,2,1,2,3,1,3,2,3,1,2,5,1,5,1,Other,Negombo,Group C
18,66,0,2,1,5,96,2,1,0,1,2,1,1,5,0,1,1,Non-binary,64,SIM-2821,synthetic_simulation,5,4,2,1,4,5,2,5,5,2,4,5,3,1,5,4,Other,Colombo,Group C
25,88,2,2,1,8,95,1,1,1,0,0,1,1,4,0,1,2,Non-binary,72,SIM-2822,synthetic_simulation,1,2,4,3,1,1,1,1,3,5,1,5,1,4,3,4,Buddhism,Galle,Group D
20,86,2,2,1,8,80,0,1,2,2,2,1,1,2,0,0,2,Male,70,SIM-2823,synthetic_simulation,5,5,4,2,3,3,3,1,4,3,4,4,2,3,5,5,Buddhism,Galle,Group A
12,62,2,2,1,9,66,2,1,1,1,2,0,1,2,0,0,1,Female,60,SIM-2824,synthetic_simulation,1,1,2,5,3,4,5,4,1,2,4,3,1,4,2,1,Hinduism,Negombo,Group A
20,93,2,2,1,8,68,2,1,1,1,1,1,1,3,0,1,1,Female,68,SIM-2825,synthetic_simulation,4,1,4,4,5,1,4,1,5,2,1,3,2,4,2,1,Hinduism,Galle,Group B
30,70,2,0,1,9,83,2,1,1,0,2,0,1,2,0,2,2,Non-binary,71,SIM-2826,synthetic_simulation,3,5,5,5,2,4,4,5,2,1,2,5,1,2,2,1,Buddhism,Galle,Group D
27,77,2,2,1,7,86,1,1,1,0,2,1,1,3,0,1,1,Male,68,SIM-2827,synthetic_simulation,3,2,3,5,2,2,1,1,3,1,3,1,2,1,3,3,Other,Jaffna,Group B
20,87,0,2,1,8,58,1,1,2,1,2,1,0,2,1,2,2,Non-binary,67,SIM-2828,synthetic_simulation,2,2,5,5,2,2,1,2,5,4,5,1,4,2,5,2,Islam,Kandy,Group D
26,77,2,2,1,5,100,1,1,1,1,0,0,2,5,0,1,2,Female,70,SIM-2829,synthetic_simulation,5,2,4,5,1,1,1,1,1,4,3,1,5,5,5,1,Hinduism,Galle,Group B
18,78,2,0,0,7,55,0,1,0,0,2,1,0,3,0,1,2,Male,65,SIM-2830,synthetic_simulation,5,1,4,2,2,1,3,1,5,3,1,1,2,4,4,3,Buddhism,Negombo,Group D
10,63,2,2,0,4,80,2,1,0,1,2,1,2,3,0,0,2,Non-binary,60,SIM-2831,synthetic_simulation,5,4,3,4,5,3,3,2,5,4,2,1,4,1,1,2,Islam,Jaffna,Group B
14,76,0,1,0,7,77,1,0,2,0,2,1,2,4,0,0,2,Female,65,SIM-2832,synthetic_simulation,4,2,4,1,5,5,5,5,2,2,5,4,5,3,1,2,Buddhism,Negombo,Group B
29,91,2,2,0,9,80,1,1,0,1,0,1,0,4,0,1,2,Female,70,SIM-2833,synthetic_simulation,5,1,3,4,1,5,3,3,1,2,5,5,2,4,5,1,Christianity,Galle,Group B
18,97,1,1,1,7,77,2,1,4,1,1,0,1,4,0,2,2,Female,69,SIM-2834,synthetic_simulation,3,1,2,5,2,2,5,4,1,2,2,2,3,1,5,2,Other,Colombo,Group D
19,77,0,1,0,8,53,2,1,1,1,2,0,2,3,0,1,2,Male,64,SIM-2835,synthetic_simulation,4,4,3,4,4,2,5,3,5,2,5,4,1,5,2,3,Islam,Colombo,Group B
18,77,1,2,0,7,100,2,1,2,0,0,0,2,3,1,1,2,Male,67,SIM-2836,synthetic_simulation,1,5,3,5,4,2,1,5,3,1,5,4,1,2,3,1,Buddhism,Galle,Group D
31,88,1,2,1,6,99,1,1,2,0,1,1,0,3,0,2,2,Female,73,SIM-2837,synthetic_simulation,5,5,5,4,3,4,4,5,5,2,2,5,1,1,5,4,Islam,Colombo,Group B
30,98,2,0,0,7,76,0,1,1,1,2,1,1,3,0,0,2,Female,74,SIM-2838,synthetic_simulation,5,2,4,3,1,5,1,2,4,2,1,3,2,1,4,4,Christianity,Kandy,Group B
33,71,2,1,1,9,60,2,1,0,2,2,1,2,4,1,1,2,Male,67,SIM-2839,synthetic_simulation,1,2,2,4,4,1,3,3,3,2,1,4,3,4,4,4,Christianity,Negombo,Group B
19,78,1,0,1,8,59,2,1,2,0,2,1,2,1,0,1,2,Non-binary,66,SIM-2840,synthetic_simulation,5,4,1,1,3,2,2,1,2,5,5,4,3,1,5,3,Other,Kandy,Group B
22,92,2,2,0,6,53,2,1,4,0,2,1,1,4,1,1,2,Non-binary,69,SIM-2841,synthetic_simulation,1,2,3,1,5,3,3,2,1,3,1,2,3,5,1,3,Buddhism,Jaffna,Group A
11,84,0,2,0,5,81,1,1,1,1,2,0,0,3,0,1,1,Non-binary,64,SIM-2842,synthetic_simulation,4,4,1,4,3,1,4,2,3,3,1,1,5,3,3,2,Buddhism,Galle,Group B
29,64,2,0,1,7,74,2,1,0,0,2,1,2,2,0,2,2,Female,69,SIM-2843,synthetic_simulation,3,1,4,4,2,1,3,4,2,2,5,4,2,5,4,3,Buddhism,Negombo,Group C
13,85,1,0,1,6,71,2,1,1,1,2,1,2,3,0,1,2,Female,66,SIM-2844,synthetic_simulation,1,2,3,2,2,1,4,2,5,2,5,1,4,1,5,1,Hinduism,Galle,Group C
21,67,0,2,1,7,76,2,1,1,2,0,0,1,2,1,1,2,Male,65,SIM-2845,synthetic_simulation,2,1,1,4,5,5,2,3,2,3,1,5,5,3,5,5,Other,Galle,Group A
13,80,2,2,1,5,94,0,1,1,2,2,0,2,3,0,1,2,Female,67,SIM-2846,synthetic_simulation,1,3,5,1,1,2,2,5,4,4,4,4,2,5,2,4,Christianity,Kandy,Group A
16,81,2,0,0,9,54,2,1,3,2,0,1,0,3,0,2,1,Non-binary,67,SIM-2847,synthetic_simulation,5,4,1,3,2,3,5,4,2,5,2,2,3,3,4,2,Other,Colombo,Group A
15,95,2,2,0,7,77,0,1,0,1,2,0,1,3,0,1,2,Female,68,SIM-2848,synthetic_simulation,4,3,5,1,2,4,3,1,3,5,1,2,2,4,2,2,Hinduism,Colombo,Group D
16,78,2,1,0,7,85,2,1,4,2,2,1,1,2,1,1,2,Non-binary,65,SIM-2849,synthetic_simulation,4,2,2,2,3,3,5,3,1,4,1,5,3,1,3,4,Buddhism,Negombo,Group C
17,71,2,1,1,6,99,1,1,4,2,2,1,2,3,1,2,2,Male,66,SIM-2850,synthetic_simulation,1,1,4,4,3,3,1,1,3,2,4,1,4,3,3,4,Christianity,Negombo,Group A
17,69,0,2,1,7,87,1,1,2,1,2,1,1,3,0,0,2,Male,65,SIM-2851,synthetic_simulation,3,2,1,3,3,3,1,2,3,3,3,3,3,2,4,1,Buddhism,Negombo,Group A
25,95,2,2,1,7,77,0,0,0,1,0,1,1,3,0,2,2,Male,71,SIM-2852,synthetic_simulation,2,3,3,1,4,4,1,3,1,5,3,5,5,4,2,2,Hinduism,Jaffna,Group B
13,67,2,0,1,6,88,2,1,0,1,2,1,1,3,0,0,1,Male,63,SIM-2853,synthetic_simulation,4,2,4,3,5,3,1,4,4,4,2,3,2,1,1,4,Hinduism,Colombo,Group C
21,77,0,1,1,7,100,1,1,2,0,0,1,2,4,0,0,2,Male,70,SIM-2854,synthetic_simulation,5,5,1,5,1,3,1,4,3,4,5,2,1,4,2,3,Buddhism,Jaffna,Group C
27,67,0,0,1,9,94,0,1,0,0,1,1,2,2,0,0,2,Female,70,SIM-2855,synthetic_simulation,5,3,3,1,3,2,3,1,1,1,1,2,3,2,4,2,Buddhism,Negombo,Group A
17,91,1,2,1,4,54,0,1,3,1,2,1,1,4,0,0,1,Non-binary,67,SIM-2856,synthetic_simulation,3,2,3,5,1,2,5,5,1,4,4,4,3,1,4,3,Islam,Kandy,Group A
16,79,0,2,1,7,79,0,1,2,0,0,1,2,2,0,1,1,Non-binary,68,SIM-2857,synthetic_simulation,4,1,3,3,3,2,5,4,3,1,5,2,1,4,2,4,Christianity,Negombo,Group C
19,74,2,1,1,6,89,2,0,0,0,2,1,1,2,0,1,1,Non-binary,63,SIM-2858,synthetic_simulation,1,2,3,4,2,1,4,1,1,1,5,1,5,4,5,1,Christianity,Kandy,Group B
27,74,2,0,1,9,84,1,1,3,0,2,0,0,3,0,0,2,Female,70,SIM-2859,synthetic_simulation,5,1,1,4,1,3,1,5,5,5,3,2,4,3,5,2,Other,Colombo,Group B
21,94,2,2,0,7,71,1,0,1,1,0,0,1,2,0,2,2,Non-binary,69,SIM-2860,synthetic_simulation,3,5,2,4,4,5,2,3,3,2,1,4,4,3,1,2,Other,Galle,Group C
17,82,2,2,1,5,66,2,1,1,2,1,1,2,3,0,1,2,Non-binary,66,SIM-2861,synthetic_simulation,4,2,5,5,3,5,4,4,4,2,2,5,5,4,1,4,Hinduism,Galle,Group A
23,89,1,0,0,7,81,2,1,2,1,0,1,1,2,0,2,1,Female,70,SIM-2862,synthetic_simulation,4,5,5,4,5,5,4,4,5,4,4,4,2,3,1,3,Christianity,Negombo,Group A
13,96,2,0,0,8,71,1,1,1,2,1,1,2,3,0,1,2,Non-binary,68,SIM-2863,synthetic_simulation,4,3,5,2,2,4,3,1,4,3,1,5,4,1,4,5,Hinduism,Colombo,Group C
24,96,2,2,0,10,70,2,1,0,0,2,1,0,4,0,1,2,Female,70,SIM-2864,synthetic_simulation,4,1,2,1,3,2,4,4,3,3,5,4,5,3,4,4,Buddhism,Kandy,Group C
22,73,1,0,1,4,92,2,1,0,1,2,1,2,4,0,2,1,Non-binary,67,SIM-2865,synthetic_simulation,4,3,3,1,1,2,2,1,2,1,5,2,3,1,5,3,Christianity,Galle,Group A
18,98,2,0,1,5,66,2,1,0,2,2,0,0,0,0,2,2,Male,69,SIM-2866,synthetic_simulation,5,1,3,3,3,2,5,4,1,4,2,3,1,1,2,3,Hinduism,Galle,Group C
15,61,0,1,1,9,82,2,1,2,2,0,1,2,2,0,2,2,Male,64,SIM-2867,synthetic_simulation,3,5,4,5,2,4,4,1,5,4,3,1,2,1,3,5,Islam,Colombo,Group C
15,75,0,2,0,5,94,1,0,1,1,2,1,0,3,1,1,1,Female,62,SIM-2868,synthetic_simulation,4,4,5,1,5,3,3,4,3,2,2,3,2,1,2,2,Islam,Kandy,Group C
23,96,2,2,0,7,81,2,1,1,1,2,0,2,2,0,2,1,Female,71,SIM-2869,synthetic_simulation,2,2,5,5,5,1,1,3,1,3,2,1,3,4,5,1,Christianity,Galle,Group C
27,71,0,2,1,6,75,2,1,2,2,0,0,1,4,0,1,2,Female,69,SIM-2870,synthetic_simulation,2,5,3,3,5,2,2,3,2,5,1,2,4,5,5,5,Christianity,Colombo,Group A
16,71,2,0,1,6,52,1,1,0,0,0,1,1,1,0,1,0,Female,62,SIM-2871,synthetic_simulation,3,1,5,4,2,3,1,1,4,4,3,4,2,5,5,4,Other,Colombo,Group A
23,72,1,2,1,7,84,0,1,0,2,2,1,2,4,0,1,2,Male,66,SIM-2872,synthetic_simulation,1,1,3,3,3,5,4,3,3,4,5,4,1,1,5,3,Christianity,Jaffna,Group D
7,84,2,0,1,7,100,1,1,3,1,2,0,0,4,1,1,1,Male,64,SIM-2873,synthetic_simulation,1,1,3,2,2,1,5,1,3,2,3,5,3,5,4,5,Other,Colombo,Group A
16,78,1,0,0,9,90,2,1,3,1,2,1,0,3,0,2,1,Male,66,SIM-2874,synthetic_simulation,1,1,3,4,2,5,3,1,2,5,1,3,2,1,1,3,Islam,Galle,Group D
20,89,0,2,1,9,82,2,1,2,0,0,1,1,3,0,0,2,Female,72,SIM-2875,synthetic_simulation,2,2,1,4,3,3,2,2,4,5,1,1,3,5,1,2,Islam,Kandy,Group B
15,96,0,0,1,8,73,2,1,3,2,2,0,0,3,0,0,2,Male,71,SIM-2876,synthetic_simulation,1,3,1,4,4,3,5,3,3,5,2,4,4,2,2,3,Islam,Colombo,Group A
14,87,2,0,1,7,61,2,1,0,1,2,1,1,3,0,1,0,Male,65,SIM-2877,synthetic_simulation,5,4,1,3,5,5,2,2,1,5,1,2,5,3,2,1,Buddhism,Galle,Group C
16,68,2,2,1,7,85,2,1,1,2,2,1,2,2,0,0,2,Female,65,SIM-2878,synthetic_simulation,4,2,1,2,1,1,3,2,2,3,3,4,3,5,5,4,Christianity,Jaffna,Group B
22,97,2,0,1,8,59,2,1,1,1,2,1,0,3,0,1,2,Female,70,SIM-2879,synthetic_simulation,2,1,2,5,1,5,3,4,3,1,2,5,4,1,5,2,Islam,Kandy,Group B
19,71,2,0,1,9,94,0,1,1,0,2,0,2,4,0,1,2,Non-binary,68,SIM-2880,synthetic_simulation,3,2,4,3,3,5,4,1,4,5,2,4,2,3,3,3,Other,Negombo,Group B
7,66,0,1,1,8,68,0,1,0,1,2,1,0,2,1,0,1,Male,57,SIM-2881,synthetic_simulation,3,5,4,1,1,5,2,5,5,1,2,2,2,3,1,1,Other,Negombo,Group D
7,64,2,0,0,9,70,0,1,4,1,1,1,1,4,1,1,0,Female,59,SIM-2882,synthetic_simulation,4,1,3,1,4,1,4,2,3,1,3,4,4,4,5,1,Hinduism,Colombo,Group C
16,83,1,1,1,6,61,2,1,0,2,0,1,1,4,0,0,2,Male,64,SIM-2883,synthetic_simulation,2,4,5,3,2,4,2,4,4,2,2,1,2,4,2,4,Hinduism,Negombo,Group C
23,65,0,2,1,9,74,2,1,2,2,0,0,1,3,0,0,1,Male,67,SIM-2884,synthetic_simulation,1,1,1,5,5,1,2,3,2,5,4,1,2,5,2,2,Buddhism,Kandy,Group B
4,66,1,0,0,8,84,1,1,2,1,0,1,1,3,0,2,2,Male,60,SIM-2885,synthetic_simulation,1,4,4,1,1,5,1,5,4,3,4,4,2,4,2,4,Other,Kandy,Group B
17,72,0,0,1,6,65,1,1,3,1,0,1,2,2,0,2,0,Male,67,SIM-2886,synthetic_simulation,5,4,4,5,1,2,4,1,4,2,3,2,4,1,3,4,Hinduism,Galle,Group B
17,71,2,0,1,7,85,1,1,2,1,1,0,0,2,0,0,2,Female,65,SIM-2887,synthetic_simulation,5,3,1,4,3,2,2,4,2,2,5,2,4,4,5,1,Christianity,Negombo,Group B
28,84,2,2,1,7,81,2,1,1,2,0,1,0,3,0,0,2,Non-binary,71,SIM-2888,synthetic_simulation,1,3,2,3,3,3,2,5,5,1,5,4,3,2,5,5,Christianity,Negombo,Group C
18,93,1,2,1,7,69,2,1,0,1,2,1,1,2,0,0,2,Male,67,SIM-2889,synthetic_simulation,3,2,2,4,2,4,3,1,1,4,2,2,1,5,5,3,Christianity,Galle,Group D
22,90,2,2,1,7,66,1,1,0,1,2,1,2,1,0,2,2,Non-binary,69,SIM-2890,synthetic_simulation,3,2,4,1,5,3,1,1,5,3,3,1,5,3,3,2,Christianity,Negombo,Group A
21,70,0,2,1,5,93,0,1,1,1,2,1,1,3,0,0,2,Male,68,SIM-2891,synthetic_simulation,5,4,2,5,1,3,3,5,1,5,2,1,2,3,5,5,Hinduism,Negombo,Group B
7,70,2,2,1,6,51,2,1,0,0,2,0,1,1,0,1,1,Non-binary,59,SIM-2892,synthetic_simulation,4,1,1,4,2,2,4,4,1,5,2,1,1,2,1,4,Buddhism,Kandy,Group B
25,99,0,0,0,7,86,1,0,3,2,2,1,2,3,0,0,2,Female,75,SIM-2893,synthetic_simulation,1,5,4,1,5,1,4,5,1,3,4,5,1,1,5,2,Hinduism,Negombo,Group B
21,60,2,2,1,6,71,1,1,0,2,1,1,0,4,1,1,0,Male,59,SIM-2894,synthetic_simulation,5,5,1,2,2,3,2,2,3,5,1,3,4,3,5,4,Christianity,Negombo,Group B
23,95,0,2,0,6,86,1,1,0,2,0,1,1,3,0,1,1,Male,71,SIM-2895,synthetic_simulation,5,1,2,4,1,3,5,1,5,4,3,1,4,2,2,2,Islam,Negombo,Group D
44,68,0,1,0,9,75,1,1,3,2,0,0,0,2,0,1,1,Non-binary,71,SIM-2896,synthetic_simulation,1,1,1,2,3,4,3,3,4,4,1,4,1,4,5,2,Christianity,Jaffna,Group D
7,98,2,2,0,7,54,0,1,0,2,0,0,1,2,0,1,2,Female,66,SIM-2897,synthetic_simulation,1,3,2,2,3,2,4,5,3,5,4,5,4,5,4,3,Buddhism,Negombo,Group C
30,74,2,1,0,10,99,2,1,1,0,2,0,2,2,0,1,1,Male,69,SIM-2898,synthetic_simulation,3,5,2,1,3,1,2,5,2,2,1,4,3,2,3,1,Other,Jaffna,Group A
18,78,0,2,1,7,54,1,0,4,1,0,1,1,4,1,0,1,Non-binary,65,SIM-2899,synthetic_simulation,4,4,1,3,4,4,2,1,2,5,4,2,3,2,2,3,Other,Jaffna,Group B
22,88,2,2,1,9,58,1,1,3,1,2,0,0,2,0,0,1,Female,68,SIM-2900,synthetic_simulation,4,2,2,5,2,1,3,1,1,5,5,3,5,4,3,3,Christianity,Negombo,Group D
20,84,0,1,0,7,71,2,1,5,1,0,0,2,2,0,1,0,Female,68,SIM-2901,synthetic_simulation,1,3,3,1,1,1,2,5,3,3,4,5,5,1,4,5,Buddhism,Galle,Group A
17,73,2,2,1,6,97,0,1,1,2,0,1,2,3,0,1,2,Non-binary,67,SIM-2902,synthetic_simulation,2,5,1,4,2,3,1,3,3,4,3,2,5,4,2,3,Hinduism,Negombo,Group B
17,82,0,2,1,7,65,2,1,1,2,2,1,2,5,0,1,2,Female,68,SIM-2903,synthetic_simulation,5,1,3,5,3,4,5,1,2,2,5,2,2,4,2,2,Buddhism,Jaffna,Group A
22,89,1,2,1,9,78,2,1,0,2,2,1,2,3,0,1,1,Male,68,SIM-2904,synthetic_simulation,5,5,1,3,2,3,3,1,4,3,2,1,3,3,4,4,Christianity,Negombo,Group A
11,62,0,2,1,7,76,0,1,3,0,2,0,1,3,1,1,1,Female,88,SIM-2905,synthetic_simulation,1,4,2,1,5,5,3,2,5,3,3,4,2,2,4,5,Hinduism,Galle,Group A
25,60,2,0,1,8,67,2,1,1,2,0,1,1,2,0,0,2,Female,66,SIM-2906,synthetic_simulation,2,3,2,3,2,1,3,4,5,2,3,2,3,2,1,2,Other,Galle,Group C
18,78,0,1,1,7,85,0,1,3,1,1,1,0,2,0,0,2,Male,67,SIM-2907,synthetic_simulation,3,1,4,4,4,4,2,2,1,2,3,2,1,4,2,4,Christianity,Colombo,Group B
13,65,2,0,0,7,75,1,1,2,2,0,0,1,4,0,1,1,Male,63,SIM-2908,synthetic_simulation,1,4,4,1,4,2,2,3,1,3,1,2,2,4,3,4,Other,Kandy,Group D
17,87,2,0,1,7,79,2,1,3,1,2,1,1,4,1,1,2,Female,68,SIM-2909,synthetic_simulation,1,2,3,4,3,3,3,4,1,5,1,3,5,2,5,5,Christianity,Negombo,Group A
28,69,0,1,0,6,61,1,1,2,2,0,1,2,1,1,1,2,Non-binary,65,SIM-2910,synthetic_simulation,5,3,2,5,1,5,3,5,2,2,2,5,3,2,4,3,Hinduism,Colombo,Group B
17,77,0,2,1,7,96,2,1,1,1,1,0,2,3,0,0,2,Male,67,SIM-2911,synthetic_simulation,1,4,4,5,5,5,1,3,2,1,1,1,5,2,1,5,Buddhism,Colombo,Group B
22,68,0,0,1,8,56,2,0,3,2,2,0,2,1,0,2,2,Male,67,SIM-2912,synthetic_simulation,1,4,2,3,1,5,4,3,5,2,3,5,4,1,4,5,Other,Colombo,Group D
16,82,2,2,1,7,85,2,1,1,0,2,1,1,4,0,1,2,Non-binary,67,SIM-2913,synthetic_simulation,1,1,1,3,1,3,1,2,1,3,4,2,3,4,3,5,Hinduism,Galle,Group D
25,65,2,1,0,7,94,1,1,1,1,0,1,2,3,0,1,0,Male,64,SIM-2914,synthetic_simulation,5,2,4,5,5,2,3,4,3,1,2,3,3,4,5,4,Other,Negombo,Group C
24,61,2,2,0,8,54,2,1,1,1,2,1,1,2,1,1,1,Non-binary,61,SIM-2915,synthetic_simulation,3,4,3,2,4,4,2,3,4,3,2,2,5,3,5,3,Islam,Negombo,Group C
31,62,2,2,1,7,51,2,1,2,2,2,1,1,1,0,0,0,Male,65,SIM-2916,synthetic_simulation,3,3,4,5,3,1,2,4,2,4,3,4,5,3,4,1,Hinduism,Negombo,Group C
19,98,1,0,1,7,67,0,1,1,2,2,0,0,4,0,1,1,Female,70,SIM-2917,synthetic_simulation,1,4,2,1,2,2,3,5,1,4,5,5,5,5,5,4,Hinduism,Jaffna,Group A
24,66,2,0,0,8,89,2,1,0,2,0,1,2,2,0,0,2,Female,67,SIM-2918,synthetic_simulation,5,5,5,4,4,3,4,4,1,5,1,1,3,2,5,5,Buddhism,Kandy,Group D
21,88,0,1,0,7,86,2,1,1,1,2,0,2,2,0,1,1,Non-binary,68,SIM-2919,synthetic_simulation,3,3,5,5,3,4,5,2,2,2,5,3,1,2,3,4,Buddhism,Jaffna,Group C
28,63,2,2,1,7,91,2,1,1,1,2,0,2,1,0,1,0,Female,65,SIM-2920,synthetic_simulation,3,3,2,5,4,1,5,2,5,3,3,5,4,5,4,2,Christianity,Galle,Group A
16,64,0,2,1,8,70,1,1,3,0,0,0,0,3,0,1,0,Non-binary,63,SIM-2921,synthetic_simulation,3,4,1,4,5,4,1,3,5,1,5,2,5,4,1,3,Buddhism,Colombo,Group B
24,80,2,0,0,7,100,2,1,1,0,0,1,1,3,0,2,1,Female,72,SIM-2922,synthetic_simulation,5,1,4,4,1,1,4,4,5,2,3,1,1,2,1,1,Christianity,Colombo,Group B
19,79,0,2,1,7,68,2,1,2,0,0,1,0,1,0,0,2,Non-binary,68,SIM-2923,synthetic_simulation,5,3,5,1,5,1,5,2,5,5,1,3,5,3,2,3,Buddhism,Jaffna,Group D
20,98,2,0,1,7,90,2,1,2,2,2,1,2,4,0,1,2,Non-binary,73,SIM-2924,synthetic_simulation,1,5,1,4,2,5,4,1,3,3,1,2,3,1,3,2,Buddhism,Galle,Group C
21,98,0,2,1,7,68,0,1,0,2,2,1,2,3,1,0,2,Female,71,SIM-2925,synthetic_simulation,4,1,2,3,5,3,2,2,1,3,2,2,1,4,4,1,Christianity,Kandy,Group B
22,91,2,0,0,5,61,2,1,3,1,0,1,1,2,0,2,0,Male,70,SIM-2926,synthetic_simulation,3,1,1,5,1,2,2,5,5,4,5,5,3,1,5,4,Islam,Kandy,Group A
19,84,0,2,1,7,67,1,1,0,2,1,1,2,3,0,2,2,Male,68,SIM-2927,synthetic_simulation,4,1,2,4,4,5,4,1,5,5,5,2,2,1,3,1,Hinduism,Colombo,Group D
21,78,2,0,0,10,60,2,1,3,0,2,1,0,5,0,1,1,Non-binary,68,SIM-2928,synthetic_simulation,5,3,4,1,3,5,3,4,4,3,5,2,5,5,4,5,Christianity,Colombo,Group A
29,74,2,2,0,6,56,1,1,2,1,0,1,1,3,0,2,2,Non-binary,68,SIM-2929,synthetic_simulation,5,1,1,4,2,4,5,3,4,4,5,3,4,1,4,2,Islam,Negombo,Group C
26,98,1,0,1,6,68,2,1,1,1,2,0,1,1,0,2,1,Female,71,SIM-2930,synthetic_simulation,5,4,4,5,4,1,5,1,1,4,4,2,1,2,3,5,Buddhism,Jaffna,Group C
25,84,2,2,1,10,57,1,1,4,2,2,1,2,2,0,0,2,Female,70,SIM-2931,synthetic_simulation,4,1,1,2,3,1,2,2,2,1,2,4,2,5,3,2,Christianity,Colombo,Group D
17,83,0,2,0,6,75,2,1,2,2,2,1,2,3,1,1,2,Female,67,SIM-2932,synthetic_simulation,5,5,2,4,1,4,1,3,5,5,2,4,5,3,3,4,Islam,Galle,Group D
15,69,1,2,1,9,52,2,1,0,0,2,1,1,3,0,0,2,Non-binary,61,SIM-2933,synthetic_simulation,1,2,2,3,5,3,5,3,3,5,4,1,2,1,2,4,Islam,Kandy,Group C
26,62,0,1,1,7,72,1,1,1,2,2,1,1,3,0,0,1,Female,64,SIM-2934,synthetic_simulation,5,5,1,5,4,1,2,3,4,3,5,4,1,2,5,5,Hinduism,Kandy,Group C
25,98,1,2,0,7,98,2,1,1,2,2,1,0,4,0,2,2,Female,72,SIM-2935,synthetic_simulation,2,3,2,1,3,5,2,3,5,1,4,4,4,2,3,2,Buddhism,Galle,Group D
29,73,0,2,0,7,68,1,1,1,1,0,0,2,4,1,1,1,Female,67,SIM-2936,synthetic_simulation,4,1,3,5,3,5,4,4,2,2,5,5,1,3,2,2,Other,Kandy,Group C
16,78,0,1,1,8,57,0,1,1,2,2,1,0,3,0,0,2,Non-binary,65,SIM-2937,synthetic_simulation,2,1,3,2,5,1,4,4,3,3,4,4,4,5,1,4,Islam,Jaffna,Group B
19,65,2,1,1,5,65,0,1,1,0,2,1,2,6,0,0,1,Non-binary,64,SIM-2938,synthetic_simulation,5,4,4,1,4,1,4,4,4,4,2,2,3,5,2,3,Christianity,Galle,Group C
10,93,1,2,1,7,90,2,1,0,1,2,0,2,2,0,1,2,Female,66,SIM-2939,synthetic_simulation,1,1,3,2,4,3,1,2,2,2,4,5,5,5,5,5,Buddhism,Negombo,Group B
18,61,2,2,0,6,66,2,1,1,2,0,1,2,2,0,1,1,Non-binary,62,SIM-2940,synthetic_simulation,3,5,3,2,1,1,5,4,2,2,3,4,2,3,1,5,Other,Kandy,Group C
26,93,1,2,0,4,69,2,1,2,1,2,1,1,3,0,1,2,Male,70,SIM-2941,synthetic_simulation,5,3,5,3,4,3,1,3,3,3,5,2,3,3,3,2,Other,Jaffna,Group D
17,66,2,2,1,9,89,2,0,1,2,0,1,2,4,0,1,1,Non-binary,64,SIM-2942,synthetic_simulation,1,2,5,4,5,5,1,1,3,1,4,1,5,3,3,1,Other,Colombo,Group B
24,95,2,1,0,4,63,1,1,3,1,2,1,2,3,0,1,2,Female,70,SIM-2943,synthetic_simulation,4,1,5,3,4,3,4,1,4,5,5,5,2,5,3,4,Islam,Galle,Group C
19,89,2,1,0,10,74,2,1,1,1,2,1,2,2,0,1,1,Female,66,SIM-2944,synthetic_simulation,2,2,5,3,1,1,2,1,3,1,1,2,3,1,3,4,Hinduism,Colombo,Group B
22,67,1,0,1,8,53,2,1,0,2,0,1,0,3,0,1,0,Non-binary,62,SIM-2945,synthetic_simulation,2,1,2,3,3,2,3,1,5,3,5,5,5,3,1,3,Other,Negombo,Group D
13,83,1,1,0,5,59,0,1,4,1,2,0,1,2,0,1,2,Female,63,SIM-2946,synthetic_simulation,2,3,4,1,4,1,2,1,3,5,4,1,5,3,2,1,Other,Colombo,Group C
21,73,1,2,1,9,60,0,1,2,2,2,1,2,3,0,0,2,Male,66,SIM-2947,synthetic_simulation,4,5,4,4,5,2,2,5,2,2,5,1,3,5,2,1,Christianity,Kandy,Group C
2,67,2,2,0,6,73,1,1,1,1,2,0,2,2,0,0,1,Female,58,SIM-2948,synthetic_simulation,1,3,3,4,4,5,2,1,3,4,3,5,1,3,4,1,Other,Kandy,Group D
19,94,2,0,1,6,91,2,1,1,1,2,1,0,3,0,1,1,Non-binary,70,SIM-2949,synthetic_simulation,4,2,4,1,2,4,2,1,4,1,3,2,4,1,2,3,Buddhism,Kandy,Group A
10,76,2,1,0,4,68,2,1,1,0,1,0,1,6,0,0,2,Non-binary,63,SIM-2950,synthetic_simulation,2,1,3,3,1,5,1,1,5,5,4,3,4,5,2,4,Hinduism,Kandy,Group A
27,76,2,0,1,6,69,0,1,0,2,0,1,1,1,0,1,2,Non-binary,70,SIM-2951,synthetic_simulation,5,2,4,3,3,5,4,2,3,1,4,5,1,3,2,1,Hinduism,Galle,Group B
25,67,0,2,1,6,65,2,1,1,1,2,1,0,3,0,1,2,Non-binary,65,SIM-2952,synthetic_simulation,3,5,1,2,2,5,4,5,5,5,5,3,5,3,2,4,Other,Jaffna,Group D
23,75,2,1,1,8,66,2,1,5,2,1,1,1,3,0,1,2,Female,67,SIM-2953,synthetic_simulation,4,3,1,2,5,3,2,1,3,4,2,2,2,4,2,4,Islam,Kandy,Group B
29,95,0,2,0,9,70,2,0,1,1,2,0,2,2,0,2,2,Non-binary,73,SIM-2954,synthetic_simulation,4,2,4,5,4,5,3,4,5,3,3,4,1,4,1,3,Islam,Negombo,Group C
14,75,2,2,1,5,95,2,1,0,2,2,1,2,3,0,0,1,Non-binary,82,SIM-2955,synthetic_simulation,1,2,2,2,1,4,5,2,3,3,3,5,5,2,5,4,Other,Negombo,Group C
30,98,1,2,0,7,51,0,1,0,1,2,1,2,2,0,1,2,Male,71,SIM-2956,synthetic_simulation,1,5,3,4,4,1,2,5,3,5,1,1,3,2,5,2,Other,Kandy,Group C
26,98,2,2,1,4,81,1,1,1,1,2,1,2,4,0,2,2,Female,73,SIM-2957,synthetic_simulation,4,1,4,1,4,2,2,4,1,5,1,4,3,3,4,4,Islam,Jaffna,Group C
19,66,2,0,0,7,94,1,1,1,0,2,1,2,4,0,1,1,Male,65,SIM-2958,synthetic_simulation,2,2,3,3,4,5,3,4,2,3,2,2,5,4,2,2,Other,Negombo,Group A
27,67,0,2,1,10,71,2,1,1,1,0,1,1,3,0,1,2,Female,67,SIM-2959,synthetic_simulation,3,5,5,5,4,2,1,2,4,2,3,1,3,2,3,1,Christianity,Galle,Group C
13,95,2,2,1,4,83,1,0,1,1,0,1,1,4,0,0,1,Non-binary,67,SIM-2960,synthetic_simulation,1,1,4,2,1,5,2,4,4,2,4,5,4,5,5,2,Christianity,Jaffna,Group A
15,76,0,0,1,5,79,2,1,4,2,2,1,1,4,0,2,1,Female,69,SIM-2961,synthetic_simulation,2,1,2,5,2,3,3,3,1,2,3,2,1,4,3,1,Other,Jaffna,Group D
16,60,2,0,1,8,67,1,1,0,1,2,1,1,3,0,1,2,Non-binary,61,SIM-2962,synthetic_simulation,5,3,5,1,5,2,1,2,3,4,4,5,4,1,4,2,Islam,Jaffna,Group D
17,71,2,1,0,8,57,2,1,3,2,0,0,2,4,0,1,2,Non-binary,64,SIM-2963,synthetic_simulation,1,5,4,1,2,5,1,2,2,5,4,4,5,1,3,2,Christianity,Negombo,Group D
14,84,1,0,0,6,61,1,1,1,0,2,1,2,2,0,0,0,Male,64,SIM-2964,synthetic_simulation,2,1,1,5,1,5,2,3,5,1,2,5,1,1,2,1,Islam,Galle,Group B
27,92,1,2,1,9,53,1,1,2,1,2,1,0,2,0,0,0,Female,68,SIM-2965,synthetic_simulation,2,3,4,5,5,4,1,2,1,1,3,1,3,1,2,3,Other,Kandy,Group B
18,65,2,1,0,6,88,2,1,1,2,2,0,2,1,1,0,2,Female,62,SIM-2966,synthetic_simulation,3,4,1,5,3,4,2,4,4,5,5,5,1,4,1,4,Other,Negombo,Group A
22,64,2,2,1,10,77,0,1,5,2,2,1,1,3,1,1,2,Non-binary,66,SIM-2967,synthetic_simulation,3,5,1,3,2,4,2,4,4,3,3,4,1,5,2,2,Other,Jaffna,Group B
17,97,0,1,1,8,89,2,1,1,1,2,1,1,4,0,0,2,Male,70,SIM-2968,synthetic_simulation,5,4,4,4,1,3,4,4,4,5,3,4,3,1,5,5,Christianity,Jaffna,Group C
9,90,0,2,1,9,65,1,1,3,2,2,1,2,3,0,1,2,Male,67,SIM-2969,synthetic_simulation,2,1,4,2,1,2,5,3,3,2,1,1,2,5,2,3,Hinduism,Jaffna,Group B
22,84,2,2,1,8,90,2,1,2,2,2,1,2,2,0,0,2,Non-binary,70,SIM-2970,synthetic_simulation,2,5,1,2,1,3,5,4,5,2,2,3,3,2,2,4,Hinduism,Jaffna,Group B
9,91,2,2,0,8,65,0,1,0,2,2,1,2,4,0,1,1,Male,65,SIM-2971,synthetic_simulation,3,3,3,2,5,1,4,3,5,1,5,3,4,2,3,3,Hinduism,Negombo,Group A
20,77,1,2,0,8,56,2,1,1,2,0,1,2,4,0,0,1,Male,65,SIM-2972,synthetic_simulation,1,1,5,5,4,5,2,3,5,5,5,5,2,3,4,3,Christianity,Colombo,Group D
12,90,2,0,1,9,77,2,1,3,2,2,1,2,3,0,2,2,Male,70,SIM-2973,synthetic_simulation,1,5,2,5,3,5,3,3,3,1,5,4,4,4,2,1,Islam,Colombo,Group B
32,75,0,2,1,7,97,0,1,1,2,2,0,1,3,0,0,1,Non-binary,72,SIM-2974,synthetic_simulation,4,5,4,5,5,5,1,2,4,3,4,2,5,1,5,5,Hinduism,Negombo,Group C
25,70,2,2,0,6,71,1,1,0,1,2,1,1,2,0,0,2,Male,65,SIM-2975,synthetic_simulation,3,4,5,3,5,4,4,5,4,4,2,2,4,5,4,4,Hinduism,Colombo,Group C
21,89,0,0,1,7,76,2,1,1,2,2,1,2,2,0,1,2,Non-binary,71,SIM-2976,synthetic_simulation,4,1,5,3,2,5,4,3,3,4,1,4,1,5,2,3,Buddhism,Negombo,Group A
28,77,0,0,1,6,73,1,1,3,2,0,0,0,3,0,0,2,Non-binary,71,SIM-2977,synthetic_simulation,3,3,3,3,3,4,4,4,2,3,4,2,5,4,4,1,Other,Negombo,Group A
15,99,2,0,1,6,73,0,1,1,0,0,1,0,5,0,2,2,Non-binary,72,SIM-2978,synthetic_simulation,5,3,5,3,1,1,4,3,3,2,5,1,2,2,5,4,Hinduism,Negombo,Group D
23,74,1,1,0,9,61,1,1,0,2,1,1,2,4,0,2,2,Female,64,SIM-2979,synthetic_simulation,2,1,4,1,5,3,5,1,3,2,4,5,4,4,3,1,Hinduism,Jaffna,Group C
21,97,2,2,0,8,71,0,1,2,0,0,1,1,1,0,0,1,Non-binary,72,SIM-2980,synthetic_simulation,5,1,5,3,3,3,2,2,4,2,4,4,5,5,3,4,Islam,Kandy,Group B
22,97,1,2,0,8,75,2,1,1,2,2,0,2,4,0,2,2,Female,71,SIM-2981,synthetic_simulation,3,2,4,3,2,3,4,4,5,1,5,5,4,4,1,3,Other,Colombo,Group B
28,70,2,2,1,9,87,1,1,0,1,2,1,1,3,0,1,1,Female,66,SIM-2982,synthetic_simulation,2,4,4,3,4,4,4,2,4,1,5,1,1,2,5,2,Christianity,Negombo,Group A
24,92,0,1,0,8,57,2,1,3,2,2,0,2,3,0,0,2,Female,71,SIM-2983,synthetic_simulation,1,1,1,2,3,2,4,2,2,4,1,2,1,2,2,5,Christianity,Galle,Group C
22,77,2,2,1,10,79,0,1,2,2,1,1,1,2,0,1,2,Non-binary,67,SIM-2984,synthetic_simulation,1,1,3,2,1,2,3,1,1,2,2,4,2,1,2,2,Buddhism,Jaffna,Group C
10,97,0,0,0,4,83,1,1,1,1,0,1,1,2,0,2,2,Male,69,SIM-2985,synthetic_simulation,4,2,2,2,5,1,3,3,1,2,3,1,3,1,1,2,Islam,Galle,Group C
14,78,0,2,1,6,69,0,1,0,2,2,1,2,5,0,0,1,Female,67,SIM-2986,synthetic_simulation,3,2,1,4,4,2,1,4,3,3,3,1,3,1,5,3,Islam,Colombo,Group C
19,90,0,2,1,6,77,2,1,0,0,2,1,1,4,0,2,2,Female,71,SIM-2987,synthetic_simulation,3,5,2,1,2,1,2,5,1,4,3,5,1,2,4,1,Other,Colombo,Group B
21,79,2,1,0,5,86,1,1,1,0,2,0,2,2,0,1,1,Male,66,SIM-2988,synthetic_simulation,1,3,4,5,1,5,4,2,5,1,1,4,5,5,4,5,Islam,Galle,Group B
13,69,0,0,0,7,73,1,1,1,2,1,0,2,2,0,1,0,Female,62,SIM-2989,synthetic_simulation,5,4,1,3,4,3,1,5,4,4,4,5,2,1,3,2,Buddhism,Negombo,Group D
34,68,2,2,0,7,67,0,1,0,2,2,0,1,2,0,1,1,Female,67,SIM-2990,synthetic_simulation,2,5,5,2,2,4,1,5,2,2,5,5,4,4,4,1,Other,Galle,Group D
29,77,2,1,1,10,91,0,1,2,1,2,1,0,4,0,2,2,Female,70,SIM-2991,synthetic_simulation,5,1,5,1,1,1,2,3,2,2,2,1,4,5,4,5,Islam,Negombo,Group A
24,90,0,0,0,8,99,0,1,0,1,2,1,1,3,0,0,1,Non-binary,72,SIM-2992,synthetic_simulation,5,2,2,3,5,4,3,5,2,1,3,5,5,3,5,3,Islam,Jaffna,Group A
20,84,0,0,0,6,61,2,1,3,2,2,0,1,2,0,1,2,Female,69,SIM-2993,synthetic_simulation,1,3,4,4,2,4,2,4,4,1,2,2,3,1,5,5,Hinduism,Negombo,Group A
19,88,2,0,0,8,94,0,1,1,2,2,1,1,3,0,1,1,Male,70,SIM-2994,synthetic_simulation,1,5,2,5,4,3,1,3,5,4,2,2,1,3,1,4,Hinduism,Galle,Group C
14,71,0,0,0,4,77,2,1,0,2,2,1,0,3,0,1,2,Male,64,SIM-2995,synthetic_simulation,1,3,3,3,1,5,2,5,2,5,5,1,1,1,5,3,Buddhism,Kandy,Group A
20,79,2,2,1,7,72,1,0,1,2,2,1,0,3,0,1,2,Female,65,SIM-2996,synthetic_simulation,4,2,5,5,3,5,3,3,1,2,1,5,2,5,1,2,Hinduism,Jaffna,Group A
22,62,2,0,1,7,95,2,1,2,2,2,1,0,2,0,1,2,Non-binary,66,SIM-2997,synthetic_simulation,5,5,1,3,1,2,1,4,5,2,5,2,1,3,1,4,Islam,Jaffna,Group B
13,93,1,2,0,6,96,0,1,2,0,2,0,0,3,0,1,2,Female,68,SIM-2998,synthetic_simulation,3,5,1,4,4,5,2,2,5,5,1,3,3,2,2,1,Hinduism,Galle,Group C
22,100,2,2,1,7,64,2,1,2,1,2,0,2,3,0,0,2,Male,72,SIM-2999,synthetic_simulation,2,3,1,1,4,3,4,1,5,4,4,3,3,1,4,2,Islam,Kandy,Group A
19,76,2,1,1,6,68,2,1,2,0,2,1,2,3,0,1,1,Male,65,SIM-3000,synthetic_simulation,4,2,5,5,3,4,4,3,2,3,2,5,5,4,5,4,Other,Kandy,Group A
9,60,2,1,1,6,93,2,1,3,1,0,0,1,2,0,1,1,Male,60,SIM-3001,synthetic_simulation,3,1,4,5,4,1,2,1,5,3,3,1,2,3,1,3,Hinduism,Colombo,Group D
15,67,2,2,0,8,75,2,1,0,0,0,1,0,4,0,2,2,Non-binary,63,SIM-3002,synthetic_simulation,5,5,5,1,1,1,2,2,2,2,2,2,2,4,4,4,Buddhism,Kandy,Group C
18,86,1,1,1,9,64,1,1,3,1,0,1,2,3,0,1,2,Female,66,SIM-3003,synthetic_simulation,1,1,5,5,2,5,3,4,1,3,5,4,1,3,5,4,Christianity,Colombo,Group A
31,84,1,2,1,8,98,1,1,1,2,2,1,2,4,0,2,2,Female,73,SIM-3004,synthetic_simulation,5,2,1,2,1,2,1,2,1,4,1,4,4,5,4,2,Islam,Negombo,Group B
23,92,2,2,1,6,61,1,1,4,1,2,1,2,4,0,0,2,Non-binary,71,SIM-3005,synthetic_simulation,2,5,5,1,4,1,2,1,1,3,4,2,2,4,1,4,Buddhism,Negombo,Group D
12,70,2,2,1,6,81,1,1,1,1,2,1,0,2,1,1,0,Female,59,SIM-3006,synthetic_simulation,4,5,1,4,3,2,1,4,1,1,4,5,1,1,4,5,Islam,Negombo,Group D
23,91,2,1,1,6,71,2,1,5,1,0,1,1,3,0,1,1,Female,70,SIM-3007,synthetic_simulation,4,1,4,3,3,1,4,5,5,4,1,3,4,2,3,2,Islam,Colombo,Group A
11,88,2,1,1,7,73,1,1,1,2,1,0,1,3,1,0,2,Male,63,SIM-3008,synthetic_simulation,2,4,3,3,5,2,1,5,5,5,1,3,1,5,4,5,Other,Kandy,Group B
26,73,2,2,0,6,55,2,1,1,2,1,1,2,4,0,2,2,Female,67,SIM-3009,synthetic_simulation,3,1,1,1,3,2,5,3,2,2,1,2,5,3,3,4,Islam,Galle,Group D
17,82,1,2,1,9,63,2,1,2,1,2,0,1,2,0,0,1,Female,65,SIM-3010,synthetic_simulation,3,1,2,2,3,4,3,5,1,4,4,3,2,1,5,5,Christianity,Jaffna,Group B
19,66,2,1,0,7,58,2,1,5,2,1,1,2,4,0,0,1,Male,64,SIM-3011,synthetic_simulation,4,4,3,4,4,3,3,1,3,3,2,2,1,3,1,3,Christianity,Kandy,Group C
28,78,0,2,0,8,87,1,1,2,1,2,1,2,2,0,2,2,Female,71,SIM-3012,synthetic_simulation,4,2,4,3,2,1,1,5,1,4,2,1,5,4,4,3,Christianity,Colombo,Group C
12,95,2,0,1,5,85,2,1,2,0,2,1,0,2,0,0,2,Female,70,SIM-3013,synthetic_simulation,1,2,3,3,2,5,3,3,4,5,4,3,1,4,4,4,Buddhism,Galle,Group C
12,77,2,1,1,6,90,2,1,2,2,1,1,1,2,0,1,2,Female,63,SIM-3014,synthetic_simulation,3,5,1,2,4,3,1,4,3,4,3,5,3,2,4,5,Other,Colombo,Group A
16,94,1,2,0,8,85,2,1,3,1,0,1,1,2,0,1,2,Non-binary,68,SIM-3015,synthetic_simulation,2,3,4,5,3,4,1,5,4,5,5,3,1,4,1,4,Buddhism,Colombo,Group C
26,84,2,2,1,8,56,2,0,1,2,2,1,0,2,0,0,2,Non-binary,67,SIM-3016,synthetic_simulation,3,3,2,1,1,4,4,3,3,5,4,2,3,5,4,3,Buddhism,Jaffna,Group D
11,68,2,0,1,5,99,2,1,1,0,2,1,1,4,0,2,2,Non-binary,66,SIM-3017,synthetic_simulation,1,5,1,2,2,4,1,5,2,4,3,4,2,3,5,5,Christianity,Galle,Group D
3,83,0,1,1,7,59,1,1,2,2,0,1,2,5,0,1,1,Male,63,SIM-3018,synthetic_simulation,4,3,1,2,4,5,3,5,5,2,5,3,1,3,5,3,Buddhism,Negombo,Group B
17,80,2,2,1,7,68,2,1,0,2,2,0,0,5,1,0,2,Male,65,SIM-3019,synthetic_simulation,4,1,4,2,1,1,5,1,2,2,2,2,5,5,5,5,Islam,Kandy,Group A
23,76,2,0,1,6,85,1,1,2,1,2,1,2,3,1,1,0,Female,66,SIM-3020,synthetic_simulation,1,1,4,2,3,1,2,3,3,3,1,3,2,4,5,2,Hinduism,Negombo,Group D
27,65,2,2,1,8,57,2,1,2,1,1,1,0,4,0,2,2,Non-binary,65,SIM-3021,synthetic_simulation,2,4,3,5,4,2,3,3,1,4,5,3,2,4,2,4,Islam,Colombo,Group D
17,77,1,2,1,5,59,2,1,2,2,0,0,1,4,0,1,2,Male,65,SIM-3022,synthetic_simulation,4,4,2,4,2,2,5,2,2,4,1,3,3,5,2,5,Buddhism,Jaffna,Group B
18,63,0,1,0,6,94,2,1,2,2,0,1,1,2,1,1,2,Female,63,SIM-3023,synthetic_simulation,5,5,3,2,1,2,3,2,3,1,3,4,2,2,5,5,Other,Galle,Group B
27,64,2,0,0,8,67,2,1,0,1,2,1,2,3,0,1,2,Female,65,SIM-3024,synthetic_simulation,4,5,3,2,1,5,5,3,1,2,4,2,1,1,4,2,Islam,Jaffna,Group C
9,77,1,0,1,7,83,2,1,1,1,0,0,1,4,1,1,0,Male,62,SIM-3025,synthetic_simulation,5,5,1,1,2,3,3,1,5,5,4,1,1,1,5,1,Buddhism,Jaffna,Group D
18,72,2,2,1,7,93,2,1,1,2,2,1,2,3,0,0,2,Female,66,SIM-3026,synthetic_simulation,1,1,4,3,1,1,2,5,3,1,1,5,3,4,2,2,Other,Galle,Group B
21,97,2,1,0,7,99,2,1,1,0,2,1,0,3,0,2,2,Non-binary,71,SIM-3027,synthetic_simulation,1,3,1,5,2,2,4,4,4,4,5,4,1,1,2,5,Christianity,Galle,Group B
23,75,1,1,1,8,61,0,1,2,1,2,1,2,2,0,1,0,Female,64,SIM-3028,synthetic_simulation,4,5,2,2,4,5,4,5,4,1,5,5,3,1,1,1,Hinduism,Galle,Group D
17,90,2,2,1,8,56,1,1,0,2,2,0,1,4,0,0,2,Male,67,SIM-3029,synthetic_simulation,3,5,3,4,5,5,2,4,4,2,3,5,4,1,1,3,Buddhism,Jaffna,Group C
20,81,2,2,0,8,87,2,1,1,0,2,0,1,3,0,1,2,Non-binary,68,SIM-3030,synthetic_simulation,5,1,2,4,3,2,3,1,1,4,4,1,3,4,4,4,Islam,Colombo,Group B
5,88,2,2,0,7,59,2,1,3,1,2,1,0,3,0,0,2,Non-binary,63,SIM-3031,synthetic_simulation,2,1,4,4,4,4,5,2,1,2,1,3,5,3,1,1,Hinduism,Jaffna,Group A
16,70,1,2,1,6,79,0,1,0,0,0,1,0,3,0,0,2,Non-binary,64,SIM-3032,synthetic_simulation,4,1,4,1,3,4,1,3,2,1,2,1,5,4,3,3,Christianity,Colombo,Group D
23,98,0,0,1,6,77,2,1,1,1,0,1,1,1,0,2,2,Male,74,SIM-3033,synthetic_simulation,2,3,5,4,3,4,3,1,1,3,4,5,1,4,3,5,Christianity,Kandy,Group B
14,81,1,2,1,5,78,2,1,2,0,0,1,2,4,0,2,2,Male,68,SIM-3034,synthetic_simulation,4,5,2,1,2,2,2,4,3,5,4,4,4,2,1,1,Hinduism,Colombo,Group B
20,93,2,2,1,6,82,1,0,1,2,0,1,2,3,1,1,1,Female,68,SIM-3035,synthetic_simulation,3,2,1,5,5,5,4,3,4,5,3,5,5,2,3,2,Buddhism,Kandy,Group B
23,75,0,0,1,6,93,2,0,2,2,1,1,1,3,0,2,1,Female,69,SIM-3036,synthetic_simulation,3,2,2,4,3,5,4,4,5,3,4,5,5,4,2,4,Buddhism,Negombo,Group C
18,64,1,2,1,9,64,2,1,4,1,2,1,0,4,1,1,2,Female,61,SIM-3037,synthetic_simulation,3,5,3,3,3,1,3,5,4,3,3,1,5,5,5,2,Other,Kandy,Group D
21,87,1,0,1,5,78,0,1,1,1,2,0,2,2,0,1,2,Female,69,SIM-3038,synthetic_simulation,3,5,4,2,4,4,5,5,3,3,3,2,1,5,5,2,Other,Jaffna,Group B
14,60,1,1,1,9,67,1,1,3,0,0,1,2,3,0,1,2,Male,61,SIM-3039,synthetic_simulation,1,5,4,5,5,2,2,5,5,2,2,5,2,2,3,4,Buddhism,Negombo,Group B
19,79,2,0,1,7,66,1,1,3,0,2,1,2,3,1,1,2,Female,67,SIM-3040,synthetic_simulation,1,5,2,3,5,1,2,3,2,4,5,2,2,2,2,2,Islam,Jaffna,Group D
24,68,1,0,0,7,51,2,1,0,1,1,0,1,4,0,1,2,Male,63,SIM-3041,synthetic_simulation,5,3,2,5,3,5,5,2,1,3,4,3,2,3,2,5,Christianity,Jaffna,Group B
21,85,2,2,0,8,80,2,1,3,1,0,1,2,3,1,0,1,Female,68,SIM-3042,synthetic_simulation,2,2,2,4,5,1,5,2,3,2,3,5,1,2,1,2,Other,Kandy,Group B
16,99,2,2,0,5,99,1,0,0,1,2,0,1,5,0,0,1,Non-binary,68,SIM-3043,synthetic_simulation,4,4,3,5,4,4,3,4,1,1,3,1,2,1,2,5,Hinduism,Galle,Group C
21,79,2,1,1,6,88,1,1,2,0,2,1,1,1,0,1,2,Female,67,SIM-3044,synthetic_simulation,4,2,3,5,2,3,3,2,2,1,5,3,3,4,2,2,Hinduism,Jaffna,Group C
24,93,1,2,1,5,62,0,1,1,0,2,0,0,3,0,0,1,Female,69,SIM-3045,synthetic_simulation,1,2,1,5,3,4,4,2,5,3,5,4,1,4,2,5,Buddhism,Negombo,Group B
8,80,0,2,0,6,86,2,1,2,1,2,1,1,3,0,1,2,Male,64,SIM-3046,synthetic_simulation,4,1,2,1,1,4,4,4,3,1,3,5,1,4,5,1,Hinduism,Jaffna,Group B
27,80,1,1,0,6,65,1,1,1,1,2,1,2,4,0,2,2,Female,67,SIM-3047,synthetic_simulation,1,5,1,3,3,2,5,4,5,3,4,1,4,3,3,5,Hinduism,Galle,Group B
18,97,2,0,0,9,88,1,1,1,0,2,1,1,3,1,1,2,Male,70,SIM-3048,synthetic_simulation,5,5,5,4,3,3,1,4,3,1,4,5,5,3,1,4,Buddhism,Galle,Group D
23,96,1,0,1,6,93,1,1,5,1,2,1,0,4,0,1,2,Male,72,SIM-3049,synthetic_simulation,2,5,3,2,2,3,1,3,2,1,4,1,4,1,1,2,Islam,Jaffna,Group C
27,91,1,0,0,4,67,2,1,1,0,0,0,1,2,0,1,1,Female,71,SIM-3050,synthetic_simulation,5,1,4,4,1,3,1,4,2,4,5,1,2,4,1,1,Buddhism,Galle,Group B
12,72,2,2,0,6,50,0,1,1,1,2,1,2,3,0,0,2,Male,62,SIM-3051,synthetic_simulation,3,3,5,4,1,5,2,3,2,4,4,2,1,1,4,2,Christianity,Kandy,Group A
16,82,2,2,1,8,65,0,1,2,1,2,0,2,5,1,2,2,Female,67,SIM-3052,synthetic_simulation,3,3,4,1,1,1,3,3,1,1,4,5,1,2,3,5,Other,Colombo,Group C
18,69,2,0,1,9,60,2,1,3,1,2,1,0,2,0,0,0,Male,64,SIM-3053,synthetic_simulation,3,4,5,1,2,5,5,3,4,4,4,1,2,4,5,2,Islam,Galle,Group C
15,78,2,2,1,7,81,2,1,0,2,1,1,1,2,0,1,2,Male,64,SIM-3054,synthetic_simulation,5,3,1,5,5,3,4,4,5,3,5,1,5,1,3,3,Islam,Jaffna,Group D
30,79,0,2,0,6,65,2,1,1,1,2,1,0,4,0,2,2,Non-binary,70,SIM-3055,synthetic_simulation,4,3,1,4,1,2,1,2,3,5,1,3,4,3,1,1,Hinduism,Galle,Group B
15,93,2,2,1,7,52,2,1,3,1,2,1,0,5,0,0,2,Non-binary,68,SIM-3056,synthetic_simulation,2,5,3,3,5,4,4,2,5,3,1,5,5,3,5,3,Other,Jaffna,Group B
17,96,2,2,0,8,77,2,1,1,2,2,1,1,3,0,2,2,Male,70,SIM-3057,synthetic_simulation,3,2,4,1,4,4,3,4,4,4,4,3,2,3,3,2,Other,Negombo,Group D
21,77,2,1,1,5,94,1,1,1,2,0,1,0,3,0,1,0,Male,65,SIM-3058,synthetic_simulation,3,3,5,1,2,5,5,2,1,2,1,2,4,1,2,5,Islam,Jaffna,Group B
13,61,1,1,0,7,73,1,1,2,0,2,1,2,2,0,1,2,Male,59,SIM-3059,synthetic_simulation,3,3,2,3,5,5,1,4,1,1,4,2,4,1,3,1,Christianity,Negombo,Group D
18,94,2,2,1,7,69,2,1,1,2,0,1,2,2,0,1,0,Male,69,SIM-3060,synthetic_simulation,2,1,2,1,1,2,1,3,4,4,5,1,5,1,2,1,Christianity,Colombo,Group A
22,67,2,2,1,7,59,0,1,2,1,0,1,2,3,0,2,2,Female,67,SIM-3061,synthetic_simulation,3,4,3,3,1,4,5,5,3,4,4,1,5,5,1,5,Hinduism,Kandy,Group D
18,85,2,0,0,7,69,2,1,2,1,2,0,2,4,0,1,2,Female,68,SIM-3062,synthetic_simulation,2,1,4,2,5,5,4,1,4,4,2,1,1,4,2,1,Hinduism,Colombo,Group D
19,61,2,2,0,6,67,1,1,1,2,2,1,2,1,0,0,2,Female,62,SIM-3063,synthetic_simulation,3,5,2,3,5,1,3,4,1,3,3,5,1,5,4,5,Christianity,Jaffna,Group D
17,76,0,2,0,8,100,1,0,0,0,2,0,1,4,0,1,1,Non-binary,65,SIM-3064,synthetic_simulation,5,2,3,2,4,5,3,3,1,1,5,5,5,5,5,3,Other,Colombo,Group B
11,99,0,2,1,7,52,2,1,0,0,0,0,1,5,0,0,2,Female,69,SIM-3065,synthetic_simulation,5,4,3,5,2,5,3,5,5,5,2,4,2,2,2,2,Christianity,Negombo,Group C
22,64,2,2,1,7,62,2,1,3,1,2,0,1,4,0,2,1,Male,65,SIM-3066,synthetic_simulation,2,1,4,5,3,3,4,3,3,4,2,1,5,2,5,1,Islam,Colombo,Group C
31,77,0,1,1,5,53,0,1,1,2,2,1,1,2,0,1,2,Non-binary,68,SIM-3067,synthetic_simulation,5,3,2,1,4,1,4,1,3,2,3,3,1,3,2,1,Buddhism,Kandy,Group B
20,72,0,1,1,8,93,2,1,4,1,0,1,2,2,0,1,2,Male,68,SIM-3068,synthetic_simulation,2,3,2,3,4,1,1,2,1,1,2,4,4,5,1,1,Buddhism,Galle,Group C
21,96,0,2,1,6,71,0,0,3,2,2,1,0,3,0,1,2,Female,71,SIM-3069,synthetic_simulation,5,4,2,1,4,2,4,2,4,5,3,5,2,2,3,3,Buddhism,Negombo,Group D
24,95,2,1,1,9,90,2,1,3,1,1,1,2,4,0,1,1,Non-binary,71,SIM-3070,synthetic_simulation,5,3,1,3,1,3,2,3,1,2,4,5,1,5,2,5,Other,Colombo,Group A
12,70,0,2,0,5,85,0,1,1,0,2,1,2,3,0,2,2,Male,66,SIM-3071,synthetic_simulation,2,1,2,1,5,1,5,1,5,5,5,1,2,4,1,5,Christianity,Colombo,Group A
30,63,2,0,1,8,96,2,1,4,1,2,0,2,3,0,2,2,Male,71,SIM-3072,synthetic_simulation,4,1,5,5,2,3,4,3,4,5,5,3,2,5,2,3,Islam,Colombo,Group A
21,85,2,2,0,4,51,1,1,2,1,2,1,1,3,0,0,2,Male,66,SIM-3073,synthetic_simulation,5,3,1,5,1,3,3,2,1,1,5,3,4,3,4,2,Islam,Negombo,Group B
30,73,0,1,0,4,60,2,1,0,1,1,0,2,4,0,1,1,Female,66,SIM-3074,synthetic_simulation,3,3,1,1,4,4,4,3,3,3,3,2,1,1,5,3,Hinduism,Colombo,Group C
16,87,0,0,1,6,85,2,1,2,2,0,1,1,1,0,1,2,Female,69,SIM-3075,synthetic_simulation,4,5,1,3,2,1,1,5,5,2,3,1,5,3,2,1,Other,Galle,Group C
31,61,2,2,0,4,79,2,1,0,1,1,1,2,3,0,1,1,Male,65,SIM-3076,synthetic_simulation,2,2,1,4,1,4,5,1,1,4,2,5,2,5,1,2,Islam,Jaffna,Group C
25,65,0,1,1,8,85,2,1,2,1,2,1,0,3,0,2,2,Female,66,SIM-3077,synthetic_simulation,4,4,3,3,3,5,5,2,1,5,5,1,2,5,1,4,Hinduism,Colombo,Group C
23,87,2,1,0,7,79,2,1,2,2,2,1,1,2,0,1,0,Male,67,SIM-3078,synthetic_simulation,1,1,5,1,4,5,3,3,2,2,2,1,4,1,3,2,Other,Galle,Group B
21,68,2,2,0,9,79,1,1,1,0,0,0,0,4,0,2,1,Male,66,SIM-3079,synthetic_simulation,1,4,4,3,1,4,5,1,4,1,4,2,1,3,5,3,Islam,Negombo,Group C
19,94,2,2,0,7,97,2,1,0,2,2,1,1,3,0,1,2,Female,69,SIM-3080,synthetic_simulation,5,5,2,2,1,5,2,3,2,2,2,2,2,3,3,1,Christianity,Jaffna,Group D
27,62,0,1,0,7,96,2,1,2,1,2,1,1,4,0,1,2,Male,66,SIM-3081,synthetic_simulation,5,1,1,3,4,4,5,2,3,4,5,4,2,5,5,2,Islam,Negombo,Group B
21,69,0,2,1,7,52,1,1,0,1,2,1,0,3,0,2,2,Male,64,SIM-3082,synthetic_simulation,3,5,4,5,3,2,3,1,4,4,3,1,3,4,5,5,Other,Jaffna,Group D
8,100,0,0,1,6,71,2,1,0,1,0,1,2,2,0,2,2,Male,70,SIM-3083,synthetic_simulation,4,5,3,5,5,3,5,2,5,1,2,5,3,2,2,2,Hinduism,Galle,Group C
13,77,1,2,1,6,76,1,0,1,2,1,0,1,4,0,0,1,Male,62,SIM-3084,synthetic_simulation,1,3,4,2,3,2,4,5,4,2,2,2,2,5,3,4,Other,Galle,Group A
19,88,1,2,1,5,68,0,1,1,1,1,1,2,5,0,1,1,Male,67,SIM-3085,synthetic_simulation,5,4,1,3,4,1,1,5,1,3,3,4,4,5,3,2,Buddhism,Jaffna,Group B
22,67,1,2,0,8,52,2,1,1,2,1,1,0,2,1,0,1,Male,60,SIM-3086,synthetic_simulation,4,4,5,4,5,2,4,4,1,3,3,4,5,2,3,2,Islam,Galle,Group B
20,84,1,1,0,7,74,1,1,1,0,2,1,1,3,0,2,2,Non-binary,66,SIM-3087,synthetic_simulation,5,3,4,3,1,2,2,1,1,5,5,4,3,1,1,2,Buddhism,Kandy,Group C
27,89,2,2,1,7,99,2,1,0,2,0,1,2,2,0,1,2,Non-binary,72,SIM-3088,synthetic_simulation,5,4,1,5,3,5,2,5,4,5,4,5,3,5,4,1,Christianity,Jaffna,Group D
8,73,2,0,1,10,54,2,1,2,2,2,1,2,3,0,1,2,Male,63,SIM-3089,synthetic_simulation,1,3,1,5,3,4,1,4,1,2,5,2,1,4,2,3,Hinduism,Colombo,Group D
21,93,1,1,1,6,91,1,1,1,0,2,1,0,3,0,2,2,Male,69,SIM-3090,synthetic_simulation,1,1,2,1,5,1,1,1,1,5,2,3,5,1,3,1,Christianity,Colombo,Group C
9,84,0,0,1,7,60,0,1,1,1,2,0,2,3,0,0,1,Male,66,SIM-3091,synthetic_simulation,5,5,2,5,1,5,1,2,2,4,5,5,3,1,5,2,Other,Colombo,Group D
25,76,2,2,1,7,79,2,1,2,2,2,1,2,2,0,0,2,Female,69,SIM-3092,synthetic_simulation,2,5,5,1,3,1,1,3,1,1,5,1,5,1,5,5,Islam,Colombo,Group C
19,82,0,2,0,9,69,1,1,2,2,2,0,1,3,0,0,1,Female,68,SIM-3093,synthetic_simulation,5,4,2,5,5,3,5,3,2,5,3,3,5,5,2,5,Hinduism,Colombo,Group D
23,83,2,1,0,7,67,2,1,3,1,1,1,0,4,0,1,1,Non-binary,66,SIM-3094,synthetic_simulation,5,2,5,5,3,4,4,2,3,3,4,5,1,1,1,5,Buddhism,Kandy,Group A
15,67,2,2,1,7,94,1,1,0,0,1,0,2,2,0,2,1,Non-binary,63,SIM-3095,synthetic_simulation,3,5,3,4,1,5,2,5,4,4,4,2,2,3,3,2,Buddhism,Colombo,Group D
28,76,2,2,1,10,99,0,1,1,2,2,1,1,3,0,1,2,Non-binary,70,SIM-3096,synthetic_simulation,3,3,3,1,1,2,5,3,2,3,5,4,2,5,4,2,Other,Galle,Group A
26,74,2,2,0,6,69,2,1,2,1,0,1,2,4,0,2,1,Female,68,SIM-3097,synthetic_simulation,3,2,2,1,2,3,1,2,4,5,3,5,3,5,1,4,Buddhism,Negombo,Group B
24,76,2,2,1,7,82,2,1,2,2,2,1,2,4,0,0,0,Non-binary,68,SIM-3098,synthetic_simulation,2,2,3,5,5,2,3,4,4,5,3,1,1,2,2,4,Other,Galle,Group B
19,90,2,2,0,8,78,2,1,1,1,2,0,1,3,0,1,1,Male,67,SIM-3099,synthetic_simulation,2,5,4,1,4,1,3,4,5,4,2,1,3,1,3,3,Hinduism,Galle,Group B
23,79,0,0,1,6,54,1,1,1,1,2,1,1,1,0,1,1,Non-binary,67,SIM-3100,synthetic_simulation,5,5,4,5,3,3,4,2,2,3,1,1,3,5,2,2,Christianity,Kandy,Group D
16,98,0,1,1,8,52,2,1,3,1,0,1,1,3,0,0,1,Non-binary,69,SIM-3101,synthetic_simulation,3,5,4,5,1,5,2,1,1,1,2,3,2,4,2,2,Islam,Kandy,Group D
25,72,2,2,0,6,89,1,1,3,1,0,1,1,5,0,1,2,Male,68,SIM-3102,synthetic_simulation,2,3,3,3,3,2,2,5,5,1,2,4,1,4,2,5,Christianity,Galle,Group A
30,77,2,1,1,9,70,2,1,0,2,0,1,1,1,0,1,1,Male,67,SIM-3103,synthetic_simulation,1,2,4,1,3,2,4,5,2,4,2,5,5,5,2,4,Christianity,Galle,Group B
26,91,0,2,1,8,65,1,1,0,2,0,1,1,2,0,1,1,Non-binary,70,SIM-3104,synthetic_simulation,5,4,5,2,4,1,1,2,2,5,1,3,2,5,4,1,Islam,Colombo,Group B
16,82,0,0,0,7,99,1,1,3,2,2,1,2,3,0,2,1,Female,70,SIM-3105,synthetic_simulation,4,3,1,1,1,1,1,3,3,4,3,5,3,4,2,4,Hinduism,Negombo,Group B
22,82,2,1,0,5,54,2,1,2,2,2,1,1,2,0,0,1,Non-binary,66,SIM-3106,synthetic_simulation,5,1,2,1,2,4,2,5,1,3,3,2,3,4,5,3,Other,Kandy,Group C
12,62,0,0,1,6,63,0,1,0,1,2,0,0,2,0,1,2,Female,61,SIM-3107,synthetic_simulation,4,5,5,4,5,4,2,5,3,1,4,2,4,3,2,1,Buddhism,Negombo,Group D
23,76,1,0,1,7,93,2,1,2,1,2,1,0,2,0,0,2,Female,68,SIM-3108,synthetic_simulation,3,2,4,2,3,1,2,4,4,5,4,5,1,4,4,5,Islam,Negombo,Group D
23,71,1,2,1,8,71,1,1,1,1,1,1,1,2,0,2,2,Male,64,SIM-3109,synthetic_simulation,4,3,1,2,4,4,1,4,1,3,5,3,5,3,2,4,Christianity,Kandy,Group A
9,100,1,1,0,7,79,2,1,1,1,2,1,2,2,0,2,2,Female,66,SIM-3110,synthetic_simulation,3,1,2,4,4,2,3,4,3,1,5,1,5,5,3,2,Islam,Negombo,Group D
13,72,1,0,1,8,52,2,1,3,0,0,0,2,4,0,1,2,Non-binary,65,SIM-3111,synthetic_simulation,1,3,5,4,5,1,4,5,3,1,5,3,3,1,1,3,Hinduism,Colombo,Group D
18,95,2,0,0,8,96,2,1,3,2,1,1,0,6,0,2,2,Female,73,SIM-3112,synthetic_simulation,4,3,2,1,5,3,4,5,1,2,4,3,4,1,4,3,Islam,Kandy,Group B
18,87,1,1,0,8,57,2,0,3,0,0,1,2,4,0,1,2,Female,66,SIM-3113,synthetic_simulation,5,4,3,3,1,1,5,5,2,5,4,5,4,2,3,1,Buddhism,Galle,Group D
13,74,0,0,1,7,61,2,1,2,1,2,1,2,3,0,1,1,Non-binary,65,SIM-3114,synthetic_simulation,3,4,4,4,3,5,5,3,4,4,2,3,1,3,4,1,Christianity,Jaffna,Group B
22,82,2,0,1,7,58,2,1,0,2,2,1,0,4,0,0,2,Male,68,SIM-3115,synthetic_simulation,5,3,5,2,3,5,3,3,5,2,3,2,3,4,1,3,Buddhism,Colombo,Group A
22,94,2,2,1,7,75,1,1,0,1,0,1,1,3,0,1,2,Female,69,SIM-3116,synthetic_simulation,2,1,5,2,5,1,2,3,5,1,4,5,3,3,5,4,Buddhism,Kandy,Group D
19,95,1,0,1,6,91,0,1,1,2,0,1,1,4,0,0,2,Non-binary,72,SIM-3117,synthetic_simulation,3,2,1,1,2,3,3,1,5,5,1,5,3,2,1,2,Buddhism,Negombo,Group C
15,66,2,2,0,9,63,2,1,3,2,2,0,1,3,0,1,2,Female,63,SIM-3118,synthetic_simulation,4,2,1,3,3,1,5,5,4,5,2,5,1,2,5,5,Buddhism,Galle,Group B
26,74,1,2,0,8,57,2,1,0,2,2,0,2,1,0,1,2,Female,65,SIM-3119,synthetic_simulation,3,5,1,5,4,3,5,5,1,2,1,3,5,3,2,2,Islam,Jaffna,Group C
30,73,0,2,1,9,70,1,1,0,2,2,1,0,4,0,0,2,Female,69,SIM-3120,synthetic_simulation,5,5,2,4,5,2,4,2,1,3,1,4,2,4,3,4,Islam,Kandy,Group B
17,62,0,1,0,6,99,2,1,2,2,2,0,0,3,0,1,0,Female,62,SIM-3121,synthetic_simulation,1,2,4,4,3,2,3,2,1,3,3,1,4,5,4,1,Christianity,Colombo,Group D
16,84,2,0,1,8,51,1,1,0,2,2,1,0,3,0,2,2,Non-binary,66,SIM-3122,synthetic_simulation,3,3,2,1,1,3,1,1,5,4,1,1,5,5,5,5,Other,Colombo,Group B
23,94,1,1,1,9,75,2,1,3,1,2,0,1,2,0,2,1,Female,69,SIM-3123,synthetic_simulation,4,3,4,3,5,4,5,2,2,5,1,2,2,5,4,2,Other,Galle,Group B
18,75,0,2,1,9,83,2,1,2,1,2,1,2,4,1,2,1,Non-binary,67,SIM-3124,synthetic_simulation,2,4,5,2,4,2,4,3,3,2,1,5,5,2,1,2,Buddhism,Colombo,Group C
19,90,2,0,1,5,90,1,1,0,1,2,1,1,2,0,0,0,Male,94,SIM-3125,synthetic_simulation,1,4,2,2,1,5,2,1,5,1,1,1,5,3,2,5,Hinduism,Kandy,Group A
24,85,2,2,1,7,87,0,1,2,2,2,0,1,2,0,1,2,Male,71,SIM-3126,synthetic_simulation,2,5,2,5,5,1,3,1,4,3,2,3,5,2,1,3,Buddhism,Galle,Group A
9,75,2,2,0,7,54,1,1,2,1,2,1,2,4,0,1,2,Male,61,SIM-3127,synthetic_simulation,3,2,2,2,5,4,5,1,1,2,2,3,5,4,5,5,Hinduism,Jaffna,Group C
28,66,0,2,1,9,73,2,1,2,1,2,1,2,2,0,0,2,Non-binary,68,SIM-3128,synthetic_simulation,5,3,3,4,3,5,1,4,3,4,3,3,3,1,3,2,Hinduism,Kandy,Group B
20,88,2,2,0,4,54,1,1,0,0,1,1,0,4,0,1,2,Non-binary,66,SIM-3129,synthetic_simulation,5,2,4,5,1,1,5,2,1,4,3,2,5,2,5,5,Buddhism,Colombo,Group C
18,94,0,0,1,5,81,2,1,0,0,1,1,0,5,0,1,2,Non-binary,71,SIM-3130,synthetic_simulation,4,1,4,3,5,5,1,5,1,5,1,5,2,4,5,2,Christianity,Jaffna,Group A
19,87,1,2,0,9,54,1,1,3,1,0,1,2,4,0,1,1,Male,66,SIM-3131,synthetic_simulation,5,2,2,5,4,4,3,4,1,4,5,1,2,4,1,4,Hinduism,Jaffna,Group A
20,61,1,2,0,6,52,2,1,2,1,1,0,0,2,0,2,2,Female,60,SIM-3132,synthetic_simulation,1,1,3,3,1,3,1,3,2,4,1,5,4,4,5,3,Buddhism,Galle,Group A
10,69,2,2,1,5,65,1,1,0,2,2,0,2,3,0,1,2,Non-binary,60,SIM-3133,synthetic_simulation,5,4,2,2,3,1,1,4,3,3,1,5,1,1,3,5,Buddhism,Colombo,Group B
29,63,1,1,1,9,97,0,0,3,2,0,1,0,3,0,1,2,Male,66,SIM-3134,synthetic_simulation,4,4,4,1,2,5,4,3,5,3,3,3,2,5,2,4,Buddhism,Negombo,Group A
20,83,2,1,1,5,85,2,1,1,0,0,1,1,2,0,0,0,Non-binary,67,SIM-3135,synthetic_simulation,3,5,5,5,5,5,3,5,2,4,4,1,2,3,1,4,Hinduism,Jaffna,Group D
23,90,1,1,0,9,50,1,1,4,2,2,0,1,3,0,1,1,Non-binary,67,SIM-3136,synthetic_simulation,3,2,3,5,2,4,5,5,4,5,3,2,2,2,5,3,Islam,Jaffna,Group C
26,64,2,2,0,5,64,2,1,2,0,2,1,0,1,0,1,2,Male,64,SIM-3137,synthetic_simulation,5,2,3,4,5,4,2,2,4,3,2,5,2,1,4,1,Hinduism,Kandy,Group B
14,94,2,2,0,5,51,2,1,0,2,0,1,1,3,0,0,2,Non-binary,66,SIM-3138,synthetic_simulation,2,1,2,4,3,4,3,4,5,3,3,4,1,4,2,5,Islam,Galle,Group A
23,82,0,1,0,7,65,0,1,1,2,0,1,0,3,0,1,2,Non-binary,68,SIM-3139,synthetic_simulation,3,4,5,3,3,3,3,5,3,4,4,3,1,1,1,3,Islam,Negombo,Group A
18,88,0,1,1,6,84,2,1,1,2,0,1,2,3,0,2,1,Non-binary,70,SIM-3140,synthetic_simulation,5,1,4,1,3,2,2,3,5,5,1,4,5,2,3,3,Christianity,Colombo,Group B
25,99,0,2,1,7,88,2,1,3,1,2,0,2,4,0,0,1,Male,75,SIM-3141,synthetic_simulation,4,4,1,4,3,5,5,5,2,4,4,2,2,3,3,2,Other,Colombo,Group A
7,63,0,0,1,10,90,2,1,0,1,2,0,2,2,1,1,1,Male,86,SIM-3142,synthetic_simulation,5,1,4,4,1,3,4,2,3,1,3,2,2,2,2,3,Buddhism,Kandy,Group B
19,96,2,2,1,7,95,0,1,3,2,0,0,0,3,0,0,2,Non-binary,73,SIM-3143,synthetic_simulation,3,4,4,2,1,5,5,3,4,1,5,2,4,1,3,3,Buddhism,Negombo,Group B
16,65,2,1,0,9,68,2,1,1,0,2,1,1,3,0,1,1,Male,61,SIM-3144,synthetic_simulation,4,1,5,2,5,3,2,1,3,5,2,2,4,4,1,5,Hinduism,Colombo,Group A
23,76,0,0,0,7,93,2,1,0,2,2,0,0,6,0,1,1,Non-binary,68,SIM-3145,synthetic_simulation,5,4,3,4,1,1,5,2,3,1,4,1,4,4,1,3,Other,Jaffna,Group B
23,94,2,0,0,8,86,2,1,1,1,0,1,1,0,0,0,0,Non-binary,70,SIM-3146,synthetic_simulation,1,1,4,3,5,2,3,2,3,5,3,4,4,5,1,3,Christianity,Jaffna,Group B
16,96,2,2,1,4,77,0,1,1,0,0,1,2,2,0,1,2,Non-binary,71,SIM-3147,synthetic_simulation,4,2,3,1,1,5,4,1,5,1,1,3,5,5,5,1,Buddhism,Kandy,Group C
16,80,0,2,1,8,98,0,1,2,2,0,0,2,4,0,2,2,Non-binary,71,SIM-3148,synthetic_simulation,1,5,5,4,1,4,1,5,1,2,3,4,3,3,3,4,Hinduism,Colombo,Group A
19,84,2,2,0,8,97,0,1,2,2,2,1,1,1,1,0,2,Female,68,SIM-3149,synthetic_simulation,2,1,5,3,1,2,5,2,2,3,1,1,4,3,5,5,Christianity,Kandy,Group D
15,88,0,0,1,6,95,2,1,2,1,2,1,0,4,0,1,2,Female,70,SIM-3150,synthetic_simulation,4,5,2,3,4,5,1,1,3,4,5,5,4,5,3,1,Other,Kandy,Group A
25,93,2,2,1,10,60,1,1,1,2,2,1,2,3,0,0,1,Non-binary,70,SIM-3151,synthetic_simulation,1,2,1,4,3,1,4,1,3,5,2,2,1,5,3,5,Hinduism,Galle,Group B
18,65,2,0,1,6,60,1,1,0,2,0,0,1,3,0,1,1,Non-binary,62,SIM-3152,synthetic_simulation,3,2,5,3,4,5,1,2,5,1,4,5,2,2,3,4,Christianity,Colombo,Group A
3,92,0,1,1,5,95,0,1,3,2,2,1,1,1,0,2,2,Male,67,SIM-3153,synthetic_simulation,3,4,5,5,1,5,5,4,2,2,3,2,5,2,4,3,Other,Colombo,Group C
18,79,2,2,0,8,70,0,1,3,2,2,1,2,3,0,0,2,Non-binary,68,SIM-3154,synthetic_simulation,2,5,3,3,1,5,2,2,2,1,3,3,2,4,5,3,Buddhism,Kandy,Group C
14,78,0,0,1,5,90,2,1,1,2,2,1,1,3,0,2,2,Male,68,SIM-3155,synthetic_simulation,4,3,5,4,4,2,3,4,4,2,4,2,3,4,2,2,Other,Kandy,Group C
10,77,0,0,0,7,84,1,1,2,1,0,0,1,1,0,1,0,Female,64,SIM-3156,synthetic_simulation,4,4,4,3,5,5,3,5,2,4,1,2,5,5,5,4,Hinduism,Jaffna,Group C
13,80,2,0,0,9,88,2,1,1,0,0,1,2,3,0,2,2,Female,68,SIM-3157,synthetic_simulation,4,5,2,4,3,4,1,1,2,3,2,5,3,2,3,3,Buddhism,Galle,Group A
21,98,1,0,1,8,51,2,1,0,2,2,1,1,3,0,1,2,Male,69,SIM-3158,synthetic_simulation,2,1,2,2,5,3,3,3,3,3,5,5,2,5,2,5,Islam,Kandy,Group B
28,82,2,0,0,7,71,1,1,1,2,0,1,1,3,0,1,2,Non-binary,70,SIM-3159,synthetic_simulation,4,1,4,4,3,4,3,2,1,2,4,5,1,5,2,5,Hinduism,Colombo,Group B
22,98,2,2,1,6,93,2,1,4,1,2,1,1,4,0,1,2,Male,73,SIM-3160,synthetic_simulation,3,2,5,3,2,1,2,3,3,1,2,1,4,3,2,2,Islam,Galle,Group C
16,67,0,2,1,9,74,2,1,1,0,0,1,2,3,0,2,1,Female,66,SIM-3161,synthetic_simulation,1,3,1,4,3,2,1,5,5,3,3,2,2,5,4,3,Other,Colombo,Group C
23,89,1,2,0,5,85,1,1,0,1,2,1,2,3,0,2,1,Non-binary,68,SIM-3162,synthetic_simulation,3,1,5,1,5,3,2,2,2,1,2,5,5,4,1,5,Christianity,Galle,Group C
17,92,1,2,1,8,88,0,0,1,0,2,1,1,3,0,1,2,Non-binary,68,SIM-3163,synthetic_simulation,3,5,2,4,3,2,2,3,1,5,5,1,4,3,3,4,Buddhism,Jaffna,Group A
16,87,1,2,1,10,56,1,1,2,2,0,0,1,0,0,2,1,Non-binary,65,SIM-3164,synthetic_simulation,1,5,1,4,2,2,4,5,3,1,2,3,5,2,3,2,Hinduism,Negombo,Group B
13,84,2,2,1,8,58,0,1,2,1,1,1,1,3,0,2,2,Female,66,SIM-3165,synthetic_simulation,3,1,3,1,2,5,1,4,4,5,3,3,3,4,5,3,Buddhism,Negombo,Group D
9,83,0,1,1,7,86,2,1,0,1,2,1,0,1,0,0,0,Non-binary,62,SIM-3166,synthetic_simulation,2,5,3,1,1,4,2,5,5,5,5,2,5,1,2,3,Other,Kandy,Group B
18,94,1,1,1,7,53,1,1,3,2,0,0,1,2,0,1,2,Female,67,SIM-3167,synthetic_simulation,1,5,5,1,2,3,5,2,5,3,5,5,1,2,4,2,Other,Negombo,Group D
21,93,2,0,1,6,67,0,1,1,2,0,1,2,3,0,2,2,Female,73,SIM-3168,synthetic_simulation,3,2,5,5,4,5,3,2,5,5,5,2,3,1,2,1,Christianity,Colombo,Group B
19,65,2,1,1,6,96,2,1,2,2,0,0,1,2,0,2,2,Female,65,SIM-3169,synthetic_simulation,5,3,1,4,5,3,1,2,3,1,3,2,2,4,5,5,Christianity,Colombo,Group A
18,94,0,1,0,7,79,0,1,2,0,2,0,1,4,0,1,2,Male,70,SIM-3170,synthetic_simulation,3,2,1,1,4,4,4,5,1,4,1,2,4,2,1,5,Hinduism,Galle,Group C
14,77,0,2,1,8,96,2,1,3,2,2,1,1,2,0,2,2,Female,68,SIM-3171,synthetic_simulation,2,3,5,1,4,5,2,2,1,1,3,1,4,1,3,2,Buddhism,Jaffna,Group C
24,70,0,2,1,9,65,2,1,3,2,1,0,2,3,0,1,1,Female,67,SIM-3172,synthetic_simulation,4,5,2,2,5,3,5,5,2,2,1,2,1,1,2,3,Hinduism,Kandy,Group C
12,95,1,2,1,4,82,0,1,2,1,2,1,0,3,0,1,1,Male,66,SIM-3173,synthetic_simulation,3,3,3,5,4,5,3,1,1,2,1,3,5,2,3,1,Islam,Kandy,Group B
25,77,2,1,0,4,64,1,1,3,1,2,1,1,4,1,0,2,Non-binary,65,SIM-3174,synthetic_simulation,4,5,1,4,4,2,3,1,4,1,3,5,2,5,5,4,Other,Colombo,Group A
14,92,0,1,1,9,56,1,1,1,2,2,1,1,4,0,1,1,Male,66,SIM-3175,synthetic_simulation,5,5,2,3,4,1,5,1,5,2,2,4,5,4,1,3,Islam,Colombo,Group A
15,71,0,0,0,7,100,1,1,2,1,1,1,1,4,0,1,2,Non-binary,66,SIM-3176,synthetic_simulation,3,2,5,5,2,3,1,3,3,4,3,4,5,4,4,5,Islam,Negombo,Group A
11,60,2,0,0,7,59,0,1,2,1,2,1,2,1,0,0,1,Male,60,SIM-3177,synthetic_simulation,1,2,4,5,5,4,3,1,5,2,5,4,1,3,1,2,Buddhism,Kandy,Group B
17,80,0,1,1,8,59,2,1,0,0,0,1,0,4,0,0,2,Non-binary,66,SIM-3178,synthetic_simulation,4,4,1,2,5,3,3,1,5,3,2,5,3,2,4,1,Islam,Galle,Group C
26,64,0,2,1,7,92,1,1,2,1,0,0,2,4,0,0,1,Male,68,SIM-3179,synthetic_simulation,5,1,4,4,5,1,3,5,4,4,4,2,3,4,2,5,Islam,Jaffna,Group B
23,90,2,2,1,10,90,1,1,3,1,2,1,2,5,0,1,2,Male,72,SIM-3180,synthetic_simulation,1,4,2,4,4,3,2,5,5,3,4,5,1,1,1,5,Christianity,Kandy,Group A
26,71,1,0,0,8,99,2,0,1,2,2,1,2,3,0,0,2,Female,68,SIM-3181,synthetic_simulation,1,4,3,1,2,3,2,2,5,3,4,5,1,2,2,3,Hinduism,Galle,Group D
23,78,2,2,1,6,54,0,1,0,1,2,1,1,3,0,2,2,Non-binary,67,SIM-3182,synthetic_simulation,1,3,2,1,5,3,3,2,4,4,5,1,1,1,1,2,Christianity,Colombo,Group A
13,63,0,2,0,6,55,0,1,0,2,1,1,2,4,0,2,2,Male,62,SIM-3183,synthetic_simulation,1,5,3,5,3,4,4,2,4,3,5,5,5,2,2,1,Buddhism,Galle,Group C
18,71,2,2,0,7,72,0,1,0,0,0,1,2,5,0,0,1,Male,66,SIM-3184,synthetic_simulation,3,5,2,2,5,1,3,5,1,2,1,1,5,1,5,3,Hinduism,Galle,Group D
15,91,0,2,0,6,80,2,1,0,1,2,0,2,3,0,2,2,Non-binary,69,SIM-3185,synthetic_simulation,3,5,1,4,1,1,1,5,5,1,5,3,2,1,5,4,Hinduism,Kandy,Group C
28,66,2,2,0,10,52,1,1,0,1,0,1,2,3,0,1,2,Male,64,SIM-3186,synthetic_simulation,3,1,1,2,3,4,4,1,2,4,1,1,1,2,4,5,Other,Galle,Group B
13,86,1,2,0,7,58,2,0,0,2,2,0,2,3,0,1,2,Male,63,SIM-3187,synthetic_simulation,5,3,4,3,5,3,1,4,2,1,4,4,5,3,1,3,Other,Kandy,Group A
25,97,1,0,1,5,85,2,1,2,0,2,1,2,2,0,1,2,Female,74,SIM-3188,synthetic_simulation,5,3,2,4,4,3,5,5,2,4,3,1,3,1,1,5,Islam,Negombo,Group B
25,87,0,2,1,8,83,2,1,0,2,0,0,2,4,0,0,1,Female,72,SIM-3189,synthetic_simulation,5,5,2,1,5,1,5,4,4,4,3,3,1,2,4,3,Hinduism,Negombo,Group A
31,92,2,2,1,9,54,2,0,1,1,2,0,2,3,0,0,2,Non-binary,71,SIM-3190,synthetic_simulation,2,4,4,5,2,3,2,5,5,3,5,5,3,5,2,2,Hinduism,Galle,Group A
18,64,1,0,1,9,97,2,1,2,2,2,1,0,3,0,1,1,Non-binary,64,SIM-3191,synthetic_simulation,5,1,5,2,2,2,2,5,1,1,4,4,4,5,1,1,Other,Galle,Group A
24,70,0,0,0,6,63,1,0,0,1,2,1,1,3,0,1,2,Female,65,SIM-3192,synthetic_simulation,3,4,2,1,5,3,2,3,5,2,4,1,2,3,4,2,Islam,Jaffna,Group B
34,96,2,2,1,5,94,0,1,1,2,0,1,0,5,1,1,1,Male,75,SIM-3193,synthetic_simulation,3,2,2,5,4,3,5,4,2,1,1,2,4,2,4,5,Other,Colombo,Group A
16,89,0,2,0,9,96,2,1,2,2,1,1,2,3,0,0,0,Male,69,SIM-3194,synthetic_simulation,2,3,2,1,4,5,1,3,3,4,1,5,2,3,1,5,Hinduism,Negombo,Group D
11,86,2,2,0,5,75,2,1,1,2,1,1,1,4,0,2,1,Female,65,SIM-3195,synthetic_simulation,2,3,5,4,4,1,4,1,2,2,4,4,1,1,3,3,Buddhism,Galle,Group C
9,87,1,1,0,8,71,1,0,0,1,0,1,1,1,0,0,1,Male,60,SIM-3196,synthetic_simulation,5,4,1,2,5,1,2,3,4,3,5,4,2,5,2,3,Other,Galle,Group C
24,77,2,2,1,6,64,2,1,2,0,2,1,2,4,0,1,2,Non-binary,69,SIM-3197,synthetic_simulation,4,1,4,3,5,2,5,3,5,2,5,1,5,3,3,3,Christianity,Galle,Group D
9,62,0,0,1,9,90,0,1,4,0,2,1,1,4,0,0,0,Female,65,SIM-3198,synthetic_simulation,2,3,5,1,1,2,2,1,4,2,4,5,3,1,3,5,Other,Galle,Group B
18,91,1,2,1,5,60,1,1,0,0,0,0,2,4,0,1,1,Male,67,SIM-3199,synthetic_simulation,1,4,3,2,2,2,3,4,1,1,3,5,5,5,2,1,Hinduism,Galle,Group A
23,87,0,1,0,6,81,1,1,5,2,0,0,1,2,0,1,0,Male,70,SIM-3200,synthetic_simulation,3,1,3,4,3,1,4,2,5,4,3,2,1,3,5,4,Islam,Jaffna,Group C
21,79,2,1,1,8,78,1,1,1,1,0,1,2,4,0,0,1,Non-binary,66,SIM-3201,synthetic_simulation,1,4,5,1,3,5,1,5,5,4,1,2,4,1,1,4,Hinduism,Colombo,Group C
23,96,2,2,1,8,62,2,1,0,1,0,1,1,4,0,1,1,Non-binary,69,SIM-3202,synthetic_simulation,3,1,5,4,2,5,2,4,5,4,4,4,3,4,4,4,Islam,Jaffna,Group A
21,73,2,2,1,9,99,2,1,2,2,0,1,1,3,0,2,2,Non-binary,69,SIM-3203,synthetic_simulation,3,5,1,3,1,4,3,1,3,5,3,4,1,5,1,4,Hinduism,Kandy,Group D
28,72,0,2,1,8,92,1,1,1,2,2,1,0,2,0,1,2,Non-binary,68,SIM-3204,synthetic_simulation,2,1,3,3,2,1,3,3,5,3,5,3,5,1,3,2,Christianity,Jaffna,Group A
14,95,2,2,1,8,51,2,1,5,2,2,0,2,4,0,0,2,Female,70,SIM-3205,synthetic_simulation,2,2,4,5,1,4,4,2,3,1,2,4,5,4,5,1,Christianity,Colombo,Group C
16,92,2,1,0,9,71,0,1,2,1,2,0,1,2,0,1,1,Female,66,SIM-3206,synthetic_simulation,1,5,2,5,1,3,5,3,5,4,2,2,2,3,5,4,Islam,Colombo,Group C
15,81,0,2,0,5,68,1,0,0,2,0,1,2,3,0,1,2,Female,65,SIM-3207,synthetic_simulation,3,4,2,5,4,2,5,5,2,2,4,1,2,4,1,1,Christianity,Kandy,Group C
25,65,1,2,0,6,94,2,1,1,1,0,1,0,4,0,0,2,Male,65,SIM-3208,synthetic_simulation,1,5,1,4,2,4,2,1,1,5,1,3,4,5,3,1,Buddhism,Kandy,Group D
25,69,1,2,1,5,63,2,1,1,0,2,0,1,2,0,1,2,Male,65,SIM-3209,synthetic_simulation,4,5,1,5,3,4,2,2,5,3,2,4,2,2,2,4,Buddhism,Colombo,Group C
23,86,1,2,1,4,100,2,1,0,1,0,1,0,3,0,2,2,Male,69,SIM-3210,synthetic_simulation,1,4,3,2,5,1,5,4,4,4,5,2,2,3,4,2,Christianity,Negombo,Group A
27,75,2,2,0,8,60,2,1,4,2,2,1,2,2,0,2,1,Male,69,SIM-3211,synthetic_simulation,5,4,4,4,5,2,1,4,2,5,5,3,2,4,5,3,Other,Colombo,Group B
13,93,2,0,0,9,62,1,1,0,1,2,0,1,3,0,1,1,Male,65,SIM-3212,synthetic_simulation,1,2,4,4,2,2,1,1,4,3,5,1,4,1,4,3,Christianity,Kandy,Group A
30,98,0,0,1,8,83,0,0,1,1,0,1,1,3,0,1,2,Female,76,SIM-3213,synthetic_simulation,5,4,5,5,5,5,3,1,4,2,2,1,1,2,3,2,Islam,Negombo,Group B
29,92,2,0,0,8,58,1,1,2,2,1,0,1,3,0,0,2,Non-binary,72,SIM-3214,synthetic_simulation,5,3,1,5,1,4,4,3,3,5,3,2,3,2,1,5,Christianity,Kandy,Group A
24,75,2,1,0,7,94,2,1,2,2,0,1,0,4,0,1,2,Female,67,SIM-3215,synthetic_simulation,5,3,2,4,5,5,1,2,1,1,5,5,1,3,3,4,Christianity,Jaffna,Group A
31,92,0,2,1,7,55,2,1,3,1,0,1,2,3,0,1,2,Non-binary,74,SIM-3216,synthetic_simulation,4,2,2,3,1,4,2,5,4,3,1,2,1,4,5,5,Islam,Colombo,Group B
10,74,2,2,1,10,99,0,1,2,2,0,1,1,3,0,0,2,Non-binary,66,SIM-3217,synthetic_simulation,1,1,3,3,1,1,1,1,2,5,4,2,1,5,1,1,Buddhism,Jaffna,Group C
17,67,0,0,1,9,94,2,1,2,1,1,0,2,3,0,1,2,Female,66,SIM-3218,synthetic_simulation,1,1,2,5,3,1,4,2,1,5,4,2,5,4,4,3,Other,Galle,Group C
16,61,2,0,0,6,92,0,1,4,0,0,1,1,3,0,1,2,Non-binary,66,SIM-3219,synthetic_simulation,4,3,4,3,5,3,2,1,2,3,4,5,3,4,5,5,Hinduism,Jaffna,Group A
24,75,1,0,1,9,70,0,1,5,0,0,1,0,5,0,0,2,Non-binary,71,SIM-3220,synthetic_simulation,3,4,4,2,3,4,4,1,4,5,3,4,3,3,1,1,Other,Galle,Group B
14,96,2,1,0,9,76,2,1,0,1,0,1,1,3,0,1,1,Male,66,SIM-3221,synthetic_simulation,2,2,1,2,5,4,5,4,1,5,4,4,5,3,1,1,Hinduism,Colombo,Group D
25,70,1,0,0,8,73,0,1,1,1,1,1,0,2,0,2,2,Male,65,SIM-3222,synthetic_simulation,1,1,3,2,1,2,4,2,5,3,4,1,5,1,4,2,Christianity,Kandy,Group C
28,68,1,0,1,8,99,2,1,1,0,2,1,1,3,0,1,2,Non-binary,69,SIM-3223,synthetic_simulation,2,1,2,4,5,2,4,4,4,2,2,4,2,5,3,1,Buddhism,Negombo,Group A
24,99,2,1,1,8,52,1,1,1,1,0,1,0,2,0,1,2,Non-binary,69,SIM-3224,synthetic_simulation,4,5,1,4,3,5,4,4,4,1,3,2,5,3,3,5,Christianity,Negombo,Group D
22,61,2,2,1,5,69,1,1,2,1,0,1,1,2,0,1,0,Non-binary,63,SIM-3225,synthetic_simulation,3,3,5,4,4,3,2,2,3,3,3,4,4,1,3,1,Hinduism,Galle,Group A
14,91,1,2,0,5,98,0,1,0,0,0,1,1,3,0,1,2,Female,68,SIM-3226,synthetic_simulation,3,4,5,4,3,1,4,4,2,4,2,5,5,2,5,4,Buddhism,Kandy,Group A
15,73,2,2,0,8,68,2,1,1,0,2,1,1,3,0,1,2,Non-binary,64,SIM-3227,synthetic_simulation,3,2,2,4,4,4,4,3,5,5,1,4,2,1,1,2,Hinduism,Galle,Group C
27,61,2,2,0,5,70,2,1,2,1,1,1,1,2,0,0,2,Non-binary,64,SIM-3228,synthetic_simulation,4,1,2,5,2,5,3,5,1,1,4,2,5,5,2,4,Christianity,Negombo,Group D
25,97,2,0,1,5,82,0,1,1,1,0,1,0,5,0,0,1,Male,73,SIM-3229,synthetic_simulation,5,5,2,3,3,3,2,5,4,1,1,4,4,1,2,5,Hinduism,Negombo,Group A
20,66,1,0,1,4,95,0,1,2,0,2,1,1,2,0,1,1,Non-binary,66,SIM-3230,synthetic_simulation,5,3,4,5,5,2,4,3,4,3,2,1,5,1,4,1,Buddhism,Colombo,Group A
17,82,2,0,0,6,65,1,1,4,1,2,0,2,3,0,1,1,Non-binary,67,SIM-3231,synthetic_simulation,2,3,2,3,4,3,1,1,5,4,2,4,1,3,1,5,Other,Galle,Group C
8,71,0,2,1,8,97,2,1,3,2,2,0,1,1,1,1,2,Male,63,SIM-3232,synthetic_simulation,5,2,5,5,5,5,4,4,4,4,2,1,3,5,5,1,Christianity,Galle,Group D
14,63,2,2,1,8,64,0,1,1,1,2,1,1,3,0,1,1,Non-binary,61,SIM-3233,synthetic_simulation,5,1,2,2,4,1,1,5,2,2,2,3,4,1,1,1,Hinduism,Negombo,Group D
31,62,2,2,1,8,91,0,1,4,0,0,1,2,4,0,1,1,Non-binary,71,SIM-3234,synthetic_simulation,3,2,3,1,3,2,5,2,1,4,5,5,4,4,4,1,Hinduism,Negombo,Group D
12,65,1,2,1,6,64,2,1,1,2,2,1,2,3,0,0,2,Female,61,SIM-3235,synthetic_simulation,3,2,5,4,3,2,5,1,5,3,2,1,4,1,2,2,Other,Colombo,Group B
21,63,2,1,1,7,54,1,1,1,2,2,0,2,3,0,0,1,Non-binary,62,SIM-3236,synthetic_simulation,2,5,3,1,5,1,2,5,5,1,1,3,1,2,5,5,Buddhism,Kandy,Group A
26,90,0,0,1,8,91,2,1,1,0,0,0,1,4,1,1,2,Male,74,SIM-3237,synthetic_simulation,1,3,5,1,3,2,2,4,3,1,2,3,1,2,2,2,Islam,Kandy,Group D
12,79,2,2,0,8,73,2,1,2,2,2,0,1,4,0,1,2,Non-binary,65,SIM-3238,synthetic_simulation,2,4,1,2,5,5,5,5,1,4,1,2,3,1,3,1,Islam,Kandy,Group D
21,74,1,1,1,6,70,1,1,2,1,0,1,2,3,0,1,1,Non-binary,64,SIM-3239,synthetic_simulation,2,3,5,1,1,2,2,4,5,5,2,3,2,1,4,2,Islam,Jaffna,Group D
26,77,1,1,0,7,71,2,1,1,2,0,1,1,4,0,2,1,Non-binary,66,SIM-3240,synthetic_simulation,4,3,5,1,4,4,1,1,4,2,2,5,3,4,2,2,Christianity,Kandy,Group A
20,97,0,0,1,4,81,2,1,1,2,2,1,2,2,1,1,2,Non-binary,72,SIM-3241,synthetic_simulation,4,5,3,2,5,3,1,3,1,4,5,5,4,1,5,3,Islam,Colombo,Group A
37,96,0,2,1,7,63,2,1,0,2,0,0,2,4,0,1,2,Male,76,SIM-3242,synthetic_simulation,2,4,3,3,4,5,3,4,2,3,2,5,4,3,1,2,Islam,Galle,Group B
10,89,2,2,1,6,62,2,1,4,1,2,1,2,3,0,2,1,Male,67,SIM-3243,synthetic_simulation,2,1,5,5,1,1,2,4,5,2,4,5,4,5,4,5,Other,Galle,Group C
26,95,2,0,0,9,74,1,1,3,1,2,0,1,3,1,1,2,Non-binary,71,SIM-3244,synthetic_simulation,2,4,5,1,4,5,2,1,2,4,5,2,3,4,2,4,Islam,Kandy,Group D
19,73,0,2,0,6,52,2,1,1,2,2,1,2,3,0,1,2,Non-binary,65,SIM-3245,synthetic_simulation,5,1,4,4,5,4,3,1,5,2,5,4,2,1,3,5,Hinduism,Jaffna,Group B
25,75,1,1,1,7,82,2,1,3,2,0,0,0,4,0,2,2,Male,68,SIM-3246,synthetic_simulation,4,4,1,2,3,2,4,2,4,5,4,1,2,3,2,5,Other,Galle,Group C
23,85,2,2,1,6,91,1,1,1,1,0,1,1,3,0,1,0,Female,68,SIM-3247,synthetic_simulation,2,2,1,1,4,2,1,1,3,3,5,2,3,1,5,4,Hinduism,Jaffna,Group D
16,85,0,1,1,6,86,1,1,3,0,0,0,1,2,0,1,0,Non-binary,67,SIM-3248,synthetic_simulation,3,4,2,3,4,5,4,5,4,4,2,2,4,4,3,2,Christianity,Kandy,Group D
21,79,2,1,0,8,73,2,1,1,1,1,1,1,2,0,1,2,Non-binary,64,SIM-3249,synthetic_simulation,3,5,5,3,1,2,3,4,2,1,4,1,3,4,3,4,Other,Jaffna,Group A
9,76,1,0,0,6,78,1,0,0,2,2,1,0,4,1,2,2,Male,60,SIM-3250,synthetic_simulation,5,1,5,4,2,2,2,3,1,3,2,1,3,2,4,4,Hinduism,Negombo,Group B
24,99,2,2,0,10,51,1,1,1,1,2,1,1,3,0,1,2,Non-binary,70,SIM-3251,synthetic_simulation,5,3,5,1,3,4,4,1,2,5,5,4,5,2,5,5,Hinduism,Negombo,Group D
22,93,0,2,1,4,96,0,1,1,0,1,0,2,2,0,0,2,Non-binary,73,SIM-3252,synthetic_simulation,1,5,5,4,5,1,2,4,3,5,3,4,5,1,5,5,Buddhism,Negombo,Group A
24,77,2,2,1,8,78,1,1,2,0,0,0,2,3,0,1,1,Non-binary,69,SIM-3253,synthetic_simulation,1,1,1,3,1,3,3,3,5,1,4,5,1,5,3,3,Buddhism,Colombo,Group C
26,89,0,2,0,7,66,2,1,0,1,2,1,1,5,1,0,2,Non-binary,70,SIM-3254,synthetic_simulation,1,1,3,3,5,5,5,2,5,3,1,4,1,3,1,1,Buddhism,Colombo,Group A
22,71,2,2,0,7,65,1,1,1,1,2,1,1,3,0,0,2,Male,64,SIM-3255,synthetic_simulation,5,3,4,5,5,1,2,5,2,4,5,4,3,2,1,2,Buddhism,Kandy,Group C
21,64,0,1,1,7,83,0,1,2,1,1,1,1,3,0,1,1,Non-binary,64,SIM-3256,synthetic_simulation,5,2,3,3,4,3,4,2,1,1,3,1,5,2,4,4,Islam,Jaffna,Group C
15,74,0,2,1,8,79,2,1,0,0,2,1,0,3,0,0,2,Female,65,SIM-3257,synthetic_simulation,5,5,3,2,1,1,4,1,5,4,5,3,4,5,4,5,Christianity,Jaffna,Group A
16,76,2,2,0,7,59,1,1,0,1,2,1,1,2,0,0,2,Male,62,SIM-3258,synthetic_simulation,3,3,1,5,1,5,3,5,5,2,2,5,1,4,4,5,Islam,Negombo,Group B
27,61,2,2,1,9,70,2,1,0,2,2,1,1,2,0,1,2,Male,64,SIM-3259,synthetic_simulation,5,3,4,4,3,4,4,2,3,4,2,5,4,1,4,2,Christianity,Negombo,Group D
29,93,2,2,1,7,84,2,1,0,0,2,1,1,3,0,0,1,Female,72,SIM-3260,synthetic_simulation,3,2,5,3,2,4,1,4,3,2,2,2,4,1,3,3,Other,Negombo,Group A
19,74,2,1,1,5,65,0,0,1,1,0,1,2,3,0,1,2,Female,64,SIM-3261,synthetic_simulation,1,5,1,2,5,4,2,1,1,4,3,4,1,3,4,5,Christianity,Jaffna,Group D
20,83,2,2,1,7,75,2,1,0,2,2,1,1,4,0,1,2,Non-binary,67,SIM-3262,synthetic_simulation,1,3,1,5,3,1,1,2,5,2,2,4,3,5,1,4,Islam,Jaffna,Group B
15,63,0,0,1,9,63,1,0,4,0,0,0,0,3,0,0,2,Female,64,SIM-3263,synthetic_simulation,1,2,4,2,3,5,3,5,4,3,5,1,5,5,2,2,Other,Negombo,Group C
27,67,1,2,0,6,54,2,1,0,2,1,0,0,2,0,1,0,Non-binary,61,SIM-3264,synthetic_simulation,2,5,2,5,5,2,1,5,2,5,5,4,1,5,1,4,Other,Jaffna,Group A
24,96,2,0,1,5,69,2,1,1,1,2,1,2,4,0,1,2,Non-binary,72,SIM-3265,synthetic_simulation,2,4,1,5,4,2,1,3,5,3,5,2,2,4,4,1,Other,Colombo,Group A
32,84,2,2,1,8,87,2,0,2,2,2,1,2,1,0,1,0,Non-binary,70,SIM-3266,synthetic_simulation,4,1,3,5,4,4,2,5,2,1,4,1,2,5,3,5,Buddhism,Kandy,Group B
15,98,2,0,0,8,61,2,1,4,1,2,1,2,2,0,1,1,Male,70,SIM-3267,synthetic_simulation,4,2,3,4,5,1,2,5,5,3,5,5,4,4,5,2,Islam,Negombo,Group B
18,100,2,2,0,6,88,2,1,2,2,2,1,1,2,0,0,1,Non-binary,71,SIM-3268,synthetic_simulation,4,1,5,5,1,2,5,1,3,3,2,4,2,1,2,5,Buddhism,Galle,Group C
21,75,0,0,0,7,83,1,1,1,2,2,1,2,2,0,0,2,Non-binary,68,SIM-3269,synthetic_simulation,2,4,1,5,2,1,1,5,1,5,4,4,4,4,2,1,Hinduism,Colombo,Group B
24,72,2,2,0,7,75,2,1,3,0,2,0,1,2,0,0,2,Male,68,SIM-3270,synthetic_simulation,2,3,5,2,4,5,2,3,4,3,4,2,5,1,4,2,Other,Negombo,Group B
19,94,0,0,0,7,99,2,1,0,1,2,1,1,1,1,1,2,Non-binary,70,SIM-3271,synthetic_simulation,4,3,1,5,2,4,1,5,3,1,4,2,1,3,4,4,Other,Negombo,Group D
15,100,0,0,0,8,94,0,1,2,2,0,1,0,3,0,0,2,Male,73,SIM-3272,synthetic_simulation,4,5,4,4,3,3,1,3,1,3,4,1,1,5,2,4,Other,Jaffna,Group B
25,85,0,2,0,6,78,1,1,2,2,0,1,1,1,0,1,0,Male,69,SIM-3273,synthetic_simulation,5,2,1,2,3,4,3,4,3,3,3,5,5,3,3,1,Islam,Colombo,Group D
24,92,2,0,0,8,78,0,1,0,2,2,1,1,3,0,1,2,Non-binary,71,SIM-3274,synthetic_simulation,4,2,2,5,5,3,3,3,2,3,5,2,4,5,2,5,Other,Kandy,Group D
15,91,1,2,0,6,64,1,1,1,1,0,1,2,3,1,1,2,Non-binary,64,SIM-3275,synthetic_simulation,5,5,3,2,5,2,1,1,5,3,3,2,3,3,3,2,Islam,Galle,Group A
28,74,2,2,0,9,96,1,1,0,2,2,0,1,3,0,1,2,Non-binary,68,SIM-3276,synthetic_simulation,3,1,4,4,5,3,3,2,3,5,1,5,2,2,1,4,Hinduism,Negombo,Group B
27,83,2,2,0,10,95,2,1,0,0,1,0,1,4,0,1,1,Male,69,SIM-3277,synthetic_simulation,2,3,3,2,4,1,2,2,1,5,3,3,5,2,4,4,Hinduism,Kandy,Group D
21,93,0,1,0,6,87,2,1,1,1,0,1,2,2,0,1,2,Female,70,SIM-3278,synthetic_simulation,4,3,5,4,2,3,1,4,5,1,4,1,2,4,3,5,Hinduism,Galle,Group C
20,88,2,2,0,5,56,2,1,1,1,2,1,1,4,0,1,2,Male,67,SIM-3279,synthetic_simulation,2,2,4,3,3,2,3,1,2,1,5,3,3,3,2,1,Buddhism,Kandy,Group B
23,61,2,0,1,8,85,2,1,1,2,0,0,2,0,0,1,2,Female,66,SIM-3280,synthetic_simulation,2,2,2,5,2,2,2,4,2,1,5,5,4,5,1,1,Other,Jaffna,Group A
15,73,2,0,0,7,63,2,1,2,2,2,1,1,5,0,2,1,Female,65,SIM-3281,synthetic_simulation,2,5,3,4,4,4,1,4,4,3,2,4,2,1,2,1,Hinduism,Colombo,Group D
20,66,2,0,1,8,59,1,1,4,2,2,1,2,3,0,0,2,Non-binary,66,SIM-3282,synthetic_simulation,3,4,1,5,2,2,1,5,5,4,3,1,4,4,1,4,Christianity,Negombo,Group B
7,69,1,2,1,6,88,2,1,0,1,0,0,0,4,0,2,2,Male,61,SIM-3283,synthetic_simulation,1,1,1,4,2,1,3,5,2,3,5,5,3,4,5,4,Islam,Galle,Group B
25,96,1,2,0,7,98,2,1,0,1,2,1,2,2,0,1,2,Male,71,SIM-3284,synthetic_simulation,4,4,1,1,5,3,2,1,3,4,1,5,4,2,1,4,Christianity,Negombo,Group B
11,61,0,1,1,6,55,2,1,5,0,1,1,1,3,0,1,0,Male,60,SIM-3285,synthetic_simulation,1,4,4,1,2,5,1,2,2,1,1,1,3,3,3,4,Hinduism,Galle,Group B
29,69,2,2,1,7,58,2,1,1,1,1,1,2,2,0,0,2,Male,66,SIM-3286,synthetic_simulation,1,2,2,1,2,2,1,3,2,3,3,3,1,3,5,4,Buddhism,Kandy,Group C
18,72,1,1,1,5,61,1,1,1,2,2,0,0,4,0,0,1,Female,61,SIM-3287,synthetic_simulation,1,2,2,4,2,3,5,5,2,1,2,4,2,4,1,4,Buddhism,Negombo,Group D
19,85,2,2,1,7,98,0,1,2,2,2,1,0,3,1,1,1,Non-binary,68,SIM-3288,synthetic_simulation,2,2,2,5,1,4,1,1,4,5,1,3,2,2,1,3,Christianity,Colombo,Group C
16,81,2,0,1,5,85,0,0,2,1,2,1,2,3,0,0,2,Female,68,SIM-3289,synthetic_simulation,5,4,3,1,3,5,5,1,1,1,2,2,3,1,3,2,Hinduism,Galle,Group C
18,69,2,2,1,6,84,2,1,2,1,2,1,2,4,0,1,2,Female,65,SIM-3290,synthetic_simulation,2,1,4,5,3,4,5,2,2,3,3,3,3,2,4,1,Other,Jaffna,Group B
29,67,0,1,0,7,75,2,0,3,1,2,1,1,1,0,1,2,Female,65,SIM-3291,synthetic_simulation,2,2,1,4,2,1,2,1,1,5,5,2,5,3,4,2,Islam,Kandy,Group D
5,69,2,2,1,8,77,2,0,2,1,0,1,0,2,0,0,2,Male,60,SIM-3292,synthetic_simulation,1,3,3,5,5,4,4,1,5,5,2,1,3,1,4,5,Islam,Jaffna,Group D
28,80,1,2,0,8,65,1,1,2,1,2,0,1,2,0,0,2,Female,67,SIM-3293,synthetic_simulation,2,1,2,5,5,3,5,2,1,4,1,2,3,4,5,1,Buddhism,Kandy,Group B
22,71,0,2,0,8,58,2,0,2,1,2,1,0,4,0,0,2,Male,65,SIM-3294,synthetic_simulation,1,3,1,1,5,5,2,5,5,2,2,5,4,1,4,1,Christianity,Colombo,Group B
13,98,0,2,1,5,89,0,1,1,0,2,1,0,3,0,1,2,Male,70,SIM-3295,synthetic_simulation,5,1,4,2,3,4,3,2,4,5,5,2,4,4,5,4,Hinduism,Jaffna,Group C
14,79,2,2,0,9,74,2,1,1,2,2,1,1,4,0,1,2,Male,64,SIM-3296,synthetic_simulation,4,2,5,3,4,4,5,4,5,2,5,5,2,2,4,4,Hinduism,Kandy,Group B
30,62,2,0,1,6,63,2,1,2,1,0,1,2,4,0,1,1,Male,68,SIM-3297,synthetic_simulation,1,5,2,4,2,1,4,5,5,1,1,5,4,1,3,5,Other,Jaffna,Group B
14,89,0,2,0,6,82,0,1,2,2,2,1,0,4,0,0,1,Female,69,SIM-3298,synthetic_simulation,5,2,2,4,3,3,3,4,3,1,2,3,4,5,5,2,Other,Kandy,Group C
13,73,2,0,1,7,60,0,1,0,0,0,1,1,3,0,0,2,Female,65,SIM-3299,synthetic_simulation,4,4,2,4,5,4,5,1,4,5,2,4,2,3,4,2,Hinduism,Colombo,Group B
27,86,2,2,0,6,74,2,1,2,0,0,0,1,3,0,1,2,Male,71,SIM-3300,synthetic_simulation,3,4,2,3,3,3,5,4,2,4,4,3,1,4,2,2,Hinduism,Negombo,Group C
22,71,2,2,1,8,60,1,1,1,2,0,1,1,4,0,1,1,Non-binary,65,SIM-3301,synthetic_simulation,1,1,1,2,3,2,4,2,4,1,1,3,5,1,4,5,Islam,Kandy,Group D
14,83,2,0,1,8,88,1,1,0,0,2,1,0,2,1,1,1,Male,65,SIM-3302,synthetic_simulation,1,4,4,5,3,1,1,2,3,2,2,5,4,1,2,3,Christianity,Galle,Group D
21,91,2,2,1,6,66,0,1,0,2,2,1,2,2,1,0,0,Female,68,SIM-3303,synthetic_simulation,3,2,3,4,5,1,4,3,5,5,3,4,1,5,2,2,Islam,Negombo,Group B
14,97,2,1,0,7,72,0,1,1,1,1,1,1,3,0,1,2,Male,66,SIM-3304,synthetic_simulation,3,3,1,5,4,1,2,1,4,5,4,5,5,2,1,1,Other,Jaffna,Group C
27,70,1,1,1,7,88,2,0,1,0,2,1,1,3,0,1,2,Female,65,SIM-3305,synthetic_simulation,1,2,4,1,1,3,2,2,3,4,1,4,2,5,4,1,Buddhism,Jaffna,Group D
26,73,0,0,1,8,83,1,1,2,2,2,1,2,4,0,0,2,Female,71,SIM-3306,synthetic_simulation,3,1,3,1,2,4,4,5,2,5,5,2,4,1,1,4,Hinduism,Jaffna,Group C
23,79,1,2,1,6,70,2,1,3,2,0,1,0,4,0,2,1,Non-binary,68,SIM-3307,synthetic_simulation,2,4,2,1,2,4,4,2,5,3,1,5,4,3,1,4,Hinduism,Galle,Group B
22,97,2,2,1,6,54,2,0,2,0,2,1,1,2,0,0,2,Female,70,SIM-3308,synthetic_simulation,4,3,4,4,3,3,4,5,4,2,3,3,3,1,5,2,Christianity,Galle,Group B
31,96,2,1,0,5,96,1,1,3,1,0,0,1,2,0,0,2,Male,74,SIM-3309,synthetic_simulation,4,5,2,3,4,3,4,1,4,3,3,5,4,1,2,2,Other,Galle,Group D
20,64,0,1,1,6,50,0,1,0,1,2,0,1,2,0,1,2,Female,62,SIM-3310,synthetic_simulation,4,3,4,4,5,2,4,3,5,3,5,1,4,1,1,4,Hinduism,Galle,Group D
13,65,2,0,0,5,87,1,1,1,2,2,1,2,2,1,1,1,Male,61,SIM-3311,synthetic_simulation,2,3,5,1,1,5,5,3,4,2,5,1,1,5,4,1,Islam,Galle,Group B
23,80,0,0,1,6,97,2,1,0,2,2,0,1,3,0,1,2,Non-binary,70,SIM-3312,synthetic_simulation,3,2,2,1,1,5,3,4,5,5,5,1,1,5,3,5,Christianity,Galle,Group A
33,64,1,2,1,9,65,2,1,0,2,2,1,0,2,0,0,1,Non-binary,65,SIM-3313,synthetic_simulation,5,5,2,4,3,1,2,2,3,5,4,3,4,4,4,5,Hinduism,Negombo,Group C
14,74,2,2,1,8,54,0,1,2,1,1,1,1,2,0,1,1,Female,62,SIM-3314,synthetic_simulation,3,1,2,3,3,4,2,1,5,3,3,3,5,4,2,5,Buddhism,Negombo,Group D
18,66,0,0,0,9,62,2,1,2,0,2,1,1,4,0,1,1,Non-binary,65,SIM-3315,synthetic_simulation,1,1,1,3,5,1,3,4,2,2,5,1,2,4,5,2,Other,Jaffna,Group D
22,85,0,2,0,6,66,1,1,0,1,2,0,2,4,0,0,2,Female,68,SIM-3316,synthetic_simulation,4,3,3,5,5,4,4,1,5,1,3,3,1,1,4,5,Christianity,Galle,Group C
20,98,2,0,1,4,73,2,1,2,2,1,0,2,1,0,1,0,Non-binary,70,SIM-3317,synthetic_simulation,3,3,2,2,5,4,3,1,4,2,4,3,5,4,4,3,Islam,Colombo,Group C
14,100,2,1,0,7,76,1,1,1,2,2,0,1,3,0,2,2,Female,68,SIM-3318,synthetic_simulation,5,4,2,1,3,2,4,4,5,3,4,3,4,4,1,2,Other,Jaffna,Group C
27,75,1,2,0,10,86,2,0,3,2,2,0,2,6,0,2,2,Female,69,SIM-3319,synthetic_simulation,1,5,1,3,4,3,2,1,5,2,3,1,3,2,4,3,Hinduism,Jaffna,Group A
34,84,2,0,1,6,95,2,1,1,1,2,0,1,3,0,2,0,Male,73,SIM-3320,synthetic_simulation,2,3,1,1,3,3,1,4,5,2,5,2,1,5,2,2,Buddhism,Kandy,Group C
21,94,2,2,1,7,73,2,1,1,2,2,0,2,5,0,0,2,Female,71,SIM-3321,synthetic_simulation,2,4,5,2,3,3,2,2,2,1,1,2,1,4,3,2,Islam,Jaffna,Group A
15,65,1,0,1,5,87,2,1,0,1,0,0,1,4,0,1,2,Male,63,SIM-3322,synthetic_simulation,5,5,4,1,1,5,2,4,2,4,2,4,3,5,1,5,Other,Jaffna,Group C
11,88,0,2,1,7,56,1,1,2,2,2,1,1,2,0,0,2,Female,66,SIM-3323,synthetic_simulation,1,1,2,3,5,3,1,2,4,4,3,5,4,3,4,2,Hinduism,Jaffna,Group A
22,76,0,1,1,7,66,1,1,1,1,0,0,2,4,0,2,2,Female,67,SIM-3324,synthetic_simulation,4,4,4,5,2,5,3,3,4,1,4,2,1,2,3,3,Christianity,Kandy,Group C
27,68,1,0,0,4,56,2,1,0,1,0,1,1,1,0,1,2,Female,64,SIM-3325,synthetic_simulation,3,5,1,4,5,1,5,4,5,2,5,4,4,3,4,1,Hinduism,Colombo,Group A
23,76,2,1,1,5,85,2,1,1,2,1,1,1,3,0,1,2,Non-binary,66,SIM-3326,synthetic_simulation,1,4,1,4,4,5,4,3,1,3,2,2,5,5,5,3,Christianity,Galle,Group C
20,63,0,0,1,5,95,2,1,2,0,0,1,2,3,0,0,2,Non-binary,69,SIM-3327,synthetic_simulation,2,3,5,3,4,4,4,4,3,1,3,1,1,5,2,4,Christianity,Kandy,Group A
16,88,2,0,1,5,94,0,1,4,2,2,0,2,6,0,0,1,Female,72,SIM-3328,synthetic_simulation,5,2,3,3,5,2,2,1,5,4,1,4,4,3,5,2,Hinduism,Galle,Group A
13,70,2,0,1,6,66,2,1,1,2,2,1,0,4,0,1,2,Non-binary,63,SIM-3329,synthetic_simulation,5,1,1,2,5,2,1,3,3,4,1,1,5,4,1,3,Buddhism,Negombo,Group B
25,72,2,0,1,8,62,2,1,2,1,2,1,2,2,0,1,2,Female,67,SIM-3330,synthetic_simulation,3,3,2,1,3,4,2,5,2,1,4,1,1,2,3,5,Christianity,Jaffna,Group D
25,65,1,2,0,6,64,2,1,1,2,2,0,0,4,0,0,2,Male,64,SIM-3331,synthetic_simulation,5,3,5,2,2,1,2,5,4,2,4,4,2,5,5,4,Christianity,Jaffna,Group C
11,95,2,2,1,9,64,0,1,4,1,2,1,2,4,0,1,1,Male,68,SIM-3332,synthetic_simulation,5,5,3,4,3,2,3,5,1,5,4,4,4,1,4,1,Hinduism,Jaffna,Group B
30,80,0,0,0,6,54,0,1,1,0,2,1,2,3,0,1,1,Female,71,SIM-3333,synthetic_simulation,1,4,5,1,1,4,4,3,4,3,3,2,5,2,5,3,Christianity,Jaffna,Group A
23,83,2,1,1,7,57,2,0,2,2,0,1,2,4,0,1,1,Male,67,SIM-3334,synthetic_simulation,4,1,1,2,1,2,5,2,2,5,1,2,2,3,3,3,Islam,Colombo,Group D
28,83,2,1,0,8,61,2,1,1,1,2,0,0,5,1,2,2,Male,67,SIM-3335,synthetic_simulation,3,3,3,4,4,5,1,4,5,3,1,5,4,5,4,3,Other,Galle,Group B
12,76,2,2,1,9,50,2,1,2,2,0,1,0,3,0,0,2,Non-binary,64,SIM-3336,synthetic_simulation,1,5,4,1,4,2,5,1,2,5,4,2,1,5,1,4,Hinduism,Kandy,Group B
12,68,0,1,0,6,52,1,1,5,0,0,1,1,3,0,0,2,Male,63,SIM-3337,synthetic_simulation,4,1,3,5,2,5,1,1,1,5,4,4,4,3,5,5,Islam,Kandy,Group A
19,90,0,0,0,8,85,2,1,2,2,2,1,1,4,0,0,2,Female,72,SIM-3338,synthetic_simulation,1,4,2,5,4,5,4,3,5,3,5,2,5,1,2,4,Christianity,Colombo,Group B
23,65,1,2,1,6,81,1,1,2,1,2,1,1,2,0,1,2,Non-binary,63,SIM-3339,synthetic_simulation,1,3,4,2,1,2,3,5,5,3,1,4,1,1,3,5,Christianity,Colombo,Group B
31,64,0,2,0,10,97,1,1,2,2,2,0,0,4,0,1,0,Female,67,SIM-3340,synthetic_simulation,5,3,4,3,2,2,5,1,1,4,4,5,1,5,2,5,Christianity,Negombo,Group B
24,88,1,2,1,5,70,2,0,1,1,2,0,2,2,0,2,2,Female,68,SIM-3341,synthetic_simulation,4,3,2,1,1,5,1,1,4,2,4,4,1,4,4,1,Other,Galle,Group B
19,68,1,0,1,8,72,0,1,2,1,0,0,1,3,0,0,0,Female,64,SIM-3342,synthetic_simulation,3,1,4,2,5,2,2,2,5,2,4,5,3,1,2,2,Buddhism,Jaffna,Group A
14,72,2,0,0,9,53,2,1,4,2,2,1,0,3,0,2,2,Male,65,SIM-3343,synthetic_simulation,3,1,1,3,5,1,4,1,4,4,5,5,5,1,3,2,Hinduism,Jaffna,Group A
27,79,2,1,1,5,58,0,1,2,2,2,0,1,1,0,2,0,Male,68,SIM-3344,synthetic_simulation,4,1,3,3,2,3,3,1,3,5,1,5,2,4,3,3,Islam,Colombo,Group B
14,78,2,0,1,8,85,2,1,2,1,2,0,0,4,0,1,2,Non-binary,66,SIM-3345,synthetic_simulation,5,1,3,1,3,3,2,4,1,3,1,1,1,1,2,2,Buddhism,Colombo,Group C
30,88,2,2,1,6,62,0,1,4,1,2,0,2,5,0,0,0,Female,73,SIM-3346,synthetic_simulation,2,5,2,1,4,4,3,1,3,1,1,3,5,4,2,3,Hinduism,Kandy,Group C
18,85,1,2,1,10,89,2,1,1,0,2,0,2,3,0,1,2,Male,68,SIM-3347,synthetic_simulation,1,2,1,3,2,3,1,4,5,5,5,4,3,3,4,4,Christianity,Kandy,Group B
30,86,2,0,0,4,85,0,1,2,2,2,0,1,5,1,2,0,Female,72,SIM-3348,synthetic_simulation,5,5,4,4,4,1,2,5,1,2,3,2,3,2,2,2,Christianity,Colombo,Group A
24,89,2,2,1,5,87,2,0,3,0,2,1,1,0,0,1,2,Male,70,SIM-3349,synthetic_simulation,4,3,3,2,1,3,3,2,5,3,5,3,1,2,3,1,Islam,Negombo,Group D
19,72,2,2,1,5,85,0,1,1,1,2,0,1,4,0,0,2,Female,66,SIM-3350,synthetic_simulation,1,5,3,1,3,3,4,1,1,4,2,3,5,3,2,1,Buddhism,Negombo,Group D
17,73,1,2,1,5,85,0,1,3,2,2,1,2,1,0,0,2,Female,66,SIM-3351,synthetic_simulation,3,4,3,3,4,1,5,2,4,5,5,1,3,1,1,1,Christianity,Jaffna,Group B
18,78,1,1,1,8,77,2,1,2,2,0,0,1,4,0,0,2,Female,66,SIM-3352,synthetic_simulation,2,1,3,4,5,5,5,2,2,1,2,4,1,2,3,4,Other,Negombo,Group D
23,72,0,1,1,10,84,1,1,2,1,2,1,0,2,0,1,1,Male,65,SIM-3353,synthetic_simulation,3,4,5,5,5,3,2,2,2,5,4,4,4,3,3,3,Hinduism,Jaffna,Group A
20,99,0,1,1,9,76,0,1,2,1,2,1,1,5,0,0,0,Male,71,SIM-3354,synthetic_simulation,4,4,2,3,1,4,4,3,1,4,2,2,4,2,4,4,Islam,Negombo,Group C
16,93,1,2,1,7,60,2,1,1,2,2,1,2,1,0,1,1,Male,66,SIM-3355,synthetic_simulation,1,3,4,4,2,3,4,4,3,1,5,1,4,1,4,4,Other,Negombo,Group D
19,67,2,1,0,7,61,0,1,1,2,2,0,1,4,0,0,1,Male,63,SIM-3356,synthetic_simulation,4,1,4,5,4,3,3,2,1,5,3,3,2,4,5,4,Islam,Colombo,Group B
20,60,2,2,1,6,70,2,1,2,1,2,1,1,3,1,2,2,Non-binary,63,SIM-3357,synthetic_simulation,1,4,2,4,1,1,2,5,4,4,1,4,5,3,4,5,Hinduism,Negombo,Group B
7,62,0,2,1,8,51,1,1,0,2,1,1,2,3,0,0,1,Female,58,SIM-3358,synthetic_simulation,5,3,1,1,5,1,4,1,3,5,5,1,4,2,1,4,Buddhism,Jaffna,Group A
23,70,2,0,0,7,94,1,1,3,2,0,1,1,3,0,1,2,Male,68,SIM-3359,synthetic_simulation,2,1,2,3,5,4,3,2,1,3,1,5,3,1,4,2,Other,Galle,Group D
14,65,0,2,0,7,63,2,1,2,1,2,1,1,3,0,1,1,Male,61,SIM-3360,synthetic_simulation,5,2,3,5,5,2,4,2,1,5,2,4,2,2,5,3,Christianity,Galle,Group A
13,81,2,0,0,6,53,1,1,2,1,2,1,2,4,0,1,2,Female,65,SIM-3361,synthetic_simulation,5,3,3,4,3,1,2,1,5,4,4,3,4,1,3,1,Islam,Kandy,Group C
10,94,0,1,0,5,71,2,1,1,0,2,1,2,3,0,1,1,Female,67,SIM-3362,synthetic_simulation,4,5,2,5,3,2,4,5,4,2,4,5,1,1,4,5,Buddhism,Jaffna,Group C
9,89,1,0,1,7,91,2,1,1,0,1,1,1,3,0,2,2,Female,67,SIM-3363,synthetic_simulation,2,1,2,2,5,4,4,2,4,4,5,5,3,1,5,3,Hinduism,Colombo,Group B
12,69,0,1,0,7,70,2,1,1,2,2,0,2,4,0,1,2,Male,62,SIM-3364,synthetic_simulation,1,4,4,3,2,3,4,2,2,5,2,5,2,1,4,3,Christianity,Colombo,Group B
16,76,2,0,1,6,63,0,1,0,1,2,1,2,1,0,1,2,Non-binary,86,SIM-3365,synthetic_simulation,1,4,4,1,3,3,5,5,5,3,2,3,2,3,4,4,Islam,Kandy,Group D
32,80,0,2,0,6,77,1,1,0,2,2,1,1,5,0,0,2,Non-binary,71,SIM-3366,synthetic_simulation,3,5,5,5,4,2,1,2,3,2,1,1,3,4,3,1,Buddhism,Galle,Group D
17,92,2,2,1,8,79,2,1,1,1,2,1,2,3,0,2,2,Non-binary,70,SIM-3367,synthetic_simulation,1,5,5,4,3,4,2,5,2,4,2,4,4,3,5,3,Hinduism,Jaffna,Group A
21,94,2,2,0,8,88,2,1,1,2,2,1,2,3,0,0,2,Non-binary,71,SIM-3368,synthetic_simulation,4,4,3,5,4,4,5,2,4,2,3,1,1,2,4,2,Buddhism,Negombo,Group C
22,96,0,1,0,10,90,0,1,2,1,2,1,1,3,1,0,1,Female,71,SIM-3369,synthetic_simulation,5,1,5,4,3,1,1,1,1,3,4,3,1,3,3,1,Hinduism,Kandy,Group C
21,80,0,0,1,9,85,1,1,1,0,2,1,0,3,0,0,2,Non-binary,70,SIM-3370,synthetic_simulation,5,3,5,5,5,2,4,5,5,1,3,2,1,3,5,2,Christianity,Jaffna,Group B
20,88,2,0,1,5,50,2,0,2,1,2,1,1,5,0,1,1,Non-binary,67,SIM-3371,synthetic_simulation,5,5,1,1,4,1,4,1,4,2,3,4,2,2,2,5,Other,Negombo,Group D
13,64,2,1,1,7,50,0,1,0,2,1,1,2,4,0,1,2,Non-binary,60,SIM-3372,synthetic_simulation,2,5,2,1,2,2,5,1,4,4,1,4,4,4,5,3,Islam,Negombo,Group D
29,83,0,0,0,5,99,2,1,0,2,0,1,1,4,0,0,2,Non-binary,73,SIM-3373,synthetic_simulation,1,5,4,3,3,1,3,2,5,3,2,2,3,3,4,5,Other,Jaffna,Group C
31,70,0,1,1,4,63,0,1,1,2,2,1,1,2,1,1,2,Female,67,SIM-3374,synthetic_simulation,4,2,5,1,3,1,2,5,4,4,1,5,5,1,4,2,Christianity,Colombo,Group A
10,77,1,0,1,10,64,0,1,1,1,2,0,0,3,1,0,2,Female,62,SIM-3375,synthetic_simulation,2,1,4,5,5,4,1,3,2,3,4,4,1,3,5,5,Other,Jaffna,Group A
14,85,2,0,0,9,87,0,1,0,2,2,1,0,3,0,0,2,Male,67,SIM-3376,synthetic_simulation,3,1,5,5,4,4,4,1,5,4,1,4,3,2,3,2,Islam,Jaffna,Group A
18,70,0,1,0,6,79,2,1,1,2,0,1,2,2,0,0,2,Female,65,SIM-3377,synthetic_simulation,4,1,5,1,5,3,2,1,4,3,3,4,3,4,5,4,Christianity,Colombo,Group C
14,62,2,2,0,9,73,2,1,1,1,2,1,1,6,0,1,2,Non-binary,61,SIM-3378,synthetic_simulation,4,1,3,2,4,3,4,1,4,5,1,3,1,3,4,4,Islam,Kandy,Group D
23,60,0,2,1,9,56,1,0,0,1,2,0,0,4,0,1,1,Male,61,SIM-3379,synthetic_simulation,4,1,1,5,3,4,4,2,5,4,2,2,5,3,4,5,Other,Colombo,Group D
16,61,0,2,0,4,54,1,1,1,1,2,0,1,2,0,1,2,Male,60,SIM-3380,synthetic_simulation,5,4,2,3,3,4,4,2,1,3,1,4,2,2,1,2,Buddhism,Negombo,Group A
33,60,0,0,0,8,85,1,1,4,1,1,1,0,3,0,1,2,Female,68,SIM-3381,synthetic_simulation,4,5,2,2,3,1,2,1,3,1,2,2,2,5,3,3,Buddhism,Galle,Group B
27,64,0,2,1,6,56,1,1,0,1,0,1,1,5,0,0,1,Male,65,SIM-3382,synthetic_simulation,1,4,3,1,3,3,5,2,5,3,3,5,4,5,1,1,Islam,Kandy,Group C
21,70,0,0,1,8,72,1,1,3,2,1,1,1,1,0,2,1,Female,67,SIM-3383,synthetic_simulation,4,2,3,4,1,4,2,2,1,1,2,4,2,3,4,5,Buddhism,Jaffna,Group C
26,69,0,1,0,10,87,1,1,2,2,1,1,2,2,0,2,2,Male,67,SIM-3384,synthetic_simulation,5,3,2,5,3,2,2,2,4,2,2,1,3,1,3,3,Islam,Jaffna,Group D
27,99,0,2,0,9,96,1,1,0,0,2,0,2,2,0,0,1,Non-binary,74,SIM-3385,synthetic_simulation,4,5,2,4,3,2,3,4,2,3,2,1,2,3,3,2,Other,Negombo,Group A
17,72,1,2,0,7,94,1,1,4,2,2,1,2,2,0,1,0,Non-binary,64,SIM-3386,synthetic_simulation,3,2,1,3,4,3,3,5,4,2,2,1,4,5,3,2,Hinduism,Negombo,Group D
15,65,2,0,1,9,93,1,1,2,1,1,0,1,3,0,0,2,Non-binary,64,SIM-3387,synthetic_simulation,3,4,5,2,3,2,5,2,4,2,4,1,3,3,5,5,Christianity,Kandy,Group D
20,82,2,1,1,4,68,2,1,2,1,0,1,1,3,0,1,2,Male,67,SIM-3388,synthetic_simulation,5,3,1,4,3,1,3,4,1,5,5,3,3,1,5,3,Other,Kandy,Group C
25,94,0,0,0,8,96,0,1,6,2,2,1,0,3,1,1,0,Female,74,SIM-3389,synthetic_simulation,1,2,2,3,4,3,5,4,5,3,4,5,5,4,4,5,Hinduism,Kandy,Group B
21,87,2,2,1,8,84,0,1,1,1,1,0,2,2,0,0,2,Male,69,SIM-3390,synthetic_simulation,1,3,5,4,3,4,4,2,3,5,1,4,1,3,3,4,Other,Negombo,Group B
11,72,1,2,0,8,94,0,1,1,1,1,1,2,2,0,1,2,Non-binary,62,SIM-3391,synthetic_simulation,2,2,2,4,3,2,4,4,3,5,4,5,1,2,3,2,Hinduism,Galle,Group D
15,82,2,2,1,6,54,2,1,1,2,2,1,2,2,0,0,2,Male,66,SIM-3392,synthetic_simulation,5,4,1,3,5,1,2,3,5,2,4,1,1,1,3,4,Islam,Colombo,Group C
20,89,0,0,1,8,52,1,1,2,2,2,1,0,3,0,0,1,Non-binary,69,SIM-3393,synthetic_simulation,4,3,1,5,1,4,4,4,5,4,2,5,4,3,5,5,Christianity,Negombo,Group D
20,89,0,2,1,8,71,2,1,1,2,2,1,0,1,0,2,0,Non-binary,68,SIM-3394,synthetic_simulation,5,2,1,4,4,5,3,5,2,2,1,5,2,5,4,2,Islam,Galle,Group C
32,87,0,2,1,4,91,2,1,2,0,2,1,1,2,0,1,1,Female,74,SIM-3395,synthetic_simulation,2,4,5,3,5,1,1,4,5,2,1,3,1,3,3,5,Christianity,Negombo,Group C
12,95,2,2,0,7,70,2,1,4,2,0,1,2,3,0,1,0,Non-binary,68,SIM-3396,synthetic_simulation,5,5,4,4,2,2,2,2,2,1,3,1,2,5,3,1,Hinduism,Colombo,Group C
23,95,2,2,1,6,94,0,1,2,2,2,1,1,3,0,1,2,Female,73,SIM-3397,synthetic_simulation,5,4,4,5,2,1,5,1,5,4,2,2,1,2,2,3,Buddhism,Kandy,Group C
29,83,2,1,0,8,62,1,1,4,0,2,1,0,5,0,0,2,Male,70,SIM-3398,synthetic_simulation,2,4,2,3,1,5,4,3,2,2,4,5,5,4,1,2,Buddhism,Galle,Group B
34,77,2,0,0,9,52,2,1,0,2,2,0,1,4,0,1,1,Female,69,SIM-3399,synthetic_simulation,1,5,5,4,2,5,2,4,5,4,3,5,2,5,5,2,Buddhism,Kandy,Group D
18,86,2,2,1,6,88,2,1,2,2,0,1,1,2,0,0,0,Female,68,SIM-3400,synthetic_simulation,4,4,3,1,1,1,2,3,5,1,3,1,4,3,2,4,Buddhism,Colombo,Group D
23,93,2,0,0,5,81,0,1,2,1,2,0,0,1,0,0,2,Non-binary,71,SIM-3401,synthetic_simulation,2,5,4,5,2,4,2,5,3,4,4,3,4,2,4,1,Other,Negombo,Group B
23,60,1,2,0,7,72,1,1,3,0,2,1,1,2,0,0,2,Non-binary,64,SIM-3402,synthetic_simulation,3,5,5,4,2,4,4,4,4,3,1,4,2,1,1,4,Other,Jaffna,Group B
21,100,2,2,0,5,92,1,1,3,1,1,1,2,3,1,2,2,Female,71,SIM-3403,synthetic_simulation,1,5,5,2,5,5,5,4,4,1,2,1,4,3,4,3,Buddhism,Colombo,Group C
19,67,2,2,0,7,91,2,1,1,1,0,1,1,3,0,1,2,Non-binary,65,SIM-3404,synthetic_simulation,3,2,4,3,2,3,2,3,2,4,2,4,3,1,5,5,Islam,Colombo,Group B
23,79,1,2,1,7,66,0,1,1,0,2,0,2,3,0,2,2,Male,68,SIM-3405,synthetic_simulation,1,3,5,4,1,3,2,4,1,5,4,2,4,5,4,1,Hinduism,Galle,Group B
5,95,2,0,1,8,92,1,1,1,1,0,0,1,2,0,0,2,Male,67,SIM-3406,synthetic_simulation,4,2,5,5,3,4,2,4,3,4,2,4,5,2,3,4,Buddhism,Jaffna,Group C
24,69,2,0,1,7,67,2,1,2,2,0,1,0,4,0,2,0,Non-binary,67,SIM-3407,synthetic_simulation,4,5,4,5,3,3,4,1,5,1,5,5,5,4,3,5,Islam,Galle,Group A
21,79,2,1,1,7,81,1,1,2,2,2,1,1,4,0,1,2,Female,67,SIM-3408,synthetic_simulation,5,3,1,2,3,4,3,3,3,5,3,3,2,3,4,3,Islam,Galle,Group B
19,65,2,0,1,9,60,1,1,1,1,2,1,1,3,0,2,1,Male,63,SIM-3409,synthetic_simulation,3,3,2,2,1,2,5,2,1,4,3,2,4,2,4,3,Islam,Kandy,Group C
32,76,2,2,0,7,63,2,1,0,2,1,1,2,3,0,1,2,Female,68,SIM-3410,synthetic_simulation,1,5,3,4,1,4,2,2,3,4,5,3,2,2,4,1,Other,Colombo,Group C
16,67,0,0,1,6,72,2,1,1,1,0,1,2,3,0,2,2,Male,66,SIM-3411,synthetic_simulation,4,3,2,1,3,2,2,5,1,1,2,3,1,4,4,1,Christianity,Colombo,Group D
18,75,2,2,1,7,66,0,1,1,0,0,1,2,4,0,1,2,Male,67,SIM-3412,synthetic_simulation,2,3,1,5,2,5,2,1,1,5,1,4,3,5,3,2,Other,Colombo,Group B
32,75,2,1,1,6,56,2,1,3,2,2,1,1,2,0,0,1,Non-binary,68,SIM-3413,synthetic_simulation,4,2,1,1,3,3,4,3,1,5,5,3,2,4,2,3,Buddhism,Jaffna,Group D
15,100,0,2,1,5,74,2,1,2,0,2,0,1,3,0,2,2,Non-binary,72,SIM-3414,synthetic_simulation,2,3,5,1,4,5,3,3,1,4,5,2,2,4,2,2,Buddhism,Kandy,Group D
17,100,2,2,0,5,76,1,1,3,1,0,0,1,3,0,2,1,Female,70,SIM-3415,synthetic_simulation,1,5,2,4,1,1,2,1,1,3,3,3,2,4,4,5,Buddhism,Jaffna,Group D
19,65,1,0,0,9,58,1,1,3,2,2,1,0,4,0,1,1,Non-binary,62,SIM-3416,synthetic_simulation,4,1,1,3,4,1,2,1,5,1,1,2,2,1,4,1,Hinduism,Negombo,Group A
25,89,2,1,1,6,59,2,1,2,1,2,1,1,2,0,0,2,Non-binary,69,SIM-3417,synthetic_simulation,4,1,2,3,4,5,4,5,3,1,1,5,5,3,1,2,Hinduism,Galle,Group D
21,62,2,1,1,7,51,1,1,0,1,2,0,2,4,0,1,2,Non-binary,61,SIM-3418,synthetic_simulation,1,1,1,3,1,4,5,2,4,2,2,5,3,4,4,3,Christianity,Galle,Group B
12,61,2,1,1,7,52,1,1,2,1,2,1,2,2,0,1,1,Male,58,SIM-3419,synthetic_simulation,4,5,3,2,3,4,5,3,4,5,1,4,1,3,2,5,Other,Jaffna,Group C
17,64,1,2,0,7,68,2,1,5,2,2,0,1,3,0,1,2,Female,63,SIM-3420,synthetic_simulation,2,1,1,5,5,3,3,1,5,5,2,1,3,4,5,1,Islam,Jaffna,Group C
16,99,0,2,0,9,57,0,0,4,2,2,1,2,3,0,0,2,Female,71,SIM-3421,synthetic_simulation,4,2,2,2,4,5,5,3,2,2,4,5,2,5,5,3,Other,Galle,Group C
20,98,1,2,1,7,96,1,0,1,1,0,1,2,3,0,0,2,Female,70,SIM-3422,synthetic_simulation,3,5,5,5,3,1,2,2,1,4,5,1,5,5,4,4,Buddhism,Kandy,Group C
23,68,0,2,0,6,60,2,1,1,1,2,1,1,3,0,1,2,Non-binary,64,SIM-3423,synthetic_simulation,5,5,2,5,5,5,4,3,3,4,5,2,1,4,4,5,Christianity,Kandy,Group C
23,66,0,1,0,6,53,1,1,2,2,2,1,2,1,0,0,0,Female,63,SIM-3424,synthetic_simulation,2,5,4,5,4,5,2,3,1,1,2,1,2,2,5,5,Hinduism,Galle,Group C
9,70,0,2,1,8,70,1,1,1,2,2,1,2,3,0,0,2,Female,63,SIM-3425,synthetic_simulation,3,3,2,4,3,3,2,1,1,4,2,3,2,3,1,4,Christianity,Negombo,Group D
26,81,0,1,0,8,60,0,1,2,1,0,1,2,5,0,2,2,Male,71,SIM-3426,synthetic_simulation,1,3,3,3,4,4,3,1,4,3,2,2,4,5,2,1,Islam,Jaffna,Group C
22,83,1,0,1,8,53,2,0,0,1,1,1,0,2,0,2,2,Female,65,SIM-3427,synthetic_simulation,2,3,3,2,3,1,5,1,1,3,5,3,3,1,4,3,Christianity,Colombo,Group B
28,69,0,0,0,7,88,1,1,2,1,2,1,1,2,0,1,1,Non-binary,68,SIM-3428,synthetic_simulation,5,4,3,2,2,3,5,2,3,3,2,1,3,2,4,5,Christianity,Negombo,Group D
23,90,2,0,1,5,78,0,0,1,2,2,0,1,3,0,1,1,Male,70,SIM-3429,synthetic_simulation,5,2,1,4,2,1,5,4,3,2,5,3,3,5,1,2,Christianity,Kandy,Group D
27,72,0,0,1,8,53,2,1,3,2,1,1,1,3,0,1,0,Male,68,SIM-3430,synthetic_simulation,1,5,3,5,1,1,2,2,4,3,5,2,4,2,2,1,Buddhism,Colombo,Group A
23,97,2,0,0,7,73,2,0,3,1,2,0,0,1,0,1,1,Male,69,SIM-3431,synthetic_simulation,1,5,2,3,5,4,4,1,5,2,3,3,5,3,4,1,Islam,Colombo,Group D
28,86,2,2,1,7,52,2,1,0,2,2,1,2,5,0,0,2,Female,70,SIM-3432,synthetic_simulation,2,3,5,1,4,4,4,5,4,1,3,1,5,2,2,3,Hinduism,Negombo,Group A
23,77,0,2,0,5,68,1,1,0,0,0,0,2,3,1,1,2,Male,67,SIM-3433,synthetic_simulation,4,5,3,1,4,3,2,3,4,1,4,3,5,1,2,4,Other,Negombo,Group A
19,92,1,0,1,6,68,2,1,2,2,2,1,1,2,0,1,2,Male,69,SIM-3434,synthetic_simulation,1,5,2,4,3,2,1,3,1,3,4,3,1,2,5,5,Hinduism,Jaffna,Group C
34,93,1,2,0,6,91,1,1,2,0,2,1,1,3,0,1,1,Male,73,SIM-3435,synthetic_simulation,4,1,1,3,5,3,2,3,2,2,1,4,4,5,4,5,Christianity,Negombo,Group A
25,72,2,2,1,8,87,1,1,3,2,1,1,2,3,0,2,1,Female,68,SIM-3436,synthetic_simulation,3,5,1,1,4,3,5,3,5,3,2,2,4,1,5,2,Christianity,Galle,Group C
23,74,0,2,0,8,95,2,1,2,1,2,1,0,2,0,0,0,Male,67,SIM-3437,synthetic_simulation,5,4,5,1,5,2,2,5,5,4,5,4,5,3,2,2,Other,Kandy,Group D
12,97,2,0,1,7,57,1,1,0,1,2,0,2,4,0,0,1,Female,67,SIM-3438,synthetic_simulation,4,3,5,2,5,1,1,1,5,2,1,1,5,5,4,2,Islam,Jaffna,Group B
12,67,2,0,1,8,77,2,1,2,1,0,0,2,3,0,0,2,Non-binary,64,SIM-3439,synthetic_simulation,5,2,2,3,2,5,2,4,1,2,3,5,5,3,3,2,Christianity,Jaffna,Group B
22,62,0,2,0,9,51,2,1,2,1,2,1,1,2,0,1,2,Female,63,SIM-3440,synthetic_simulation,4,2,5,1,4,2,5,3,4,2,5,1,4,4,3,3,Buddhism,Galle,Group C
21,78,1,0,0,8,91,2,0,1,2,1,0,0,5,0,2,2,Non-binary,67,SIM-3441,synthetic_simulation,3,1,5,2,4,5,3,4,1,2,1,1,5,5,1,3,Buddhism,Colombo,Group A
16,92,2,0,1,8,68,2,1,1,2,0,1,2,2,0,1,2,Non-binary,70,SIM-3442,synthetic_simulation,1,2,1,3,1,1,4,2,3,4,3,1,3,2,5,2,Hinduism,Negombo,Group C
21,91,0,2,1,6,53,0,1,1,2,2,1,2,3,0,2,2,Non-binary,71,SIM-3443,synthetic_simulation,3,2,2,5,5,2,1,2,2,3,4,1,5,3,2,2,Buddhism,Colombo,Group C
30,97,2,0,1,6,66,0,1,1,2,2,0,1,2,0,0,2,Male,74,SIM-3444,synthetic_simulation,1,3,5,3,3,4,3,3,2,1,2,4,3,2,3,2,Hinduism,Kandy,Group D
24,81,2,0,1,9,64,0,1,2,0,1,1,2,3,0,1,2,Female,70,SIM-3445,synthetic_simulation,1,3,2,4,2,3,4,1,1,5,2,1,2,1,4,5,Christianity,Kandy,Group C
13,64,1,1,0,6,88,2,1,1,2,2,1,1,2,0,0,1,Female,59,SIM-3446,synthetic_simulation,5,4,3,2,1,2,3,5,4,5,1,3,2,3,2,3,Buddhism,Jaffna,Group B
19,84,1,2,1,8,56,2,1,0,1,2,0,1,3,1,1,2,Male,64,SIM-3447,synthetic_simulation,3,1,1,5,2,2,2,3,5,2,3,1,4,3,1,1,Buddhism,Negombo,Group D
15,91,1,2,0,10,78,1,1,2,2,0,1,1,3,0,1,2,Female,67,SIM-3448,synthetic_simulation,4,2,1,2,3,1,2,2,3,2,1,5,1,1,2,3,Other,Colombo,Group D
18,64,2,2,1,8,90,2,1,1,1,2,1,1,3,0,1,2,Male,63,SIM-3449,synthetic_simulation,3,4,1,2,1,4,4,2,3,1,3,2,2,1,1,3,Hinduism,Negombo,Group A
18,67,1,0,1,7,87,2,1,5,1,1,1,2,2,0,0,2,Male,66,SIM-3450,synthetic_simulation,5,1,4,1,2,2,4,4,2,5,3,4,4,1,2,5,Other,Jaffna,Group D
17,60,2,2,1,5,97,2,1,1,2,2,0,0,4,0,0,0,Female,62,SIM-3451,synthetic_simulation,1,2,2,3,3,4,2,5,4,2,2,4,4,1,4,5,Islam,Jaffna,Group B
12,84,1,2,0,7,50,2,1,3,0,0,1,1,3,0,1,2,Non-binary,65,SIM-3452,synthetic_simulation,5,2,3,2,1,5,2,3,5,4,4,4,3,4,5,2,Other,Colombo,Group A
19,95,0,0,1,9,68,2,1,3,0,2,1,2,4,0,0,0,Non-binary,73,SIM-3453,synthetic_simulation,2,3,5,2,3,2,4,1,2,5,4,4,3,3,3,4,Buddhism,Negombo,Group B
17,87,0,0,1,7,68,0,1,1,2,0,1,2,2,0,1,2,Non-binary,70,SIM-3454,synthetic_simulation,2,5,3,4,1,4,4,4,4,4,5,1,5,4,2,3,Buddhism,Galle,Group C
2,99,2,1,1,9,52,1,1,0,2,2,1,1,4,0,1,2,Male,62,SIM-3455,synthetic_simulation,4,1,2,4,4,3,4,5,5,1,3,5,2,4,2,4,Islam,Kandy,Group A
32,63,2,0,0,8,91,2,0,2,0,1,1,2,5,1,1,2,Non-binary,68,SIM-3456,synthetic_simulation,5,2,1,4,4,1,5,4,1,1,2,1,3,2,4,1,Hinduism,Kandy,Group D
27,96,0,1,1,7,84,2,1,1,0,2,1,1,3,0,0,2,Male,74,SIM-3457,synthetic_simulation,4,1,4,2,2,4,5,1,4,5,3,2,1,3,4,2,Hinduism,Kandy,Group D
18,93,2,2,0,7,76,1,1,2,2,2,0,1,4,0,1,2,Male,96,SIM-3458,synthetic_simulation,4,4,2,5,5,1,2,2,3,3,5,2,4,3,3,3,Hinduism,Jaffna,Group B
20,73,0,0,0,5,70,0,1,1,1,0,1,0,2,0,1,1,Non-binary,66,SIM-3459,synthetic_simulation,2,4,2,3,5,2,5,3,4,5,2,1,5,3,2,5,Islam,Galle,Group B
13,99,1,0,1,6,95,2,0,0,1,2,1,2,4,0,2,2,Non-binary,69,SIM-3460,synthetic_simulation,4,5,5,2,3,2,1,3,4,4,3,1,3,3,4,5,Christianity,Jaffna,Group A
30,72,0,0,1,6,63,2,1,1,1,2,1,1,3,0,2,2,Male,70,SIM-3461,synthetic_simulation,2,2,3,1,1,5,2,1,4,3,4,1,3,1,5,4,Christianity,Colombo,Group B
31,96,2,1,1,8,67,2,1,2,2,2,0,1,3,0,0,2,Male,73,SIM-3462,synthetic_simulation,1,3,3,5,4,1,1,3,5,4,4,5,3,5,1,5,Islam,Negombo,Group C
21,95,1,1,0,7,98,1,1,1,1,0,1,2,2,0,1,2,Non-binary,69,SIM-3463,synthetic_simulation,5,2,5,5,5,3,3,3,5,4,5,4,2,2,1,4,Other,Negombo,Group B
26,90,0,0,1,9,53,2,1,1,1,2,0,1,4,0,1,0,Female,71,SIM-3464,synthetic_simulation,4,1,4,3,4,3,1,4,1,4,4,2,3,2,4,2,Islam,Negombo,Group D
21,83,0,1,1,7,89,1,0,0,1,1,1,1,2,0,0,1,Male,65,SIM-3465,synthetic_simulation,2,4,1,5,3,4,3,1,1,2,3,2,4,1,3,4,Christianity,Negombo,Group C
12,65,2,1,1,6,86,2,1,1,2,2,1,2,3,0,2,2,Male,62,SIM-3466,synthetic_simulation,3,1,1,3,3,3,1,4,5,3,5,4,3,4,4,3,Christianity,Jaffna,Group A
18,81,0,0,0,6,95,1,1,1,2,2,1,2,3,0,1,2,Non-binary,69,SIM-3467,synthetic_simulation,4,5,4,5,1,1,3,3,5,2,1,4,1,5,4,5,Other,Negombo,Group A
21,74,1,2,0,6,55,0,1,3,1,2,1,2,2,0,0,2,Non-binary,65,SIM-3468,synthetic_simulation,1,4,5,3,5,2,3,5,2,2,5,2,3,2,1,5,Buddhism,Colombo,Group C
17,92,2,2,0,7,99,2,1,1,2,2,1,1,2,0,0,0,Non-binary,68,SIM-3469,synthetic_simulation,1,3,2,4,3,1,2,5,4,4,4,2,5,4,4,3,Buddhism,Galle,Group D
19,90,1,1,1,6,51,0,1,1,1,2,1,0,3,1,2,2,Male,65,SIM-3470,synthetic_simulation,3,4,3,4,3,1,4,4,4,1,2,5,5,3,3,1,Buddhism,Jaffna,Group A
19,96,2,0,1,5,67,2,1,4,0,2,0,1,1,0,1,1,Non-binary,72,SIM-3471,synthetic_simulation,2,2,2,5,4,2,4,2,3,5,5,2,1,5,1,2,Hinduism,Colombo,Group A
20,61,0,0,1,9,54,2,1,2,0,2,0,2,4,0,2,2,Female,67,SIM-3472,synthetic_simulation,4,2,3,5,2,1,2,2,5,1,3,1,5,5,1,4,Christianity,Colombo,Group B
20,92,2,1,0,7,53,2,1,2,2,0,0,2,2,0,0,0,Female,68,SIM-3473,synthetic_simulation,2,4,2,3,5,3,3,1,5,4,5,1,2,3,1,2,Islam,Kandy,Group D
14,98,1,2,0,7,98,2,0,0,2,0,1,2,3,0,1,2,Non-binary,68,SIM-3474,synthetic_simulation,1,5,5,3,1,4,4,5,1,5,4,4,4,2,5,3,Other,Galle,Group B
16,92,2,2,0,6,86,1,0,2,2,2,0,1,3,1,0,2,Male,66,SIM-3475,synthetic_simulation,2,2,5,2,1,4,4,5,1,5,5,4,4,5,2,2,Christianity,Kandy,Group C
12,65,2,0,1,5,75,0,1,0,0,2,0,0,2,0,1,1,Non-binary,62,SIM-3476,synthetic_simulation,1,2,4,4,4,1,1,4,4,4,3,1,2,1,4,1,Buddhism,Negombo,Group D
26,63,2,2,1,7,55,2,1,2,2,0,1,1,4,0,1,0,Non-binary,65,SIM-3477,synthetic_simulation,2,3,2,2,1,2,5,3,4,2,3,4,5,1,5,2,Other,Colombo,Group A
7,61,1,0,1,4,76,0,1,1,2,2,0,2,5,0,1,0,Male,60,SIM-3478,synthetic_simulation,3,4,2,2,3,5,2,1,5,5,4,1,1,1,4,4,Islam,Kandy,Group B
27,85,0,2,1,8,66,2,1,2,1,0,0,1,4,1,1,1,Female,70,SIM-3479,synthetic_simulation,5,2,4,1,5,1,5,4,4,5,3,5,1,5,3,3,Christianity,Colombo,Group C
28,85,2,2,1,6,64,1,1,1,1,2,1,1,1,0,1,1,Female,68,SIM-3480,synthetic_simulation,3,5,4,3,1,1,3,2,5,5,4,4,4,2,2,1,Islam,Negombo,Group D
18,99,2,0,1,7,81,1,1,1,2,2,1,1,3,0,2,2,Male,72,SIM-3481,synthetic_simulation,3,1,5,1,5,5,1,3,3,5,5,3,1,4,4,1,Christianity,Negombo,Group A
4,76,2,2,1,8,90,2,1,2,0,2,1,2,2,0,1,1,Non-binary,63,SIM-3482,synthetic_simulation,5,4,5,1,1,4,4,1,3,3,5,2,2,2,4,1,Christianity,Galle,Group B
18,73,2,0,1,7,72,1,1,1,2,2,0,1,1,1,1,1,Non-binary,63,SIM-3483,synthetic_simulation,5,3,2,2,2,4,1,3,2,2,1,1,4,4,2,5,Buddhism,Negombo,Group C
20,85,1,2,1,5,75,1,1,1,2,2,1,1,2,0,0,2,Male,67,SIM-3484,synthetic_simulation,4,2,5,1,2,5,2,2,1,3,4,2,3,5,3,2,Other,Galle,Group A
14,93,2,1,1,9,83,1,1,4,2,2,1,1,2,0,2,2,Female,68,SIM-3485,synthetic_simulation,4,5,5,3,5,2,3,4,2,3,2,2,2,3,3,4,Buddhism,Negombo,Group D
17,97,2,2,0,5,56,1,1,2,0,2,1,2,3,0,1,2,Male,69,SIM-3486,synthetic_simulation,3,4,2,2,2,1,1,4,3,4,4,4,2,4,4,5,Christianity,Negombo,Group C
29,92,0,2,1,4,91,1,1,1,0,0,1,1,4,0,1,2,Male,75,SIM-3487,synthetic_simulation,3,5,4,3,2,3,1,5,4,2,5,2,1,4,2,4,Buddhism,Galle,Group A
24,77,1,2,0,8,92,0,1,0,0,2,1,1,3,0,1,1,Female,67,SIM-3488,synthetic_simulation,1,5,2,5,3,4,1,4,1,1,5,3,1,2,1,4,Christianity,Kandy,Group C
14,85,0,0,1,5,77,2,1,2,1,0,1,2,3,0,1,2,Male,69,SIM-3489,synthetic_simulation,1,3,1,1,1,4,4,5,1,2,3,4,1,5,1,4,Buddhism,Jaffna,Group B
10,94,1,2,0,9,59,1,1,0,2,2,1,2,2,0,2,2,Non-binary,65,SIM-3490,synthetic_simulation,4,4,2,2,2,4,3,4,2,1,1,1,3,2,5,4,Christianity,Kandy,Group C
18,80,1,0,1,8,75,2,0,2,2,2,1,0,4,0,1,2,Non-binary,65,SIM-3491,synthetic_simulation,4,2,1,4,5,2,4,1,1,5,2,2,2,5,2,2,Hinduism,Negombo,Group A
19,69,2,2,1,7,55,1,1,1,1,2,1,2,4,0,0,2,Male,63,SIM-3492,synthetic_simulation,1,3,2,3,3,5,1,2,3,1,1,2,5,4,3,2,Hinduism,Colombo,Group A
23,67,1,2,0,6,88,2,1,2,2,2,0,1,4,0,1,2,Male,65,SIM-3493,synthetic_simulation,1,2,1,1,2,2,4,3,4,1,4,5,4,3,5,4,Islam,Jaffna,Group D
17,60,2,1,0,6,66,2,1,0,1,2,1,2,2,0,1,0,Female,58,SIM-3494,synthetic_simulation,2,1,1,3,5,4,4,2,2,1,4,1,1,5,3,4,Christianity,Negombo,Group D
23,89,0,0,1,6,66,1,1,0,1,0,0,2,3,0,1,1,Male,70,SIM-3495,synthetic_simulation,2,5,2,3,1,1,2,2,4,5,5,5,1,4,5,1,Buddhism,Galle,Group D
32,64,1,1,1,6,97,2,1,1,2,1,1,1,5,0,0,1,Non-binary,66,SIM-3496,synthetic_simulation,1,1,5,5,2,4,5,5,2,5,3,1,2,3,3,5,Christianity,Colombo,Group C
25,70,2,1,0,9,71,2,0,2,1,2,1,0,2,0,0,2,Female,63,SIM-3497,synthetic_simulation,2,5,3,3,5,1,5,5,5,3,2,2,3,2,4,2,Buddhism,Jaffna,Group B
20,72,2,1,1,6,89,1,1,1,1,2,0,0,3,0,1,0,Male,62,SIM-3498,synthetic_simulation,5,3,5,5,5,1,2,1,1,1,3,2,1,2,3,1,Islam,Jaffna,Group D
19,82,2,2,1,8,82,0,1,2,2,2,0,2,3,0,0,1,Non-binary,69,SIM-3499,synthetic_simulation,4,2,1,5,4,4,2,3,5,2,2,3,3,5,2,3,Christianity,Jaffna,Group A
18,76,2,2,0,9,66,0,1,1,0,0,1,2,3,0,1,2,Male,66,SIM-3500,synthetic_simulation,4,2,2,5,5,4,4,4,1,4,1,4,3,5,5,1,Islam,Colombo,Group C
27,87,0,1,0,6,56,2,1,0,1,0,1,1,2,0,1,1,Male,68,SIM-3501,synthetic_simulation,1,3,2,1,4,1,4,4,5,3,5,3,5,5,1,5,Buddhism,Colombo,Group C
16,62,1,2,1,8,90,1,1,2,0,2,1,1,2,0,2,0,Female,62,SIM-3502,synthetic_simulation,3,4,2,3,1,2,3,2,4,1,3,1,3,2,4,3,Other,Galle,Group C
20,65,0,2,0,6,88,2,1,0,2,0,1,0,4,1,1,2,Male,64,SIM-3503,synthetic_simulation,1,1,2,3,1,2,5,1,3,3,4,1,5,5,3,4,Buddhism,Colombo,Group B
20,80,2,0,1,7,58,1,0,0,2,2,1,1,2,0,0,2,Female,65,SIM-3504,synthetic_simulation,2,1,3,5,3,2,4,3,2,1,5,1,4,4,1,1,Islam,Colombo,Group D
17,73,2,0,1,6,62,1,1,2,1,2,0,0,3,0,0,0,Female,64,SIM-3505,synthetic_simulation,3,2,4,3,4,3,3,4,1,1,2,1,3,1,5,5,Christianity,Kandy,Group C
12,72,2,2,0,6,88,0,1,2,0,2,1,2,3,0,1,2,Male,65,SIM-3506,synthetic_simulation,2,2,1,3,5,1,5,2,2,3,5,4,4,1,4,1,Christianity,Galle,Group C
22,63,2,2,1,7,99,1,1,3,2,2,0,1,4,0,1,1,Female,65,SIM-3507,synthetic_simulation,5,2,3,5,3,3,3,1,3,1,4,2,3,5,4,5,Islam,Galle,Group B
20,96,1,2,1,5,92,2,1,0,2,2,1,1,3,0,0,2,Female,70,SIM-3508,synthetic_simulation,2,3,5,4,3,3,3,3,5,1,4,3,5,4,4,1,Christianity,Jaffna,Group C
23,88,1,0,0,8,84,0,1,2,2,2,0,2,3,1,2,2,Female,71,SIM-3509,synthetic_simulation,5,4,4,4,1,1,2,2,4,4,2,2,5,4,1,5,Hinduism,Negombo,Group A
17,65,2,2,1,5,96,1,1,2,2,0,1,2,3,0,0,1,Female,65,SIM-3510,synthetic_simulation,5,1,4,5,5,3,1,2,2,2,5,5,4,4,5,4,Other,Jaffna,Group C
27,63,0,2,0,5,64,2,0,1,0,0,1,2,4,0,2,2,Male,67,SIM-3511,synthetic_simulation,2,5,2,1,4,1,1,1,5,5,3,3,2,3,3,5,Islam,Galle,Group C
15,99,1,0,1,7,50,0,0,4,1,2,1,2,2,0,1,1,Female,68,SIM-3512,synthetic_simulation,2,3,3,3,1,5,1,1,1,4,5,1,2,4,5,2,Other,Galle,Group A
30,87,0,0,1,6,66,1,1,1,2,2,1,1,4,0,1,2,Male,73,SIM-3513,synthetic_simulation,5,1,5,3,3,5,3,1,2,5,4,1,2,2,4,1,Islam,Negombo,Group C
10,77,2,0,0,8,99,2,1,0,2,0,1,1,4,1,1,2,Non-binary,64,SIM-3514,synthetic_simulation,3,4,2,4,2,1,4,1,2,5,2,5,3,2,5,3,Other,Negombo,Group C
23,88,0,0,0,7,94,1,0,3,1,2,0,2,1,0,1,2,Male,71,SIM-3515,synthetic_simulation,5,3,2,5,3,1,1,3,1,2,1,3,2,4,3,3,Buddhism,Negombo,Group A
23,90,2,0,0,5,53,2,1,2,2,0,0,2,2,0,1,2,Female,70,SIM-3516,synthetic_simulation,4,1,1,1,2,1,4,1,3,4,1,4,4,1,5,3,Islam,Negombo,Group C
15,91,1,0,0,8,75,2,1,4,2,2,1,1,1,0,1,2,Female,68,SIM-3517,synthetic_simulation,5,3,4,5,1,2,5,1,5,1,5,4,2,3,4,5,Christianity,Jaffna,Group A
23,79,0,2,1,7,54,2,1,2,1,2,0,1,4,0,0,1,Non-binary,68,SIM-3518,synthetic_simulation,3,1,5,4,4,1,1,1,2,2,4,1,4,2,4,3,Other,Colombo,Group C
28,77,1,0,1,7,89,2,1,3,1,2,1,2,3,1,1,0,Non-binary,68,SIM-3519,synthetic_simulation,4,1,4,4,5,4,3,3,5,1,5,1,4,2,3,5,Buddhism,Jaffna,Group A
7,60,2,0,1,10,69,1,1,0,1,2,0,2,3,0,0,1,Male,59,SIM-3520,synthetic_simulation,1,4,3,3,2,5,2,4,4,1,2,1,3,2,2,3,Buddhism,Negombo,Group D
23,97,2,2,1,9,96,2,1,2,2,0,0,1,4,0,0,2,Non-binary,74,SIM-3521,synthetic_simulation,1,5,1,2,5,5,3,2,5,1,3,5,5,3,5,3,Buddhism,Jaffna,Group A
5,84,2,2,1,7,53,1,0,1,1,0,1,2,3,0,2,1,Female,62,SIM-3522,synthetic_simulation,3,4,2,1,1,1,4,5,5,1,1,5,3,4,4,4,Christianity,Jaffna,Group C
14,68,0,1,1,5,87,0,1,2,2,2,1,2,3,0,1,0,Male,64,SIM-3523,synthetic_simulation,5,1,1,1,1,5,5,2,1,4,5,2,3,3,5,4,Buddhism,Jaffna,Group B
30,97,0,0,0,5,70,2,1,0,0,2,1,2,2,0,2,2,Female,76,SIM-3524,synthetic_simulation,2,3,2,2,1,1,3,3,5,5,4,5,1,4,3,4,Other,Negombo,Group D
17,97,0,2,1,9,63,2,1,2,1,2,1,2,2,0,1,2,Female,70,SIM-3525,synthetic_simulation,3,4,1,4,4,1,2,1,3,5,1,3,2,5,1,1,Christianity,Negombo,Group A
13,100,0,2,0,6,76,2,0,0,1,1,1,2,5,0,2,2,Female,69,SIM-3526,synthetic_simulation,4,5,2,5,2,5,2,3,5,4,1,5,2,2,1,5,Islam,Negombo,Group A
19,95,2,2,1,7,74,0,0,0,1,0,1,2,2,0,1,2,Female,69,SIM-3527,synthetic_simulation,4,1,4,1,5,5,5,4,4,5,3,3,4,1,4,5,Christianity,Kandy,Group A
32,100,1,0,1,5,67,2,0,4,2,2,1,2,3,0,1,0,Non-binary,74,SIM-3528,synthetic_simulation,1,4,4,2,3,4,1,5,5,2,5,4,5,3,3,4,Islam,Colombo,Group C
9,70,0,2,0,8,82,1,0,2,0,0,1,0,2,0,1,2,Male,62,SIM-3529,synthetic_simulation,4,4,4,3,1,3,3,4,1,1,3,2,2,3,3,4,Islam,Galle,Group C
14,94,2,2,0,9,83,0,1,2,1,0,1,2,3,0,2,1,Female,70,SIM-3530,synthetic_simulation,3,4,4,3,5,4,3,1,4,1,4,5,2,2,5,3,Islam,Kandy,Group C
29,93,1,2,1,9,54,2,0,4,1,0,1,2,3,0,1,2,Female,71,SIM-3531,synthetic_simulation,4,4,1,4,5,4,2,3,1,1,4,4,5,2,4,3,Islam,Kandy,Group A
31,69,2,1,1,6,80,1,1,4,2,2,1,0,2,0,0,2,Male,68,SIM-3532,synthetic_simulation,3,3,2,1,4,5,4,3,3,3,5,3,2,1,1,3,Christianity,Kandy,Group B
19,64,0,1,1,8,86,1,1,3,0,2,0,1,3,0,2,2,Female,66,SIM-3533,synthetic_simulation,2,5,4,5,2,4,3,1,3,2,1,2,1,1,3,1,Hinduism,Kandy,Group D
13,99,1,2,0,7,54,0,1,3,0,2,1,0,3,0,1,0,Male,67,SIM-3534,synthetic_simulation,1,5,1,1,4,5,2,1,1,3,2,4,2,2,3,4,Hinduism,Jaffna,Group C
33,72,0,2,0,8,83,1,1,3,1,0,0,1,4,0,1,2,Male,71,SIM-3535,synthetic_simulation,4,1,2,3,4,2,4,5,3,4,3,3,1,4,1,4,Buddhism,Kandy,Group D
30,95,2,2,1,7,90,2,1,3,2,2,1,1,1,0,1,1,Non-binary,74,SIM-3536,synthetic_simulation,3,2,1,1,5,1,1,4,1,3,1,2,3,2,5,4,Other,Colombo,Group B
24,60,1,2,1,6,92,1,1,3,2,2,1,2,2,0,0,2,Male,65,SIM-3537,synthetic_simulation,5,3,4,3,2,3,1,1,2,5,4,1,3,1,5,3,Other,Negombo,Group C
15,61,0,1,1,9,52,2,1,1,2,2,0,1,3,0,1,1,Male,60,SIM-3538,synthetic_simulation,1,1,3,2,2,2,2,1,5,5,4,5,1,2,5,1,Other,Galle,Group A
20,79,0,0,1,7,85,1,1,2,2,2,1,1,2,0,0,1,Male,69,SIM-3539,synthetic_simulation,2,1,1,2,2,1,2,4,2,2,1,1,4,1,5,2,Buddhism,Colombo,Group C
19,70,2,2,1,6,90,1,1,2,1,2,0,2,3,0,1,1,Female,65,SIM-3540,synthetic_simulation,3,4,4,3,1,1,1,1,3,3,1,1,1,5,4,2,Other,Kandy,Group A
22,88,2,1,1,7,70,2,1,3,1,2,1,2,2,0,1,2,Male,69,SIM-3541,synthetic_simulation,2,2,5,5,2,3,2,5,1,3,4,1,4,4,5,3,Christianity,Negombo,Group B
29,83,2,1,1,6,77,0,1,1,2,2,1,1,4,0,1,2,Male,70,SIM-3542,synthetic_simulation,2,2,2,5,5,4,5,5,1,1,3,4,5,1,5,3,Hinduism,Kandy,Group C
25,63,0,1,1,8,63,2,1,0,2,0,0,2,1,1,2,2,Non-binary,65,SIM-3543,synthetic_simulation,4,3,4,1,1,1,3,4,1,2,3,1,5,3,4,4,Islam,Galle,Group D
14,67,1,1,1,7,66,1,1,0,1,2,1,1,4,0,1,0,Non-binary,57,SIM-3544,synthetic_simulation,4,2,5,3,3,3,5,2,1,1,1,1,1,3,3,5,Other,Kandy,Group D
28,76,2,2,1,6,75,1,1,0,2,0,1,2,2,0,1,2,Non-binary,68,SIM-3545,synthetic_simulation,3,1,1,4,4,5,4,5,5,2,5,4,4,4,2,3,Buddhism,Jaffna,Group C
22,67,0,0,0,10,58,2,1,2,0,1,1,1,3,0,2,2,Non-binary,67,SIM-3546,synthetic_simulation,5,2,1,5,2,1,2,3,4,2,4,5,3,4,5,3,Buddhism,Jaffna,Group C
24,92,2,2,0,5,69,2,1,2,2,2,0,0,4,0,1,2,Male,70,SIM-3547,synthetic_simulation,3,2,5,5,3,1,2,3,2,3,2,2,1,3,2,2,Christianity,Kandy,Group C
29,77,2,2,1,8,65,2,1,1,2,2,1,1,3,0,1,2,Female,68,SIM-3548,synthetic_simulation,5,5,5,2,2,4,4,2,3,1,4,2,1,5,1,3,Islam,Negombo,Group D
13,64,0,0,1,7,62,2,1,1,1,2,1,1,1,0,0,1,Female,62,SIM-3549,synthetic_simulation,2,1,2,5,4,4,3,5,1,4,3,5,4,5,2,5,Islam,Galle,Group D
20,79,0,2,1,5,74,2,1,1,1,2,1,1,5,0,1,0,Female,67,SIM-3550,synthetic_simulation,1,2,1,5,5,5,1,1,2,1,3,4,5,1,1,4,Buddhism,Kandy,Group A
17,64,0,0,1,6,92,2,1,0,2,2,0,2,1,0,2,2,Non-binary,66,SIM-3551,synthetic_simulation,3,2,5,5,5,1,5,2,4,4,2,1,3,4,2,5,Other,Galle,Group D
11,65,2,1,1,5,62,2,1,2,2,0,1,1,2,0,0,0,Non-binary,60,SIM-3552,synthetic_simulation,3,4,3,3,4,4,3,1,2,5,3,2,4,3,5,1,Christianity,Kandy,Group B
22,70,0,1,0,10,83,1,1,0,2,2,1,2,2,0,0,1,Male,65,SIM-3553,synthetic_simulation,5,2,3,3,3,3,1,3,3,2,2,5,4,4,2,3,Christianity,Galle,Group D
35,94,0,2,1,7,63,2,1,1,1,0,1,2,2,0,0,2,Non-binary,75,SIM-3554,synthetic_simulation,2,2,5,2,1,1,1,2,1,1,3,5,3,3,3,3,Islam,Kandy,Group C
9,97,1,2,1,7,57,2,1,4,2,0,1,1,5,0,1,0,Male,67,SIM-3555,synthetic_simulation,2,5,2,1,1,3,2,5,3,2,2,1,1,3,2,5,Christianity,Jaffna,Group D
20,93,2,0,0,10,97,2,1,1,1,2,1,1,2,0,2,1,Male,71,SIM-3556,synthetic_simulation,5,1,1,5,2,2,4,3,1,1,5,5,1,1,1,1,Hinduism,Kandy,Group D
24,73,1,1,1,6,82,2,1,0,2,2,1,0,2,1,1,2,Female,63,SIM-3557,synthetic_simulation,2,3,3,1,4,5,2,5,4,5,4,4,2,4,3,4,Islam,Jaffna,Group D
21,71,0,2,1,9,55,1,1,2,0,0,1,2,1,0,2,1,Non-binary,67,SIM-3558,synthetic_simulation,4,1,5,3,4,4,4,1,3,1,3,4,3,5,2,5,Buddhism,Negombo,Group B
19,82,0,2,0,8,82,1,1,2,1,2,0,0,4,0,2,2,Non-binary,68,SIM-3559,synthetic_simulation,1,4,5,5,1,2,2,5,2,5,1,2,4,4,1,2,Christianity,Kandy,Group B
12,89,0,1,1,4,59,1,1,2,1,0,1,0,4,0,1,2,Male,65,SIM-3560,synthetic_simulation,3,1,4,1,3,4,5,2,4,2,2,3,2,3,1,1,Islam,Galle,Group B
21,100,1,0,0,6,94,2,0,1,0,2,1,2,3,0,0,1,Female,72,SIM-3561,synthetic_simulation,1,2,5,1,4,2,2,1,3,3,2,5,2,5,5,4,Other,Negombo,Group B
15,65,2,2,0,8,62,2,1,1,2,2,1,1,4,0,1,1,Male,61,SIM-3562,synthetic_simulation,3,4,2,4,5,4,5,2,1,4,2,4,2,3,1,1,Other,Jaffna,Group D
7,62,1,0,0,7,90,2,1,1,2,1,1,1,5,0,0,1,Male,60,SIM-3563,synthetic_simulation,4,1,3,3,5,5,3,1,4,2,3,1,1,4,3,2,Hinduism,Negombo,Group C
27,88,0,0,1,7,60,2,1,2,1,2,1,2,2,0,1,2,Male,72,SIM-3564,synthetic_simulation,2,4,4,2,4,1,3,2,1,3,4,1,5,3,4,1,Buddhism,Kandy,Group C
26,93,2,2,1,6,78,2,1,2,2,2,1,1,3,0,2,0,Non-binary,72,SIM-3565,synthetic_simulation,5,3,3,2,3,3,2,3,5,2,1,3,2,2,1,5,Other,Colombo,Group C
20,94,1,2,1,6,96,2,1,2,2,2,0,0,3,0,0,2,Non-binary,70,SIM-3566,synthetic_simulation,4,1,3,4,5,2,3,2,2,2,2,3,4,5,3,5,Islam,Kandy,Group C
21,87,1,2,0,7,65,0,1,2,2,2,1,0,3,1,0,2,Non-binary,67,SIM-3567,synthetic_simulation,1,2,2,1,3,3,1,3,1,1,2,3,1,1,4,1,Christianity,Jaffna,Group D
26,98,2,2,0,10,54,2,1,0,1,0,0,1,1,0,2,2,Female,71,SIM-3568,synthetic_simulation,5,4,5,4,1,3,5,4,3,5,2,1,5,2,2,3,Other,Negombo,Group B
21,80,2,1,1,6,78,2,1,0,2,2,0,0,2,0,2,2,Non-binary,66,SIM-3569,synthetic_simulation,2,5,2,4,2,4,4,5,5,5,2,5,5,3,1,1,Other,Colombo,Group D
25,97,0,0,0,6,59,1,1,0,1,0,1,2,2,0,1,2,Female,72,SIM-3570,synthetic_simulation,4,4,5,3,1,1,5,1,4,1,1,4,2,4,5,5,Hinduism,Galle,Group B
18,99,2,2,1,7,86,2,0,1,0,2,1,1,4,0,1,1,Female,70,SIM-3571,synthetic_simulation,5,5,4,5,2,4,2,5,3,1,2,1,2,3,2,4,Christianity,Negombo,Group A
28,94,2,1,1,5,80,2,1,2,0,2,1,0,2,0,1,1,Non-binary,71,SIM-3572,synthetic_simulation,4,2,2,1,5,3,3,3,4,2,1,4,1,1,5,1,Christianity,Negombo,Group A
22,72,1,1,1,8,67,0,1,2,2,2,1,0,4,0,0,0,Non-binary,64,SIM-3573,synthetic_simulation,4,3,2,2,2,5,3,3,5,5,1,3,2,4,3,2,Other,Kandy,Group D
21,68,2,2,1,5,85,2,0,3,0,2,1,2,2,0,0,1,Female,66,SIM-3574,synthetic_simulation,2,5,1,2,2,1,1,3,3,2,2,2,1,5,3,2,Christianity,Galle,Group B
12,82,0,1,0,5,62,1,1,2,2,2,1,2,4,0,1,2,Non-binary,64,SIM-3575,synthetic_simulation,3,3,2,4,4,1,3,2,1,3,5,5,5,5,4,4,Buddhism,Colombo,Group A
22,78,2,2,1,5,96,2,1,0,1,2,1,1,3,0,1,1,Male,67,SIM-3576,synthetic_simulation,5,4,1,4,2,3,2,5,3,3,1,3,4,3,5,4,Buddhism,Negombo,Group B
15,95,1,1,0,5,67,0,1,3,2,2,1,2,3,0,1,1,Female,67,SIM-3577,synthetic_simulation,2,2,5,4,4,4,2,3,2,1,5,3,4,2,3,4,Other,Kandy,Group A
16,64,0,1,0,9,88,2,1,1,2,0,1,2,3,0,1,2,Non-binary,64,SIM-3578,synthetic_simulation,4,5,5,1,2,5,4,4,1,5,1,4,3,4,5,4,Other,Kandy,Group A
15,70,1,2,0,8,63,1,1,0,2,2,0,2,4,0,1,1,Female,61,SIM-3579,synthetic_simulation,2,4,5,4,4,2,5,3,2,3,3,1,3,2,3,1,Buddhism,Colombo,Group A
14,90,0,0,1,8,86,2,1,4,2,2,0,0,2,0,1,2,Female,99,SIM-3580,synthetic_simulation,3,1,1,4,5,4,5,5,3,5,2,2,3,3,5,4,Christianity,Galle,Group A
33,64,2,2,0,8,52,1,0,3,0,2,1,2,4,0,1,2,Non-binary,67,SIM-3581,synthetic_simulation,5,4,5,5,5,1,5,3,3,5,3,5,4,4,4,4,Hinduism,Galle,Group B
28,73,2,0,1,7,65,0,1,3,0,0,1,2,3,0,2,2,Non-binary,72,SIM-3582,synthetic_simulation,3,3,3,1,2,4,4,3,4,4,1,2,2,5,2,3,Hinduism,Kandy,Group A
32,75,1,1,0,7,55,2,1,1,2,2,1,1,4,0,1,1,Female,66,SIM-3583,synthetic_simulation,1,2,2,3,3,2,4,1,3,3,3,3,1,5,1,2,Hinduism,Galle,Group B
13,85,1,0,1,9,73,0,1,3,2,0,1,2,2,0,2,1,Non-binary,68,SIM-3584,synthetic_simulation,5,2,1,3,5,5,4,3,1,3,2,2,4,3,3,1,Christianity,Galle,Group A
20,66,0,1,0,9,72,1,1,1,2,0,1,2,1,0,0,2,Non-binary,64,SIM-3585,synthetic_simulation,3,4,5,5,1,5,1,5,2,2,2,5,3,4,5,5,Hinduism,Kandy,Group A
12,94,0,0,0,5,68,0,1,1,0,2,1,1,2,0,1,2,Female,69,SIM-3586,synthetic_simulation,4,1,3,2,1,2,4,1,5,2,1,3,3,3,3,3,Buddhism,Negombo,Group A
16,78,2,0,0,10,99,1,1,0,1,2,1,2,4,0,1,0,Male,65,SIM-3587,synthetic_simulation,5,3,2,3,4,2,3,1,2,5,1,5,2,5,3,3,Christianity,Negombo,Group B
14,97,1,0,0,5,62,2,0,1,2,2,1,1,4,1,2,0,Non-binary,66,SIM-3588,synthetic_simulation,5,4,2,1,3,3,1,3,4,1,5,2,3,1,1,5,Buddhism,Galle,Group C
27,79,0,0,1,6,90,1,1,3,2,0,1,2,4,0,1,2,Male,73,SIM-3589,synthetic_simulation,2,4,5,2,4,1,3,3,5,2,4,3,3,2,4,3,Christianity,Kandy,Group B
18,71,2,2,1,7,72,1,1,0,1,2,1,1,4,0,1,2,Male,63,SIM-3590,synthetic_simulation,4,2,3,4,2,3,5,4,5,2,3,3,1,3,1,1,Hinduism,Negombo,Group D
26,66,2,2,1,7,67,0,1,3,2,2,1,0,4,0,1,1,Male,66,SIM-3591,synthetic_simulation,1,3,1,1,5,4,2,5,3,5,5,5,2,1,2,2,Hinduism,Negombo,Group D
24,60,2,2,1,10,60,1,1,3,1,0,0,1,2,0,2,2,Male,65,SIM-3592,synthetic_simulation,3,1,5,2,3,2,5,5,4,3,3,1,5,5,2,4,Other,Kandy,Group C
34,81,2,2,1,9,82,1,1,1,2,0,1,0,2,0,1,2,Non-binary,71,SIM-3593,synthetic_simulation,2,2,2,3,4,3,4,2,4,2,2,3,5,3,2,3,Islam,Colombo,Group D
11,64,2,1,1,8,67,0,0,1,2,2,1,1,2,1,0,2,Male,58,SIM-3594,synthetic_simulation,3,4,2,4,4,1,2,2,3,1,1,5,3,5,2,1,Buddhism,Galle,Group C
28,76,2,2,0,9,91,2,1,0,1,0,0,1,3,0,1,1,Female,68,SIM-3595,synthetic_simulation,1,2,2,4,1,1,5,5,1,5,3,5,3,5,2,3,Hinduism,Galle,Group B
27,84,2,2,0,8,98,2,1,0,1,2,1,1,4,0,1,1,Non-binary,69,SIM-3596,synthetic_simulation,1,2,5,1,2,2,1,3,3,3,4,5,1,3,5,1,Christianity,Negombo,Group D
14,71,0,1,1,6,61,1,1,0,1,2,1,2,3,0,2,2,Non-binary,63,SIM-3597,synthetic_simulation,5,5,4,4,4,3,4,1,4,4,2,1,5,1,3,3,Other,Kandy,Group A
26,67,2,2,1,8,56,2,1,1,2,2,1,0,5,0,0,2,Male,66,SIM-3598,synthetic_simulation,1,2,4,2,1,5,5,4,5,1,2,4,2,3,5,1,Buddhism,Jaffna,Group A
22,91,2,2,1,7,66,2,0,0,0,0,1,0,3,0,0,2,Non-binary,69,SIM-3599,synthetic_simulation,3,2,4,5,3,2,2,3,1,3,5,3,2,5,5,4,Hinduism,Jaffna,Group B
19,98,2,1,1,6,73,2,1,3,1,2,0,0,3,0,0,2,Male,69,SIM-3600,synthetic_simulation,4,3,3,3,4,4,3,1,4,5,4,2,4,4,1,1,Other,Kandy,Group C
15,64,0,2,0,9,65,2,1,2,2,2,1,1,2,0,1,2,Male,63,SIM-3601,synthetic_simulation,4,2,5,1,1,3,5,5,4,4,2,5,4,5,1,5,Hinduism,Kandy,Group B
16,66,1,0,1,7,99,2,1,1,1,2,1,2,3,0,0,2,Non-binary,65,SIM-3602,synthetic_simulation,5,1,2,5,2,3,1,3,3,1,4,2,2,3,5,3,Hinduism,Colombo,Group A
32,98,1,0,0,5,89,2,1,2,0,1,0,2,3,0,0,2,Female,76,SIM-3603,synthetic_simulation,3,4,3,5,5,2,2,4,2,2,1,5,4,1,2,4,Hinduism,Jaffna,Group C
20,62,0,2,1,6,98,0,1,0,0,0,1,1,3,0,2,2,Non-binary,67,SIM-3604,synthetic_simulation,3,3,4,1,3,3,5,2,4,2,4,5,1,5,4,3,Other,Kandy,Group D
25,99,1,2,0,8,69,2,0,1,1,0,1,2,3,0,2,1,Non-binary,70,SIM-3605,synthetic_simulation,1,2,1,2,4,3,3,1,2,1,5,3,3,1,3,1,Islam,Kandy,Group C
15,60,2,1,0,9,65,2,1,1,2,0,1,0,5,0,0,1,Non-binary,60,SIM-3606,synthetic_simulation,3,1,3,3,1,4,4,3,1,2,5,1,2,1,2,3,Hinduism,Galle,Group C
15,95,0,1,0,8,70,2,1,2,0,0,1,1,3,1,1,2,Female,68,SIM-3607,synthetic_simulation,2,4,3,1,4,4,4,4,5,5,3,1,5,2,1,2,Buddhism,Jaffna,Group B
26,72,2,2,1,8,76,2,1,1,2,2,1,0,3,0,2,2,Non-binary,68,SIM-3608,synthetic_simulation,1,3,5,5,5,5,4,3,2,1,1,2,5,1,5,1,Other,Kandy,Group B
12,98,1,0,1,6,87,2,1,2,1,2,0,1,3,0,2,2,Non-binary,70,SIM-3609,synthetic_simulation,2,1,3,5,4,4,2,5,2,1,1,4,2,5,1,1,Hinduism,Jaffna,Group C
18,73,2,0,1,7,94,0,1,1,0,2,0,1,3,0,2,1,Non-binary,68,SIM-3610,synthetic_simulation,5,2,5,1,4,5,3,1,2,2,4,1,4,5,3,3,Other,Kandy,Group A
20,86,0,0,0,7,73,2,1,3,1,1,1,1,3,1,1,2,Non-binary,69,SIM-3611,synthetic_simulation,4,5,1,5,1,4,3,5,2,1,5,1,4,3,5,4,Buddhism,Jaffna,Group D
21,63,2,2,1,7,64,2,1,0,1,2,1,0,3,0,1,2,Non-binary,62,SIM-3612,synthetic_simulation,5,5,2,1,5,5,5,5,2,4,5,4,2,3,4,5,Buddhism,Colombo,Group D
19,70,0,1,0,7,66,2,1,1,0,1,0,1,4,0,0,1,Female,64,SIM-3613,synthetic_simulation,4,3,2,1,3,4,4,2,1,1,5,1,2,1,5,4,Christianity,Colombo,Group C
22,91,0,2,0,6,85,1,1,2,2,2,0,2,2,0,1,1,Non-binary,71,SIM-3614,synthetic_simulation,5,1,4,3,1,4,2,5,4,2,1,3,2,4,1,5,Christianity,Colombo,Group A
24,81,2,2,1,8,78,2,1,1,1,2,1,2,2,0,1,2,Non-binary,68,SIM-3615,synthetic_simulation,3,4,4,1,5,2,4,4,5,2,5,3,1,5,2,2,Islam,Negombo,Group B
24,97,0,2,0,5,74,0,1,0,2,1,1,1,5,0,1,2,Male,72,SIM-3616,synthetic_simulation,2,1,1,5,5,4,4,1,4,2,3,2,5,1,1,5,Christianity,Kandy,Group B
14,77,2,2,1,5,60,1,1,1,0,0,0,0,3,0,2,0,Non-binary,64,SIM-3617,synthetic_simulation,4,5,2,4,4,5,5,2,1,2,2,2,1,3,3,4,Other,Galle,Group A
18,95,2,0,1,6,94,2,1,6,1,0,1,1,3,0,1,0,Male,73,SIM-3618,synthetic_simulation,1,3,4,3,2,2,5,3,1,5,5,2,1,5,4,5,Christianity,Negombo,Group A
27,78,2,0,0,8,89,1,1,0,1,2,1,1,3,0,2,2,Non-binary,69,SIM-3619,synthetic_simulation,2,2,3,5,2,5,5,5,2,2,3,3,3,2,3,5,Other,Jaffna,Group B
25,99,1,2,0,8,57,2,1,1,2,1,0,2,3,0,2,1,Non-binary,70,SIM-3620,synthetic_simulation,1,1,5,5,3,4,1,3,1,4,3,2,1,3,3,2,Other,Kandy,Group B
12,98,2,0,0,4,68,2,1,3,1,0,1,1,2,0,1,2,Non-binary,69,SIM-3621,synthetic_simulation,2,5,4,3,4,4,1,2,1,1,2,2,5,2,2,5,Islam,Kandy,Group B
22,73,2,1,0,8,77,2,1,1,0,2,1,1,3,0,1,0,Male,64,SIM-3622,synthetic_simulation,2,4,1,3,2,5,2,3,2,3,1,3,4,5,1,3,Other,Negombo,Group B
8,95,2,2,0,7,73,1,1,2,2,2,0,1,2,0,0,2,Female,66,SIM-3623,synthetic_simulation,5,3,2,5,1,3,2,4,1,3,5,4,5,4,2,2,Christianity,Kandy,Group D
20,94,2,2,1,6,70,0,1,1,2,2,1,1,2,0,1,1,Female,69,SIM-3624,synthetic_simulation,4,2,1,4,3,2,5,2,1,5,3,2,2,1,2,2,Christianity,Kandy,Group A
31,68,0,2,0,7,86,1,1,1,1,2,0,2,3,0,1,1,Female,68,SIM-3625,synthetic_simulation,4,1,5,2,4,2,3,1,1,3,3,1,2,1,5,3,Hinduism,Jaffna,Group C
14,85,2,1,1,5,53,2,1,4,2,2,1,1,3,0,1,2,Non-binary,65,SIM-3626,synthetic_simulation,2,4,5,5,1,4,2,1,3,2,2,3,2,4,1,2,Islam,Galle,Group B
15,63,0,1,1,7,74,2,1,4,1,2,1,0,2,0,1,1,Female,62,SIM-3627,synthetic_simulation,3,2,1,3,2,2,1,1,4,3,3,4,1,1,5,2,Buddhism,Jaffna,Group A
25,93,0,0,1,5,63,2,1,2,0,2,1,2,2,0,2,2,Female,75,SIM-3628,synthetic_simulation,3,5,4,1,2,5,1,1,3,4,5,1,3,1,1,4,Buddhism,Negombo,Group B
11,67,2,2,1,6,54,1,1,0,1,2,1,2,3,0,1,2,Male,60,SIM-3629,synthetic_simulation,1,5,4,1,2,4,4,2,4,2,1,1,4,2,2,4,Hinduism,Kandy,Group C
16,63,2,0,1,6,73,2,1,0,2,2,1,1,4,0,0,2,Female,63,SIM-3630,synthetic_simulation,1,4,2,3,2,2,5,2,2,3,3,5,1,1,4,1,Christianity,Kandy,Group D
24,76,2,1,1,8,59,2,1,2,2,2,1,2,4,0,0,0,Non-binary,66,SIM-3631,synthetic_simulation,5,5,2,3,5,1,3,2,2,2,1,4,2,2,5,1,Islam,Galle,Group A
16,83,0,2,1,7,63,2,1,0,2,2,1,1,3,0,2,2,Non-binary,67,SIM-3632,synthetic_simulation,2,3,3,2,3,2,5,5,4,5,3,5,5,1,1,2,Christianity,Galle,Group B
19,94,1,2,1,8,75,2,1,1,2,2,1,0,3,0,0,1,Non-binary,68,SIM-3633,synthetic_simulation,1,4,3,3,3,5,1,2,4,4,3,3,2,1,5,2,Hinduism,Colombo,Group C
24,99,2,2,1,5,99,2,1,0,1,2,1,2,3,0,1,1,Male,72,SIM-3634,synthetic_simulation,1,5,2,1,2,2,3,2,5,1,5,4,5,3,1,3,Buddhism,Galle,Group A
23,78,1,2,0,7,84,0,1,0,1,2,0,1,3,0,0,2,Non-binary,66,SIM-3635,synthetic_simulation,2,1,3,4,3,3,2,2,4,2,1,5,4,4,5,3,Islam,Jaffna,Group D
22,62,2,2,1,8,64,2,1,0,1,2,1,1,3,0,2,2,Male,63,SIM-3636,synthetic_simulation,5,5,1,3,1,3,4,1,4,4,4,3,2,3,4,2,Christianity,Kandy,Group A
18,90,2,0,1,9,69,2,1,1,0,0,0,2,3,0,0,1,Non-binary,71,SIM-3637,synthetic_simulation,1,3,4,2,1,4,1,4,2,5,5,2,4,1,1,5,Other,Jaffna,Group C
22,83,1,2,1,5,70,0,1,2,1,2,1,2,3,0,0,0,Non-binary,67,SIM-3638,synthetic_simulation,5,2,3,4,3,3,4,1,2,5,1,1,2,2,4,4,Other,Jaffna,Group D
19,78,2,2,1,6,58,2,1,1,1,2,1,1,3,0,2,2,Male,66,SIM-3639,synthetic_simulation,4,2,3,2,2,5,5,4,1,4,1,3,2,1,4,5,Other,Jaffna,Group D
23,72,0,2,0,8,58,2,0,2,1,0,0,2,2,0,0,2,Female,66,SIM-3640,synthetic_simulation,5,5,1,4,4,1,3,4,1,3,1,4,5,5,4,4,Buddhism,Jaffna,Group C
17,80,0,0,0,9,57,2,1,4,1,2,1,2,2,0,0,2,Male,68,SIM-3641,synthetic_simulation,3,2,5,3,2,1,5,4,2,4,4,1,3,5,5,2,Other,Jaffna,Group B
19,74,2,2,0,7,76,0,1,1,0,2,1,1,3,0,0,2,Male,66,SIM-3642,synthetic_simulation,3,5,2,1,5,4,4,1,1,3,5,1,5,5,3,4,Other,Jaffna,Group D
14,90,0,2,1,5,84,2,1,0,1,2,1,0,3,0,2,2,Non-binary,68,SIM-3643,synthetic_simulation,5,3,1,4,4,4,1,5,3,3,4,3,1,5,2,1,Hinduism,Kandy,Group B
20,82,0,2,1,5,80,2,1,3,1,2,1,1,1,1,0,2,Male,68,SIM-3644,synthetic_simulation,3,2,5,5,5,3,4,3,3,4,3,2,4,1,3,2,Hinduism,Jaffna,Group C
15,95,1,2,1,7,99,1,1,0,0,0,1,1,2,0,1,2,Male,68,SIM-3645,synthetic_simulation,4,1,1,2,3,5,1,5,1,5,2,3,4,5,3,2,Hinduism,Negombo,Group D
13,82,2,0,0,8,56,1,1,2,1,0,0,1,3,0,2,2,Non-binary,66,SIM-3646,synthetic_simulation,2,5,4,4,5,3,4,1,1,1,4,5,3,4,5,2,Christianity,Jaffna,Group C
22,70,0,1,0,7,99,2,1,1,1,0,0,2,2,0,1,1,Non-binary,66,SIM-3647,synthetic_simulation,3,2,1,2,3,5,5,4,4,1,3,5,2,1,3,3,Other,Colombo,Group B
21,94,2,0,0,5,73,1,1,0,2,0,1,1,3,0,2,0,Female,70,SIM-3648,synthetic_simulation,3,3,1,1,5,5,4,3,4,4,4,5,4,3,3,2,Buddhism,Jaffna,Group D
25,82,0,2,1,9,61,1,1,1,0,2,1,0,2,0,1,2,Male,68,SIM-3649,synthetic_simulation,5,3,4,2,4,1,2,5,3,2,1,4,3,1,5,2,Other,Colombo,Group C
17,68,2,2,1,6,97,0,1,2,0,1,1,0,3,0,1,1,Female,65,SIM-3650,synthetic_simulation,4,1,2,2,5,5,5,2,3,4,2,3,1,2,2,2,Other,Kandy,Group D
22,85,1,0,1,8,73,0,1,1,2,2,0,2,3,0,0,2,Female,70,SIM-3651,synthetic_simulation,2,3,5,5,2,2,4,5,4,1,2,1,4,4,2,5,Christianity,Negombo,Group A
23,74,2,2,0,4,67,2,1,3,0,2,0,0,5,0,1,0,Female,66,SIM-3652,synthetic_simulation,5,3,3,2,3,5,4,1,4,4,3,4,1,1,3,4,Hinduism,Kandy,Group C
23,94,2,0,1,9,61,2,0,0,2,2,1,0,1,1,2,1,Non-binary,68,SIM-3653,synthetic_simulation,5,2,2,4,1,1,3,3,4,5,4,5,5,3,2,1,Other,Kandy,Group C
15,78,2,2,1,6,63,0,1,1,2,2,0,1,2,1,0,1,Male,64,SIM-3654,synthetic_simulation,4,5,1,2,5,3,5,2,1,1,4,4,4,2,5,2,Islam,Jaffna,Group C
21,89,2,2,0,9,99,2,1,0,2,2,0,0,3,0,1,2,Female,69,SIM-3655,synthetic_simulation,2,4,3,3,3,5,3,3,2,1,4,1,4,2,4,4,Islam,Colombo,Group B
22,64,2,2,0,8,65,1,1,2,2,2,0,1,4,0,2,2,Non-binary,65,SIM-3656,synthetic_simulation,4,3,4,2,1,2,5,3,3,1,3,4,2,3,1,1,Hinduism,Negombo,Group A
20,76,2,0,1,5,99,1,0,3,2,0,1,0,3,0,2,2,Non-binary,69,SIM-3657,synthetic_simulation,2,3,2,3,3,4,1,5,5,5,4,2,1,3,5,4,Hinduism,Jaffna,Group A
7,99,1,0,1,7,67,1,0,1,0,0,0,1,4,0,1,2,Male,66,SIM-3658,synthetic_simulation,4,4,5,2,3,3,5,4,4,1,2,5,5,3,2,2,Other,Colombo,Group C
21,92,0,1,0,9,62,2,1,1,2,1,1,2,2,0,1,2,Female,68,SIM-3659,synthetic_simulation,5,3,2,2,1,4,5,5,1,2,2,3,3,3,3,4,Islam,Jaffna,Group B
33,66,2,2,1,6,59,2,1,3,0,2,1,2,2,0,2,2,Non-binary,70,SIM-3660,synthetic_simulation,5,2,2,4,1,2,4,2,3,1,5,5,5,5,2,4,Buddhism,Kandy,Group B
18,71,0,2,0,9,71,2,1,1,2,0,1,2,3,0,1,1,Female,65,SIM-3661,synthetic_simulation,1,2,3,3,4,1,2,1,4,4,4,5,4,4,3,4,Buddhism,Colombo,Group C
16,73,0,2,1,8,62,2,1,0,0,0,0,1,2,0,1,2,Male,65,SIM-3662,synthetic_simulation,3,4,4,3,5,1,5,5,1,2,4,3,1,3,1,2,Islam,Galle,Group C
22,86,2,1,0,9,85,2,1,1,2,2,1,0,3,0,2,2,Female,68,SIM-3663,synthetic_simulation,4,3,4,5,5,3,3,4,3,3,2,3,4,5,4,3,Hinduism,Jaffna,Group B
22,90,1,2,0,7,62,1,1,0,2,2,1,2,3,0,0,2,Non-binary,67,SIM-3664,synthetic_simulation,1,3,2,2,3,5,2,4,3,1,2,1,3,1,4,3,Christianity,Kandy,Group B
27,90,0,0,0,7,92,2,1,0,1,2,0,1,3,0,1,2,Female,72,SIM-3665,synthetic_simulation,3,5,4,2,2,5,5,5,5,3,1,1,3,2,5,4,Christianity,Colombo,Group D
12,80,0,0,1,10,92,0,1,1,0,0,1,2,3,0,2,1,Non-binary,70,SIM-3666,synthetic_simulation,4,3,3,4,2,4,2,2,5,3,1,2,4,1,1,2,Buddhism,Kandy,Group A
24,92,1,0,1,8,64,0,1,1,0,0,0,1,3,0,0,2,Female,72,SIM-3667,synthetic_simulation,2,2,3,5,3,1,1,4,3,5,5,4,4,1,5,4,Hinduism,Jaffna,Group C
24,77,0,0,1,7,88,1,1,1,0,2,1,0,5,0,0,2,Male,71,SIM-3668,synthetic_simulation,3,1,5,5,4,5,2,4,1,4,2,4,4,5,1,3,Other,Jaffna,Group B
19,65,1,2,0,8,93,1,1,1,2,0,0,1,4,0,0,2,Male,64,SIM-3669,synthetic_simulation,5,1,4,4,1,5,1,2,4,4,5,4,1,5,1,5,Islam,Jaffna,Group B
22,83,1,0,1,6,80,2,1,2,2,2,1,2,5,0,1,1,Non-binary,69,SIM-3670,synthetic_simulation,1,1,5,3,3,1,2,2,4,3,4,5,2,3,4,5,Buddhism,Negombo,Group A
26,98,2,2,1,7,68,2,1,4,1,2,1,2,1,0,1,2,Male,73,SIM-3671,synthetic_simulation,3,1,1,1,5,1,2,2,3,5,4,5,3,3,1,4,Christianity,Negombo,Group A
25,92,1,0,1,9,72,2,1,1,1,2,1,0,5,0,2,0,Male,70,SIM-3672,synthetic_simulation,3,3,3,4,2,2,3,2,4,2,2,3,1,5,1,3,Christianity,Jaffna,Group D
13,83,0,2,0,7,89,2,1,1,1,2,1,1,4,0,2,2,Female,68,SIM-3673,synthetic_simulation,5,3,2,3,2,4,3,5,5,1,3,2,3,4,2,5,Other,Negombo,Group C
25,86,0,2,0,6,65,2,1,2,2,0,1,2,5,0,1,1,Female,71,SIM-3674,synthetic_simulation,4,5,3,5,2,1,4,5,4,2,5,2,4,3,1,5,Other,Kandy,Group A
20,97,2,0,0,6,67,1,1,1,1,0,0,2,3,0,2,2,Female,71,SIM-3675,synthetic_simulation,2,3,1,4,4,2,2,3,2,1,3,4,3,1,4,4,Christianity,Colombo,Group C
20,77,1,0,1,7,58,0,1,0,0,2,1,1,3,0,1,2,Female,66,SIM-3676,synthetic_simulation,5,1,2,1,5,1,1,3,5,3,4,3,5,3,4,4,Hinduism,Negombo,Group A
20,73,2,0,0,6,70,1,1,3,0,0,1,1,4,0,1,2,Female,68,SIM-3677,synthetic_simulation,2,4,4,2,4,3,2,3,5,5,5,4,3,3,4,3,Christianity,Negombo,Group C
19,99,2,0,1,5,54,1,1,0,2,2,1,1,2,0,2,2,Male,70,SIM-3678,synthetic_simulation,4,4,4,4,1,3,5,4,3,5,4,5,5,4,3,1,Islam,Negombo,Group D
27,95,2,2,0,5,66,1,1,3,2,2,1,1,4,0,1,2,Male,72,SIM-3679,synthetic_simulation,3,2,3,1,3,3,1,2,3,4,1,3,1,5,5,5,Hinduism,Negombo,Group C
19,73,1,0,1,9,69,0,1,1,1,1,1,2,4,0,2,2,Non-binary,66,SIM-3680,synthetic_simulation,2,2,2,1,3,1,5,5,4,4,2,4,1,4,1,1,Other,Galle,Group C
13,79,2,0,1,7,63,1,0,3,0,2,0,1,2,0,1,2,Female,65,SIM-3681,synthetic_simulation,1,3,2,4,2,5,4,5,4,2,1,2,5,3,3,5,Other,Colombo,Group B
18,77,2,0,1,7,55,0,0,3,0,2,0,1,3,1,1,2,Non-binary,66,SIM-3682,synthetic_simulation,1,4,5,3,2,5,5,2,3,4,5,1,3,4,4,5,Other,Kandy,Group C
21,66,0,2,1,6,76,1,1,3,1,2,0,1,1,0,1,1,Female,65,SIM-3683,synthetic_simulation,5,1,1,4,1,3,4,3,1,1,1,5,1,3,4,5,Islam,Negombo,Group B
27,98,0,1,1,6,93,1,1,0,1,2,0,1,4,0,1,1,Female,72,SIM-3684,synthetic_simulation,4,1,4,5,4,4,4,4,4,5,5,4,3,4,4,4,Other,Galle,Group A
24,76,2,2,1,6,67,2,1,2,0,2,1,0,3,0,0,2,Male,68,SIM-3685,synthetic_simulation,5,1,3,1,5,2,4,5,1,5,3,3,2,2,1,1,Hinduism,Jaffna,Group B
15,95,2,2,1,7,62,0,1,0,0,2,1,0,3,0,0,2,Female,68,SIM-3686,synthetic_simulation,5,3,2,1,1,3,5,1,5,3,2,3,2,2,3,2,Other,Jaffna,Group B
35,68,1,0,1,5,64,2,1,0,0,1,1,2,4,1,1,2,Female,67,SIM-3687,synthetic_simulation,5,3,4,2,3,2,4,4,2,3,3,4,5,3,3,4,Other,Galle,Group B
22,82,2,2,1,9,93,1,1,2,1,2,1,1,2,0,1,2,Male,68,SIM-3688,synthetic_simulation,1,5,3,1,3,2,4,4,1,2,4,2,5,4,2,5,Christianity,Kandy,Group A
28,61,0,2,0,7,76,0,1,1,2,0,1,2,4,0,1,1,Female,67,SIM-3689,synthetic_simulation,1,1,4,2,4,3,3,3,4,3,2,4,3,3,5,1,Christianity,Galle,Group C
19,91,2,0,0,7,57,1,1,3,0,0,1,0,3,0,1,1,Male,69,SIM-3690,synthetic_simulation,5,1,3,1,1,5,2,2,3,1,1,5,2,4,4,1,Islam,Jaffna,Group C
23,83,1,1,0,8,85,2,1,2,1,2,0,1,2,1,1,2,Female,65,SIM-3691,synthetic_simulation,1,3,4,1,5,4,4,1,3,4,5,3,2,5,2,3,Hinduism,Negombo,Group A
25,85,2,2,0,8,58,2,1,2,2,0,1,1,4,0,0,2,Male,70,SIM-3692,synthetic_simulation,4,3,5,4,1,3,1,3,2,4,2,5,5,4,1,4,Hinduism,Jaffna,Group C
27,62,0,2,0,6,53,1,1,1,2,2,1,2,2,0,1,1,Non-binary,64,SIM-3693,synthetic_simulation,5,5,1,4,1,2,1,2,2,2,4,1,4,4,2,2,Christianity,Colombo,Group C
26,68,2,2,0,8,63,2,1,2,1,0,1,2,3,0,1,2,Female,66,SIM-3694,synthetic_simulation,1,5,4,5,4,1,3,1,5,4,3,2,3,3,4,3,Hinduism,Colombo,Group D
25,63,1,2,0,8,58,2,1,1,0,2,1,2,1,0,0,2,Non-binary,64,SIM-3695,synthetic_simulation,2,2,1,3,5,1,5,5,1,5,4,4,3,4,2,1,Other,Jaffna,Group C
18,72,0,0,1,7,80,0,1,1,0,0,1,0,2,1,1,1,Female,66,SIM-3696,synthetic_simulation,5,4,4,5,3,2,5,1,2,4,1,4,1,3,4,3,Islam,Jaffna,Group D
17,85,2,2,1,9,74,2,1,1,2,2,0,1,2,0,1,2,Female,67,SIM-3697,synthetic_simulation,5,1,2,1,2,3,5,3,5,3,5,2,5,3,2,5,Christianity,Negombo,Group C
22,83,2,1,1,8,86,2,1,3,2,1,1,0,4,0,1,2,Non-binary,68,SIM-3698,synthetic_simulation,4,1,5,5,5,5,4,1,5,5,5,3,1,1,4,4,Other,Negombo,Group A
26,84,2,2,0,8,76,2,1,5,2,0,1,1,2,0,1,1,Non-binary,71,SIM-3699,synthetic_simulation,3,5,5,4,3,3,5,1,5,3,1,4,4,3,3,2,Christianity,Colombo,Group C
19,82,0,1,0,9,71,2,1,1,1,0,0,1,3,0,0,2,Male,67,SIM-3700,synthetic_simulation,3,5,1,1,4,4,5,1,4,3,5,2,1,4,2,2,Christianity,Kandy,Group C
26,71,0,2,1,7,76,2,1,3,1,2,1,2,2,0,2,1,Female,69,SIM-3701,synthetic_simulation,4,2,2,1,5,1,2,5,2,2,2,4,4,2,3,1,Islam,Jaffna,Group D
29,70,2,1,1,7,72,1,1,1,2,2,1,2,4,0,0,2,Non-binary,67,SIM-3702,synthetic_simulation,4,4,3,5,5,2,4,2,3,2,2,3,1,5,5,3,Islam,Negombo,Group B
15,65,1,0,1,8,52,2,1,4,1,2,0,1,3,1,1,1,Female,61,SIM-3703,synthetic_simulation,4,2,5,2,3,5,4,1,5,5,1,2,5,4,5,2,Christianity,Jaffna,Group B
15,94,2,2,0,7,84,2,1,0,2,0,1,2,2,0,1,1,Male,68,SIM-3704,synthetic_simulation,3,4,2,3,3,3,1,4,3,4,1,3,4,4,5,2,Other,Colombo,Group C
19,85,1,1,1,8,98,2,1,2,2,1,0,1,4,0,1,2,Non-binary,67,SIM-3705,synthetic_simulation,4,1,2,5,1,4,1,3,4,1,4,4,3,4,2,5,Buddhism,Negombo,Group B
22,67,1,2,1,6,71,1,1,1,2,0,1,1,4,0,0,1,Male,64,SIM-3706,synthetic_simulation,1,2,1,5,1,3,2,4,1,4,5,2,5,1,5,5,Other,Galle,Group D
17,67,2,2,1,4,71,2,1,3,2,0,1,0,2,0,1,1,Female,63,SIM-3707,synthetic_simulation,5,5,2,3,5,4,3,2,4,5,3,1,5,2,3,1,Hinduism,Colombo,Group C
28,95,1,2,0,8,52,0,1,3,0,0,1,0,4,0,0,2,Male,72,SIM-3708,synthetic_simulation,5,2,2,1,2,3,4,3,4,1,1,4,2,4,3,3,Christianity,Jaffna,Group C
23,90,0,2,0,5,95,1,1,2,1,2,1,0,2,0,1,1,Male,69,SIM-3709,synthetic_simulation,2,2,3,1,4,5,1,2,2,3,4,2,3,3,5,5,Christianity,Negombo,Group B
20,86,1,0,0,6,96,2,1,1,0,1,1,1,2,1,1,0,Male,66,SIM-3710,synthetic_simulation,2,1,1,2,3,5,5,3,5,3,1,1,1,2,5,3,Islam,Colombo,Group D
11,76,2,2,1,8,91,1,1,1,0,0,0,1,3,1,0,2,Male,64,SIM-3711,synthetic_simulation,5,5,1,5,1,2,4,4,4,1,1,2,5,2,1,1,Hinduism,Jaffna,Group C
12,70,1,2,1,8,55,2,1,2,2,0,1,0,4,0,1,2,Female,61,SIM-3712,synthetic_simulation,1,5,2,3,4,5,4,4,5,3,2,5,1,4,1,4,Buddhism,Kandy,Group B
22,99,2,0,1,9,95,2,1,2,1,1,1,0,4,1,1,2,Male,71,SIM-3713,synthetic_simulation,3,3,3,5,5,4,4,5,3,4,5,5,5,3,2,1,Buddhism,Negombo,Group A
7,92,1,2,1,4,51,2,1,0,0,2,1,2,1,0,1,2,Male,63,SIM-3714,synthetic_simulation,3,3,4,4,3,2,1,2,1,2,1,2,3,2,1,4,Islam,Kandy,Group B
26,72,2,1,0,7,72,1,1,2,2,1,1,1,4,0,1,2,Male,65,SIM-3715,synthetic_simulation,1,3,5,5,3,5,2,4,1,4,5,2,5,5,3,5,Buddhism,Colombo,Group D
19,94,0,1,1,7,75,2,1,2,0,2,1,0,5,0,0,2,Male,71,SIM-3716,synthetic_simulation,3,1,1,5,1,1,1,3,3,3,4,5,1,3,3,2,Christianity,Negombo,Group A
39,90,0,0,0,8,92,0,1,2,2,0,0,1,1,0,1,2,Male,78,SIM-3717,synthetic_simulation,4,2,3,4,2,4,5,1,2,2,1,4,1,2,2,1,Buddhism,Jaffna,Group B
34,72,2,0,1,9,88,1,1,1,0,2,0,2,3,0,2,2,Male,73,SIM-3718,synthetic_simulation,5,5,3,4,3,2,5,1,3,4,3,5,3,2,2,3,Buddhism,Kandy,Group A
19,77,1,2,0,5,90,1,1,1,1,0,0,1,3,0,0,2,Female,65,SIM-3719,synthetic_simulation,5,5,2,3,2,4,3,1,3,3,2,5,1,3,4,3,Other,Colombo,Group C
19,67,1,2,1,7,93,0,1,0,2,2,1,2,4,0,2,2,Male,66,SIM-3720,synthetic_simulation,1,2,5,1,4,2,1,5,2,4,3,5,4,1,1,4,Buddhism,Jaffna,Group C
26,64,0,1,1,8,74,1,1,3,2,0,1,1,2,0,1,2,Female,66,SIM-3721,synthetic_simulation,3,5,1,2,3,4,1,4,2,3,2,3,5,3,4,3,Other,Jaffna,Group B
30,89,2,2,0,6,89,2,1,3,0,2,1,1,3,0,2,1,Male,74,SIM-3722,synthetic_simulation,2,2,4,4,3,1,3,2,4,5,1,4,4,5,5,5,Hinduism,Jaffna,Group D
10,71,2,1,0,10,53,1,1,4,0,2,0,2,3,0,1,2,Female,62,SIM-3723,synthetic_simulation,2,1,2,1,2,5,3,2,5,1,1,3,2,1,3,4,Other,Jaffna,Group D
9,93,0,1,1,6,72,1,1,1,2,2,1,2,2,0,0,2,Non-binary,66,SIM-3724,synthetic_simulation,3,1,1,3,1,3,4,5,1,3,5,4,2,4,2,2,Hinduism,Kandy,Group D
16,100,0,0,0,7,52,2,1,4,1,2,1,0,4,0,1,2,Female,71,SIM-3725,synthetic_simulation,2,1,1,5,5,3,4,3,2,4,2,3,5,1,5,1,Islam,Jaffna,Group C
23,63,0,2,1,5,96,2,1,2,0,2,1,1,2,0,1,2,Non-binary,67,SIM-3726,synthetic_simulation,1,2,3,3,4,3,5,4,2,3,4,3,1,5,4,4,Christianity,Galle,Group B
23,79,0,1,1,7,98,1,1,0,2,0,1,1,4,0,0,2,Non-binary,69,SIM-3727,synthetic_simulation,1,2,5,3,3,2,2,4,4,3,3,2,3,5,5,5,Islam,Negombo,Group C
26,92,2,0,0,4,54,2,1,2,0,2,1,2,4,0,1,1,Female,72,SIM-3728,synthetic_simulation,3,4,4,4,1,5,5,3,4,4,4,5,2,5,5,4,Islam,Jaffna,Group C
13,92,0,0,1,7,77,2,1,2,0,2,1,2,4,0,2,2,Non-binary,72,SIM-3729,synthetic_simulation,2,5,5,2,3,2,1,3,5,4,2,2,1,2,2,5,Islam,Jaffna,Group C
6,90,2,2,1,9,66,2,1,2,2,0,1,2,2,0,1,0,Non-binary,65,SIM-3730,synthetic_simulation,1,5,3,4,4,2,2,4,2,2,4,2,3,1,1,4,Hinduism,Galle,Group C
25,74,0,0,0,5,67,0,1,1,2,2,1,2,5,0,2,2,Non-binary,71,SIM-3731,synthetic_simulation,1,4,4,5,5,2,4,4,2,3,2,2,5,5,2,4,Buddhism,Negombo,Group B
15,78,2,2,0,5,73,2,1,0,0,0,0,2,1,1,0,2,Male,64,SIM-3732,synthetic_simulation,4,4,4,4,3,2,3,1,4,5,5,1,1,1,2,2,Other,Jaffna,Group D
8,84,2,1,1,9,56,1,1,1,1,2,1,2,2,0,1,1,Male,61,SIM-3733,synthetic_simulation,4,1,2,5,2,5,3,2,3,1,5,4,4,1,1,4,Islam,Jaffna,Group D
21,99,2,1,1,9,59,1,1,1,0,0,1,0,2,0,0,1,Female,69,SIM-3734,synthetic_simulation,1,4,4,4,1,3,5,1,5,3,4,2,5,4,1,5,Islam,Jaffna,Group D
25,73,1,2,1,5,79,2,1,1,1,2,0,1,5,0,1,1,Female,65,SIM-3735,synthetic_simulation,3,2,1,2,5,4,1,1,2,4,4,2,2,4,2,4,Buddhism,Galle,Group C
19,97,2,1,1,10,51,0,1,3,1,0,1,1,4,0,0,0,Male,69,SIM-3736,synthetic_simulation,5,3,5,1,3,2,1,2,1,2,2,1,5,4,1,3,Islam,Negombo,Group B
17,71,2,2,0,8,80,1,1,2,0,1,1,1,3,0,1,2,Female,64,SIM-3737,synthetic_simulation,5,2,5,2,5,5,3,5,1,3,5,1,5,2,3,2,Hinduism,Colombo,Group A
19,100,2,1,1,9,66,0,1,1,0,2,1,0,4,1,2,1,Female,69,SIM-3738,synthetic_simulation,1,4,2,4,2,1,5,5,4,5,4,5,3,2,5,5,Hinduism,Negombo,Group C
18,87,2,2,1,6,92,1,1,1,1,2,0,1,4,0,1,2,Male,68,SIM-3739,synthetic_simulation,1,5,4,3,3,4,5,5,1,4,2,2,2,4,5,1,Buddhism,Galle,Group D
12,79,2,1,0,9,80,1,1,1,0,2,1,2,2,0,0,1,Male,63,SIM-3740,synthetic_simulation,1,2,3,1,5,2,4,5,4,5,2,4,3,5,4,4,Hinduism,Negombo,Group C
16,85,1,2,0,7,85,0,1,1,2,0,1,1,2,0,1,2,Male,66,SIM-3741,synthetic_simulation,3,5,1,3,3,2,4,3,3,5,4,2,5,3,2,5,Islam,Jaffna,Group D
23,71,2,2,0,7,56,1,1,1,2,2,0,2,4,0,1,2,Male,65,SIM-3742,synthetic_simulation,4,2,2,2,3,4,4,1,4,1,3,5,1,2,5,3,Islam,Galle,Group A
22,71,0,2,1,8,63,2,1,2,2,0,1,0,2,0,1,1,Non-binary,66,SIM-3743,synthetic_simulation,1,5,4,1,5,4,2,3,2,1,1,2,4,3,5,4,Christianity,Galle,Group B
21,65,2,2,0,6,100,2,1,3,2,2,1,1,4,0,2,2,Male,67,SIM-3744,synthetic_simulation,1,2,3,4,3,2,5,3,1,3,2,1,4,2,5,3,Christianity,Negombo,Group B
14,65,2,0,1,5,72,1,1,3,1,0,0,0,2,0,1,2,Male,62,SIM-3745,synthetic_simulation,2,5,4,3,2,5,5,2,2,1,5,1,3,1,1,4,Buddhism,Negombo,Group D
19,74,2,0,1,7,68,2,1,2,1,0,1,0,2,0,1,2,Male,66,SIM-3746,synthetic_simulation,3,3,2,4,5,1,4,5,1,3,1,5,1,5,1,4,Islam,Kandy,Group B
7,91,0,2,0,7,94,0,0,3,0,2,1,1,3,0,2,1,Male,68,SIM-3747,synthetic_simulation,1,1,3,5,5,5,3,4,1,3,2,5,4,2,5,1,Islam,Negombo,Group B
21,84,2,2,1,6,52,2,1,2,0,0,1,0,5,0,1,1,Male,68,SIM-3748,synthetic_simulation,2,2,3,1,2,3,4,5,4,4,3,1,1,1,3,1,Other,Negombo,Group C
29,64,1,2,0,9,77,2,1,0,1,0,1,0,2,0,1,1,Non-binary,63,SIM-3749,synthetic_simulation,5,3,3,3,2,3,2,1,5,4,1,1,3,5,1,3,Hinduism,Jaffna,Group A
11,94,0,1,1,10,61,2,1,1,2,1,1,1,3,0,0,1,Male,66,SIM-3750,synthetic_simulation,1,1,3,2,2,3,3,3,1,2,5,2,2,2,5,2,Buddhism,Colombo,Group A
16,84,0,1,0,6,68,1,0,3,2,2,0,1,3,0,1,2,Non-binary,65,SIM-3751,synthetic_simulation,1,2,4,2,3,2,5,1,1,1,1,5,1,5,4,4,Buddhism,Colombo,Group A
22,98,0,2,1,7,60,2,1,1,0,2,1,2,1,0,1,2,Non-binary,72,SIM-3752,synthetic_simulation,2,3,3,2,3,1,2,3,5,2,4,2,1,2,5,1,Hinduism,Colombo,Group A
28,87,2,2,0,6,52,2,1,4,1,1,0,1,3,0,2,2,Non-binary,70,SIM-3753,synthetic_simulation,3,3,4,2,4,1,2,3,2,5,2,1,2,4,2,2,Other,Negombo,Group A
17,67,0,1,0,10,71,2,1,1,2,2,1,2,3,0,1,2,Female,63,SIM-3754,synthetic_simulation,1,3,3,3,3,2,3,3,1,3,4,4,5,2,5,3,Christianity,Colombo,Group D
16,79,2,2,0,8,89,2,1,0,1,0,0,1,4,0,1,2,Non-binary,65,SIM-3755,synthetic_simulation,5,4,3,5,2,2,4,4,4,3,3,5,5,2,2,5,Other,Kandy,Group C
8,86,0,1,1,8,98,1,1,1,1,2,0,1,1,0,0,2,Male,65,SIM-3756,synthetic_simulation,1,5,2,2,4,2,4,5,5,4,1,2,5,1,4,1,Christianity,Galle,Group C
21,61,0,0,0,9,81,2,1,1,2,2,0,1,3,0,2,2,Male,66,SIM-3757,synthetic_simulation,5,1,4,2,2,1,1,3,5,5,4,5,3,4,4,4,Christianity,Kandy,Group B
32,61,0,2,1,7,69,0,1,0,0,2,1,2,3,0,1,1,Female,68,SIM-3758,synthetic_simulation,4,5,4,2,1,2,3,2,1,3,3,4,5,3,3,1,Other,Kandy,Group D
22,65,2,1,1,7,88,1,0,2,2,2,1,2,4,0,0,2,Male,64,SIM-3759,synthetic_simulation,4,5,5,5,5,4,4,3,2,3,4,3,3,5,5,4,Buddhism,Colombo,Group C
20,70,0,2,0,9,75,1,1,3,2,2,1,1,4,0,0,1,Non-binary,66,SIM-3760,synthetic_simulation,5,5,2,1,1,4,2,5,2,5,5,1,2,3,1,1,Islam,Colombo,Group D
22,77,1,2,1,8,68,2,1,3,0,0,1,2,4,0,1,1,Non-binary,68,SIM-3761,synthetic_simulation,3,3,4,2,2,4,4,5,3,5,4,4,1,3,3,3,Buddhism,Kandy,Group B
20,79,1,2,1,6,59,2,1,0,1,2,1,2,2,0,1,1,Non-binary,64,SIM-3762,synthetic_simulation,1,5,2,2,3,2,4,4,3,3,2,3,4,4,3,3,Islam,Kandy,Group C
15,66,2,2,0,6,90,1,1,2,2,2,1,0,3,0,0,0,Non-binary,62,SIM-3763,synthetic_simulation,1,4,2,2,5,4,2,3,4,5,4,2,4,4,2,3,Buddhism,Kandy,Group D
25,87,2,2,1,6,75,2,0,0,1,2,0,1,2,1,1,2,Female,67,SIM-3764,synthetic_simulation,4,2,2,1,3,2,3,2,1,1,4,4,3,4,3,3,Other,Kandy,Group C
21,84,1,0,0,9,98,2,1,1,1,2,1,0,3,0,1,1,Non-binary,67,SIM-3765,synthetic_simulation,5,3,1,2,3,4,1,4,2,5,4,3,3,1,3,3,Other,Kandy,Group A
20,72,2,2,0,9,90,1,1,1,2,2,0,1,2,0,2,1,Male,65,SIM-3766,synthetic_simulation,1,1,4,1,5,2,4,4,3,2,4,4,1,1,3,4,Other,Negombo,Group D
14,61,1,2,1,10,71,2,0,2,1,2,1,1,4,0,1,2,Male,59,SIM-3767,synthetic_simulation,1,2,2,1,5,5,4,3,1,2,4,3,2,5,2,4,Islam,Kandy,Group D
28,63,2,0,1,6,87,1,1,0,1,2,1,2,2,0,1,1,Non-binary,66,SIM-3768,synthetic_simulation,3,2,1,4,1,3,4,3,1,3,1,2,1,4,4,5,Buddhism,Galle,Group B
24,76,0,1,0,7,73,2,1,4,2,2,1,1,2,0,1,2,Female,68,SIM-3769,synthetic_simulation,2,2,1,4,2,5,3,4,2,3,1,2,3,3,3,3,Christianity,Colombo,Group D
17,66,0,2,0,6,54,2,1,2,0,1,1,2,3,1,1,2,Female,63,SIM-3770,synthetic_simulation,4,5,3,2,3,3,2,4,1,4,5,2,1,5,4,2,Buddhism,Galle,Group B
26,75,2,1,1,7,76,2,1,2,2,2,1,1,3,0,0,2,Non-binary,68,SIM-3771,synthetic_simulation,4,5,3,3,2,3,2,4,5,5,1,2,3,1,4,4,Buddhism,Jaffna,Group B
17,85,0,1,1,8,93,1,1,2,2,0,1,2,3,0,0,0,Non-binary,68,SIM-3772,synthetic_simulation,2,3,4,4,2,4,2,1,3,2,3,2,4,2,2,4,Hinduism,Colombo,Group D
15,82,2,2,1,7,93,2,1,3,1,0,1,0,2,0,1,1,Non-binary,66,SIM-3773,synthetic_simulation,1,5,3,4,4,3,2,4,4,4,2,3,1,2,4,5,Buddhism,Galle,Group B
15,69,0,1,0,9,79,1,1,1,2,2,0,2,2,0,1,1,Male,63,SIM-3774,synthetic_simulation,3,5,4,3,1,3,2,5,3,3,4,2,2,5,2,4,Christianity,Kandy,Group D
9,74,2,1,0,6,69,1,1,3,1,2,0,2,2,0,1,1,Male,61,SIM-3775,synthetic_simulation,3,5,1,5,3,5,2,2,1,1,4,4,4,1,3,1,Buddhism,Kandy,Group B
23,85,0,2,1,8,51,1,1,0,0,1,1,0,4,0,0,2,Female,68,SIM-3776,synthetic_simulation,4,3,1,2,5,3,4,2,5,5,4,4,2,5,1,4,Hinduism,Colombo,Group C
9,94,0,1,0,6,66,1,1,0,1,0,1,2,3,0,0,2,Male,66,SIM-3777,synthetic_simulation,3,3,4,5,5,2,4,3,3,4,5,2,2,1,2,1,Hinduism,Negombo,Group A
13,90,2,0,0,4,99,0,1,1,0,2,1,1,4,1,0,1,Female,69,SIM-3778,synthetic_simulation,2,4,3,5,2,2,2,4,2,1,5,4,3,4,1,5,Christianity,Kandy,Group C
8,82,2,0,1,5,86,2,0,0,1,2,1,0,3,0,2,2,Female,64,SIM-3779,synthetic_simulation,1,4,3,1,1,4,2,2,5,3,3,2,2,2,3,1,Buddhism,Galle,Group C
19,74,2,2,0,7,86,0,1,1,0,2,0,2,3,0,2,2,Female,68,SIM-3780,synthetic_simulation,2,4,4,1,1,5,3,2,3,2,4,4,5,3,1,2,Other,Colombo,Group C
19,75,2,0,0,10,88,1,1,0,1,0,1,2,2,0,1,2,Male,66,SIM-3781,synthetic_simulation,5,4,5,2,3,1,3,5,1,4,5,5,2,4,5,4,Other,Negombo,Group A
18,95,2,2,0,6,81,2,1,0,1,2,1,2,3,1,1,2,Male,68,SIM-3782,synthetic_simulation,4,2,3,3,3,5,5,5,2,4,4,1,1,3,5,2,Hinduism,Kandy,Group D
14,62,2,0,1,7,79,1,1,2,2,2,0,2,2,0,1,1,Female,62,SIM-3783,synthetic_simulation,3,2,2,1,2,1,4,1,1,3,1,4,3,5,3,3,Christianity,Negombo,Group B
13,100,2,1,1,8,73,1,1,1,1,2,1,1,3,0,2,2,Female,68,SIM-3784,synthetic_simulation,5,4,3,4,2,3,2,1,1,3,4,4,3,2,4,5,Other,Galle,Group D
23,87,2,0,0,6,72,2,1,1,1,0,0,0,3,0,0,1,Non-binary,69,SIM-3785,synthetic_simulation,3,4,5,2,2,1,4,2,2,2,3,1,5,3,4,5,Hinduism,Colombo,Group D
17,87,0,0,1,6,94,2,1,2,1,2,0,1,3,0,1,1,Female,70,SIM-3786,synthetic_simulation,1,1,1,5,4,3,5,3,5,2,3,5,3,5,2,4,Hinduism,Kandy,Group D
22,62,0,2,1,7,70,1,1,4,1,2,1,0,2,0,0,2,Female,65,SIM-3787,synthetic_simulation,1,2,1,2,1,5,3,2,3,2,5,1,3,1,5,4,Buddhism,Negombo,Group A
15,84,1,2,1,6,92,2,1,3,2,2,1,2,3,0,0,2,Non-binary,68,SIM-3788,synthetic_simulation,1,1,1,1,2,5,5,3,5,1,4,4,4,4,2,5,Christianity,Colombo,Group B
21,79,2,0,0,4,92,1,1,0,1,2,1,0,2,0,2,2,Female,67,SIM-3789,synthetic_simulation,3,1,3,3,1,4,1,2,2,1,3,2,4,1,3,4,Other,Galle,Group B
28,64,1,2,1,6,89,2,1,0,1,1,1,1,4,0,0,0,Male,64,SIM-3790,synthetic_simulation,5,5,1,5,5,4,3,5,3,3,1,5,4,4,1,1,Buddhism,Colombo,Group A
24,71,1,2,0,8,52,2,0,2,2,2,1,0,3,0,0,2,Male,63,SIM-3791,synthetic_simulation,1,3,5,3,5,3,4,4,2,4,5,4,5,2,5,1,Islam,Kandy,Group A
18,96,2,1,1,8,57,2,1,1,2,2,1,0,2,0,1,2,Female,67,SIM-3792,synthetic_simulation,5,2,5,2,1,3,3,2,4,1,1,2,3,3,4,1,Christianity,Jaffna,Group D
22,82,0,1,0,9,66,2,1,1,1,0,0,0,3,0,1,1,Non-binary,66,SIM-3793,synthetic_simulation,3,4,3,3,5,2,5,1,4,3,3,2,3,1,2,5,Hinduism,Colombo,Group B
19,77,0,1,1,9,92,2,1,2,1,2,1,2,4,0,1,2,Non-binary,67,SIM-3794,synthetic_simulation,5,4,2,3,5,2,2,3,5,1,5,5,3,1,1,5,Buddhism,Kandy,Group C
20,63,2,2,1,6,94,2,0,2,2,2,1,1,3,0,1,0,Male,63,SIM-3795,synthetic_simulation,3,3,3,2,5,2,5,3,2,2,4,4,2,3,4,2,Other,Negombo,Group B
18,89,2,2,1,6,52,2,1,3,0,0,1,2,3,0,1,1,Male,69,SIM-3796,synthetic_simulation,3,2,1,5,3,5,5,2,3,3,2,3,3,3,4,3,Hinduism,Colombo,Group A
19,88,0,0,0,6,66,2,1,3,2,2,1,2,2,0,1,2,Non-binary,70,SIM-3797,synthetic_simulation,4,4,3,3,3,1,2,3,5,2,4,2,3,5,3,4,Hinduism,Colombo,Group A
21,85,0,2,1,7,93,2,1,0,0,2,1,1,4,0,1,1,Female,70,SIM-3798,synthetic_simulation,3,4,5,3,1,3,4,1,4,5,4,1,1,4,4,5,Other,Jaffna,Group C
14,80,0,2,0,6,62,2,1,0,0,2,0,0,2,0,2,2,Female,65,SIM-3799,synthetic_simulation,3,5,3,2,1,4,4,5,4,4,1,3,1,5,4,2,Islam,Jaffna,Group C
14,77,1,1,0,7,99,1,1,2,2,2,1,2,2,0,2,1,Female,64,SIM-3800,synthetic_simulation,2,1,3,4,4,3,3,4,4,2,4,1,3,1,4,3,Christianity,Jaffna,Group B
12,84,2,0,1,6,74,0,1,1,2,0,1,0,3,0,0,1,Female,67,SIM-3801,synthetic_simulation,1,4,2,3,3,1,5,4,5,4,2,5,2,3,1,1,Christianity,Jaffna,Group B
10,69,1,2,0,8,97,2,1,1,2,2,0,0,3,0,1,2,Non-binary,61,SIM-3802,synthetic_simulation,4,2,5,1,1,3,3,3,3,3,5,2,2,2,1,4,Hinduism,Kandy,Group B
13,98,2,0,1,6,71,2,1,1,1,0,0,2,1,0,0,2,Non-binary,70,SIM-3803,synthetic_simulation,4,3,4,5,3,4,2,2,4,5,5,2,5,1,4,5,Buddhism,Jaffna,Group D
21,84,0,1,0,6,66,0,1,2,0,2,0,2,4,1,0,0,Non-binary,68,SIM-3804,synthetic_simulation,4,5,4,3,4,4,1,3,5,4,2,5,5,1,3,2,Islam,Jaffna,Group B
15,72,2,2,1,8,68,0,1,0,2,2,1,2,2,0,1,2,Female,64,SIM-3805,synthetic_simulation,2,2,5,2,1,1,4,1,5,1,1,2,3,4,4,1,Islam,Galle,Group B
23,78,0,2,0,8,94,2,1,1,0,2,0,1,2,1,1,1,Female,68,SIM-3806,synthetic_simulation,3,5,4,1,1,4,2,2,1,3,2,3,4,5,5,3,Hinduism,Jaffna,Group B
20,92,2,1,0,7,67,1,1,1,2,2,1,2,5,0,1,2,Male,68,SIM-3807,synthetic_simulation,1,1,1,2,1,5,4,5,1,5,5,3,2,4,5,2,Buddhism,Kandy,Group C
8,66,0,0,1,8,83,2,1,0,1,2,0,2,4,0,0,2,Non-binary,63,SIM-3808,synthetic_simulation,5,4,4,3,1,4,3,1,3,1,2,5,4,1,2,3,Other,Kandy,Group B
24,72,1,2,1,8,73,1,1,1,1,2,1,2,2,0,0,1,Non-binary,65,SIM-3809,synthetic_simulation,3,2,1,1,2,1,1,5,4,1,1,4,5,3,5,5,Other,Kandy,Group C
25,87,1,2,1,10,97,2,1,4,1,1,0,1,3,1,1,2,Female,69,SIM-3810,synthetic_simulation,2,3,5,5,3,1,5,2,1,5,4,2,2,2,2,2,Hinduism,Negombo,Group A
14,73,2,0,0,8,58,2,1,2,1,0,1,0,2,0,0,1,Female,63,SIM-3811,synthetic_simulation,3,1,4,5,3,3,4,5,3,2,4,3,4,4,2,4,Buddhism,Negombo,Group D
23,92,1,2,1,10,71,2,1,1,1,2,1,1,3,0,0,2,Female,69,SIM-3812,synthetic_simulation,3,1,4,5,3,4,5,1,1,5,5,1,3,1,2,1,Islam,Galle,Group C
15,65,0,1,1,7,56,2,0,3,0,2,0,2,3,1,1,2,Female,61,SIM-3813,synthetic_simulation,2,5,1,4,4,4,3,1,4,5,1,2,4,5,2,2,Islam,Negombo,Group B
21,91,1,0,1,9,79,2,1,2,1,2,0,1,3,0,0,0,Non-binary,69,SIM-3814,synthetic_simulation,4,1,1,2,2,1,4,3,5,5,4,3,5,4,4,5,Islam,Galle,Group C
12,63,0,2,0,9,70,1,1,1,0,1,1,2,3,0,0,2,Female,62,SIM-3815,synthetic_simulation,4,2,3,3,3,3,3,2,4,4,4,3,2,1,1,5,Christianity,Negombo,Group B
9,61,1,0,1,7,53,2,1,0,2,2,1,2,2,1,2,0,Male,58,SIM-3816,synthetic_simulation,1,5,2,1,3,3,5,4,1,2,4,3,2,5,5,3,Islam,Colombo,Group D
18,96,2,0,1,6,92,2,1,2,2,2,1,2,3,0,1,0,Female,71,SIM-3817,synthetic_simulation,1,1,4,2,1,5,3,4,4,3,3,4,2,5,5,3,Other,Galle,Group D
19,83,0,1,0,6,69,2,1,5,2,2,0,2,2,0,2,0,Male,69,SIM-3818,synthetic_simulation,4,3,2,3,1,5,3,5,5,1,4,5,3,2,5,4,Buddhism,Negombo,Group C
18,74,0,2,0,8,75,0,1,1,0,0,1,2,3,0,2,1,Male,68,SIM-3819,synthetic_simulation,5,2,2,4,1,1,3,4,2,4,3,4,2,3,2,5,Islam,Colombo,Group D
13,69,2,1,0,5,70,2,1,0,2,0,0,0,2,0,0,2,Female,61,SIM-3820,synthetic_simulation,3,3,4,3,3,3,2,4,5,2,2,1,4,2,3,5,Hinduism,Galle,Group D
18,85,0,2,1,6,74,2,1,3,1,2,0,0,2,0,0,0,Female,67,SIM-3821,synthetic_simulation,5,3,1,2,1,3,2,1,1,5,5,1,1,5,1,5,Hinduism,Galle,Group C
22,80,2,0,1,9,51,2,1,2,2,2,1,0,3,0,2,2,Male,68,SIM-3822,synthetic_simulation,3,5,3,3,3,5,4,1,5,4,5,5,1,4,3,1,Other,Colombo,Group D
20,100,2,2,1,8,91,2,1,3,1,2,1,2,3,0,1,2,Female,72,SIM-3823,synthetic_simulation,4,4,5,1,4,5,3,1,3,4,3,5,3,3,3,1,Islam,Galle,Group B
21,99,0,1,1,4,67,2,1,1,2,2,0,0,4,0,0,2,Male,71,SIM-3824,synthetic_simulation,1,5,4,4,4,1,3,4,4,1,1,3,4,5,5,5,Other,Colombo,Group C
16,85,2,2,1,5,86,1,0,3,2,2,1,2,2,0,1,2,Male,67,SIM-3825,synthetic_simulation,1,2,4,1,5,3,3,5,2,3,3,1,3,3,3,1,Other,Colombo,Group D
27,78,2,2,0,10,53,2,1,3,2,2,0,1,4,1,2,1,Female,68,SIM-3826,synthetic_simulation,5,2,5,4,2,1,2,2,2,2,4,3,1,4,4,5,Other,Galle,Group B
13,80,2,2,0,9,76,2,1,0,0,2,1,1,2,0,1,2,Male,64,SIM-3827,synthetic_simulation,1,5,2,4,1,5,5,3,4,2,1,5,2,1,3,3,Christianity,Galle,Group D
23,87,2,0,0,6,95,0,1,3,0,2,0,2,0,0,1,2,Male,73,SIM-3828,synthetic_simulation,4,4,3,3,1,4,3,5,4,2,5,1,1,1,3,3,Islam,Jaffna,Group B
27,64,1,2,1,5,70,2,1,0,1,0,1,2,4,0,1,2,Male,65,SIM-3829,synthetic_simulation,5,5,2,1,2,5,1,1,3,5,2,3,1,5,5,1,Hinduism,Jaffna,Group A
23,73,1,0,0,5,60,0,1,1,2,2,0,2,2,0,2,2,Non-binary,67,SIM-3830,synthetic_simulation,3,2,5,4,2,3,4,5,5,5,2,2,1,5,3,3,Christianity,Kandy,Group B
19,63,0,2,1,8,55,1,1,0,2,2,0,2,4,0,0,1,Female,63,SIM-3831,synthetic_simulation,1,4,5,4,5,1,2,2,2,4,3,2,3,2,2,3,Other,Kandy,Group A
17,63,2,2,1,10,93,2,1,0,1,2,1,2,2,1,2,2,Female,63,SIM-3832,synthetic_simulation,2,2,3,3,2,3,5,1,1,3,3,3,5,5,1,4,Hinduism,Colombo,Group A
26,68,2,2,1,10,62,0,1,4,2,2,1,1,2,0,2,2,Non-binary,69,SIM-3833,synthetic_simulation,1,4,5,2,3,5,1,2,4,1,3,4,3,1,4,4,Other,Galle,Group C
11,79,0,0,1,5,99,2,1,1,0,1,1,2,3,0,1,2,Male,68,SIM-3834,synthetic_simulation,3,4,5,2,1,5,3,3,4,1,3,3,5,1,1,5,Christianity,Colombo,Group A
14,91,2,2,1,7,62,2,1,2,1,0,1,1,2,0,0,2,Non-binary,68,SIM-3835,synthetic_simulation,5,5,3,5,2,2,2,5,2,3,5,1,3,2,2,2,Buddhism,Jaffna,Group A
18,79,0,0,1,6,74,2,1,3,1,2,1,2,4,0,1,2,Male,69,SIM-3836,synthetic_simulation,3,5,4,5,3,5,3,3,4,2,4,5,1,4,3,2,Other,Kandy,Group B
27,73,0,0,1,7,73,0,1,5,0,0,1,0,3,0,1,2,Female,73,SIM-3837,synthetic_simulation,2,5,2,4,2,3,4,4,2,3,5,3,2,3,5,4,Other,Colombo,Group D
22,63,0,0,1,5,53,0,1,3,1,0,1,0,2,0,1,2,Female,66,SIM-3838,synthetic_simulation,4,4,4,2,3,1,2,5,1,1,2,1,4,1,1,5,Hinduism,Galle,Group D
14,82,2,2,1,6,77,2,1,3,2,2,1,2,3,0,0,2,Female,68,SIM-3839,synthetic_simulation,1,4,4,4,4,1,1,4,1,5,2,1,5,3,3,4,Hinduism,Kandy,Group A
18,71,2,2,0,6,84,2,1,2,2,1,1,1,2,0,2,2,Male,65,SIM-3840,synthetic_simulation,5,2,2,1,3,2,5,2,2,3,2,2,3,5,1,3,Other,Colombo,Group C
16,85,2,2,0,8,87,0,1,4,1,2,0,0,3,0,1,0,Non-binary,67,SIM-3841,synthetic_simulation,4,3,4,2,5,3,5,4,4,4,4,3,2,5,3,5,Islam,Kandy,Group C
16,99,2,2,0,6,76,1,1,2,2,2,0,2,4,0,0,2,Non-binary,70,SIM-3842,synthetic_simulation,3,5,3,2,3,5,4,2,3,5,4,4,4,4,5,5,Hinduism,Galle,Group D
26,64,2,0,0,6,91,2,1,1,1,2,0,1,4,0,1,1,Non-binary,66,SIM-3843,synthetic_simulation,5,2,2,2,2,4,5,3,3,4,1,4,2,3,2,2,Buddhism,Kandy,Group D
12,68,2,0,0,8,88,0,1,3,1,2,1,0,3,0,2,1,Male,64,SIM-3844,synthetic_simulation,4,2,1,5,4,1,5,1,5,4,4,5,5,1,1,2,Buddhism,Colombo,Group C
30,79,2,0,0,9,60,2,1,1,1,2,1,1,3,0,1,2,Female,69,SIM-3845,synthetic_simulation,5,1,4,3,4,3,4,3,3,3,2,5,5,2,4,2,Other,Colombo,Group C
25,99,1,2,0,10,70,2,1,1,2,2,1,2,5,0,0,0,Female,71,SIM-3846,synthetic_simulation,2,5,5,3,3,2,1,4,4,4,4,2,4,1,2,1,Hinduism,Kandy,Group C
27,91,2,1,0,8,57,2,1,0,1,1,0,1,4,0,2,1,Female,68,SIM-3847,synthetic_simulation,2,2,2,5,2,4,2,2,3,2,4,3,4,3,5,3,Buddhism,Galle,Group A
17,96,0,2,0,7,57,1,1,2,2,2,0,0,3,0,0,1,Female,68,SIM-3848,synthetic_simulation,1,1,1,5,4,3,2,4,5,3,4,5,5,3,4,3,Christianity,Colombo,Group A
19,73,1,2,1,9,86,0,1,0,2,0,1,2,3,0,0,2,Non-binary,66,SIM-3849,synthetic_simulation,1,5,5,5,3,5,4,1,1,1,3,3,5,1,3,3,Buddhism,Negombo,Group B
11,100,1,0,0,9,77,2,1,2,2,0,1,2,3,0,2,2,Female,70,SIM-3850,synthetic_simulation,2,4,1,3,3,1,3,5,2,2,4,4,1,1,1,3,Hinduism,Kandy,Group C
17,64,2,0,0,8,80,2,1,0,0,0,1,2,2,0,2,2,Female,65,SIM-3851,synthetic_simulation,5,1,4,4,3,5,4,5,3,5,3,1,4,4,4,3,Other,Jaffna,Group C
23,62,2,1,1,5,87,2,1,1,2,2,1,0,4,0,1,2,Female,63,SIM-3852,synthetic_simulation,2,4,5,5,4,2,4,5,2,3,2,4,4,5,2,3,Buddhism,Colombo,Group A
28,94,1,2,1,9,64,2,1,0,2,2,1,1,3,0,1,1,Female,70,SIM-3853,synthetic_simulation,1,3,4,4,1,1,4,4,2,1,1,2,5,4,4,1,Other,Jaffna,Group D
13,97,1,2,1,8,70,2,1,0,0,2,0,1,2,0,2,1,Male,67,SIM-3854,synthetic_simulation,2,3,5,4,2,4,4,5,1,1,5,3,3,1,5,5,Christianity,Jaffna,Group D
18,64,2,2,0,6,80,2,1,1,2,2,1,2,5,1,1,2,Male,63,SIM-3855,synthetic_simulation,2,3,2,1,5,1,5,2,5,3,1,1,1,1,4,2,Buddhism,Galle,Group A
19,65,0,2,0,6,55,2,1,1,1,0,1,2,3,0,2,1,Non-binary,64,SIM-3856,synthetic_simulation,5,3,3,3,5,5,5,1,4,2,5,1,3,2,1,2,Other,Galle,Group B
12,61,1,2,1,8,92,2,1,2,0,2,1,1,4,1,1,1,Female,60,SIM-3857,synthetic_simulation,4,2,3,4,2,3,1,3,4,1,2,2,5,5,1,2,Buddhism,Galle,Group D
24,64,2,2,1,4,67,1,1,0,1,2,1,1,1,0,1,2,Male,62,SIM-3858,synthetic_simulation,1,3,1,3,1,3,4,2,4,3,3,1,1,2,3,3,Buddhism,Kandy,Group C
16,68,2,0,0,7,83,0,1,2,1,0,1,2,2,0,1,2,Non-binary,65,SIM-3859,synthetic_simulation,5,2,5,3,2,3,2,1,5,3,4,3,1,5,4,2,Hinduism,Jaffna,Group C
19,99,1,1,0,6,100,2,1,0,0,1,0,0,3,0,2,2,Male,69,SIM-3860,synthetic_simulation,2,2,4,1,3,2,3,3,5,4,3,4,5,5,4,1,Hinduism,Colombo,Group A
17,87,2,0,1,6,74,1,1,1,1,0,0,1,3,0,0,1,Non-binary,68,SIM-3861,synthetic_simulation,2,5,2,3,2,2,5,5,5,3,5,3,2,3,5,3,Islam,Jaffna,Group B
15,91,2,2,0,6,61,2,0,1,2,0,1,2,2,0,1,1,Non-binary,66,SIM-3862,synthetic_simulation,4,2,2,4,2,3,2,3,3,1,4,5,2,5,1,3,Hinduism,Negombo,Group D
20,91,0,0,1,5,61,1,1,4,1,2,1,2,2,0,2,2,Female,72,SIM-3863,synthetic_simulation,1,2,2,2,4,4,5,4,2,4,5,1,4,1,2,1,Hinduism,Jaffna,Group D
19,81,2,0,1,9,53,2,1,2,0,2,1,2,3,0,1,2,Non-binary,68,SIM-3864,synthetic_simulation,1,3,3,4,5,5,1,4,5,1,5,1,5,5,3,5,Islam,Jaffna,Group D
18,92,2,2,0,4,88,2,1,3,0,2,1,1,2,0,1,1,Female,69,SIM-3865,synthetic_simulation,3,2,4,4,5,4,3,5,5,2,4,3,5,4,4,1,Islam,Kandy,Group B
16,84,2,2,0,7,65,1,1,1,0,0,1,0,3,0,1,1,Female,65,SIM-3866,synthetic_simulation,1,4,2,3,3,3,5,5,3,2,1,2,3,3,3,1,Buddhism,Colombo,Group D
22,73,0,2,1,6,59,1,1,0,1,2,1,2,1,0,1,2,Female,65,SIM-3867,synthetic_simulation,4,3,2,4,3,5,3,2,2,1,1,3,5,2,4,1,Buddhism,Negombo,Group C
30,82,1,2,1,10,86,1,1,2,1,0,1,1,4,0,1,2,Non-binary,70,SIM-3868,synthetic_simulation,3,1,1,2,4,2,3,2,4,5,5,4,2,5,4,5,Buddhism,Kandy,Group B
21,81,2,1,1,7,65,0,1,1,2,2,1,2,2,0,0,1,Non-binary,67,SIM-3869,synthetic_simulation,3,3,5,3,3,1,2,4,1,5,2,2,5,2,5,2,Hinduism,Negombo,Group A
26,93,0,2,0,4,80,2,1,4,1,2,0,2,3,1,0,2,Non-binary,73,SIM-3870,synthetic_simulation,2,2,5,5,1,1,5,1,5,5,3,1,3,1,4,1,Other,Jaffna,Group B
12,99,0,0,0,8,71,2,1,2,2,1,1,1,2,0,0,2,Female,70,SIM-3871,synthetic_simulation,2,4,5,4,4,5,3,2,5,1,1,1,4,2,3,3,Other,Colombo,Group D
21,76,2,2,1,5,67,2,1,1,0,1,0,2,3,0,1,1,Non-binary,66,SIM-3872,synthetic_simulation,1,3,1,4,4,4,4,1,1,3,4,2,1,5,3,2,Hinduism,Jaffna,Group C
13,91,2,2,1,8,74,2,1,1,1,2,0,2,1,0,2,2,Male,68,SIM-3873,synthetic_simulation,3,4,3,1,2,5,3,4,5,4,5,2,4,2,5,2,Christianity,Kandy,Group D
11,64,2,2,1,8,66,2,1,2,1,2,1,2,2,0,0,1,Female,61,SIM-3874,synthetic_simulation,2,1,1,5,2,4,3,2,5,3,3,2,3,1,5,4,Buddhism,Colombo,Group A
16,91,2,0,0,9,94,1,1,0,0,2,1,2,3,0,2,2,Male,70,SIM-3875,synthetic_simulation,4,1,2,5,1,4,5,1,5,1,3,1,5,5,3,1,Hinduism,Negombo,Group B
27,75,2,1,1,7,54,1,1,2,2,2,1,0,3,0,2,2,Non-binary,66,SIM-3876,synthetic_simulation,2,5,4,2,4,1,4,1,1,3,5,1,2,2,3,2,Christianity,Colombo,Group C
26,62,0,2,1,8,52,2,1,4,1,2,1,1,5,0,0,2,Male,67,SIM-3877,synthetic_simulation,2,5,2,5,4,2,3,2,3,2,3,1,5,2,4,3,Buddhism,Colombo,Group C
21,75,0,0,0,7,70,0,1,1,2,0,0,1,3,0,2,2,Male,69,SIM-3878,synthetic_simulation,3,3,2,1,2,3,5,5,3,4,2,1,1,1,1,5,Islam,Kandy,Group A
11,84,2,1,1,6,59,1,1,2,2,2,1,2,3,0,1,2,Male,64,SIM-3879,synthetic_simulation,3,5,4,2,5,2,5,3,1,1,5,1,2,4,3,5,Hinduism,Kandy,Group D
19,65,0,2,1,9,87,1,1,0,0,0,1,2,2,0,0,1,Female,65,SIM-3880,synthetic_simulation,5,4,5,5,5,3,3,5,3,4,3,3,4,4,2,2,Christianity,Jaffna,Group B
22,97,0,2,1,5,68,1,1,7,2,0,0,0,5,0,0,2,Non-binary,75,SIM-3881,synthetic_simulation,4,5,1,2,2,1,1,3,4,5,3,3,3,3,1,5,Other,Colombo,Group D
21,63,0,2,0,7,63,2,1,2,2,2,1,1,2,0,1,0,Female,63,SIM-3882,synthetic_simulation,3,4,3,5,3,3,1,1,4,5,1,3,4,1,2,4,Hinduism,Colombo,Group A
9,97,0,2,0,6,68,1,1,5,2,2,0,1,3,0,0,2,Non-binary,69,SIM-3883,synthetic_simulation,1,5,2,5,4,4,2,2,1,2,3,2,1,4,1,5,Other,Galle,Group B
15,88,2,0,1,8,61,1,1,2,2,0,1,2,4,1,1,2,Female,68,SIM-3884,synthetic_simulation,4,5,2,5,1,5,1,4,2,1,3,1,1,2,3,5,Christianity,Jaffna,Group A
20,73,2,1,1,6,65,2,1,2,0,0,0,2,2,0,0,2,Male,66,SIM-3885,synthetic_simulation,4,5,3,4,5,3,1,2,5,5,1,3,5,1,5,5,Hinduism,Galle,Group A
23,76,1,2,1,6,78,1,1,2,0,2,1,2,2,0,1,1,Male,66,SIM-3886,synthetic_simulation,3,2,1,5,3,2,5,5,2,4,5,2,5,2,5,3,Hinduism,Kandy,Group D
7,90,1,2,1,7,93,1,1,4,2,2,1,1,3,0,0,2,Female,66,SIM-3887,synthetic_simulation,4,2,2,4,4,1,5,3,5,4,1,4,5,2,3,4,Hinduism,Negombo,Group A
19,84,2,2,1,9,69,2,1,2,2,1,1,1,4,0,0,2,Male,68,SIM-3888,synthetic_simulation,3,5,3,3,3,1,3,2,3,2,4,5,1,3,1,4,Hinduism,Jaffna,Group B
21,87,1,2,1,6,66,2,1,1,1,1,1,0,2,0,1,1,Male,65,SIM-3889,synthetic_simulation,2,4,2,1,4,5,3,3,3,5,4,4,2,3,3,5,Islam,Colombo,Group C
25,76,2,0,0,6,89,0,1,3,1,2,1,1,3,0,0,2,Non-binary,70,SIM-3890,synthetic_simulation,5,3,5,2,4,4,5,5,4,3,2,4,4,5,1,2,Hinduism,Galle,Group B
24,80,2,0,0,5,51,2,1,3,0,1,1,2,2,0,1,2,Non-binary,68,SIM-3891,synthetic_simulation,2,1,5,2,2,4,3,5,2,5,3,5,4,1,3,3,Christianity,Colombo,Group B
23,100,2,2,0,6,65,1,1,1,2,0,1,1,2,1,1,2,Female,70,SIM-3892,synthetic_simulation,3,2,2,3,2,1,5,2,1,2,4,2,3,4,2,2,Christianity,Negombo,Group A
15,69,1,2,0,8,73,2,1,2,2,2,1,1,2,0,1,1,Non-binary,61,SIM-3893,synthetic_simulation,3,5,2,5,1,4,1,4,5,5,5,5,3,3,3,1,Islam,Colombo,Group D
9,77,1,1,0,7,80,2,1,3,2,2,1,2,3,1,1,2,Female,61,SIM-3894,synthetic_simulation,2,1,5,1,1,5,3,4,3,1,5,2,2,1,1,3,Hinduism,Galle,Group B
18,72,1,0,0,7,58,1,1,6,1,2,1,2,0,0,1,1,Female,64,SIM-3895,synthetic_simulation,1,2,2,3,3,1,1,3,5,2,4,4,5,3,4,5,Hinduism,Jaffna,Group C
26,91,1,2,0,10,72,1,1,4,0,2,1,1,3,0,0,1,Non-binary,71,SIM-3896,synthetic_simulation,1,3,1,3,2,4,2,2,1,3,1,5,5,4,5,3,Buddhism,Colombo,Group B
28,91,0,2,1,4,78,1,1,1,2,1,1,2,3,0,1,1,Female,72,SIM-3897,synthetic_simulation,1,4,1,2,4,3,3,1,5,4,2,4,2,3,4,3,Buddhism,Galle,Group A
24,72,2,0,1,10,76,0,0,1,1,2,1,0,3,0,1,2,Male,66,SIM-3898,synthetic_simulation,3,5,4,4,2,3,5,5,4,5,1,5,4,5,3,2,Other,Kandy,Group A
23,63,2,2,1,9,79,0,1,0,1,2,0,0,4,0,1,0,Male,63,SIM-3899,synthetic_simulation,4,3,1,4,4,4,5,3,1,4,2,5,5,1,1,1,Islam,Colombo,Group A
22,60,1,1,0,7,83,2,0,3,2,2,1,2,1,0,0,2,Male,62,SIM-3900,synthetic_simulation,3,2,2,5,2,3,2,5,1,2,4,1,4,1,5,3,Buddhism,Colombo,Group A
17,77,2,2,1,8,69,1,1,3,0,2,1,1,3,1,1,2,Female,65,SIM-3901,synthetic_simulation,4,5,2,5,4,5,5,3,5,4,1,3,1,2,3,1,Christianity,Negombo,Group D
19,76,2,2,1,6,53,2,1,2,2,2,1,2,5,0,1,2,Non-binary,66,SIM-3902,synthetic_simulation,2,1,3,3,3,2,1,2,5,1,4,3,3,5,4,1,Christianity,Colombo,Group B
30,100,1,0,0,7,53,2,1,2,1,0,0,1,3,0,1,1,Female,72,SIM-3903,synthetic_simulation,5,4,1,5,2,5,5,3,3,2,2,4,5,3,5,2,Christianity,Galle,Group B
14,79,0,2,1,10,93,2,1,2,2,2,1,1,3,0,0,2,Male,68,SIM-3904,synthetic_simulation,4,2,5,4,5,5,2,3,5,2,5,4,3,2,3,2,Islam,Negombo,Group B
30,70,0,1,0,6,84,0,1,2,2,2,1,2,3,0,2,2,Male,70,SIM-3905,synthetic_simulation,1,4,5,1,5,4,4,1,1,5,1,4,2,3,5,5,Christianity,Negombo,Group B
18,96,2,2,1,7,88,2,1,1,2,0,0,0,3,0,1,1,Male,70,SIM-3906,synthetic_simulation,3,5,4,2,4,5,4,3,5,2,4,1,1,5,2,5,Buddhism,Colombo,Group B
28,80,2,0,0,6,96,0,1,2,1,2,1,2,6,0,1,2,Non-binary,73,SIM-3907,synthetic_simulation,2,3,3,4,3,4,1,4,3,1,2,1,5,2,5,3,Buddhism,Jaffna,Group C
12,84,2,0,0,6,88,0,0,2,0,0,1,2,2,0,1,2,Male,67,SIM-3908,synthetic_simulation,1,4,5,5,4,1,4,3,2,5,5,4,5,4,2,5,Other,Kandy,Group A
24,64,2,1,0,6,85,2,1,3,2,2,1,2,2,0,2,1,Female,65,SIM-3909,synthetic_simulation,2,1,4,2,3,4,5,3,4,1,1,1,4,1,5,2,Other,Jaffna,Group D
16,75,0,1,1,5,83,2,1,1,2,0,0,0,3,0,0,1,Male,65,SIM-3910,synthetic_simulation,5,2,1,2,1,4,2,2,1,3,2,5,3,5,5,5,Islam,Galle,Group B
12,98,1,2,0,7,63,2,1,0,0,2,0,1,3,1,1,2,Non-binary,65,SIM-3911,synthetic_simulation,3,1,3,3,2,1,1,3,3,5,1,5,1,5,5,5,Other,Colombo,Group B
21,84,2,2,1,7,98,2,1,0,2,2,1,1,4,0,0,2,Female,70,SIM-3912,synthetic_simulation,3,4,3,5,3,2,4,1,4,2,1,5,4,3,2,5,Islam,Colombo,Group C
26,74,2,1,1,6,77,2,1,3,2,2,0,0,2,0,1,0,Male,66,SIM-3913,synthetic_simulation,5,3,2,3,4,1,5,2,5,2,3,3,1,4,3,1,Hinduism,Kandy,Group D
15,85,2,2,1,4,61,2,1,0,2,1,1,1,1,0,0,2,Non-binary,65,SIM-3914,synthetic_simulation,3,3,1,2,1,4,5,5,5,2,4,5,1,4,4,5,Other,Jaffna,Group C
11,96,0,0,0,7,60,2,1,2,1,2,1,1,1,0,1,2,Non-binary,68,SIM-3915,synthetic_simulation,4,1,3,3,4,3,3,4,2,3,3,3,2,5,5,2,Islam,Jaffna,Group A
19,71,2,2,1,7,91,2,1,3,0,2,1,0,1,0,1,1,Male,66,SIM-3916,synthetic_simulation,2,5,4,5,5,4,3,4,5,1,1,5,2,5,4,1,Buddhism,Jaffna,Group D
19,80,1,2,1,10,63,0,0,1,2,2,1,1,2,0,0,2,Non-binary,65,SIM-3917,synthetic_simulation,1,5,5,4,5,1,2,5,4,2,2,4,4,1,4,5,Other,Jaffna,Group C
23,98,2,0,1,7,52,1,1,2,1,0,0,2,4,1,1,2,Male,71,SIM-3918,synthetic_simulation,5,3,1,1,2,4,1,3,3,4,4,3,4,4,5,5,Other,Negombo,Group A
26,67,1,2,1,8,71,2,1,2,0,2,0,0,3,0,1,2,Female,65,SIM-3919,synthetic_simulation,4,1,1,4,2,1,4,1,2,2,2,1,4,5,2,2,Islam,Kandy,Group C
20,89,1,2,1,6,91,0,1,0,2,2,0,2,4,0,0,2,Female,70,SIM-3920,synthetic_simulation,1,1,3,2,1,5,4,1,4,5,2,3,1,1,1,3,Hinduism,Galle,Group C
31,85,2,2,1,9,71,1,1,0,2,0,1,0,2,1,0,1,Non-binary,69,SIM-3921,synthetic_simulation,1,1,3,4,5,2,5,1,3,5,5,2,5,3,1,2,Other,Jaffna,Group D
21,87,2,2,0,6,90,0,1,3,0,2,1,0,4,0,1,2,Female,71,SIM-3922,synthetic_simulation,5,4,3,3,3,2,4,1,4,4,1,3,2,4,1,4,Islam,Kandy,Group C
18,74,2,0,1,8,91,2,1,0,2,0,0,2,2,0,1,2,Male,67,SIM-3923,synthetic_simulation,4,5,4,5,5,1,2,3,5,3,2,5,5,2,5,2,Hinduism,Kandy,Group D
10,73,2,2,1,8,93,0,1,3,1,2,1,2,2,1,1,1,Female,64,SIM-3924,synthetic_simulation,1,5,2,4,2,2,3,5,4,5,1,5,3,2,4,3,Islam,Colombo,Group B
18,87,1,1,0,8,79,0,1,1,1,0,1,0,4,0,0,2,Female,82,SIM-3925,synthetic_simulation,1,4,3,4,4,3,5,5,2,3,3,5,2,5,1,2,Hinduism,Galle,Group C
18,69,2,0,1,10,85,2,1,2,0,2,0,2,0,0,0,1,Male,66,SIM-3926,synthetic_simulation,4,2,2,5,1,3,1,4,4,3,3,1,3,5,5,1,Christianity,Galle,Group B
26,77,1,2,1,6,63,1,1,1,1,0,1,0,4,0,1,2,Male,66,SIM-3927,synthetic_simulation,3,4,2,3,5,2,5,5,1,4,2,4,3,1,5,1,Other,Galle,Group A
23,68,0,2,1,9,55,2,1,1,2,2,1,2,3,0,1,1,Non-binary,65,SIM-3928,synthetic_simulation,1,1,1,1,3,1,4,1,5,5,1,3,4,5,5,2,Christianity,Negombo,Group C
13,60,2,2,0,9,77,1,1,2,2,0,0,2,5,1,1,2,Male,61,SIM-3929,synthetic_simulation,2,4,5,4,3,3,2,3,4,2,5,1,1,5,2,1,Islam,Jaffna,Group B
21,99,2,0,0,7,51,0,1,2,2,1,0,1,2,0,2,2,Male,72,SIM-3930,synthetic_simulation,4,1,5,2,3,2,1,2,3,3,4,2,5,1,3,3,Christianity,Jaffna,Group A
24,77,0,2,1,10,73,2,1,3,2,2,1,2,3,0,1,2,Female,70,SIM-3931,synthetic_simulation,1,3,4,3,1,4,5,2,5,3,3,3,3,2,2,4,Hinduism,Jaffna,Group A
29,99,2,2,1,7,55,1,1,0,2,2,0,2,3,0,1,1,Male,71,SIM-3932,synthetic_simulation,5,1,4,3,3,3,4,1,3,5,3,5,4,1,4,4,Buddhism,Kandy,Group D
25,66,0,2,1,7,55,2,1,4,2,2,1,1,2,1,1,1,Male,84,SIM-3933,synthetic_simulation,2,5,5,4,3,5,5,4,2,5,5,1,1,4,5,3,Christianity,Negombo,Group B
25,83,0,0,1,7,94,1,1,2,1,0,1,2,3,1,0,1,Female,72,SIM-3934,synthetic_simulation,1,4,5,5,5,3,1,2,1,4,2,1,2,4,2,5,Islam,Galle,Group A
20,68,2,0,1,5,82,2,0,1,1,0,1,2,3,0,2,2,Non-binary,67,SIM-3935,synthetic_simulation,2,1,1,4,1,2,4,1,4,1,3,3,3,5,1,5,Other,Colombo,Group B
22,92,0,1,0,8,82,2,1,2,2,2,0,1,5,0,2,2,Male,72,SIM-3936,synthetic_simulation,2,2,1,4,4,2,3,3,5,1,3,1,4,5,3,4,Christianity,Galle,Group C
27,91,1,0,1,8,70,1,1,1,2,1,1,1,6,0,1,1,Female,70,SIM-3937,synthetic_simulation,3,3,5,5,4,2,1,2,4,1,4,1,4,2,5,1,Christianity,Kandy,Group D
12,65,2,0,0,7,71,2,1,1,1,0,1,1,4,0,1,1,Non-binary,62,SIM-3938,synthetic_simulation,2,2,3,2,3,1,3,1,4,3,5,1,4,2,2,1,Buddhism,Jaffna,Group A
18,96,0,2,1,10,65,1,1,3,2,2,1,2,2,0,0,1,Non-binary,71,SIM-3939,synthetic_simulation,3,2,3,5,2,1,3,2,5,4,5,3,2,3,1,5,Islam,Colombo,Group D
15,68,1,2,0,6,72,1,1,3,0,1,1,1,3,0,1,2,Non-binary,62,SIM-3940,synthetic_simulation,4,2,1,4,1,4,4,3,1,1,1,5,1,4,1,4,Christianity,Kandy,Group B
22,85,2,2,1,4,79,1,1,1,1,1,1,2,3,0,1,2,Non-binary,68,SIM-3941,synthetic_simulation,3,3,2,1,2,4,5,5,1,5,5,1,5,4,2,2,Other,Colombo,Group B
27,99,0,2,0,10,59,0,1,2,1,2,1,2,3,0,1,2,Female,74,SIM-3942,synthetic_simulation,5,3,5,5,1,3,5,5,2,3,4,1,5,3,2,2,Hinduism,Negombo,Group A
16,95,0,0,0,9,63,2,0,0,2,1,0,2,3,0,1,2,Non-binary,68,SIM-3943,synthetic_simulation,1,3,4,2,1,2,2,3,5,3,5,4,3,3,4,1,Other,Colombo,Group D
6,98,2,1,0,8,75,2,1,1,0,2,1,1,3,1,2,0,Female,64,SIM-3944,synthetic_simulation,4,3,3,5,5,4,1,3,5,5,1,2,1,4,5,3,Christianity,Colombo,Group B
18,74,0,2,1,6,69,2,1,0,1,2,1,2,4,0,1,1,Non-binary,65,SIM-3945,synthetic_simulation,4,2,2,5,3,2,1,5,3,4,4,4,3,5,1,5,Christianity,Kandy,Group C
25,64,2,1,1,8,91,2,1,1,1,1,1,2,5,0,0,2,Female,66,SIM-3946,synthetic_simulation,5,5,3,3,5,3,4,3,3,4,3,5,5,4,4,1,Buddhism,Colombo,Group C
23,68,2,0,0,5,91,1,1,5,1,2,1,1,1,0,0,2,Non-binary,68,SIM-3947,synthetic_simulation,3,5,2,3,2,1,4,3,3,1,2,4,2,3,1,3,Islam,Kandy,Group B
23,80,2,2,0,7,67,1,1,2,1,0,1,1,4,0,1,2,Female,67,SIM-3948,synthetic_simulation,1,3,5,4,2,4,2,3,1,5,3,3,1,2,2,3,Buddhism,Jaffna,Group B
18,92,2,2,1,6,73,1,1,1,2,0,1,1,5,1,1,1,Male,67,SIM-3949,synthetic_simulation,3,4,5,4,4,5,2,5,2,2,1,4,1,1,1,5,Other,Kandy,Group A
12,66,2,0,1,7,99,1,1,2,2,1,1,1,3,0,1,1,Male,63,SIM-3950,synthetic_simulation,2,1,5,5,5,5,3,5,2,4,4,3,3,2,1,3,Islam,Jaffna,Group C
23,86,2,0,1,8,91,2,1,2,1,2,1,0,1,0,0,2,Female,71,SIM-3951,synthetic_simulation,3,4,1,1,5,5,2,2,4,1,3,4,3,2,5,3,Buddhism,Negombo,Group C
15,73,2,0,0,5,61,1,0,1,1,0,0,2,2,0,2,1,Non-binary,63,SIM-3952,synthetic_simulation,4,4,2,4,5,5,5,5,2,3,1,4,2,3,2,5,Christianity,Galle,Group B
33,74,2,1,0,8,64,2,1,0,2,2,1,0,3,1,1,2,Male,66,SIM-3953,synthetic_simulation,1,4,4,5,4,5,3,2,3,4,3,2,1,4,1,4,Islam,Jaffna,Group B
23,86,0,2,0,7,54,1,1,2,2,2,1,0,2,1,1,2,Male,67,SIM-3954,synthetic_simulation,3,5,4,5,5,5,2,5,5,2,2,3,5,3,3,2,Hinduism,Negombo,Group B
17,79,2,0,1,8,84,2,1,0,2,2,1,1,2,0,1,1,Female,66,SIM-3955,synthetic_simulation,1,1,5,5,5,5,5,4,4,3,3,5,5,3,4,4,Hinduism,Jaffna,Group B
16,92,2,2,1,7,66,0,1,2,2,2,1,2,4,0,2,1,Female,70,SIM-3956,synthetic_simulation,1,4,4,5,5,4,5,2,1,3,3,1,4,5,1,2,Other,Colombo,Group D
19,66,0,2,0,8,77,1,0,3,2,2,1,0,4,0,0,1,Female,64,SIM-3957,synthetic_simulation,2,3,3,5,5,5,3,3,2,5,3,5,5,5,1,2,Buddhism,Galle,Group D
19,92,2,2,1,6,88,1,1,1,0,2,1,2,2,0,2,2,Female,71,SIM-3958,synthetic_simulation,2,5,2,3,2,5,3,4,5,5,1,4,4,1,4,5,Other,Negombo,Group A
27,63,0,0,1,4,92,2,1,0,1,2,1,1,3,0,0,2,Female,68,SIM-3959,synthetic_simulation,4,3,2,2,3,3,5,5,3,4,4,5,4,5,1,4,Hinduism,Negombo,Group B
21,68,1,2,1,5,66,1,1,2,0,2,0,1,3,0,1,2,Male,64,SIM-3960,synthetic_simulation,5,3,2,2,2,4,4,5,1,2,5,4,3,1,2,5,Christianity,Colombo,Group D
16,86,2,2,1,6,62,1,1,1,1,0,1,2,4,0,1,2,Female,66,SIM-3961,synthetic_simulation,1,4,3,5,5,3,3,4,1,5,1,4,5,2,1,4,Christianity,Jaffna,Group B
31,94,1,2,0,5,92,1,1,1,0,1,0,1,4,0,1,2,Non-binary,72,SIM-3962,synthetic_simulation,5,3,1,4,1,2,1,1,2,1,5,1,4,2,2,3,Christianity,Negombo,Group C
20,70,1,2,1,9,69,0,1,2,2,0,1,1,3,0,2,2,Female,66,SIM-3963,synthetic_simulation,4,1,3,1,1,5,4,3,5,3,5,2,5,3,2,1,Christianity,Jaffna,Group B
25,73,2,0,1,7,91,2,1,0,2,0,1,1,4,0,1,2,Non-binary,70,SIM-3964,synthetic_simulation,1,3,2,5,4,1,1,2,3,1,3,2,5,2,2,4,Christianity,Jaffna,Group C
16,81,2,2,1,8,57,0,1,1,2,2,0,2,2,0,1,2,Male,66,SIM-3965,synthetic_simulation,1,4,2,1,2,5,2,4,3,3,2,1,5,5,4,4,Hinduism,Colombo,Group B
22,68,0,2,0,8,96,2,1,1,2,2,1,2,3,0,2,1,Male,68,SIM-3966,synthetic_simulation,5,3,2,3,4,5,3,2,3,1,5,5,2,5,2,3,Islam,Jaffna,Group A
22,92,2,1,1,7,74,0,1,2,2,1,1,2,4,0,0,1,Female,70,SIM-3967,synthetic_simulation,3,5,4,2,4,3,3,5,3,3,5,3,4,5,1,3,Christianity,Galle,Group C
9,91,2,2,0,10,59,0,1,0,1,2,0,2,2,0,0,1,Male,64,SIM-3968,synthetic_simulation,2,5,1,3,1,2,5,1,2,5,3,1,5,4,5,2,Islam,Colombo,Group B
32,66,0,0,1,10,77,0,1,3,2,2,1,1,1,0,0,2,Male,71,SIM-3969,synthetic_simulation,3,5,3,4,2,3,3,1,2,1,2,4,3,5,2,1,Christianity,Colombo,Group B
28,79,2,0,1,9,94,1,1,2,1,2,0,2,5,0,0,2,Non-binary,72,SIM-3970,synthetic_simulation,5,2,2,4,3,4,1,2,5,4,3,2,2,3,1,1,Other,Kandy,Group B
18,91,0,2,1,6,69,2,1,5,1,0,1,2,2,0,1,2,Male,71,SIM-3971,synthetic_simulation,2,5,5,5,2,2,4,5,4,4,5,2,4,3,1,1,Buddhism,Galle,Group B
13,73,2,1,0,9,59,2,1,0,2,0,1,1,4,0,2,2,Female,63,SIM-3972,synthetic_simulation,3,5,1,4,4,2,2,1,2,2,1,5,1,2,3,4,Islam,Negombo,Group C
22,85,1,2,1,4,79,2,1,1,0,1,1,2,2,0,0,2,Male,68,SIM-3973,synthetic_simulation,2,2,5,4,5,2,4,3,3,2,5,3,4,1,1,4,Buddhism,Jaffna,Group B
21,62,2,2,0,9,92,2,1,1,2,2,0,2,4,1,1,2,Male,63,SIM-3974,synthetic_simulation,1,5,1,3,4,3,1,5,5,2,1,1,2,4,3,5,Hinduism,Jaffna,Group D
22,84,2,2,0,4,56,2,1,0,0,1,0,2,2,0,1,1,Non-binary,66,SIM-3975,synthetic_simulation,3,4,2,1,2,5,2,4,3,1,4,4,3,1,1,2,Other,Colombo,Group B
21,66,2,2,1,7,52,0,1,1,2,2,1,1,3,0,1,0,Non-binary,63,SIM-3976,synthetic_simulation,2,5,1,2,1,5,5,4,2,3,2,4,2,4,2,3,Christianity,Jaffna,Group D
23,93,0,0,0,9,53,0,1,1,1,2,0,1,4,0,0,2,Female,72,SIM-3977,synthetic_simulation,2,5,1,4,2,5,3,4,5,2,4,3,5,3,3,3,Christianity,Galle,Group D
29,74,2,0,1,8,62,0,1,3,1,0,1,2,3,1,2,1,Male,70,SIM-3978,synthetic_simulation,2,2,2,4,3,5,3,3,3,5,3,5,2,3,3,3,Hinduism,Negombo,Group B
23,71,2,2,1,5,50,2,1,1,1,0,1,2,1,0,0,2,Male,65,SIM-3979,synthetic_simulation,3,4,5,3,5,5,5,5,4,4,5,3,1,4,3,5,Islam,Jaffna,Group C
14,94,2,0,1,7,71,2,1,0,2,2,0,0,3,1,0,1,Non-binary,67,SIM-3980,synthetic_simulation,4,3,5,2,5,4,1,2,1,4,4,5,1,2,2,5,Christianity,Colombo,Group A
28,62,1,0,0,8,85,2,1,2,1,0,1,2,3,0,1,1,Male,66,SIM-3981,synthetic_simulation,3,1,4,3,4,1,5,2,1,5,2,5,5,5,5,4,Islam,Galle,Group A
30,76,2,2,1,7,86,2,1,1,2,0,1,1,2,1,2,0,Non-binary,69,SIM-3982,synthetic_simulation,5,4,5,1,2,2,1,5,3,4,1,1,5,5,2,5,Christianity,Negombo,Group D
39,75,2,0,1,6,82,0,1,1,0,1,1,0,3,0,0,2,Female,73,SIM-3983,synthetic_simulation,3,3,5,3,1,1,2,3,1,1,1,1,1,1,5,5,Islam,Galle,Group D
13,71,2,0,1,8,65,0,1,2,2,2,1,1,4,0,2,2,Non-binary,66,SIM-3984,synthetic_simulation,2,4,1,2,3,4,4,5,4,5,3,4,3,3,2,3,Buddhism,Galle,Group B
21,96,2,2,1,9,87,2,1,0,2,2,1,1,6,1,1,2,Female,70,SIM-3985,synthetic_simulation,1,3,4,2,4,5,4,2,4,1,3,2,2,5,1,5,Islam,Galle,Group B
8,90,0,0,0,7,79,0,1,2,1,2,1,0,4,0,0,2,Male,68,SIM-3986,synthetic_simulation,3,3,2,4,2,4,5,5,3,4,5,5,1,3,2,2,Hinduism,Jaffna,Group A
23,63,1,2,1,9,93,2,1,2,2,0,0,2,2,0,1,0,Male,65,SIM-3987,synthetic_simulation,3,4,2,1,1,4,3,4,4,5,4,4,5,3,5,5,Christianity,Galle,Group A
17,89,2,2,0,7,74,2,1,1,1,2,0,2,2,0,2,1,Non-binary,67,SIM-3988,synthetic_simulation,2,2,3,5,2,1,5,5,1,5,5,2,5,3,4,1,Other,Jaffna,Group A
32,81,0,2,0,6,59,0,1,2,0,2,1,1,2,0,1,1,Female,71,SIM-3989,synthetic_simulation,1,4,4,4,1,2,3,1,3,5,1,4,3,5,1,5,Islam,Galle,Group D
15,96,0,0,0,9,82,2,1,2,1,1,0,1,3,0,1,2,Non-binary,70,SIM-3990,synthetic_simulation,1,4,1,3,2,3,5,5,1,4,1,5,4,5,3,4,Other,Negombo,Group D
10,73,2,1,1,9,58,1,1,5,1,2,0,0,3,0,1,1,Male,61,SIM-3991,synthetic_simulation,5,3,3,3,2,3,5,2,4,4,4,2,5,5,2,2,Islam,Colombo,Group A
17,83,0,2,1,6,98,2,1,0,2,2,1,2,3,0,1,2,Non-binary,69,SIM-3992,synthetic_simulation,3,1,3,2,4,2,4,2,4,4,5,3,3,4,1,5,Buddhism,Jaffna,Group C
8,80,1,2,1,6,85,2,1,1,1,0,1,0,3,0,2,2,Male,63,SIM-3993,synthetic_simulation,1,3,2,2,2,5,3,2,5,2,3,1,1,5,5,4,Other,Colombo,Group B
25,80,2,2,1,10,88,1,1,0,1,0,0,0,2,0,0,1,Non-binary,67,SIM-3994,synthetic_simulation,1,5,5,2,2,4,4,4,2,2,4,1,4,3,3,2,Hinduism,Negombo,Group A
8,78,0,2,1,7,84,2,1,0,2,2,1,2,2,0,0,2,Female,65,SIM-3995,synthetic_simulation,4,4,1,5,4,5,3,2,2,3,3,2,1,3,5,5,Other,Colombo,Group C
20,68,0,2,1,7,55,0,1,0,1,1,1,2,3,1,1,2,Female,63,SIM-3996,synthetic_simulation,4,4,4,5,4,4,2,1,3,5,4,2,3,1,1,2,Islam,Galle,Group C
8,90,2,2,0,7,73,0,1,3,0,1,0,0,4,0,2,2,Female,67,SIM-3997,synthetic_simulation,1,2,3,4,5,3,2,5,1,4,3,5,1,2,1,1,Hinduism,Negombo,Group C
18,78,1,0,1,9,83,2,1,2,1,2,0,0,2,0,2,1,Non-binary,66,SIM-3998,synthetic_simulation,5,3,1,5,5,2,2,3,2,5,2,2,2,4,1,3,Buddhism,Jaffna,Group A
30,98,1,2,1,10,61,2,1,0,1,2,1,2,3,0,2,1,Male,72,SIM-3999,synthetic_simulation,1,2,2,2,4,1,1,2,3,1,1,1,3,1,1,5,Other,Negombo,Group D
22,70,2,0,0,7,84,1,1,3,1,0,1,2,5,0,1,2,Non-binary,68,SIM-4000,synthetic_simulation,2,4,3,4,3,1,4,5,4,1,4,5,4,4,5,2,Hinduism,Jaffna,Group C
15,87,0,2,1,10,91,2,1,1,1,1,1,1,4,0,1,1,Male,67,SIM-4001,synthetic_simulation,3,3,3,4,1,2,4,4,2,4,2,4,5,4,4,4,Other,Galle,Group B
20,98,2,2,1,6,64,2,1,1,0,0,0,2,3,0,2,1,Female,72,SIM-4002,synthetic_simulation,5,3,2,1,4,3,2,5,1,2,4,1,1,3,1,1,Buddhism,Kandy,Group B
20,87,2,0,1,7,60,2,1,0,1,2,1,2,2,1,1,0,Female,66,SIM-4003,synthetic_simulation,2,5,2,5,5,4,5,2,5,3,1,3,3,3,3,3,Buddhism,Galle,Group C
23,95,2,2,1,8,94,2,1,1,2,2,1,2,4,0,1,2,Non-binary,73,SIM-4004,synthetic_simulation,5,5,2,3,2,1,4,2,5,2,1,5,1,3,5,4,Buddhism,Galle,Group A
12,93,0,0,1,6,50,1,1,4,0,0,1,2,3,0,2,1,Male,71,SIM-4005,synthetic_simulation,2,1,1,3,4,3,3,2,2,5,3,3,3,3,2,1,Buddhism,Colombo,Group D
24,74,1,1,1,8,63,0,1,1,1,0,1,2,3,0,1,1,Male,65,SIM-4006,synthetic_simulation,3,5,1,1,4,2,4,1,5,2,1,2,3,1,2,5,Hinduism,Kandy,Group A
4,84,2,2,1,6,70,2,1,5,2,0,0,1,4,0,1,2,Male,65,SIM-4007,synthetic_simulation,3,3,1,2,5,5,4,5,3,4,1,4,4,2,5,4,Hinduism,Negombo,Group D
16,66,0,2,1,5,84,2,1,2,2,2,0,1,3,0,1,2,Non-binary,65,SIM-4008,synthetic_simulation,4,5,5,1,5,3,3,3,1,2,1,2,1,2,5,2,Buddhism,Kandy,Group A
17,81,2,2,1,4,100,1,1,2,2,0,0,1,2,0,0,2,Male,68,SIM-4009,synthetic_simulation,2,1,3,2,3,3,2,1,4,1,5,1,1,1,1,1,Islam,Galle,Group B
24,69,0,2,0,7,69,2,0,7,0,2,1,2,3,0,0,2,Non-binary,70,SIM-4010,synthetic_simulation,4,4,1,5,5,5,2,3,1,4,5,4,3,2,5,1,Hinduism,Colombo,Group C
20,90,2,1,1,8,97,1,1,1,2,1,0,1,2,0,1,2,Female,68,SIM-4011,synthetic_simulation,2,5,5,5,5,3,3,2,4,4,1,1,2,5,3,5,Buddhism,Kandy,Group D
12,81,1,2,1,5,68,0,1,0,1,0,0,0,2,0,1,2,Female,62,SIM-4012,synthetic_simulation,4,3,3,4,5,1,4,3,5,4,5,4,5,5,2,1,Hinduism,Negombo,Group B
14,76,2,2,0,7,85,0,1,3,1,2,0,1,3,0,0,2,Female,66,SIM-4013,synthetic_simulation,3,4,1,4,2,1,4,3,3,2,4,3,5,5,3,3,Other,Kandy,Group B
21,71,2,2,0,7,58,1,1,3,1,2,1,0,5,0,0,2,Female,65,SIM-4014,synthetic_simulation,5,3,2,4,4,1,2,1,4,1,2,1,2,3,3,2,Islam,Jaffna,Group D
20,100,2,2,1,7,73,2,1,1,1,2,1,1,4,0,0,2,Non-binary,71,SIM-4015,synthetic_simulation,4,4,4,4,4,3,1,1,5,2,2,1,4,5,1,5,Buddhism,Jaffna,Group C
17,63,2,2,0,6,94,1,1,0,2,2,1,0,2,0,1,1,Non-binary,61,SIM-4016,synthetic_simulation,2,3,1,3,5,3,2,5,4,5,5,2,2,4,5,3,Islam,Negombo,Group A
17,62,2,2,0,7,66,0,1,2,0,2,1,1,4,0,1,1,Non-binary,63,SIM-4017,synthetic_simulation,2,5,4,4,3,3,3,3,2,3,2,5,2,4,2,5,Hinduism,Kandy,Group A
24,69,2,0,1,7,55,1,1,3,2,0,1,1,4,0,1,2,Female,67,SIM-4018,synthetic_simulation,3,5,1,4,5,2,1,1,1,3,5,1,4,1,2,5,Hinduism,Colombo,Group B
17,99,2,2,0,8,76,1,0,2,0,2,1,2,4,0,2,2,Female,70,SIM-4019,synthetic_simulation,2,1,2,4,3,5,1,5,3,3,3,4,3,4,2,2,Other,Negombo,Group D
19,99,2,2,1,5,72,1,1,3,2,0,0,1,4,0,2,2,Male,73,SIM-4020,synthetic_simulation,1,4,4,2,4,3,3,3,5,5,1,2,1,1,3,1,Buddhism,Galle,Group A
33,86,2,2,0,7,61,2,1,1,0,2,1,2,3,0,1,2,Non-binary,72,SIM-4021,synthetic_simulation,5,1,5,4,3,5,5,3,3,5,2,5,5,2,2,5,Buddhism,Galle,Group D
11,95,2,2,1,5,95,1,1,1,1,0,1,2,3,0,2,2,Male,69,SIM-4022,synthetic_simulation,4,2,2,1,3,4,2,2,1,5,1,1,5,4,2,4,Christianity,Negombo,Group D
9,69,1,2,1,7,80,2,1,1,2,2,0,1,3,0,0,1,Female,61,SIM-4023,synthetic_simulation,5,5,4,4,1,1,4,1,4,1,2,3,5,4,3,2,Other,Galle,Group A
25,99,2,2,0,5,67,2,1,1,1,0,1,1,3,0,1,2,Male,71,SIM-4024,synthetic_simulation,3,4,4,4,3,2,2,4,4,4,4,2,2,1,1,2,Islam,Jaffna,Group D
16,66,2,2,1,6,100,2,1,1,2,2,1,1,3,0,1,1,Female,64,SIM-4025,synthetic_simulation,4,1,2,3,3,5,3,1,3,5,4,3,3,4,3,4,Buddhism,Colombo,Group D
18,64,1,2,1,7,57,2,1,1,0,2,1,1,3,0,1,1,Male,61,SIM-4026,synthetic_simulation,4,1,2,4,2,1,4,2,4,3,5,4,3,1,3,2,Christianity,Colombo,Group D
15,64,2,2,0,6,92,1,1,3,1,2,1,0,4,0,0,2,Non-binary,63,SIM-4027,synthetic_simulation,1,2,2,2,4,2,5,5,4,3,1,2,2,4,1,5,Islam,Colombo,Group B
18,83,2,1,1,9,62,0,1,2,1,2,1,0,2,0,1,2,Female,65,SIM-4028,synthetic_simulation,3,1,3,5,5,1,3,1,4,2,5,2,4,3,4,3,Hinduism,Kandy,Group D
30,91,0,2,0,9,62,1,1,3,1,0,1,0,4,0,2,2,Non-binary,73,SIM-4029,synthetic_simulation,2,3,5,4,1,3,2,3,2,4,3,2,4,2,4,1,Hinduism,Negombo,Group C
25,75,2,1,1,8,75,0,1,2,0,0,0,0,4,1,2,2,Non-binary,68,SIM-4030,synthetic_simulation,1,5,1,4,3,3,1,4,5,5,5,5,3,4,5,3,Other,Galle,Group D
25,99,2,2,0,8,83,2,1,1,2,2,1,1,2,0,0,2,Male,72,SIM-4031,synthetic_simulation,1,1,4,4,2,1,3,5,5,4,5,5,2,2,5,2,Hinduism,Kandy,Group A
12,77,1,1,1,7,85,2,1,1,2,2,1,2,3,0,0,0,Female,62,SIM-4032,synthetic_simulation,5,1,1,3,2,2,3,1,1,5,5,1,5,4,3,4,Hinduism,Galle,Group D
13,66,0,2,1,9,51,1,1,3,2,2,0,2,2,0,2,1,Male,63,SIM-4033,synthetic_simulation,5,2,2,5,5,1,2,5,4,3,2,3,1,4,5,2,Christianity,Negombo,Group B
3,79,1,2,1,7,64,1,1,0,2,2,1,0,3,0,2,0,Non-binary,58,SIM-4034,synthetic_simulation,5,3,5,3,5,4,5,3,3,4,2,1,3,3,4,2,Islam,Galle,Group D
15,87,2,2,0,10,83,2,1,1,0,0,0,2,3,0,1,2,Female,68,SIM-4035,synthetic_simulation,1,1,5,3,4,2,2,4,4,4,3,3,5,5,5,2,Islam,Kandy,Group C
26,93,0,0,1,6,94,1,1,1,2,0,1,0,2,0,1,2,Male,74,SIM-4036,synthetic_simulation,2,5,3,3,3,2,2,3,1,5,1,1,3,5,4,1,Christianity,Kandy,Group A
23,78,2,2,1,5,83,2,1,1,2,2,1,2,3,0,1,2,Non-binary,68,SIM-4037,synthetic_simulation,4,5,2,2,2,1,5,4,4,5,4,2,1,2,4,2,Islam,Kandy,Group A
19,84,2,2,1,5,63,2,1,1,0,2,0,2,2,0,1,2,Non-binary,67,SIM-4038,synthetic_simulation,5,1,4,5,1,5,5,5,2,4,1,2,4,2,3,2,Islam,Colombo,Group C
20,71,2,2,1,5,75,1,1,0,2,2,0,2,4,0,1,2,Male,65,SIM-4039,synthetic_simulation,2,3,3,2,4,1,3,1,1,5,4,3,3,3,5,2,Other,Jaffna,Group D
16,86,1,1,1,5,82,1,1,0,1,2,1,1,4,0,1,1,Non-binary,63,SIM-4040,synthetic_simulation,3,5,2,2,3,5,1,4,5,4,2,2,2,1,5,4,Buddhism,Kandy,Group D
21,99,2,1,0,7,57,0,1,2,2,2,1,1,2,0,2,2,Non-binary,71,SIM-4041,synthetic_simulation,5,5,3,5,5,2,2,3,5,2,5,1,4,2,1,5,Islam,Jaffna,Group A
25,62,2,1,1,8,77,2,1,0,2,1,1,0,4,0,0,0,Male,62,SIM-4042,synthetic_simulation,4,3,1,2,3,3,1,4,2,4,3,5,4,5,1,2,Islam,Kandy,Group D
10,95,0,1,1,7,74,0,1,2,1,2,1,0,3,0,1,0,Male,66,SIM-4043,synthetic_simulation,3,3,2,5,5,3,5,5,5,1,3,4,5,3,4,2,Islam,Galle,Group C
22,82,1,2,0,5,67,1,1,1,1,0,0,1,1,1,2,2,Non-binary,65,SIM-4044,synthetic_simulation,3,1,4,4,3,1,5,5,2,4,3,1,2,1,3,2,Hinduism,Negombo,Group C
26,70,0,2,0,6,81,1,1,0,1,0,1,1,3,0,1,1,Male,66,SIM-4045,synthetic_simulation,4,4,4,3,1,5,2,5,5,2,1,3,3,3,2,1,Christianity,Kandy,Group C
18,98,0,1,0,8,82,2,1,3,2,0,1,0,3,0,0,2,Non-binary,71,SIM-4046,synthetic_simulation,5,2,2,2,4,1,3,1,5,2,2,2,3,5,5,4,Other,Colombo,Group B
24,79,1,0,0,6,99,0,0,2,1,0,1,0,3,0,1,2,Female,68,SIM-4047,synthetic_simulation,1,4,3,5,5,4,2,5,4,3,2,4,2,3,5,3,Hinduism,Kandy,Group B
37,73,2,0,1,6,71,2,1,0,0,0,1,2,5,0,1,1,Non-binary,72,SIM-4048,synthetic_simulation,4,4,5,1,1,1,3,1,1,3,5,4,4,4,4,5,Christianity,Galle,Group B
19,67,2,0,0,5,77,2,1,1,2,0,0,0,4,0,2,2,Male,66,SIM-4049,synthetic_simulation,4,5,2,2,2,1,4,2,5,1,1,2,3,5,4,2,Other,Galle,Group C
22,70,2,1,1,6,58,1,1,4,0,2,1,2,2,0,2,1,Male,66,SIM-4050,synthetic_simulation,4,3,4,2,1,1,3,4,1,5,5,1,3,1,5,3,Hinduism,Galle,Group A
16,93,1,0,0,6,77,0,1,2,1,2,1,0,1,0,1,1,Non-binary,67,SIM-4051,synthetic_simulation,3,5,1,5,1,1,2,3,1,5,4,2,3,3,4,3,Other,Galle,Group D
21,85,1,0,1,7,52,2,1,5,0,0,1,2,3,0,2,1,Non-binary,71,SIM-4052,synthetic_simulation,2,2,4,1,1,5,2,1,5,2,2,5,1,5,3,1,Islam,Kandy,Group C
23,97,0,0,1,8,57,1,0,2,0,2,1,2,1,0,2,0,Non-binary,72,SIM-4053,synthetic_simulation,1,1,5,1,5,5,3,1,1,2,3,3,2,5,5,1,Hinduism,Jaffna,Group B
21,69,1,2,0,7,59,2,1,3,1,2,1,1,3,0,2,2,Female,64,SIM-4054,synthetic_simulation,5,2,4,4,2,5,1,3,2,3,5,2,1,1,5,3,Hinduism,Galle,Group C
14,65,1,0,0,7,82,1,1,1,1,1,1,0,3,0,1,2,Male,60,SIM-4055,synthetic_simulation,5,5,5,2,4,4,3,4,3,2,4,1,1,5,1,2,Buddhism,Galle,Group C
21,60,0,1,0,8,78,2,1,2,2,0,1,2,2,0,1,2,Female,64,SIM-4056,synthetic_simulation,2,5,2,3,1,4,4,5,2,4,3,5,5,1,4,5,Islam,Kandy,Group D
29,80,2,1,1,5,90,2,1,2,2,1,1,2,1,0,0,2,Male,70,SIM-4057,synthetic_simulation,4,5,4,2,5,1,4,4,5,4,3,5,3,5,1,2,Islam,Negombo,Group C
23,100,2,1,1,10,73,2,1,3,2,2,0,1,2,0,0,2,Female,72,SIM-4058,synthetic_simulation,1,5,3,3,5,5,1,1,2,1,5,1,1,3,4,4,Hinduism,Colombo,Group C
26,88,2,0,0,6,74,2,1,0,1,2,1,0,2,0,1,1,Non-binary,68,SIM-4059,synthetic_simulation,5,4,3,3,4,4,4,5,3,4,5,3,2,1,2,4,Hinduism,Colombo,Group C
19,72,2,1,1,8,58,2,1,0,2,1,1,1,3,0,1,2,Female,62,SIM-4060,synthetic_simulation,5,1,4,5,3,3,2,2,2,1,5,4,5,1,5,4,Christianity,Colombo,Group C
24,95,2,1,0,5,87,2,1,0,1,2,1,1,2,0,1,0,Non-binary,68,SIM-4061,synthetic_simulation,4,4,4,2,2,1,1,3,1,3,2,5,5,5,1,2,Buddhism,Negombo,Group C
22,91,0,0,1,7,50,2,1,2,1,2,1,2,5,0,2,1,Male,72,SIM-4062,synthetic_simulation,2,5,1,5,2,2,1,4,5,4,1,1,4,4,5,1,Hinduism,Kandy,Group D
14,61,2,1,1,7,71,2,1,0,2,1,0,1,1,0,2,2,Non-binary,60,SIM-4063,synthetic_simulation,1,3,4,4,1,5,1,5,1,1,5,5,4,1,1,3,Other,Negombo,Group C
22,93,2,0,0,9,59,1,1,3,1,0,1,2,4,0,2,2,Male,72,SIM-4064,synthetic_simulation,2,4,1,3,3,1,3,3,1,5,2,4,5,4,1,3,Christianity,Galle,Group A
14,72,1,0,0,7,89,2,1,2,2,2,1,2,3,0,1,2,Male,65,SIM-4065,synthetic_simulation,2,5,1,1,2,1,3,4,5,1,1,1,2,2,2,2,Hinduism,Kandy,Group B
16,66,2,1,0,9,84,0,1,3,1,1,1,2,4,0,1,2,Non-binary,63,SIM-4066,synthetic_simulation,1,5,1,3,1,2,1,1,5,4,4,5,1,3,5,2,Islam,Kandy,Group A
21,69,2,1,1,7,85,2,1,2,2,2,0,2,0,0,2,2,Male,66,SIM-4067,synthetic_simulation,1,1,1,4,3,3,4,1,4,1,1,1,4,4,3,5,Buddhism,Colombo,Group C
22,79,1,2,0,10,57,1,1,1,2,0,1,2,2,0,1,2,Male,65,SIM-4068,synthetic_simulation,5,2,2,3,5,4,2,1,3,3,2,1,1,3,4,4,Christianity,Galle,Group B
13,77,2,0,0,4,83,2,1,1,2,0,1,0,2,0,2,1,Male,65,SIM-4069,synthetic_simulation,5,4,3,5,1,4,2,2,1,2,2,4,2,1,5,2,Other,Jaffna,Group B
26,72,1,0,0,8,85,2,1,2,1,2,1,0,3,0,1,2,Female,67,SIM-4070,synthetic_simulation,1,4,1,2,3,2,3,1,1,5,1,1,1,3,4,5,Christianity,Kandy,Group A
23,67,2,2,0,4,50,1,1,4,1,2,0,2,3,0,0,1,Female,65,SIM-4071,synthetic_simulation,3,4,3,1,4,2,5,1,5,3,1,3,5,4,3,5,Buddhism,Kandy,Group B
16,90,0,2,0,7,66,2,1,0,0,0,1,0,3,0,1,1,Male,67,SIM-4072,synthetic_simulation,5,5,1,5,2,4,1,1,5,5,2,5,4,1,3,1,Buddhism,Kandy,Group D
11,100,2,2,1,9,54,1,1,1,1,2,1,0,3,0,2,2,Female,66,SIM-4073,synthetic_simulation,3,1,3,2,1,3,5,5,2,5,2,2,2,4,4,4,Christianity,Jaffna,Group C
19,91,1,0,1,9,84,0,1,2,0,0,1,2,3,1,1,2,Female,71,SIM-4074,synthetic_simulation,1,5,4,1,5,3,2,3,1,1,4,3,5,1,4,3,Other,Colombo,Group B
17,72,2,2,0,8,61,2,1,1,2,2,1,1,4,0,2,1,Non-binary,64,SIM-4075,synthetic_simulation,5,5,4,4,1,1,3,2,1,2,2,3,2,4,4,2,Christianity,Galle,Group D
21,70,1,1,0,7,63,2,1,0,2,2,1,2,2,0,1,0,Non-binary,61,SIM-4076,synthetic_simulation,2,3,3,3,2,2,3,4,5,1,2,1,4,1,3,1,Islam,Jaffna,Group D
18,69,0,0,1,8,54,1,1,1,0,0,0,1,2,0,1,2,Male,65,SIM-4077,synthetic_simulation,1,1,1,1,2,2,3,2,1,1,3,3,1,4,3,1,Christianity,Kandy,Group A
8,65,2,2,0,10,74,2,1,1,2,0,0,2,5,0,1,2,Non-binary,61,SIM-4078,synthetic_simulation,4,4,2,4,3,2,3,3,3,4,3,3,2,2,3,5,Hinduism,Colombo,Group D
18,82,0,1,0,7,52,1,1,1,1,2,1,0,4,0,1,2,Male,64,SIM-4079,synthetic_simulation,3,2,3,2,5,4,3,1,4,1,3,3,4,4,5,3,Hinduism,Galle,Group A
18,84,0,0,1,8,92,1,1,0,1,0,1,0,3,0,0,2,Male,69,SIM-4080,synthetic_simulation,1,4,5,1,3,4,1,1,5,2,5,1,5,4,4,1,Other,Negombo,Group A
24,88,2,2,1,6,51,0,1,4,2,1,1,2,4,0,1,2,Non-binary,71,SIM-4081,synthetic_simulation,1,5,2,4,5,4,5,4,5,3,5,3,4,2,5,4,Hinduism,Colombo,Group A
16,87,0,2,0,9,53,0,1,3,2,0,0,1,5,0,0,2,Non-binary,70,SIM-4082,synthetic_simulation,5,1,5,2,1,3,2,2,1,1,2,2,1,3,2,1,Hinduism,Galle,Group C
30,72,0,2,1,8,82,0,1,1,1,2,1,2,1,0,0,1,Non-binary,70,SIM-4083,synthetic_simulation,5,1,3,5,1,4,2,2,4,2,3,3,4,1,3,5,Christianity,Kandy,Group D
9,73,2,2,1,6,96,1,1,0,1,0,1,2,2,0,1,2,Male,62,SIM-4084,synthetic_simulation,5,1,1,3,3,1,3,4,4,1,4,1,5,4,5,1,Christianity,Galle,Group A
28,87,2,2,0,8,95,2,1,2,2,1,0,2,3,0,2,2,Male,73,SIM-4085,synthetic_simulation,4,3,5,4,4,4,3,2,5,5,4,1,5,3,3,5,Buddhism,Kandy,Group C
19,74,2,0,0,8,54,0,1,0,2,2,1,2,3,0,0,2,Female,66,SIM-4086,synthetic_simulation,5,4,3,5,2,3,3,2,5,1,4,4,2,5,1,1,Hinduism,Colombo,Group B
25,69,2,2,1,8,64,2,1,1,0,1,1,0,3,0,2,1,Male,66,SIM-4087,synthetic_simulation,1,3,2,2,3,2,4,2,5,4,2,4,5,3,4,4,Hinduism,Negombo,Group A
20,75,1,2,0,7,76,2,1,3,0,0,0,0,3,0,0,2,Non-binary,66,SIM-4088,synthetic_simulation,5,2,1,1,3,1,2,4,3,5,3,2,3,5,3,2,Buddhism,Colombo,Group B
27,71,2,2,1,9,51,2,0,3,0,2,1,1,1,0,0,0,Male,66,SIM-4089,synthetic_simulation,2,5,5,3,1,3,3,4,1,2,2,5,5,1,4,2,Buddhism,Kandy,Group C
18,64,2,2,1,6,76,2,1,2,2,0,1,2,4,0,1,2,Non-binary,65,SIM-4090,synthetic_simulation,5,3,3,2,2,5,5,3,3,1,2,4,1,5,5,1,Other,Jaffna,Group A
13,93,1,1,0,7,72,0,1,2,2,2,0,2,2,0,2,2,Non-binary,67,SIM-4091,synthetic_simulation,4,3,1,4,3,2,4,2,5,5,4,3,5,2,1,3,Buddhism,Colombo,Group D
29,94,0,2,0,7,79,2,1,6,1,0,0,1,4,0,0,2,Male,76,SIM-4092,synthetic_simulation,2,5,1,3,1,4,1,3,4,5,3,1,2,2,4,2,Buddhism,Negombo,Group A
19,69,2,2,1,9,96,2,1,0,0,0,0,2,3,0,1,1,Non-binary,66,SIM-4093,synthetic_simulation,1,1,4,5,1,3,4,5,1,3,5,4,5,3,2,1,Hinduism,Jaffna,Group A
21,63,2,2,1,6,64,1,1,1,0,0,1,0,3,0,1,2,Male,63,SIM-4094,synthetic_simulation,1,5,1,3,3,5,4,5,1,5,1,1,4,2,3,2,Islam,Jaffna,Group C
27,90,2,2,0,7,82,2,1,0,2,2,1,2,3,0,0,1,Non-binary,71,SIM-4095,synthetic_simulation,3,4,3,5,3,3,4,2,5,2,2,3,4,2,4,5,Other,Kandy,Group A
14,68,2,0,0,6,71,1,1,1,2,2,1,2,3,0,0,1,Male,63,SIM-4096,synthetic_simulation,2,5,2,2,1,4,5,1,5,1,3,1,4,3,2,1,Other,Galle,Group A
24,76,0,1,1,7,72,1,1,1,0,2,1,2,2,0,0,1,Female,67,SIM-4097,synthetic_simulation,3,1,4,1,3,3,2,5,5,5,1,1,3,4,4,1,Christianity,Negombo,Group A
16,63,2,2,1,8,82,2,1,0,0,2,1,1,3,0,1,2,Male,63,SIM-4098,synthetic_simulation,2,5,3,3,2,5,3,1,5,2,1,4,2,1,5,2,Other,Kandy,Group D
19,69,0,2,1,5,98,2,1,0,0,2,1,1,4,0,1,1,Non-binary,66,SIM-4099,synthetic_simulation,2,3,3,1,1,3,5,3,5,3,5,1,4,5,3,4,Buddhism,Negombo,Group B
20,92,2,2,1,9,93,1,1,3,0,2,1,2,2,0,0,2,Non-binary,72,SIM-4100,synthetic_simulation,4,2,3,1,1,1,5,2,5,1,5,3,4,3,3,1,Other,Galle,Group C
11,92,0,2,1,8,82,0,1,4,2,2,0,0,2,0,2,2,Male,70,SIM-4101,synthetic_simulation,3,3,5,3,3,1,3,3,1,4,2,2,4,2,2,1,Other,Kandy,Group A
15,68,0,1,1,6,73,2,0,0,2,2,1,2,3,0,0,2,Non-binary,62,SIM-4102,synthetic_simulation,4,2,5,3,3,4,4,3,3,5,2,1,2,5,1,4,Christianity,Colombo,Group C
28,73,0,2,1,6,71,2,1,0,2,0,0,2,2,0,0,1,Female,69,SIM-4103,synthetic_simulation,2,5,2,1,3,5,1,4,4,5,3,1,4,4,1,4,Christianity,Colombo,Group C
25,65,1,2,1,9,89,2,1,2,2,0,1,1,3,0,1,2,Male,66,SIM-4104,synthetic_simulation,1,4,3,4,2,5,4,2,5,3,5,3,3,1,2,4,Other,Jaffna,Group A
20,63,2,2,1,8,61,2,1,2,0,2,1,1,3,0,1,2,Female,64,SIM-4105,synthetic_simulation,2,5,5,4,1,5,4,4,4,2,5,5,4,1,4,3,Hinduism,Galle,Group A
21,100,1,2,1,6,79,2,1,2,1,2,1,1,1,0,1,2,Female,70,SIM-4106,synthetic_simulation,4,1,5,3,4,5,2,3,1,3,3,3,1,2,1,3,Buddhism,Kandy,Group A
18,86,2,2,0,6,75,0,1,0,1,0,1,1,4,0,1,2,Male,67,SIM-4107,synthetic_simulation,3,5,5,1,2,5,4,1,4,2,5,4,3,4,3,4,Buddhism,Galle,Group B
28,82,2,0,1,8,82,1,1,1,2,2,0,0,2,0,2,2,Female,71,SIM-4108,synthetic_simulation,3,2,2,1,2,2,1,2,1,1,4,4,1,1,2,3,Buddhism,Galle,Group C
19,91,2,2,0,8,59,0,1,1,0,2,1,1,2,0,2,2,Non-binary,69,SIM-4109,synthetic_simulation,4,3,2,2,1,3,5,2,2,5,1,2,4,5,2,4,Christianity,Colombo,Group C
21,94,0,1,0,8,85,2,1,1,2,2,1,0,4,0,0,2,Female,70,SIM-4110,synthetic_simulation,3,4,3,1,4,5,4,5,3,4,4,1,4,5,3,5,Buddhism,Kandy,Group A
27,92,2,2,1,7,81,2,1,0,1,2,1,0,1,0,0,2,Non-binary,70,SIM-4111,synthetic_simulation,5,5,4,4,1,1,5,1,2,3,1,2,2,2,1,5,Hinduism,Jaffna,Group B
15,61,0,1,1,8,59,2,1,1,2,2,1,1,2,0,2,1,Female,61,SIM-4112,synthetic_simulation,1,5,3,2,2,3,2,1,1,4,3,2,1,4,5,1,Buddhism,Kandy,Group D
29,67,1,0,0,7,72,2,0,0,2,0,1,1,3,0,1,2,Male,65,SIM-4113,synthetic_simulation,1,3,5,4,3,4,1,3,2,4,3,1,1,5,2,1,Christianity,Colombo,Group B
11,86,2,0,1,6,84,2,1,0,0,0,0,1,3,0,1,2,Non-binary,67,SIM-4114,synthetic_simulation,1,4,5,5,1,4,3,3,1,5,1,1,5,1,4,4,Hinduism,Jaffna,Group A
30,75,2,1,1,9,95,1,1,1,0,2,1,0,5,0,2,2,Female,70,SIM-4115,synthetic_simulation,3,5,1,3,1,5,3,3,2,5,1,3,5,5,2,4,Other,Jaffna,Group B
18,99,2,2,0,8,56,2,0,2,1,0,0,0,3,0,1,2,Non-binary,67,SIM-4116,synthetic_simulation,3,5,3,5,3,2,2,5,1,4,1,2,5,1,5,3,Islam,Negombo,Group D
19,87,1,0,1,6,50,2,1,3,1,2,1,1,2,0,2,2,Male,68,SIM-4117,synthetic_simulation,2,2,5,3,4,2,1,1,3,1,1,2,5,4,3,1,Hinduism,Kandy,Group B
9,98,0,0,0,7,58,2,1,2,2,2,1,0,4,0,0,2,Non-binary,69,SIM-4118,synthetic_simulation,2,2,5,4,4,3,5,4,3,4,2,4,1,2,1,3,Christianity,Negombo,Group A
17,68,2,2,0,7,99,2,1,1,2,1,0,1,1,0,2,2,Non-binary,65,SIM-4119,synthetic_simulation,1,1,4,4,1,2,2,1,3,2,5,2,2,2,3,2,Hinduism,Colombo,Group D
14,95,0,2,1,6,88,2,1,2,1,1,1,1,2,0,1,0,Non-binary,68,SIM-4120,synthetic_simulation,5,3,1,5,3,4,4,4,1,2,5,3,5,2,3,4,Hinduism,Kandy,Group B
16,73,0,2,1,7,81,2,1,1,0,0,1,0,4,0,2,2,Female,67,SIM-4121,synthetic_simulation,2,4,3,3,1,5,5,2,4,2,3,5,1,3,1,1,Christianity,Kandy,Group C
19,100,2,0,1,6,57,2,1,1,0,2,0,2,2,1,1,2,Female,70,SIM-4122,synthetic_simulation,2,5,2,3,3,1,4,4,2,2,2,2,2,2,3,1,Islam,Kandy,Group C
26,66,0,0,0,8,71,0,1,2,2,2,1,1,3,0,1,2,Non-binary,68,SIM-4123,synthetic_simulation,3,5,3,2,2,4,4,2,2,3,1,3,2,2,3,3,Other,Negombo,Group C
21,81,0,2,1,7,86,2,1,1,1,2,1,1,4,0,0,2,Male,69,SIM-4124,synthetic_simulation,5,1,3,1,3,4,5,3,2,1,2,3,5,1,2,5,Christianity,Galle,Group D
22,92,0,1,1,5,95,1,1,0,1,1,1,2,3,0,2,2,Non-binary,70,SIM-4125,synthetic_simulation,1,5,4,2,1,3,4,1,2,3,1,5,1,4,4,4,Other,Galle,Group D
13,77,0,0,1,7,69,2,1,2,1,0,0,1,5,0,0,1,Non-binary,67,SIM-4126,synthetic_simulation,2,3,3,4,5,2,3,3,3,3,5,3,3,4,1,4,Other,Galle,Group D
15,79,0,0,1,6,100,2,1,4,1,2,1,1,3,0,0,2,Female,70,SIM-4127,synthetic_simulation,5,1,4,5,4,1,5,1,4,2,1,4,1,5,2,4,Buddhism,Negombo,Group D
31,99,2,1,1,4,57,0,1,1,0,0,1,1,2,0,2,1,Non-binary,74,SIM-4128,synthetic_simulation,5,3,4,3,1,1,2,4,2,1,5,5,2,2,5,5,Hinduism,Negombo,Group B
16,77,2,1,1,7,69,1,1,1,1,0,1,1,4,0,1,2,Non-binary,63,SIM-4129,synthetic_simulation,1,1,5,2,3,2,3,1,4,1,1,4,4,4,2,4,Islam,Jaffna,Group A
30,84,0,2,1,9,94,2,1,1,1,0,0,2,2,1,1,2,Male,72,SIM-4130,synthetic_simulation,5,5,2,5,3,5,2,4,1,4,3,2,5,4,2,5,Other,Galle,Group A
19,62,0,2,0,7,82,1,1,0,1,1,0,1,5,1,2,2,Male,62,SIM-4131,synthetic_simulation,5,1,4,5,4,2,1,1,1,3,5,2,2,4,3,5,Other,Negombo,Group D
20,94,2,2,0,8,91,2,1,1,1,2,1,2,2,0,2,2,Non-binary,71,SIM-4132,synthetic_simulation,5,2,1,1,1,5,2,2,2,1,3,3,3,4,4,3,Hinduism,Jaffna,Group C
26,86,2,1,0,7,95,2,1,0,1,0,1,0,5,0,1,1,Non-binary,68,SIM-4133,synthetic_simulation,2,4,1,3,5,1,5,4,5,5,2,3,3,1,2,4,Buddhism,Colombo,Group B
28,76,2,0,1,6,75,0,1,3,0,2,1,2,3,0,1,2,Male,72,SIM-4134,synthetic_simulation,1,5,2,5,2,3,2,3,3,3,1,5,3,2,5,5,Buddhism,Colombo,Group B
19,61,2,0,1,6,62,0,1,1,0,2,1,1,2,0,2,1,Male,64,SIM-4135,synthetic_simulation,5,4,4,3,5,4,1,3,2,1,2,2,3,4,3,5,Islam,Negombo,Group C
18,84,1,1,0,5,85,2,1,0,2,2,1,1,4,0,1,1,Non-binary,64,SIM-4136,synthetic_simulation,5,5,2,2,2,1,4,3,3,5,1,1,1,1,2,3,Buddhism,Jaffna,Group D
20,61,1,0,1,8,78,2,1,0,1,2,0,2,5,0,1,2,Non-binary,63,SIM-4137,synthetic_simulation,2,4,5,5,2,1,5,3,2,5,5,3,2,3,5,4,Islam,Jaffna,Group A
22,60,0,2,1,8,89,2,1,2,2,0,0,1,4,0,0,1,Non-binary,66,SIM-4138,synthetic_simulation,1,2,1,5,1,1,3,2,3,5,1,5,3,5,1,2,Islam,Negombo,Group B
25,85,2,2,1,7,76,2,1,2,0,2,1,2,2,0,0,2,Female,71,SIM-4139,synthetic_simulation,3,4,3,2,2,4,3,2,5,2,4,3,2,1,2,5,Other,Kandy,Group C
20,68,2,0,1,4,91,0,1,4,0,2,0,2,4,0,0,2,Male,70,SIM-4140,synthetic_simulation,2,1,1,3,3,5,2,5,5,4,4,5,2,5,1,1,Islam,Colombo,Group A
24,68,0,2,1,8,95,1,1,3,2,2,1,2,0,0,1,1,Male,67,SIM-4141,synthetic_simulation,1,4,4,3,2,3,3,5,1,4,4,2,4,5,1,3,Christianity,Colombo,Group B
30,86,0,0,1,6,87,2,1,0,1,1,0,2,4,0,0,2,Female,73,SIM-4142,synthetic_simulation,5,5,2,5,2,3,1,5,2,1,3,3,1,3,5,3,Islam,Kandy,Group C
22,62,1,2,1,7,87,2,1,2,0,1,1,1,3,0,1,2,Male,64,SIM-4143,synthetic_simulation,1,3,1,2,4,3,3,5,5,1,4,3,4,3,3,3,Islam,Colombo,Group B
22,73,1,2,0,5,79,2,1,4,2,1,1,0,1,0,2,1,Female,65,SIM-4144,synthetic_simulation,1,4,3,4,4,5,2,1,5,4,1,1,5,3,4,4,Christianity,Colombo,Group D
11,66,2,2,1,7,74,2,1,3,2,0,0,1,3,0,1,0,Male,62,SIM-4145,synthetic_simulation,1,4,3,3,1,2,3,4,2,5,2,2,5,1,4,2,Hinduism,Colombo,Group B
4,83,0,2,0,7,99,1,1,1,1,1,0,1,3,0,0,2,Non-binary,64,SIM-4146,synthetic_simulation,3,4,2,4,1,2,4,3,2,1,3,5,5,3,2,1,Buddhism,Colombo,Group D
22,86,1,2,0,4,82,1,1,1,1,1,0,2,5,0,0,1,Female,67,SIM-4147,synthetic_simulation,1,5,2,5,3,3,4,1,1,2,5,1,4,4,5,3,Buddhism,Galle,Group A
19,89,2,0,0,9,92,0,1,5,2,2,0,2,3,0,2,2,Female,74,SIM-4148,synthetic_simulation,3,4,1,4,4,1,3,2,5,2,3,5,2,1,1,5,Buddhism,Negombo,Group A
17,70,0,2,0,7,75,2,1,1,1,2,0,1,4,1,0,0,Non-binary,63,SIM-4149,synthetic_simulation,5,5,4,4,5,1,5,3,3,4,2,3,5,2,2,2,Hinduism,Kandy,Group D
21,64,0,1,1,7,78,1,1,1,2,2,1,2,4,0,1,2,Female,64,SIM-4150,synthetic_simulation,3,5,5,3,1,4,3,4,2,1,4,4,5,3,3,2,Christianity,Colombo,Group D
20,63,2,1,0,8,83,1,1,4,2,2,1,1,3,0,2,1,Male,64,SIM-4151,synthetic_simulation,5,3,3,5,1,2,4,4,2,1,2,3,4,1,4,3,Buddhism,Galle,Group B
27,77,1,0,0,7,86,0,1,1,0,0,1,0,3,0,0,2,Female,70,SIM-4152,synthetic_simulation,5,1,2,4,4,1,4,2,2,5,3,2,2,3,4,1,Buddhism,Negombo,Group A
21,98,2,2,1,8,72,2,1,3,1,1,1,2,3,0,1,1,Non-binary,71,SIM-4153,synthetic_simulation,3,5,5,3,4,3,1,3,2,1,3,5,5,5,1,3,Islam,Kandy,Group C
16,69,2,2,1,5,68,2,1,0,2,0,1,1,4,0,0,1,Female,63,SIM-4154,synthetic_simulation,2,2,5,4,3,4,2,5,5,4,3,1,1,4,2,1,Hinduism,Colombo,Group D
26,70,2,0,1,7,62,2,1,0,1,2,0,0,1,0,0,2,Male,66,SIM-4155,synthetic_simulation,4,4,5,3,4,2,1,3,3,1,2,3,5,5,2,3,Buddhism,Colombo,Group A
19,64,2,0,1,4,71,2,1,1,0,2,1,1,3,0,1,2,Non-binary,65,SIM-4156,synthetic_simulation,1,2,4,5,2,4,5,3,1,1,1,5,4,3,4,3,Hinduism,Colombo,Group C
23,84,2,0,0,7,61,2,1,2,2,0,1,1,5,0,0,1,Female,70,SIM-4157,synthetic_simulation,4,4,2,2,5,1,2,4,4,2,1,1,4,1,3,3,Buddhism,Jaffna,Group C
17,87,1,1,1,9,71,2,1,2,1,2,1,1,3,0,0,1,Female,65,SIM-4158,synthetic_simulation,1,3,3,3,2,3,3,2,5,4,4,3,1,4,5,4,Buddhism,Galle,Group B
16,86,0,2,1,5,94,0,1,0,2,2,1,0,2,0,1,2,Non-binary,68,SIM-4159,synthetic_simulation,1,5,2,3,2,3,3,3,5,3,5,4,2,5,1,3,Buddhism,Negombo,Group D
21,94,2,0,0,6,99,2,1,1,2,0,0,1,2,0,1,2,Non-binary,72,SIM-4160,synthetic_simulation,5,1,1,4,2,3,5,1,4,4,2,4,1,4,4,2,Christianity,Kandy,Group A
20,79,2,0,1,4,79,1,1,0,2,0,0,1,4,0,1,1,Male,67,SIM-4161,synthetic_simulation,1,5,3,5,1,1,4,1,4,4,1,3,5,4,4,5,Islam,Kandy,Group A
23,65,0,0,0,7,57,1,0,1,0,2,1,1,4,0,1,2,Female,65,SIM-4162,synthetic_simulation,1,4,2,1,2,5,3,2,2,3,4,2,4,3,2,5,Christianity,Galle,Group C
18,72,2,2,0,8,71,1,1,2,0,2,1,2,4,0,2,2,Non-binary,66,SIM-4163,synthetic_simulation,3,1,3,1,1,3,1,5,3,3,5,4,2,4,1,3,Hinduism,Galle,Group A
9,86,0,0,0,8,80,2,1,1,1,2,1,2,5,0,0,0,Male,67,SIM-4164,synthetic_simulation,4,5,1,2,4,5,4,3,5,2,4,5,5,2,4,4,Islam,Colombo,Group C
17,85,2,1,0,6,69,2,1,1,2,2,0,1,3,1,2,2,Non-binary,65,SIM-4165,synthetic_simulation,3,1,3,5,5,3,3,3,5,5,4,2,1,2,4,3,Other,Kandy,Group B
25,81,2,2,0,4,60,2,1,2,2,2,0,1,3,0,1,2,Female,68,SIM-4166,synthetic_simulation,1,4,5,3,5,5,4,4,1,4,5,2,5,5,4,3,Christianity,Colombo,Group A
18,87,2,2,0,5,61,0,1,2,2,2,1,2,1,0,1,2,Female,68,SIM-4167,synthetic_simulation,5,3,4,1,2,2,2,3,4,4,3,3,1,5,1,1,Islam,Galle,Group B
19,85,2,0,1,9,74,2,1,1,0,2,1,1,3,0,0,1,Male,69,SIM-4168,synthetic_simulation,3,3,1,2,5,2,3,5,4,4,1,5,3,1,4,2,Buddhism,Galle,Group B
26,95,2,1,1,8,61,2,1,2,2,2,0,1,2,0,2,2,Male,71,SIM-4169,synthetic_simulation,3,5,3,5,1,3,3,3,5,4,1,5,3,3,4,1,Buddhism,Galle,Group C
16,83,2,2,1,7,62,2,1,0,1,2,0,1,1,1,2,1,Non-binary,64,SIM-4170,synthetic_simulation,2,2,1,2,4,4,4,3,4,2,5,1,4,5,2,5,Christianity,Negombo,Group D
11,91,1,0,0,7,94,2,1,1,2,2,1,1,3,1,1,1,Female,65,SIM-4171,synthetic_simulation,1,4,5,1,2,4,2,4,2,4,1,4,2,1,3,4,Islam,Negombo,Group A
19,70,2,2,0,5,89,2,1,1,1,0,0,1,2,0,1,2,Female,64,SIM-4172,synthetic_simulation,5,5,4,4,3,1,1,1,1,3,2,4,4,5,5,1,Christianity,Colombo,Group A
17,87,2,2,1,9,53,1,1,3,1,2,1,2,3,0,2,1,Female,67,SIM-4173,synthetic_simulation,3,5,1,4,5,2,2,1,5,3,2,2,5,1,1,2,Other,Galle,Group A
14,96,2,0,0,6,66,2,1,3,2,2,1,2,2,0,0,2,Male,70,SIM-4174,synthetic_simulation,3,3,5,5,5,2,1,5,1,1,2,2,3,3,5,2,Hinduism,Colombo,Group C
19,75,2,0,0,8,77,2,1,1,1,1,1,2,4,0,1,1,Male,66,SIM-4175,synthetic_simulation,5,1,5,2,2,4,5,2,2,2,5,3,4,3,4,2,Christianity,Colombo,Group B
23,91,0,2,0,5,53,1,1,3,2,0,0,0,3,0,1,2,Female,70,SIM-4176,synthetic_simulation,1,4,5,3,5,3,2,2,1,1,4,5,1,5,3,5,Hinduism,Negombo,Group C
20,89,2,0,1,7,84,1,1,1,0,0,1,1,4,0,1,1,Female,70,SIM-4177,synthetic_simulation,2,1,3,1,5,1,1,4,4,4,4,4,2,2,2,1,Islam,Jaffna,Group B
22,62,0,2,1,9,69,1,1,1,0,1,0,0,3,0,0,2,Non-binary,64,SIM-4178,synthetic_simulation,3,4,2,4,3,2,4,3,5,2,3,1,3,4,2,2,Other,Negombo,Group C
31,83,1,0,1,6,70,2,1,3,1,2,0,0,3,0,0,2,Male,71,SIM-4179,synthetic_simulation,2,2,1,4,1,1,1,4,1,2,3,4,2,5,1,5,Christianity,Colombo,Group A
18,65,2,0,1,8,63,2,1,1,2,2,1,2,3,0,1,0,Non-binary,63,SIM-4180,synthetic_simulation,4,3,2,2,2,2,5,1,3,5,2,4,2,1,3,4,Islam,Negombo,Group C
22,99,2,2,1,5,67,0,1,1,2,0,0,0,3,0,0,2,Male,72,SIM-4181,synthetic_simulation,1,2,5,4,2,5,1,5,5,5,2,4,3,3,1,3,Christianity,Galle,Group D
17,92,0,0,0,6,93,2,1,4,2,1,0,1,4,0,0,1,Non-binary,72,SIM-4182,synthetic_simulation,4,5,2,2,3,5,2,2,1,1,5,2,1,5,2,4,Buddhism,Galle,Group C
15,64,0,1,1,7,89,1,1,0,1,2,1,0,2,0,1,2,Non-binary,61,SIM-4183,synthetic_simulation,4,3,5,1,3,1,1,3,5,1,2,5,1,3,4,1,Islam,Kandy,Group D
16,65,0,1,1,8,97,0,1,2,1,2,1,0,4,1,1,2,Non-binary,63,SIM-4184,synthetic_simulation,4,5,5,2,1,4,2,2,1,3,2,5,1,5,1,4,Other,Jaffna,Group B
17,84,1,0,0,7,85,0,1,0,2,2,0,2,2,0,0,1,Female,67,SIM-4185,synthetic_simulation,1,2,4,4,4,4,5,1,1,3,2,4,2,3,3,5,Islam,Negombo,Group C
22,74,0,1,1,8,79,1,1,3,2,2,1,1,1,0,1,2,Non-binary,67,SIM-4186,synthetic_simulation,1,4,4,2,2,2,1,3,4,3,1,5,1,2,1,1,Other,Jaffna,Group C
34,61,2,1,0,9,63,1,1,2,2,2,1,1,5,0,1,1,Male,65,SIM-4187,synthetic_simulation,5,5,2,4,5,5,1,1,1,2,4,3,5,1,2,2,Buddhism,Kandy,Group A
16,82,1,2,0,6,83,2,1,0,2,2,1,0,2,0,1,2,Non-binary,64,SIM-4188,synthetic_simulation,2,1,1,5,1,5,5,2,3,4,1,2,5,5,1,5,Buddhism,Galle,Group A
18,76,2,1,0,5,95,0,1,2,0,0,1,2,6,0,2,2,Female,69,SIM-4189,synthetic_simulation,2,4,2,4,2,1,1,2,4,1,2,2,1,3,4,1,Hinduism,Colombo,Group D
20,64,2,0,0,6,53,0,0,4,0,2,0,1,4,0,0,1,Female,65,SIM-4190,synthetic_simulation,5,4,1,4,1,1,2,1,3,3,2,5,1,5,2,1,Hinduism,Negombo,Group B
22,92,0,0,0,9,72,1,1,1,1,0,1,1,4,1,2,2,Female,71,SIM-4191,synthetic_simulation,5,2,2,4,4,4,3,3,3,2,1,4,3,1,1,5,Buddhism,Galle,Group B
22,97,2,2,1,6,57,2,1,0,2,0,0,2,2,0,1,2,Female,70,SIM-4192,synthetic_simulation,4,2,3,5,2,4,3,1,2,5,1,4,3,5,5,4,Buddhism,Kandy,Group C
28,90,1,2,1,9,91,2,1,0,2,2,1,2,2,0,0,1,Non-binary,98,SIM-4193,synthetic_simulation,5,3,3,3,5,4,2,3,3,4,5,4,4,4,5,4,Hinduism,Colombo,Group A
5,93,2,2,1,7,81,2,0,1,1,0,1,1,2,0,0,2,Non-binary,65,SIM-4194,synthetic_simulation,3,3,1,4,2,3,1,4,1,5,5,5,2,3,2,2,Hinduism,Galle,Group C
6,69,0,2,1,10,94,2,0,1,2,2,0,1,4,0,2,2,Male,63,SIM-4195,synthetic_simulation,2,1,4,3,1,5,2,4,5,5,2,4,2,1,4,1,Hinduism,Galle,Group A
17,71,2,2,1,10,53,1,1,0,1,1,1,2,3,0,1,1,Male,61,SIM-4196,synthetic_simulation,5,4,1,1,4,5,5,3,4,4,1,5,3,2,3,4,Islam,Galle,Group B
27,68,2,1,1,9,95,2,1,1,1,2,1,2,3,0,0,1,Non-binary,67,SIM-4197,synthetic_simulation,3,1,2,2,1,1,2,1,4,2,5,1,5,4,4,1,Buddhism,Negombo,Group B
11,91,2,2,0,5,53,2,1,0,1,2,0,1,2,0,2,2,Male,64,SIM-4198,synthetic_simulation,3,1,5,3,1,5,3,3,4,5,3,5,4,5,1,4,Christianity,Negombo,Group A
2,98,0,2,0,4,64,2,1,1,1,0,0,1,2,0,1,2,Male,65,SIM-4199,synthetic_simulation,3,2,3,1,3,1,4,2,5,2,1,3,3,5,2,5,Other,Colombo,Group C
23,89,0,0,1,7,58,2,1,2,2,0,0,2,3,0,2,1,Male,73,SIM-4200,synthetic_simulation,3,1,5,2,1,3,5,1,3,5,4,4,4,4,5,5,Other,Negombo,Group B
21,95,2,0,1,8,57,1,0,1,1,2,1,2,3,0,1,2,Male,69,SIM-4201,synthetic_simulation,4,1,3,4,4,4,1,3,2,3,3,4,2,2,3,4,Other,Kandy,Group D
13,86,2,0,0,8,59,2,1,3,2,2,1,1,3,0,1,2,Female,67,SIM-4202,synthetic_simulation,3,5,2,4,5,3,2,2,1,4,3,2,2,2,2,5,Other,Colombo,Group B
14,76,0,2,0,6,74,1,1,0,0,2,0,2,2,1,0,0,Male,63,SIM-4203,synthetic_simulation,4,3,3,4,3,4,5,5,4,1,1,5,2,5,2,1,Hinduism,Galle,Group D
14,77,0,0,1,5,89,1,1,0,2,2,0,2,2,0,0,2,Non-binary,67,SIM-4204,synthetic_simulation,4,3,1,5,1,4,3,2,1,4,2,1,5,5,2,5,Hinduism,Kandy,Group A
21,63,1,0,1,8,95,2,1,2,0,2,1,1,5,0,1,2,Non-binary,66,SIM-4205,synthetic_simulation,3,4,5,5,2,1,1,3,3,5,4,4,3,2,1,2,Buddhism,Galle,Group C
16,61,2,0,1,10,78,2,1,2,1,0,1,2,2,0,0,1,Male,64,SIM-4206,synthetic_simulation,2,3,5,5,3,4,2,1,2,5,5,2,4,2,5,4,Hinduism,Colombo,Group A
23,88,0,1,1,6,58,2,1,2,1,2,1,1,2,0,1,1,Female,68,SIM-4207,synthetic_simulation,3,4,2,5,4,3,2,1,4,3,5,5,3,2,5,2,Other,Galle,Group B
3,78,2,2,0,8,54,0,1,2,0,2,1,2,4,0,1,1,Female,61,SIM-4208,synthetic_simulation,3,5,5,1,2,2,1,4,3,3,2,2,2,5,5,5,Islam,Jaffna,Group C
15,82,2,2,1,10,75,2,1,1,0,2,1,0,1,0,0,2,Female,66,SIM-4209,synthetic_simulation,3,3,2,1,4,1,4,3,2,4,4,1,2,3,3,4,Islam,Kandy,Group C
13,82,2,2,1,7,88,2,1,0,1,2,1,1,2,0,1,2,Male,65,SIM-4210,synthetic_simulation,2,5,4,4,2,4,4,2,4,1,4,5,3,4,1,4,Christianity,Colombo,Group A
18,71,2,0,1,7,81,2,1,0,2,2,1,0,4,0,0,1,Non-binary,65,SIM-4211,synthetic_simulation,1,3,1,2,5,4,5,2,3,4,3,4,1,2,4,1,Buddhism,Colombo,Group A
17,79,2,2,0,8,79,2,1,3,2,0,0,1,5,1,2,2,Male,67,SIM-4212,synthetic_simulation,1,3,3,5,4,5,2,3,1,1,3,5,1,5,5,1,Islam,Galle,Group B
25,79,0,2,1,7,52,2,1,1,2,2,1,0,2,0,2,1,Non-binary,68,SIM-4213,synthetic_simulation,4,5,3,2,2,1,5,2,5,2,4,4,3,1,4,5,Islam,Galle,Group D
9,76,2,2,1,9,71,2,1,1,2,0,1,1,3,0,0,2,Non-binary,63,SIM-4214,synthetic_simulation,4,1,3,1,4,1,1,5,4,5,1,3,2,5,2,1,Islam,Kandy,Group A
20,93,0,2,0,6,78,1,1,1,1,2,1,2,3,0,0,1,Female,70,SIM-4215,synthetic_simulation,2,1,4,5,3,3,5,4,2,2,1,4,4,3,2,1,Other,Negombo,Group C
23,78,0,0,0,7,80,2,1,0,1,2,0,1,2,0,1,2,Male,68,SIM-4216,synthetic_simulation,5,1,1,1,4,2,2,1,2,4,1,2,1,3,2,2,Other,Kandy,Group D
31,84,2,2,0,5,50,2,0,2,1,0,0,2,3,0,1,2,Non-binary,69,SIM-4217,synthetic_simulation,1,1,5,1,4,3,4,2,5,1,4,1,3,2,5,2,Christianity,Jaffna,Group A
17,96,0,2,1,7,60,1,1,0,1,2,0,1,2,1,0,2,Non-binary,67,SIM-4218,synthetic_simulation,4,3,5,3,2,3,4,5,5,1,5,5,5,4,2,2,Hinduism,Kandy,Group A
22,95,2,2,0,5,97,2,1,0,1,1,1,1,3,0,1,1,Non-binary,69,SIM-4219,synthetic_simulation,1,2,1,1,4,3,1,3,3,2,1,3,3,5,1,5,Hinduism,Galle,Group A
9,96,2,1,1,8,75,1,1,1,1,0,0,2,4,1,1,2,Non-binary,65,SIM-4220,synthetic_simulation,2,5,1,4,5,2,3,2,5,3,5,3,2,4,2,4,Hinduism,Negombo,Group D
6,71,2,0,1,5,85,2,1,1,1,2,1,2,2,0,1,1,Non-binary,61,SIM-4221,synthetic_simulation,2,2,3,1,1,3,5,3,4,3,1,3,3,1,5,3,Islam,Negombo,Group A
25,61,2,0,1,8,65,1,1,3,1,1,1,1,3,0,0,2,Female,65,SIM-4222,synthetic_simulation,5,2,5,5,3,1,1,5,5,2,4,2,1,4,1,5,Hinduism,Kandy,Group B
20,70,1,2,1,6,79,1,1,4,2,2,1,2,4,0,2,2,Female,67,SIM-4223,synthetic_simulation,5,4,1,4,2,2,4,5,4,3,1,4,1,4,5,4,Hinduism,Jaffna,Group A
27,71,2,0,1,10,68,2,1,1,1,2,1,0,2,0,1,1,Non-binary,66,SIM-4224,synthetic_simulation,2,1,5,1,4,4,2,1,1,1,5,3,3,2,2,1,Other,Kandy,Group C
12,96,2,2,0,9,65,2,1,2,0,0,0,1,4,1,2,2,Male,69,SIM-4225,synthetic_simulation,4,3,1,4,4,5,2,3,5,4,2,1,4,1,1,5,Other,Colombo,Group A
23,86,2,2,1,8,71,0,1,3,2,2,1,1,4,0,0,2,Non-binary,71,SIM-4226,synthetic_simulation,1,1,2,1,4,5,3,4,1,3,5,1,3,3,2,4,Hinduism,Negombo,Group C
31,63,0,0,0,5,73,2,1,1,0,1,1,2,2,0,1,2,Male,68,SIM-4227,synthetic_simulation,3,1,3,4,3,1,3,1,2,1,2,5,4,4,1,5,Other,Colombo,Group D
23,65,0,2,0,6,67,0,0,3,2,2,0,0,5,0,1,1,Non-binary,65,SIM-4228,synthetic_simulation,5,2,1,2,1,5,4,3,5,4,5,1,1,1,4,1,Other,Jaffna,Group A
22,66,2,2,0,6,63,0,1,1,1,2,0,1,5,0,2,0,Female,64,SIM-4229,synthetic_simulation,3,4,4,3,5,5,3,3,2,1,1,4,5,1,1,1,Islam,Jaffna,Group A
20,85,2,1,0,6,81,1,1,1,0,0,0,2,3,0,0,2,Female,68,SIM-4230,synthetic_simulation,4,1,1,4,5,5,3,5,1,5,1,4,4,3,4,5,Christianity,Galle,Group D
11,89,1,0,0,9,69,1,1,1,1,1,1,1,3,0,1,2,Male,64,SIM-4231,synthetic_simulation,5,5,2,5,2,4,2,5,2,4,5,3,3,2,2,5,Other,Kandy,Group B
28,94,2,0,0,7,60,1,1,1,1,2,1,2,3,0,1,2,Non-binary,71,SIM-4232,synthetic_simulation,3,5,4,3,1,5,5,3,1,5,1,4,2,1,1,3,Christianity,Kandy,Group D
16,98,0,2,0,6,88,2,1,1,1,2,1,1,3,0,2,1,Non-binary,70,SIM-4233,synthetic_simulation,4,1,4,3,1,3,2,5,3,3,1,4,2,3,5,2,Buddhism,Kandy,Group D
23,68,0,2,1,6,86,2,1,0,2,2,1,2,2,0,2,2,Female,68,SIM-4234,synthetic_simulation,1,2,1,1,3,1,2,3,1,3,4,3,3,5,1,4,Hinduism,Colombo,Group C
11,72,2,2,1,6,94,1,1,2,2,2,1,2,3,0,1,1,Male,63,SIM-4235,synthetic_simulation,4,2,2,4,4,1,4,3,3,1,3,5,1,1,1,1,Christianity,Jaffna,Group A
13,70,2,0,1,8,78,2,1,0,1,2,0,0,3,1,1,2,Non-binary,61,SIM-4236,synthetic_simulation,5,3,4,3,1,1,4,1,2,2,3,4,1,5,1,1,Christianity,Jaffna,Group A
29,74,2,1,0,5,64,2,1,2,2,2,1,1,1,0,0,1,Male,66,SIM-4237,synthetic_simulation,2,4,3,5,4,4,5,1,1,1,5,4,1,5,3,4,Buddhism,Colombo,Group C
18,97,2,0,1,7,93,2,1,5,0,2,1,2,4,0,0,2,Female,75,SIM-4238,synthetic_simulation,1,2,3,5,3,4,1,4,3,5,3,2,3,1,5,5,Hinduism,Kandy,Group C
29,83,0,0,1,8,64,2,1,2,2,0,1,1,1,0,1,0,Non-binary,71,SIM-4239,synthetic_simulation,3,3,5,5,2,5,3,1,1,4,2,5,2,3,1,3,Hinduism,Kandy,Group A
20,90,2,2,1,4,83,0,1,1,1,1,1,2,3,0,0,2,Non-binary,69,SIM-4240,synthetic_simulation,5,5,5,1,2,3,3,2,4,2,5,3,5,5,1,4,Hinduism,Colombo,Group B
9,80,0,1,0,5,60,2,1,2,1,2,0,1,3,0,1,2,Male,62,SIM-4241,synthetic_simulation,2,5,2,2,4,5,2,2,4,1,5,2,2,2,2,5,Other,Galle,Group B
25,61,2,2,0,7,81,0,1,0,2,2,1,2,4,0,1,1,Female,65,SIM-4242,synthetic_simulation,4,5,4,4,4,1,2,5,2,5,2,2,1,4,5,1,Islam,Galle,Group C
16,63,2,1,0,9,92,2,1,0,1,2,0,2,3,0,0,1,Female,61,SIM-4243,synthetic_simulation,2,1,3,3,1,3,5,2,4,5,3,5,3,5,1,5,Islam,Kandy,Group A
24,82,2,2,0,9,77,2,1,3,2,2,1,2,2,0,1,2,Male,69,SIM-4244,synthetic_simulation,5,4,3,4,3,1,3,1,5,3,2,4,3,5,1,2,Other,Kandy,Group B
20,89,1,1,1,6,74,1,1,1,2,1,0,2,3,0,2,0,Female,66,SIM-4245,synthetic_simulation,5,3,2,3,2,3,2,4,3,1,1,3,5,4,1,3,Hinduism,Colombo,Group B
11,69,0,2,1,9,100,1,1,1,1,2,1,1,5,0,1,2,Female,64,SIM-4246,synthetic_simulation,2,4,4,1,1,2,2,3,5,1,5,5,2,3,4,2,Buddhism,Negombo,Group A
21,89,0,2,1,7,51,1,1,1,2,2,1,2,4,0,1,2,Male,69,SIM-4247,synthetic_simulation,4,1,2,4,5,4,4,4,4,5,4,2,1,2,3,2,Other,Jaffna,Group D
33,92,0,0,1,7,67,1,1,6,0,2,1,2,5,0,1,2,Male,78,SIM-4248,synthetic_simulation,2,3,1,1,1,4,1,1,2,1,2,1,5,2,5,5,Other,Kandy,Group D
23,76,1,0,1,7,96,1,1,2,2,2,0,1,4,0,1,2,Non-binary,68,SIM-4249,synthetic_simulation,5,3,3,1,4,1,5,1,5,3,5,3,1,5,4,5,Christianity,Kandy,Group B
20,90,0,0,0,8,82,2,1,2,0,2,0,0,4,1,1,1,Female,70,SIM-4250,synthetic_simulation,5,2,2,4,5,1,1,1,2,2,5,1,2,1,1,4,Other,Negombo,Group D
26,76,1,2,1,6,77,2,1,1,2,2,0,1,5,0,1,2,Female,68,SIM-4251,synthetic_simulation,3,4,2,4,1,2,1,5,1,5,2,4,5,1,5,1,Hinduism,Galle,Group D
21,87,1,1,1,6,82,2,1,0,2,0,1,1,5,0,2,2,Non-binary,68,SIM-4252,synthetic_simulation,3,4,1,3,3,5,5,2,5,3,4,5,1,5,4,3,Other,Jaffna,Group B
21,91,2,2,0,5,66,1,1,1,0,2,1,2,3,0,0,2,Male,69,SIM-4253,synthetic_simulation,1,2,5,5,2,3,3,1,1,3,5,4,4,1,3,2,Islam,Negombo,Group A
13,100,2,1,1,8,54,2,1,0,2,0,1,2,3,0,0,2,Female,68,SIM-4254,synthetic_simulation,5,5,3,1,5,2,2,3,5,4,1,5,3,2,4,5,Islam,Colombo,Group A
21,74,0,1,1,8,64,2,1,3,1,1,1,1,1,0,0,0,Male,80,SIM-4255,synthetic_simulation,3,1,2,2,3,2,5,2,3,2,1,2,2,2,2,1,Other,Galle,Group B
26,76,2,2,1,8,67,0,1,1,1,2,1,0,3,0,1,1,Female,67,SIM-4256,synthetic_simulation,2,4,3,3,1,1,2,2,2,3,1,4,3,4,1,4,Buddhism,Jaffna,Group B
15,67,1,2,1,5,74,2,1,1,0,0,1,2,2,0,2,2,Male,64,SIM-4257,synthetic_simulation,4,2,5,3,4,1,4,5,1,4,4,1,1,2,4,5,Christianity,Galle,Group C
29,68,2,1,0,6,70,1,1,0,2,2,1,0,2,0,2,2,Non-binary,64,SIM-4258,synthetic_simulation,2,3,2,5,4,5,1,4,4,4,3,2,5,3,3,4,Other,Negombo,Group D
19,88,2,2,1,9,76,1,1,1,2,0,1,2,3,0,1,0,Female,68,SIM-4259,synthetic_simulation,4,2,1,5,3,5,4,2,5,1,1,5,1,2,1,5,Hinduism,Jaffna,Group B
15,97,1,2,0,7,60,1,1,4,2,2,1,0,3,0,1,2,Non-binary,67,SIM-4260,synthetic_simulation,3,5,3,1,4,1,1,2,1,3,2,2,4,5,2,3,Buddhism,Kandy,Group D
26,76,2,2,0,7,59,1,1,0,2,2,1,1,1,1,2,2,Male,65,SIM-4261,synthetic_simulation,1,1,1,3,2,4,3,1,5,5,3,1,4,1,2,2,Hinduism,Colombo,Group B
18,67,0,0,1,7,68,2,1,0,2,2,1,2,4,0,1,2,Female,66,SIM-4262,synthetic_simulation,2,5,5,3,3,5,5,3,5,1,2,3,2,1,4,4,Hinduism,Galle,Group D
25,71,2,1,1,8,74,1,1,4,2,2,1,2,4,1,2,2,Non-binary,67,SIM-4263,synthetic_simulation,2,3,5,2,3,2,3,1,5,2,4,5,3,2,1,4,Christianity,Colombo,Group A
18,78,0,2,0,7,67,1,0,0,0,2,1,0,3,0,0,1,Male,64,SIM-4264,synthetic_simulation,2,3,3,1,4,1,1,3,1,5,1,3,1,2,4,4,Christianity,Galle,Group A
20,72,2,1,1,6,79,2,1,1,1,2,0,2,4,0,2,2,Non-binary,66,SIM-4265,synthetic_simulation,4,3,5,1,3,3,4,2,1,5,5,2,4,1,2,5,Islam,Galle,Group B
23,69,2,1,1,8,66,1,0,1,2,2,1,2,3,0,0,0,Male,63,SIM-4266,synthetic_simulation,3,3,4,5,1,3,1,3,5,4,1,4,5,1,5,4,Hinduism,Galle,Group D
22,89,2,0,0,5,59,0,1,5,2,2,0,2,4,1,1,2,Non-binary,71,SIM-4267,synthetic_simulation,2,2,3,1,5,4,3,1,4,3,4,5,1,2,4,5,Other,Colombo,Group B
8,60,0,2,1,9,93,0,1,0,1,0,1,1,3,0,2,2,Male,62,SIM-4268,synthetic_simulation,2,3,4,2,5,1,3,1,2,4,1,2,2,3,5,5,Hinduism,Kandy,Group D
13,82,2,0,0,6,60,2,1,1,1,1,1,2,4,0,0,0,Male,64,SIM-4269,synthetic_simulation,1,3,5,1,4,2,4,4,5,4,1,5,5,3,1,3,Islam,Galle,Group B
26,92,1,2,1,8,98,2,1,2,2,2,1,1,3,0,2,1,Female,72,SIM-4270,synthetic_simulation,1,2,3,4,2,4,4,5,4,3,1,1,3,1,2,5,Hinduism,Negombo,Group B
19,71,0,2,1,7,99,1,1,0,1,0,1,0,4,0,1,1,Non-binary,65,SIM-4271,synthetic_simulation,3,3,4,4,2,2,3,4,2,3,4,2,2,4,4,1,Christianity,Negombo,Group C
17,84,1,0,0,6,85,2,1,1,2,1,1,2,2,0,0,2,Female,67,SIM-4272,synthetic_simulation,3,5,5,2,4,3,1,2,5,3,1,4,3,3,4,4,Islam,Colombo,Group C
12,87,0,0,1,9,75,2,0,1,1,2,0,1,3,1,0,1,Non-binary,65,SIM-4273,synthetic_simulation,5,5,2,5,4,2,1,3,2,4,5,5,3,5,4,2,Buddhism,Colombo,Group C
14,86,1,1,1,8,90,1,1,0,1,2,0,1,1,0,1,2,Female,63,SIM-4274,synthetic_simulation,1,4,2,3,3,3,5,1,5,3,5,4,4,1,1,4,Hinduism,Negombo,Group C
8,78,0,0,0,7,94,1,1,1,0,0,1,1,3,1,1,2,Non-binary,65,SIM-4275,synthetic_simulation,5,5,1,1,2,5,3,1,1,3,3,4,3,3,1,1,Hinduism,Kandy,Group C
19,74,2,2,1,10,85,2,1,1,1,2,1,2,5,0,2,1,Male,67,SIM-4276,synthetic_simulation,4,1,2,5,5,3,5,1,5,5,3,1,5,2,3,5,Christianity,Kandy,Group C
16,93,2,2,1,8,55,1,1,0,0,2,1,1,4,0,1,1,Female,67,SIM-4277,synthetic_simulation,5,1,4,5,4,3,3,1,5,4,3,3,5,4,4,3,Buddhism,Jaffna,Group D
14,90,1,2,1,6,50,2,1,0,2,0,0,2,3,0,0,1,Non-binary,65,SIM-4278,synthetic_simulation,2,1,2,1,5,4,5,2,5,3,3,2,5,2,1,5,Hinduism,Galle,Group C
20,73,2,0,1,4,60,2,1,1,1,2,0,2,3,1,1,1,Non-binary,64,SIM-4279,synthetic_simulation,5,2,3,3,5,4,2,5,5,4,5,3,1,2,2,3,Hinduism,Negombo,Group A
22,64,0,1,0,7,59,0,1,0,2,0,0,2,5,1,1,2,Female,64,SIM-4280,synthetic_simulation,3,5,3,1,2,1,1,4,4,2,3,3,4,4,1,2,Buddhism,Colombo,Group B
33,63,0,0,1,9,59,2,1,1,2,2,1,2,4,0,1,2,Male,69,SIM-4281,synthetic_simulation,4,1,3,3,5,1,1,4,3,1,2,1,4,1,1,4,Christianity,Negombo,Group A
11,64,2,2,0,8,75,1,1,1,0,2,0,2,3,0,1,1,Non-binary,60,SIM-4282,synthetic_simulation,2,4,2,2,3,3,2,1,4,5,4,4,5,2,4,5,Other,Negombo,Group C
27,83,2,2,1,9,76,2,1,1,1,0,1,2,4,0,1,2,Non-binary,70,SIM-4283,synthetic_simulation,5,2,2,3,3,5,4,1,4,5,4,4,1,1,5,3,Buddhism,Colombo,Group D
26,62,1,0,0,6,86,2,1,2,2,2,1,2,3,0,1,2,Male,66,SIM-4284,synthetic_simulation,4,4,1,5,2,1,2,3,1,4,5,2,3,1,2,3,Christianity,Negombo,Group B
15,73,2,2,1,7,60,0,1,3,2,2,1,1,4,0,0,2,Male,66,SIM-4285,synthetic_simulation,4,5,5,2,3,3,1,1,5,3,4,1,3,1,5,1,Hinduism,Kandy,Group C
21,90,2,1,0,7,55,2,1,2,2,2,1,1,2,0,0,2,Female,68,SIM-4286,synthetic_simulation,2,3,1,4,4,4,3,4,4,4,4,5,3,2,3,1,Buddhism,Galle,Group B
17,72,1,2,0,7,83,1,1,3,2,0,1,0,3,1,1,0,Male,62,SIM-4287,synthetic_simulation,5,4,4,2,2,1,5,3,2,1,1,4,4,1,4,4,Christianity,Kandy,Group B
21,91,2,0,1,8,74,1,1,0,2,2,1,0,2,0,2,2,Female,70,SIM-4288,synthetic_simulation,4,3,3,3,5,1,1,3,5,5,3,2,3,2,5,3,Hinduism,Negombo,Group A
29,90,2,2,1,9,83,2,1,0,2,0,0,2,3,0,1,2,Male,72,SIM-4289,synthetic_simulation,4,2,2,2,4,3,2,1,1,5,3,5,1,1,1,2,Islam,Kandy,Group D
24,70,1,1,1,10,69,0,1,1,0,2,1,0,2,0,1,1,Non-binary,64,SIM-4290,synthetic_simulation,1,4,5,2,2,3,3,3,1,1,1,3,1,5,1,3,Christianity,Jaffna,Group B
23,89,1,2,0,9,88,0,1,1,0,2,1,1,5,0,2,2,Male,71,SIM-4291,synthetic_simulation,4,4,5,4,5,2,1,5,2,4,5,1,3,2,3,3,Christianity,Negombo,Group D
17,90,2,0,0,8,84,2,1,1,1,1,1,0,4,0,1,0,Male,67,SIM-4292,synthetic_simulation,1,2,2,3,5,2,2,1,1,5,2,5,4,5,3,5,Christianity,Jaffna,Group A
11,76,1,2,0,6,83,0,1,3,2,2,1,2,1,0,1,2,Male,64,SIM-4293,synthetic_simulation,5,2,1,5,5,5,1,5,5,3,5,4,2,1,2,5,Hinduism,Kandy,Group C
19,68,0,0,0,7,51,2,0,1,0,2,1,2,1,0,1,1,Male,64,SIM-4294,synthetic_simulation,5,1,5,2,5,1,2,1,3,4,2,2,5,2,2,1,Other,Colombo,Group A
27,81,2,0,1,8,93,2,1,0,0,0,1,1,3,0,0,2,Male,72,SIM-4295,synthetic_simulation,5,5,1,1,5,2,2,5,3,3,2,2,3,4,4,5,Other,Galle,Group D
11,97,1,1,1,7,69,2,1,3,1,2,1,2,2,0,1,2,Female,66,SIM-4296,synthetic_simulation,3,4,2,5,2,3,1,1,4,2,1,1,3,5,3,3,Islam,Colombo,Group C
14,86,0,2,0,6,57,2,1,3,0,0,0,1,2,0,0,2,Female,68,SIM-4297,synthetic_simulation,5,4,1,2,3,1,3,4,1,1,5,3,5,3,4,5,Buddhism,Jaffna,Group D
21,67,2,2,1,6,88,2,1,1,1,2,0,2,5,0,2,2,Female,95,SIM-4298,synthetic_simulation,4,2,3,5,5,2,1,1,5,5,3,4,2,3,5,1,Islam,Colombo,Group B
14,87,2,1,1,8,74,2,1,0,2,0,1,1,3,1,0,1,Non-binary,64,SIM-4299,synthetic_simulation,2,2,2,1,4,5,1,4,2,1,5,3,3,4,2,4,Buddhism,Jaffna,Group B
15,77,2,2,1,7,52,2,1,1,2,2,1,1,2,0,0,2,Female,64,SIM-4300,synthetic_simulation,1,5,2,5,2,5,3,2,2,1,5,1,3,4,4,2,Buddhism,Colombo,Group D
17,84,1,0,1,7,89,2,1,2,0,2,1,2,2,0,1,1,Non-binary,68,SIM-4301,synthetic_simulation,3,2,5,5,1,5,1,2,5,3,2,1,2,3,3,3,Islam,Galle,Group B
12,89,2,1,1,7,72,2,1,1,0,0,1,1,5,0,0,2,Non-binary,67,SIM-4302,synthetic_simulation,5,3,5,1,3,5,5,1,5,5,2,3,5,2,5,2,Islam,Negombo,Group A
14,81,2,2,0,6,88,2,1,1,0,2,1,2,3,0,2,1,Non-binary,67,SIM-4303,synthetic_simulation,5,3,5,1,4,3,5,4,2,2,3,5,1,1,2,4,Christianity,Galle,Group D
24,93,0,2,1,7,88,1,1,1,2,0,1,0,3,0,1,1,Female,71,SIM-4304,synthetic_simulation,2,3,3,1,5,5,5,4,1,1,3,5,3,2,4,3,Hinduism,Kandy,Group C
12,89,2,1,1,6,55,1,1,1,1,0,1,0,3,0,1,2,Male,63,SIM-4305,synthetic_simulation,2,3,3,4,2,4,2,3,4,3,2,1,3,3,3,2,Other,Kandy,Group D
10,85,2,2,1,6,81,2,1,3,1,2,1,1,3,0,1,2,Female,66,SIM-4306,synthetic_simulation,3,5,4,1,2,5,4,3,4,3,5,5,4,5,4,4,Buddhism,Colombo,Group C
16,66,0,0,0,5,68,0,0,2,1,2,1,2,5,0,2,1,Female,65,SIM-4307,synthetic_simulation,1,4,2,5,5,2,1,5,4,5,2,5,2,5,2,3,Buddhism,Galle,Group D
24,93,2,1,1,7,77,2,1,0,1,2,0,0,3,0,1,2,Female,68,SIM-4308,synthetic_simulation,5,3,5,1,4,1,4,3,5,4,4,2,3,1,5,4,Christianity,Kandy,Group D
19,97,2,1,1,8,54,2,1,0,0,2,1,1,2,0,1,2,Female,68,SIM-4309,synthetic_simulation,3,2,2,2,2,2,5,1,2,4,4,3,4,1,1,3,Other,Negombo,Group D
17,65,2,0,0,9,79,2,1,0,2,2,1,2,2,1,1,1,Female,62,SIM-4310,synthetic_simulation,4,3,1,1,3,1,3,3,2,2,2,2,1,3,5,3,Hinduism,Colombo,Group B
20,80,1,2,1,5,89,2,1,0,0,0,1,1,3,0,2,0,Female,67,SIM-4311,synthetic_simulation,4,5,3,1,4,3,5,3,2,3,3,2,2,3,4,4,Christianity,Jaffna,Group D
10,70,0,0,1,9,99,2,1,1,2,2,1,1,4,0,1,1,Male,65,SIM-4312,synthetic_simulation,3,2,4,3,5,1,1,1,2,4,2,1,1,1,4,1,Hinduism,Colombo,Group C
23,90,0,2,1,7,66,1,1,2,0,0,1,1,3,0,1,2,Female,71,SIM-4313,synthetic_simulation,5,3,1,5,4,4,4,1,2,1,5,1,4,5,1,2,Buddhism,Galle,Group D
22,89,2,0,1,5,58,2,1,4,0,0,1,1,2,1,0,2,Male,71,SIM-4314,synthetic_simulation,3,4,2,5,4,5,4,5,3,2,4,1,5,4,4,1,Other,Galle,Group B
18,66,0,2,1,6,68,1,0,1,2,0,1,2,3,1,1,0,Non-binary,61,SIM-4315,synthetic_simulation,5,2,3,2,1,2,2,4,5,1,1,2,2,4,5,5,Buddhism,Negombo,Group A
26,95,2,2,0,4,51,2,1,1,1,2,1,2,2,0,1,2,Non-binary,70,SIM-4316,synthetic_simulation,2,2,5,4,5,1,3,3,5,4,3,4,5,4,2,2,Christianity,Colombo,Group B
13,67,2,1,1,5,70,2,1,0,1,0,0,0,2,0,1,2,Male,60,SIM-4317,synthetic_simulation,3,4,1,3,3,2,5,2,3,3,1,2,4,5,5,3,Hinduism,Colombo,Group B
27,92,1,2,0,10,96,2,1,0,1,2,1,1,2,0,2,0,Male,70,SIM-4318,synthetic_simulation,5,2,3,2,5,5,3,4,4,4,3,2,2,2,5,2,Hinduism,Galle,Group C
21,78,2,0,0,6,60,0,1,1,1,0,0,1,2,0,0,2,Non-binary,67,SIM-4319,synthetic_simulation,3,3,2,2,1,3,1,1,1,2,1,2,3,2,5,2,Buddhism,Colombo,Group D
18,73,2,2,1,8,74,1,0,3,2,0,0,1,2,0,2,2,Female,66,SIM-4320,synthetic_simulation,3,2,2,5,5,5,2,3,5,2,1,5,4,5,2,5,Christianity,Kandy,Group A
20,66,1,1,1,7,79,2,1,2,2,2,0,2,2,0,1,1,Female,63,SIM-4321,synthetic_simulation,5,3,1,3,5,3,5,5,5,1,2,5,4,2,4,1,Other,Kandy,Group A
19,67,2,2,0,7,59,1,1,3,1,0,0,2,3,0,2,2,Male,65,SIM-4322,synthetic_simulation,5,4,1,5,3,2,1,2,3,1,3,1,1,4,5,3,Islam,Colombo,Group A
27,86,0,2,1,8,67,0,1,5,0,0,1,2,2,1,2,2,Non-binary,75,SIM-4323,synthetic_simulation,1,1,1,4,1,3,3,4,5,2,4,2,5,5,2,2,Christianity,Kandy,Group B
14,82,0,2,0,4,96,1,1,2,0,2,0,0,4,1,1,2,Female,66,SIM-4324,synthetic_simulation,3,4,4,5,5,3,2,3,5,1,1,2,2,1,4,1,Other,Galle,Group C
15,65,2,2,0,9,65,2,1,1,1,2,1,1,2,0,0,2,Male,61,SIM-4325,synthetic_simulation,4,3,5,1,5,3,5,1,4,5,2,1,2,5,2,5,Other,Jaffna,Group A
26,65,2,2,1,7,82,1,1,1,1,2,1,2,1,0,2,0,Non-binary,65,SIM-4326,synthetic_simulation,3,5,3,5,2,3,3,4,3,2,5,3,3,3,2,1,Hinduism,Colombo,Group B
16,63,1,2,1,6,57,2,1,2,1,1,1,1,3,0,2,2,Non-binary,61,SIM-4327,synthetic_simulation,3,4,2,1,5,3,5,2,5,1,3,4,2,4,5,5,Islam,Negombo,Group B
25,90,0,0,1,8,83,2,1,2,2,2,1,0,3,0,0,2,Male,73,SIM-4328,synthetic_simulation,5,5,2,2,3,1,2,1,2,4,3,4,3,4,1,2,Islam,Colombo,Group C
30,88,0,2,1,6,64,2,1,1,0,2,1,1,2,0,0,2,Male,73,SIM-4329,synthetic_simulation,3,5,5,4,2,3,2,2,3,3,4,3,2,3,5,3,Islam,Galle,Group B
18,62,2,2,1,7,62,2,1,1,2,2,1,2,5,0,0,1,Non-binary,63,SIM-4330,synthetic_simulation,3,3,1,1,1,3,3,3,4,5,1,1,1,4,2,1,Buddhism,Negombo,Group D
24,82,1,2,0,7,56,2,1,1,2,2,1,2,3,0,2,1,Female,67,SIM-4331,synthetic_simulation,4,3,1,4,4,5,5,4,1,5,2,3,4,3,2,5,Hinduism,Negombo,Group B
13,63,2,0,1,8,52,2,1,2,1,2,1,2,4,0,1,2,Non-binary,62,SIM-4332,synthetic_simulation,5,1,2,5,3,5,4,5,5,3,1,4,2,3,2,3,Christianity,Jaffna,Group C
25,96,1,1,0,7,98,2,1,1,2,2,0,1,3,0,0,2,Female,71,SIM-4333,synthetic_simulation,3,2,5,5,1,5,1,3,2,3,2,3,4,4,3,2,Buddhism,Colombo,Group B
21,96,2,2,1,5,71,2,1,2,1,0,1,0,4,0,1,1,Non-binary,70,SIM-4334,synthetic_simulation,2,4,2,2,2,3,2,3,2,4,4,2,5,5,5,1,Buddhism,Colombo,Group B
23,88,2,2,0,8,89,2,1,0,2,0,0,2,5,0,1,2,Female,70,SIM-4335,synthetic_simulation,1,3,1,5,4,5,5,5,1,3,1,5,4,3,1,4,Islam,Negombo,Group B
16,97,2,2,0,7,96,1,0,4,1,0,0,1,2,0,1,2,Non-binary,69,SIM-4336,synthetic_simulation,4,4,3,1,1,1,3,5,3,5,5,2,5,1,4,3,Islam,Kandy,Group A
10,92,2,2,0,4,60,0,1,3,1,1,1,2,2,0,0,2,Male,66,SIM-4337,synthetic_simulation,3,5,1,2,3,2,3,1,4,4,4,4,2,3,1,1,Other,Colombo,Group D
23,93,1,0,1,7,93,0,1,1,2,0,1,0,3,0,1,2,Non-binary,72,SIM-4338,synthetic_simulation,2,2,3,4,2,5,2,2,5,3,4,5,1,1,1,5,Other,Colombo,Group A
8,83,0,1,1,6,85,1,1,1,1,0,1,1,3,0,1,0,Male,63,SIM-4339,synthetic_simulation,3,1,4,2,3,5,2,3,5,4,3,5,1,5,3,4,Hinduism,Kandy,Group B
18,72,1,2,1,8,79,2,1,1,2,0,1,2,4,0,1,1,Female,65,SIM-4340,synthetic_simulation,3,4,5,4,3,1,4,1,5,4,2,3,4,3,2,3,Hinduism,Jaffna,Group B
26,69,0,0,1,6,90,2,1,3,2,2,1,2,3,0,0,1,Female,71,SIM-4341,synthetic_simulation,5,2,4,3,2,4,3,1,2,1,1,2,1,3,1,4,Christianity,Colombo,Group B
21,73,2,2,0,5,56,2,1,5,0,2,0,1,3,0,1,1,Non-binary,66,SIM-4342,synthetic_simulation,5,1,1,1,5,4,5,3,3,3,2,3,5,3,2,3,Buddhism,Galle,Group C
32,85,2,1,1,9,63,1,0,2,0,2,1,1,3,0,1,1,Male,69,SIM-4343,synthetic_simulation,5,4,5,1,3,1,1,2,1,1,4,4,1,1,5,2,Islam,Kandy,Group D
26,67,1,2,0,8,57,2,1,0,2,2,1,0,4,0,0,0,Male,62,SIM-4344,synthetic_simulation,2,2,1,4,2,5,1,5,3,5,1,5,1,5,2,5,Islam,Colombo,Group A
16,70,0,0,0,7,95,0,0,1,2,2,1,1,3,0,1,2,Female,66,SIM-4345,synthetic_simulation,3,3,5,5,3,2,4,3,4,4,5,3,1,4,2,5,Hinduism,Kandy,Group D
20,79,2,1,1,8,55,1,1,3,1,2,0,2,4,0,1,2,Non-binary,66,SIM-4346,synthetic_simulation,1,4,5,5,5,5,5,2,4,5,2,5,3,2,5,2,Other,Kandy,Group B
20,69,2,1,1,8,99,0,1,1,2,0,1,0,3,1,1,1,Male,64,SIM-4347,synthetic_simulation,4,2,1,3,2,1,1,5,1,4,2,2,3,3,5,3,Christianity,Jaffna,Group C
11,84,1,2,1,7,55,0,1,0,2,0,1,0,3,0,1,2,Male,63,SIM-4348,synthetic_simulation,5,1,1,4,1,1,1,4,2,3,5,4,4,3,1,3,Buddhism,Jaffna,Group D
14,97,2,2,1,5,83,2,1,0,1,2,1,2,2,0,1,2,Non-binary,68,SIM-4349,synthetic_simulation,5,2,5,3,1,3,5,3,1,2,4,2,2,3,3,5,Hinduism,Negombo,Group C
17,90,2,2,0,7,83,1,1,5,2,0,1,0,3,1,1,2,Male,68,SIM-4350,synthetic_simulation,3,3,5,4,1,1,5,3,4,3,2,3,2,4,4,1,Other,Colombo,Group D
8,87,0,0,0,9,97,1,1,2,1,2,1,2,3,0,1,2,Female,67,SIM-4351,synthetic_simulation,3,4,1,3,4,3,2,2,2,4,3,3,5,5,5,3,Other,Jaffna,Group B
20,83,0,1,1,8,66,2,1,1,0,2,0,1,3,1,0,2,Female,67,SIM-4352,synthetic_simulation,2,4,1,4,3,1,1,1,3,2,3,1,5,1,5,2,Buddhism,Colombo,Group A
19,80,0,0,1,7,67,2,1,2,1,0,1,1,2,1,2,2,Non-binary,68,SIM-4353,synthetic_simulation,2,4,2,1,3,3,1,1,4,2,1,2,4,4,4,5,Buddhism,Negombo,Group C
10,67,0,2,1,8,92,2,1,1,2,0,1,0,4,0,2,2,Male,65,SIM-4354,synthetic_simulation,5,3,2,3,2,3,4,2,2,3,5,4,3,5,2,2,Hinduism,Jaffna,Group D
22,96,1,0,1,7,99,0,1,4,1,2,1,2,4,0,0,1,Female,74,SIM-4355,synthetic_simulation,3,1,2,3,4,5,2,3,2,5,4,5,1,2,5,2,Buddhism,Jaffna,Group B
24,70,2,0,1,9,52,0,1,1,1,2,1,2,2,0,2,1,Male,85,SIM-4356,synthetic_simulation,1,4,4,4,3,3,2,3,5,3,3,1,3,5,4,3,Islam,Negombo,Group B
21,64,2,2,0,9,82,2,1,2,1,2,1,1,3,0,0,1,Female,64,SIM-4357,synthetic_simulation,4,1,5,2,2,4,1,3,3,4,1,4,3,5,1,2,Other,Galle,Group A
18,90,1,2,1,5,62,0,1,3,2,2,0,1,2,0,1,1,Female,67,SIM-4358,synthetic_simulation,3,2,3,2,5,1,3,4,2,5,1,2,4,1,3,5,Other,Galle,Group D
24,67,0,0,1,9,86,2,1,2,2,2,1,0,2,0,0,2,Female,68,SIM-4359,synthetic_simulation,3,1,4,1,3,2,3,1,1,4,2,5,3,5,5,1,Islam,Negombo,Group A
24,75,1,2,1,10,89,1,1,0,2,0,0,2,3,0,0,2,Male,67,SIM-4360,synthetic_simulation,2,1,5,5,3,1,5,4,3,5,4,4,2,5,4,5,Christianity,Galle,Group D
22,61,0,2,0,8,88,1,1,1,2,0,1,1,4,0,1,2,Female,65,SIM-4361,synthetic_simulation,4,4,3,5,5,5,2,3,3,1,3,1,3,3,5,4,Christianity,Galle,Group B
15,65,0,0,1,8,72,1,1,2,1,2,0,1,2,1,2,0,Non-binary,63,SIM-4362,synthetic_simulation,5,5,2,1,5,5,1,1,4,5,5,5,2,1,2,5,Buddhism,Galle,Group C
22,67,2,2,1,6,58,2,1,1,1,2,1,1,2,0,2,2,Non-binary,64,SIM-4363,synthetic_simulation,3,5,3,5,3,3,1,3,3,1,2,2,5,5,5,4,Hinduism,Galle,Group D
27,62,1,1,1,6,79,2,1,0,1,2,0,0,3,0,0,1,Male,62,SIM-4364,synthetic_simulation,5,3,1,4,5,5,1,3,3,4,3,5,5,5,5,3,Christianity,Kandy,Group A
16,86,1,0,1,7,89,1,1,1,2,1,1,2,2,0,2,2,Female,68,SIM-4365,synthetic_simulation,3,3,1,2,2,5,4,2,5,3,1,2,4,3,2,4,Hinduism,Kandy,Group B
33,93,2,2,1,6,96,0,1,0,1,2,0,2,4,0,2,0,Non-binary,75,SIM-4366,synthetic_simulation,5,5,5,1,3,1,3,1,3,4,5,3,1,1,5,1,Hinduism,Jaffna,Group A
17,75,2,1,0,5,73,0,1,0,1,2,0,1,4,0,1,2,Non-binary,63,SIM-4367,synthetic_simulation,4,2,4,4,3,4,4,3,2,3,1,3,3,2,2,3,Christianity,Colombo,Group C
20,95,2,1,1,7,62,1,1,2,1,2,1,1,4,0,0,1,Female,68,SIM-4368,synthetic_simulation,2,4,2,1,1,4,1,5,1,1,2,2,1,1,4,1,Hinduism,Kandy,Group A
16,69,2,2,0,8,56,1,1,2,2,2,0,1,3,0,2,2,Male,63,SIM-4369,synthetic_simulation,4,4,5,2,3,3,1,5,5,3,5,4,2,4,3,4,Buddhism,Colombo,Group C
21,73,0,0,0,5,90,2,1,0,2,2,1,1,2,0,0,2,Male,68,SIM-4370,synthetic_simulation,1,2,2,5,1,5,2,3,5,4,5,1,1,5,3,3,Islam,Negombo,Group C
10,66,2,0,0,7,77,2,1,0,2,0,1,2,2,0,1,2,Male,62,SIM-4371,synthetic_simulation,2,2,1,4,5,5,2,2,5,4,2,3,3,4,4,4,Islam,Negombo,Group B
17,85,1,2,1,7,84,2,1,3,2,2,1,2,2,0,0,0,Male,67,SIM-4372,synthetic_simulation,4,5,4,2,5,4,3,3,5,4,1,4,1,4,1,2,Buddhism,Negombo,Group B
13,77,0,0,0,7,58,2,1,2,1,2,1,2,3,0,1,2,Female,66,SIM-4373,synthetic_simulation,1,3,4,1,2,3,5,5,4,5,5,5,1,2,1,1,Buddhism,Colombo,Group C
21,85,2,2,0,8,50,1,1,1,2,0,0,1,2,0,1,0,Male,65,SIM-4374,synthetic_simulation,3,2,1,3,1,5,1,1,5,4,4,3,1,5,3,2,Other,Negombo,Group B
26,90,2,2,1,8,98,2,1,0,1,1,0,0,3,1,2,1,Female,69,SIM-4375,synthetic_simulation,3,3,3,4,3,3,2,2,4,5,4,4,4,1,4,1,Islam,Jaffna,Group C
24,82,0,2,0,6,91,2,1,2,0,2,1,2,1,0,1,2,Female,70,SIM-4376,synthetic_simulation,5,1,4,1,1,1,3,3,4,2,1,1,1,3,5,1,Buddhism,Colombo,Group B
6,85,0,2,1,9,70,0,1,0,1,2,1,2,3,1,2,2,Female,64,SIM-4377,synthetic_simulation,2,4,3,1,5,5,4,5,3,1,5,5,3,5,4,3,Christianity,Jaffna,Group C
32,97,0,2,1,8,73,2,1,0,0,2,1,0,3,0,0,2,Male,75,SIM-4378,synthetic_simulation,3,5,2,2,5,5,1,1,1,2,1,3,3,4,2,2,Hinduism,Jaffna,Group C
22,72,1,1,1,9,96,0,1,1,1,2,0,2,3,0,0,2,Male,66,SIM-4379,synthetic_simulation,2,4,4,1,2,5,5,5,3,2,4,3,1,4,4,4,Buddhism,Galle,Group B
15,74,2,1,0,7,60,1,1,2,2,2,1,2,3,0,1,0,Female,62,SIM-4380,synthetic_simulation,3,5,1,4,5,4,3,2,4,5,5,1,4,5,1,3,Christianity,Jaffna,Group D
21,89,1,2,0,7,90,1,1,4,0,2,1,1,5,0,2,0,Female,70,SIM-4381,synthetic_simulation,5,1,3,4,1,4,5,4,3,5,5,2,2,2,5,1,Other,Kandy,Group B
21,84,0,0,0,7,51,2,1,0,2,2,1,2,3,0,1,1,Female,68,SIM-4382,synthetic_simulation,4,4,2,1,3,5,1,3,2,1,1,3,1,1,5,4,Islam,Jaffna,Group B
16,67,2,0,1,9,94,0,1,1,2,2,0,1,2,0,2,2,Female,66,SIM-4383,synthetic_simulation,5,1,2,2,3,5,3,1,5,1,5,2,4,3,3,1,Christianity,Negombo,Group A
21,75,1,0,1,7,79,2,1,0,1,2,1,1,2,0,1,2,Female,65,SIM-4384,synthetic_simulation,1,5,4,4,1,1,2,2,5,1,1,1,5,2,2,1,Hinduism,Galle,Group B
16,79,0,2,1,7,74,0,1,3,2,2,0,2,2,0,2,0,Non-binary,68,SIM-4385,synthetic_simulation,3,2,4,3,2,1,5,2,4,4,3,1,3,1,5,4,Christianity,Colombo,Group C
18,77,0,2,0,10,85,1,1,2,2,2,1,2,3,0,2,2,Female,68,SIM-4386,synthetic_simulation,1,4,5,5,3,3,4,4,3,4,3,4,5,5,3,5,Other,Jaffna,Group D
16,67,2,2,1,5,53,1,1,2,2,2,0,2,3,0,1,1,Female,62,SIM-4387,synthetic_simulation,1,1,5,2,1,3,4,4,2,1,4,3,3,2,5,4,Hinduism,Galle,Group B
11,97,1,2,1,8,60,1,1,2,1,2,1,2,3,0,0,2,Non-binary,66,SIM-4388,synthetic_simulation,2,4,4,2,1,4,5,3,2,5,4,5,2,3,1,3,Islam,Jaffna,Group C
21,90,2,1,0,7,70,2,1,2,1,2,1,0,2,0,2,2,Non-binary,68,SIM-4389,synthetic_simulation,3,4,5,5,5,2,1,3,2,2,2,5,4,1,5,4,Hinduism,Jaffna,Group B
24,79,0,2,0,7,81,0,1,0,0,2,1,2,2,0,1,1,Female,69,SIM-4390,synthetic_simulation,1,4,1,5,5,1,1,2,4,1,3,1,2,5,1,3,Christianity,Negombo,Group C
23,87,2,1,0,6,57,2,1,2,0,2,1,2,3,1,1,2,Female,67,SIM-4391,synthetic_simulation,4,3,1,4,2,3,1,3,3,1,3,5,5,1,4,2,Buddhism,Kandy,Group C
25,96,1,0,1,6,69,1,1,3,0,2,1,2,2,0,2,2,Male,74,SIM-4392,synthetic_simulation,1,1,5,1,2,1,4,3,2,2,2,5,4,3,1,4,Buddhism,Galle,Group D
22,65,1,2,0,6,63,2,0,2,2,2,1,1,3,0,1,0,Non-binary,61,SIM-4393,synthetic_simulation,4,1,4,1,2,1,4,4,2,3,1,5,5,5,1,2,Hinduism,Galle,Group A
17,70,0,2,0,8,82,1,1,2,0,0,1,0,2,1,1,1,Female,64,SIM-4394,synthetic_simulation,2,4,1,3,1,2,2,2,3,1,3,4,1,4,1,4,Hinduism,Jaffna,Group D
25,82,2,2,0,8,96,2,1,1,1,2,0,2,2,0,1,1,Non-binary,69,SIM-4395,synthetic_simulation,1,2,2,1,1,1,1,5,3,1,3,4,5,4,5,3,Other,Galle,Group D
12,92,0,2,0,4,58,1,1,2,2,2,1,2,2,1,0,1,Female,66,SIM-4396,synthetic_simulation,5,4,4,3,5,2,4,5,5,4,4,1,2,2,2,2,Christianity,Colombo,Group A
15,61,2,2,0,5,59,0,1,0,1,0,1,1,4,0,1,2,Male,61,SIM-4397,synthetic_simulation,2,3,3,3,3,2,4,1,1,2,2,5,2,5,1,5,Hinduism,Colombo,Group C
14,99,2,2,1,8,80,0,1,3,2,1,0,1,4,0,0,2,Non-binary,71,SIM-4398,synthetic_simulation,4,5,3,2,2,1,1,4,1,1,2,1,1,5,3,4,Buddhism,Jaffna,Group C
26,78,0,0,1,8,73,2,0,2,1,2,0,2,4,0,0,2,Male,71,SIM-4399,synthetic_simulation,2,3,4,2,4,1,1,1,2,1,4,1,4,2,5,3,Islam,Galle,Group C
26,74,2,2,0,5,86,1,1,2,1,0,1,2,4,0,0,2,Female,69,SIM-4400,synthetic_simulation,1,2,5,4,2,3,4,2,3,3,3,1,5,1,2,3,Christianity,Jaffna,Group B
23,72,2,2,1,8,64,1,1,1,1,2,1,1,4,0,2,2,Non-binary,66,SIM-4401,synthetic_simulation,3,4,1,5,5,1,5,5,5,2,5,4,5,2,2,1,Other,Colombo,Group B
26,67,1,2,1,7,77,1,1,2,1,0,0,1,3,1,1,1,Male,64,SIM-4402,synthetic_simulation,3,1,1,5,1,1,4,5,4,1,2,4,5,5,5,3,Christianity,Galle,Group B
15,92,1,2,0,8,69,2,1,1,0,2,0,1,4,0,2,2,Female,68,SIM-4403,synthetic_simulation,4,4,4,3,5,1,2,5,1,3,3,3,4,4,3,3,Buddhism,Kandy,Group D
22,98,0,2,1,6,64,1,1,0,2,0,1,2,3,0,1,1,Male,71,SIM-4404,synthetic_simulation,4,2,2,5,5,3,3,1,1,1,1,5,2,1,4,4,Christianity,Jaffna,Group C
19,77,0,2,1,5,86,0,1,0,2,1,1,0,4,1,1,2,Male,66,SIM-4405,synthetic_simulation,3,1,5,3,5,2,1,3,3,5,2,2,1,5,5,2,Other,Colombo,Group C
25,98,2,2,1,7,90,0,1,1,0,1,1,1,4,0,2,2,Female,94,SIM-4406,synthetic_simulation,4,3,2,5,4,3,2,1,4,3,4,4,4,3,2,4,Other,Colombo,Group B
19,93,1,0,1,7,66,1,1,1,2,2,0,1,3,0,1,2,Female,68,SIM-4407,synthetic_simulation,2,5,4,4,4,1,5,5,1,5,2,2,1,4,4,4,Islam,Kandy,Group D
18,79,2,2,0,7,81,2,0,1,2,0,0,2,4,0,0,1,Non-binary,66,SIM-4408,synthetic_simulation,5,5,4,2,2,5,3,4,5,1,4,5,3,4,2,5,Christianity,Jaffna,Group D
23,87,0,1,0,6,59,2,1,4,2,0,1,1,2,0,1,2,Male,70,SIM-4409,synthetic_simulation,5,4,2,2,1,1,4,4,1,3,1,5,1,2,1,5,Islam,Negombo,Group A
25,77,2,2,0,10,90,2,1,1,1,2,1,1,3,0,1,2,Non-binary,68,SIM-4410,synthetic_simulation,2,3,3,3,5,3,1,1,3,2,3,4,3,5,4,4,Hinduism,Negombo,Group D
16,82,0,1,0,4,64,1,1,1,2,2,0,1,2,0,2,1,Female,65,SIM-4411,synthetic_simulation,5,2,4,5,3,3,4,1,3,4,4,2,1,5,5,5,Islam,Colombo,Group A
20,62,2,2,1,6,59,1,1,3,2,2,1,2,4,0,1,2,Female,64,SIM-4412,synthetic_simulation,1,5,5,1,2,4,2,2,4,1,4,1,3,2,5,1,Hinduism,Negombo,Group D
14,88,0,2,1,6,97,2,1,0,1,2,1,2,3,0,0,2,Male,69,SIM-4413,synthetic_simulation,2,3,2,4,2,5,1,1,1,3,1,1,5,5,3,3,Hinduism,Colombo,Group A
5,62,0,0,0,7,71,1,1,1,1,2,0,2,4,0,0,0,Female,59,SIM-4414,synthetic_simulation,4,4,3,5,5,3,4,1,4,5,5,4,4,5,4,4,Hinduism,Negombo,Group D
21,93,1,2,0,8,82,2,1,2,2,0,0,1,4,0,0,2,Male,70,SIM-4415,synthetic_simulation,2,1,2,1,2,2,1,5,1,3,2,2,5,4,3,2,Buddhism,Colombo,Group A
24,93,0,1,1,8,90,0,1,0,0,2,0,0,2,0,0,2,Non-binary,72,SIM-4416,synthetic_simulation,3,4,3,4,5,1,2,3,2,2,5,4,2,1,5,5,Other,Galle,Group A
22,69,1,2,0,9,84,2,1,0,2,2,1,1,3,0,0,1,Male,64,SIM-4417,synthetic_simulation,4,4,3,4,2,2,4,5,1,3,2,1,4,3,3,1,Hinduism,Kandy,Group D
8,73,2,0,0,8,78,0,1,0,2,0,0,0,3,0,1,2,Female,63,SIM-4418,synthetic_simulation,3,3,5,2,1,3,3,3,3,5,1,5,5,3,4,5,Christianity,Colombo,Group A
18,79,2,2,1,4,69,2,1,2,0,1,0,2,3,0,0,2,Non-binary,67,SIM-4419,synthetic_simulation,4,5,4,3,2,3,5,5,3,1,1,4,1,1,5,1,Buddhism,Negombo,Group D
7,84,2,2,1,5,96,2,0,1,1,1,1,2,3,1,1,2,Non-binary,62,SIM-4420,synthetic_simulation,5,3,3,5,2,2,4,5,2,5,5,1,4,3,2,1,Hinduism,Jaffna,Group A
28,71,2,2,1,9,57,0,1,1,1,0,1,1,4,0,2,2,Male,69,SIM-4421,synthetic_simulation,2,1,4,4,3,2,1,2,1,5,1,5,1,1,5,1,Hinduism,Negombo,Group A
13,84,2,2,1,9,94,2,1,3,2,2,1,0,2,1,1,2,Non-binary,66,SIM-4422,synthetic_simulation,1,3,5,5,1,4,4,3,1,5,3,4,5,5,3,4,Other,Kandy,Group B
28,72,1,1,0,8,85,0,1,4,1,2,0,0,2,0,1,2,Male,66,SIM-4423,synthetic_simulation,4,2,4,4,1,1,1,5,3,4,5,4,4,2,3,3,Buddhism,Negombo,Group C
26,62,1,2,0,6,79,2,1,1,1,2,1,2,3,1,0,2,Non-binary,63,SIM-4424,synthetic_simulation,4,4,1,2,1,2,2,5,2,1,4,1,5,5,5,4,Buddhism,Negombo,Group B
15,60,2,2,0,7,66,0,1,2,0,2,1,1,4,0,1,2,Female,62,SIM-4425,synthetic_simulation,3,5,3,3,2,1,5,3,3,4,4,1,2,2,1,3,Islam,Jaffna,Group C
13,64,2,0,0,6,57,1,1,1,1,1,1,1,3,1,1,1,Female,58,SIM-4426,synthetic_simulation,5,1,5,1,4,5,1,2,2,3,1,5,5,1,1,2,Christianity,Colombo,Group D
22,92,2,1,0,5,72,1,1,0,2,2,0,0,4,0,0,1,Female,67,SIM-4427,synthetic_simulation,3,4,2,1,2,3,4,3,3,1,1,3,2,5,1,5,Other,Galle,Group C
15,98,2,2,1,7,89,1,0,2,1,1,1,1,3,0,0,1,Non-binary,68,SIM-4428,synthetic_simulation,3,3,5,2,5,2,2,2,5,1,2,5,5,1,2,4,Islam,Jaffna,Group C
21,77,0,2,0,10,87,1,1,1,1,2,1,1,3,0,0,2,Female,67,SIM-4429,synthetic_simulation,5,2,3,4,3,5,3,2,1,3,5,4,4,4,2,5,Islam,Kandy,Group A
17,81,2,2,0,6,82,2,1,3,1,2,0,1,4,0,0,2,Female,67,SIM-4430,synthetic_simulation,1,3,5,2,1,3,4,4,4,3,5,4,1,1,2,5,Christianity,Jaffna,Group C
9,66,1,2,0,9,100,1,1,3,2,2,1,1,3,0,0,2,Female,62,SIM-4431,synthetic_simulation,3,4,2,3,5,4,5,2,5,5,3,4,4,5,5,2,Other,Colombo,Group D
7,82,2,0,1,6,99,2,1,2,2,0,1,0,2,0,2,1,Non-binary,66,SIM-4432,synthetic_simulation,3,1,1,1,5,3,2,4,3,1,4,1,5,2,5,5,Christianity,Kandy,Group D
21,66,2,2,1,5,70,2,1,1,1,0,0,2,5,0,1,2,Non-binary,65,SIM-4433,synthetic_simulation,4,5,3,5,4,2,4,1,2,2,4,4,5,4,4,3,Other,Galle,Group B
17,84,2,0,1,8,60,2,1,0,1,1,0,2,5,0,0,2,Female,67,SIM-4434,synthetic_simulation,5,4,3,1,1,5,1,2,4,5,3,4,5,5,1,4,Hinduism,Galle,Group C
17,97,2,1,0,7,73,0,0,1,2,0,0,1,4,0,0,2,Female,69,SIM-4435,synthetic_simulation,2,1,5,3,2,5,1,3,2,1,2,5,3,5,4,2,Buddhism,Negombo,Group D
24,68,2,0,1,9,92,1,1,1,1,0,1,2,2,0,1,2,Female,67,SIM-4436,synthetic_simulation,1,4,4,4,1,5,1,4,2,3,3,1,2,5,1,3,Hinduism,Negombo,Group D
27,91,1,2,1,9,73,1,1,0,1,2,0,1,3,0,0,2,Non-binary,69,SIM-4437,synthetic_simulation,1,2,4,2,3,3,4,1,1,3,2,5,1,4,3,3,Hinduism,Kandy,Group B
18,61,2,1,0,7,67,1,1,2,0,2,1,2,4,0,1,2,Female,62,SIM-4438,synthetic_simulation,5,3,2,1,1,1,5,1,3,2,2,3,2,5,4,2,Hinduism,Galle,Group B
18,75,2,2,1,9,87,1,1,3,1,2,1,0,3,0,2,2,Male,67,SIM-4439,synthetic_simulation,4,5,1,1,5,1,1,2,1,1,2,5,5,2,5,2,Christianity,Colombo,Group B
23,64,2,1,1,6,83,2,1,0,2,2,1,1,3,0,1,1,Female,63,SIM-4440,synthetic_simulation,4,1,1,5,5,3,4,3,2,4,1,5,5,5,3,5,Other,Kandy,Group A
12,74,2,2,0,6,98,0,1,2,1,2,1,1,3,0,0,2,Male,65,SIM-4441,synthetic_simulation,5,5,5,2,2,2,4,2,1,5,1,3,2,3,4,1,Hinduism,Negombo,Group A
21,67,2,2,1,9,77,2,1,3,0,1,1,1,3,0,0,1,Non-binary,66,SIM-4442,synthetic_simulation,4,5,5,5,2,3,5,5,5,1,2,5,2,1,3,3,Buddhism,Negombo,Group A
23,75,2,0,1,5,98,2,1,3,2,0,1,2,1,0,0,2,Non-binary,71,SIM-4443,synthetic_simulation,1,5,4,5,2,1,2,1,2,4,3,4,2,3,3,3,Hinduism,Negombo,Group B
24,77,1,0,1,7,65,0,1,1,2,0,0,2,4,0,2,2,Male,70,SIM-4444,synthetic_simulation,1,1,1,4,3,3,2,5,2,3,3,4,3,2,3,1,Islam,Jaffna,Group D
8,72,0,0,1,9,93,0,1,4,2,2,1,2,4,0,1,2,Non-binary,68,SIM-4445,synthetic_simulation,2,1,1,1,1,5,4,5,5,3,3,2,2,2,5,3,Islam,Galle,Group B
15,86,0,2,1,9,68,0,1,0,2,1,1,1,3,0,1,2,Male,67,SIM-4446,synthetic_simulation,5,5,1,2,4,2,2,4,2,4,1,1,5,1,3,4,Christianity,Jaffna,Group B
15,97,2,0,0,6,90,0,1,2,0,0,0,1,0,0,1,2,Male,71,SIM-4447,synthetic_simulation,3,3,2,4,1,2,3,5,4,4,2,4,1,2,5,5,Buddhism,Kandy,Group D
21,76,1,2,1,9,96,2,1,1,1,1,1,0,5,0,1,2,Female,65,SIM-4448,synthetic_simulation,3,4,2,4,2,4,5,1,4,2,4,1,4,2,2,5,Christianity,Jaffna,Group B
23,68,1,2,1,5,81,1,1,1,1,1,1,1,2,0,2,2,Female,64,SIM-4449,synthetic_simulation,2,5,5,4,3,3,4,1,3,1,3,5,2,5,3,4,Christianity,Galle,Group B
29,71,2,2,1,6,86,2,1,1,1,2,1,2,2,0,0,2,Non-binary,69,SIM-4450,synthetic_simulation,2,2,4,3,1,5,2,3,3,3,1,2,2,1,1,1,Christianity,Kandy,Group B
17,94,2,1,1,7,98,1,1,1,2,0,1,0,2,0,1,2,Female,68,SIM-4451,synthetic_simulation,4,5,3,3,5,3,2,2,1,5,5,4,2,3,5,2,Hinduism,Galle,Group B
17,83,2,1,1,8,69,1,1,4,1,0,1,1,3,0,0,2,Non-binary,67,SIM-4452,synthetic_simulation,2,1,4,4,1,4,5,3,1,3,2,5,1,5,2,3,Other,Galle,Group A
27,78,2,2,1,5,76,0,1,1,2,2,0,2,4,0,2,2,Non-binary,71,SIM-4453,synthetic_simulation,2,4,2,3,5,4,1,3,5,1,3,2,2,5,5,3,Other,Colombo,Group D
22,66,2,1,1,10,95,2,1,1,2,2,0,0,3,0,1,2,Non-binary,64,SIM-4454,synthetic_simulation,3,2,2,2,1,3,2,2,5,4,1,5,2,3,3,2,Buddhism,Colombo,Group C
28,78,2,0,1,4,84,2,1,2,1,1,1,0,3,0,0,0,Non-binary,69,SIM-4455,synthetic_simulation,4,4,5,1,1,3,5,1,2,2,5,1,2,2,5,2,Hinduism,Colombo,Group B
22,71,2,0,1,7,94,2,1,1,2,2,1,1,4,0,1,2,Male,68,SIM-4456,synthetic_simulation,2,4,3,2,1,3,1,4,3,3,2,5,1,4,4,1,Other,Negombo,Group A
13,98,0,1,1,7,81,2,1,1,2,1,0,0,3,0,2,2,Male,69,SIM-4457,synthetic_simulation,2,2,1,1,2,1,4,5,3,2,4,5,4,4,4,3,Islam,Jaffna,Group A
12,95,2,2,0,4,87,2,1,0,1,2,1,2,3,0,1,1,Female,67,SIM-4458,synthetic_simulation,4,5,3,3,5,4,1,4,3,4,2,5,5,2,1,2,Christianity,Colombo,Group D
11,63,2,0,1,9,51,0,1,0,1,1,1,0,3,1,0,1,Non-binary,58,SIM-4459,synthetic_simulation,5,5,3,2,3,2,2,5,3,1,2,2,1,5,5,3,Other,Kandy,Group D
24,81,1,2,1,6,67,0,1,0,2,0,1,0,2,0,1,0,Male,66,SIM-4460,synthetic_simulation,4,5,3,5,4,1,4,2,1,3,3,5,2,3,3,4,Christianity,Negombo,Group B
27,69,2,0,1,7,89,1,1,2,0,0,0,1,1,0,1,1,Male,69,SIM-4461,synthetic_simulation,3,3,5,4,5,5,4,2,4,1,2,2,3,4,3,2,Hinduism,Colombo,Group A
31,76,2,0,1,7,70,1,1,3,1,2,1,1,3,0,0,1,Male,70,SIM-4462,synthetic_simulation,5,5,2,1,2,2,1,3,5,5,5,2,1,5,4,1,Other,Jaffna,Group B
25,95,2,1,1,5,68,2,1,1,2,0,1,2,3,0,1,0,Non-binary,70,SIM-4463,synthetic_simulation,1,2,1,1,5,2,4,2,5,1,5,3,2,4,5,1,Christianity,Negombo,Group D
27,81,2,1,1,5,98,2,1,0,0,2,1,2,3,0,1,2,Male,70,SIM-4464,synthetic_simulation,4,3,3,5,3,2,1,5,3,4,2,5,2,3,3,3,Other,Negombo,Group C
17,73,0,0,0,9,78,2,1,0,1,0,1,0,3,0,2,1,Female,66,SIM-4465,synthetic_simulation,3,5,1,5,5,4,1,4,3,4,2,4,5,5,2,3,Other,Kandy,Group A
13,68,1,0,0,7,60,2,1,1,2,1,0,2,3,0,0,1,Non-binary,61,SIM-4466,synthetic_simulation,5,3,3,4,2,5,1,4,1,5,5,2,1,1,3,1,Buddhism,Galle,Group A
25,92,2,2,1,4,74,2,1,3,1,0,1,2,2,1,1,1,Female,71,SIM-4467,synthetic_simulation,4,2,2,3,2,1,5,4,1,1,5,5,1,5,5,3,Buddhism,Kandy,Group C
23,85,0,1,1,7,76,0,1,2,1,2,1,1,3,0,0,2,Male,69,SIM-4468,synthetic_simulation,2,5,1,2,4,5,2,4,5,4,3,4,5,1,4,1,Hinduism,Jaffna,Group C
21,79,2,2,1,7,99,2,1,2,1,2,1,2,2,0,2,2,Non-binary,69,SIM-4469,synthetic_simulation,4,1,4,2,3,1,4,3,3,4,4,1,3,2,2,5,Christianity,Jaffna,Group C
22,69,0,2,0,7,86,1,1,0,2,2,1,1,1,0,1,2,Male,65,SIM-4470,synthetic_simulation,1,2,2,2,4,4,3,4,3,4,5,4,3,3,3,1,Buddhism,Jaffna,Group D
22,73,0,0,1,4,76,0,1,3,2,2,1,0,4,0,0,0,Male,69,SIM-4471,synthetic_simulation,4,4,1,3,1,5,2,5,5,4,4,2,4,4,1,5,Buddhism,Negombo,Group D
28,98,2,0,1,7,72,2,1,1,1,0,0,2,2,0,0,2,Male,74,SIM-4472,synthetic_simulation,5,4,3,4,2,2,3,3,1,2,4,2,4,2,1,4,Hinduism,Jaffna,Group A
28,81,2,2,1,6,96,0,1,2,1,2,0,2,5,0,1,1,Female,71,SIM-4473,synthetic_simulation,5,2,3,2,4,5,1,3,5,3,5,2,5,2,4,4,Islam,Kandy,Group D
23,76,0,2,0,7,82,0,1,0,2,0,0,1,1,0,0,2,Non-binary,68,SIM-4474,synthetic_simulation,4,4,2,1,2,4,4,3,1,2,3,3,1,5,2,4,Islam,Negombo,Group C
25,81,0,0,1,8,68,1,1,0,1,0,1,1,3,0,0,1,Non-binary,69,SIM-4475,synthetic_simulation,5,2,2,1,2,4,2,2,1,4,2,4,2,5,1,2,Other,Kandy,Group D
23,91,1,2,1,8,73,2,0,3,2,2,1,0,5,0,1,0,Non-binary,68,SIM-4476,synthetic_simulation,2,1,3,1,1,4,3,3,1,1,1,5,3,1,1,1,Hinduism,Colombo,Group B
17,74,2,1,0,9,64,2,1,2,2,2,1,1,3,0,1,2,Non-binary,63,SIM-4477,synthetic_simulation,4,2,1,5,2,1,3,5,3,2,2,5,1,1,3,5,Christianity,Colombo,Group B
25,67,2,2,1,10,98,0,1,0,0,2,1,2,2,0,1,2,Female,68,SIM-4478,synthetic_simulation,2,5,4,5,4,5,3,4,5,5,1,2,4,2,5,5,Buddhism,Colombo,Group A
12,83,0,2,1,5,85,2,1,2,1,0,0,0,2,0,0,2,Non-binary,67,SIM-4479,synthetic_simulation,2,5,5,3,3,2,2,2,1,3,5,4,3,2,3,5,Islam,Kandy,Group B
26,87,2,0,0,6,70,1,1,3,2,2,1,1,3,0,0,1,Female,71,SIM-4480,synthetic_simulation,3,3,2,2,5,2,5,4,4,1,2,1,2,5,3,1,Buddhism,Galle,Group D
13,89,0,0,0,8,59,1,1,0,1,0,1,1,2,0,2,1,Non-binary,66,SIM-4481,synthetic_simulation,4,4,3,5,4,3,1,1,1,2,2,4,4,5,4,4,Other,Kandy,Group C
22,95,0,2,0,7,59,2,1,2,1,2,1,0,3,1,1,2,Female,69,SIM-4482,synthetic_simulation,5,4,1,1,1,4,4,2,1,3,1,5,2,4,3,2,Buddhism,Colombo,Group B
15,75,0,2,1,4,74,2,1,3,2,0,1,2,4,0,0,2,Male,68,SIM-4483,synthetic_simulation,2,2,2,5,5,2,3,5,1,2,3,2,4,3,2,1,Hinduism,Galle,Group D
23,63,2,2,0,7,73,1,1,1,1,2,1,1,3,0,0,1,Male,63,SIM-4484,synthetic_simulation,3,4,1,1,2,4,2,2,2,5,5,4,2,4,2,2,Christianity,Negombo,Group C
20,98,2,2,0,9,71,2,1,0,1,2,1,0,4,0,0,1,Female,69,SIM-4485,synthetic_simulation,4,5,2,2,4,2,3,3,4,4,5,3,3,3,5,2,Buddhism,Jaffna,Group A
10,77,1,0,1,5,93,2,1,3,1,2,1,2,3,0,0,2,Female,66,SIM-4486,synthetic_simulation,4,1,3,3,5,5,2,2,3,5,5,2,5,2,1,2,Christianity,Galle,Group C
23,85,2,2,1,7,99,0,1,1,1,0,1,1,5,0,0,2,Female,71,SIM-4487,synthetic_simulation,1,2,1,4,4,3,5,3,5,4,2,3,2,5,1,1,Hinduism,Colombo,Group B
17,87,2,0,0,4,68,2,1,2,1,1,1,2,4,0,2,1,Female,68,SIM-4488,synthetic_simulation,1,4,3,4,2,4,3,4,5,3,4,2,3,4,5,4,Other,Galle,Group C
25,82,2,2,1,8,65,2,1,0,0,2,0,1,4,0,1,2,Non-binary,69,SIM-4489,synthetic_simulation,2,5,1,1,4,1,3,2,5,2,1,5,1,3,5,4,Hinduism,Jaffna,Group A
20,68,2,2,1,7,89,2,1,0,2,0,0,2,3,0,1,0,Non-binary,65,SIM-4490,synthetic_simulation,1,3,2,5,1,1,4,2,3,2,2,1,1,1,3,3,Islam,Negombo,Group C
22,90,2,1,1,6,72,2,1,0,1,2,1,1,4,0,0,2,Male,68,SIM-4491,synthetic_simulation,2,4,5,5,5,2,2,5,1,5,3,4,4,3,4,5,Other,Kandy,Group D
14,92,0,2,1,6,61,0,1,0,1,2,0,1,2,0,0,1,Male,67,SIM-4492,synthetic_simulation,5,1,5,1,5,5,2,1,4,1,3,4,5,3,1,5,Buddhism,Galle,Group B
16,82,2,2,0,5,59,2,1,1,2,2,1,2,3,0,1,2,Non-binary,65,SIM-4493,synthetic_simulation,2,1,4,2,5,4,5,2,5,3,2,2,4,5,1,4,Christianity,Colombo,Group A
17,80,1,2,1,9,64,2,1,1,1,2,0,2,4,0,2,0,Female,65,SIM-4494,synthetic_simulation,1,4,4,1,4,3,3,4,2,4,1,1,2,4,5,5,Other,Jaffna,Group B
25,65,2,1,1,6,50,2,1,2,1,2,1,2,2,0,0,2,Female,64,SIM-4495,synthetic_simulation,5,4,3,2,2,5,4,3,2,3,5,1,5,2,5,4,Other,Galle,Group D
30,63,0,0,0,8,97,2,1,1,1,0,1,1,3,0,1,2,Female,69,SIM-4496,synthetic_simulation,1,5,1,3,4,2,1,4,4,5,5,5,2,4,1,2,Islam,Galle,Group B
15,74,0,1,0,6,72,1,1,2,1,2,1,2,3,0,1,2,Non-binary,64,SIM-4497,synthetic_simulation,2,4,4,3,4,5,4,5,5,2,4,3,3,2,1,3,Buddhism,Galle,Group B
26,72,2,2,0,10,54,2,0,2,0,0,1,1,2,0,0,1,Non-binary,66,SIM-4498,synthetic_simulation,3,3,2,1,5,3,4,2,1,4,2,4,5,1,3,5,Other,Colombo,Group C
7,98,2,1,1,9,58,2,1,2,2,2,0,1,5,1,0,2,Male,65,SIM-4499,synthetic_simulation,4,5,5,3,2,5,4,1,5,4,4,2,1,5,1,2,Islam,Galle,Group B
13,91,0,2,1,10,66,2,1,2,2,2,1,2,4,0,1,2,Male,69,SIM-4500,synthetic_simulation,1,2,1,5,3,4,4,1,1,4,3,1,3,3,5,5,Christianity,Galle,Group D
14,86,1,2,1,10,78,2,1,3,2,0,0,0,4,1,1,2,Male,66,SIM-4501,synthetic_simulation,2,3,5,2,2,2,3,2,5,4,5,4,3,4,2,3,Christianity,Negombo,Group D
12,81,2,2,1,6,85,0,1,0,1,2,0,2,2,1,1,2,Non-binary,64,SIM-4502,synthetic_simulation,5,5,1,4,4,3,4,1,2,3,5,4,2,4,2,1,Buddhism,Colombo,Group D
10,67,2,2,1,6,65,2,1,1,2,0,1,0,4,0,1,2,Non-binary,61,SIM-4503,synthetic_simulation,1,5,4,4,1,2,2,4,3,3,4,4,4,2,2,3,Buddhism,Galle,Group A
22,99,2,2,0,10,98,1,1,1,2,2,0,1,1,0,0,2,Non-binary,72,SIM-4504,synthetic_simulation,1,1,4,3,2,4,2,3,4,5,2,1,2,4,3,2,Buddhism,Jaffna,Group A
19,75,2,2,1,7,88,1,1,1,2,2,0,2,3,0,2,1,Female,67,SIM-4505,synthetic_simulation,4,5,3,2,5,3,4,2,1,2,4,5,3,3,2,3,Christianity,Kandy,Group D
22,64,1,2,1,8,91,1,1,0,1,2,1,1,4,0,0,1,Male,63,SIM-4506,synthetic_simulation,2,3,1,5,1,3,2,3,3,2,3,4,5,2,4,2,Hinduism,Kandy,Group B
24,80,2,0,0,6,66,0,1,1,2,2,1,1,3,0,0,1,Male,69,SIM-4507,synthetic_simulation,3,4,2,4,3,2,3,1,1,3,2,1,1,3,4,3,Buddhism,Negombo,Group C
22,95,1,0,1,6,69,0,1,3,2,2,1,1,2,1,2,0,Male,70,SIM-4508,synthetic_simulation,5,3,4,5,3,5,1,5,4,5,3,1,3,2,3,5,Hinduism,Colombo,Group C
24,95,2,0,1,8,77,1,1,1,1,2,1,2,3,1,1,2,Female,71,SIM-4509,synthetic_simulation,2,2,3,5,1,5,4,3,3,1,2,2,4,3,2,3,Hinduism,Jaffna,Group A
20,60,2,1,1,4,73,2,1,0,1,1,1,1,1,0,2,1,Non-binary,60,SIM-4510,synthetic_simulation,5,5,4,4,3,1,2,5,3,4,4,5,4,2,5,3,Buddhism,Colombo,Group C
13,95,2,0,1,8,63,2,1,3,2,2,0,1,2,0,2,2,Male,70,SIM-4511,synthetic_simulation,1,5,5,4,1,1,2,4,4,2,1,5,5,5,3,4,Hinduism,Kandy,Group D
26,71,1,0,0,8,100,1,1,1,1,0,0,2,4,0,0,2,Male,69,SIM-4512,synthetic_simulation,4,5,4,3,4,3,3,5,4,4,4,5,4,4,1,3,Hinduism,Jaffna,Group A
16,62,2,0,0,6,92,2,0,0,2,2,0,2,4,0,1,2,Female,63,SIM-4513,synthetic_simulation,4,5,1,2,1,2,3,3,1,2,2,1,5,3,3,5,Hinduism,Kandy,Group B
14,94,2,2,1,7,62,0,1,2,2,0,0,0,1,0,2,2,Male,69,SIM-4514,synthetic_simulation,3,1,3,1,4,3,1,3,3,1,3,1,4,1,4,2,Islam,Kandy,Group B
19,95,2,2,1,7,95,0,1,0,2,0,0,0,2,0,0,2,Female,71,SIM-4515,synthetic_simulation,4,1,1,2,5,2,5,2,4,2,4,5,2,5,5,1,Other,Colombo,Group C
15,84,2,0,1,7,79,2,1,1,2,0,1,1,4,0,1,2,Male,68,SIM-4516,synthetic_simulation,1,4,2,1,5,4,5,5,1,1,2,1,1,5,2,1,Buddhism,Galle,Group A
17,83,2,0,0,8,51,1,1,0,1,2,1,0,4,0,1,1,Female,64,SIM-4517,synthetic_simulation,3,5,2,4,3,1,5,4,5,2,3,5,1,3,4,1,Islam,Negombo,Group A
22,93,1,2,0,6,67,2,1,0,2,2,1,1,3,0,0,2,Non-binary,68,SIM-4518,synthetic_simulation,2,2,4,5,1,3,1,2,4,3,3,2,3,3,2,1,Buddhism,Jaffna,Group A
22,91,1,2,1,10,51,0,1,2,0,2,1,1,3,0,1,2,Female,69,SIM-4519,synthetic_simulation,4,4,3,2,4,4,4,2,3,4,3,3,3,1,2,2,Other,Negombo,Group A
15,96,2,1,0,7,54,1,1,0,1,2,1,1,3,0,0,2,Non-binary,65,SIM-4520,synthetic_simulation,3,5,3,5,5,5,5,4,5,5,2,3,2,3,3,2,Hinduism,Jaffna,Group C
17,82,2,2,1,7,59,2,1,3,2,2,1,2,4,0,0,2,Male,68,SIM-4521,synthetic_simulation,1,1,3,2,5,1,5,2,4,5,3,3,2,1,3,1,Islam,Kandy,Group A
26,99,2,0,1,10,74,2,1,1,2,2,0,1,2,0,0,2,Non-binary,74,SIM-4522,synthetic_simulation,5,2,3,2,5,2,2,4,2,2,3,3,1,3,4,3,Buddhism,Jaffna,Group D
23,100,0,1,1,4,69,1,1,0,1,0,1,2,4,0,2,2,Male,72,SIM-4523,synthetic_simulation,5,4,4,5,3,5,2,1,3,5,4,2,3,1,2,3,Hinduism,Jaffna,Group A
32,65,0,2,0,10,57,2,1,1,0,2,0,0,2,0,1,2,Male,67,SIM-4524,synthetic_simulation,1,2,1,3,5,5,4,2,3,4,3,1,3,2,3,4,Christianity,Colombo,Group A
27,94,0,0,1,7,70,1,1,1,2,0,1,1,2,0,1,1,Non-binary,73,SIM-4525,synthetic_simulation,1,5,4,4,2,4,3,3,1,3,1,2,1,4,4,2,Islam,Negombo,Group A
27,80,2,2,0,6,65,0,0,1,0,2,0,1,4,0,0,1,Male,68,SIM-4526,synthetic_simulation,5,3,1,3,3,3,1,1,2,3,2,4,5,4,2,4,Islam,Negombo,Group B
12,76,2,1,1,5,71,1,1,0,2,2,1,0,4,0,1,2,Male,61,SIM-4527,synthetic_simulation,3,2,5,3,1,3,5,2,4,1,3,1,2,3,1,5,Christianity,Jaffna,Group B
25,85,0,0,0,5,59,2,1,3,1,2,1,1,4,0,1,2,Non-binary,70,SIM-4528,synthetic_simulation,5,2,5,2,2,4,1,4,2,5,3,5,3,3,1,2,Hinduism,Galle,Group A
20,62,2,1,1,6,80,0,0,1,2,0,1,1,3,0,0,1,Male,62,SIM-4529,synthetic_simulation,1,1,1,4,3,5,2,1,4,4,5,4,1,4,4,1,Other,Galle,Group D
17,80,2,2,1,7,52,0,1,2,2,2,0,1,3,0,2,2,Non-binary,67,SIM-4530,synthetic_simulation,4,5,4,2,3,1,1,1,1,5,4,4,2,4,1,1,Christianity,Negombo,Group B
21,95,1,0,1,8,69,2,0,0,1,0,1,0,3,0,2,2,Non-binary,69,SIM-4531,synthetic_simulation,2,2,2,1,4,5,2,3,5,4,3,2,1,1,5,4,Christianity,Jaffna,Group C
26,69,0,0,0,7,95,1,0,0,2,2,1,0,3,0,2,2,Male,93,SIM-4532,synthetic_simulation,4,5,4,2,2,4,1,2,2,1,4,4,5,1,4,2,Buddhism,Negombo,Group A
23,77,2,0,0,6,71,1,1,3,2,1,0,2,4,0,1,1,Female,68,SIM-4533,synthetic_simulation,4,1,2,5,2,5,2,2,3,5,4,2,4,2,4,3,Islam,Colombo,Group D
15,98,2,2,1,9,72,2,1,1,1,0,1,1,2,0,0,2,Non-binary,69,SIM-4534,synthetic_simulation,1,5,4,2,2,5,1,4,4,3,1,4,3,2,2,2,Other,Kandy,Group D
24,77,2,2,1,10,53,0,1,2,0,2,1,1,4,0,0,1,Male,68,SIM-4535,synthetic_simulation,5,1,3,1,5,5,5,1,2,1,2,2,2,1,5,4,Other,Colombo,Group C
16,74,2,0,0,9,80,1,1,0,2,2,1,0,5,0,1,2,Male,64,SIM-4536,synthetic_simulation,3,1,3,2,5,5,5,3,4,5,1,1,1,2,4,4,Other,Kandy,Group C
21,78,0,2,1,6,97,2,1,0,2,2,1,2,2,0,1,2,Female,69,SIM-4537,synthetic_simulation,4,4,5,1,1,1,4,4,2,3,2,4,1,5,3,1,Islam,Jaffna,Group D
18,81,2,2,0,8,65,1,1,2,1,2,1,1,4,0,2,2,Non-binary,66,SIM-4538,synthetic_simulation,5,5,5,4,1,2,1,4,3,3,5,2,2,1,4,1,Other,Jaffna,Group B
19,85,2,2,0,8,70,1,1,4,0,2,1,1,3,0,1,1,Female,68,SIM-4539,synthetic_simulation,3,3,1,2,1,2,3,3,4,4,1,3,3,2,5,5,Buddhism,Colombo,Group B
25,92,2,2,1,9,79,2,1,3,2,0,1,0,4,0,0,1,Non-binary,72,SIM-4540,synthetic_simulation,4,4,2,1,5,3,4,2,4,3,4,3,3,2,4,4,Hinduism,Colombo,Group D
14,78,0,2,0,6,55,1,1,2,1,2,0,1,2,0,1,2,Male,63,SIM-4541,synthetic_simulation,3,1,3,4,4,2,1,3,5,2,3,4,1,3,1,5,Buddhism,Galle,Group B
32,93,0,2,0,6,98,2,1,0,2,2,1,1,4,1,1,2,Non-binary,73,SIM-4542,synthetic_simulation,5,3,4,5,1,2,3,2,1,5,5,2,3,3,5,5,Hinduism,Colombo,Group A
9,81,0,2,1,9,73,2,1,1,2,2,1,0,1,0,2,2,Male,65,SIM-4543,synthetic_simulation,2,2,1,3,3,2,5,5,2,5,2,1,4,3,3,1,Islam,Negombo,Group C
16,74,0,0,1,8,56,1,1,1,1,2,0,2,2,0,1,2,Male,65,SIM-4544,synthetic_simulation,5,2,4,1,5,5,5,1,3,4,1,4,5,4,5,3,Christianity,Kandy,Group C
22,86,1,2,1,5,67,2,1,0,0,2,1,2,2,0,0,2,Female,68,SIM-4545,synthetic_simulation,1,4,3,5,4,5,5,3,5,3,5,1,5,4,4,1,Christianity,Galle,Group B
24,89,0,2,0,8,69,1,0,3,0,2,1,1,2,0,0,2,Male,70,SIM-4546,synthetic_simulation,3,3,3,4,3,1,3,4,5,4,1,2,4,4,3,2,Other,Negombo,Group B
19,82,2,2,0,10,67,2,1,0,1,1,1,2,2,0,2,0,Female,65,SIM-4547,synthetic_simulation,2,5,3,5,3,5,2,2,1,2,4,3,3,1,3,3,Other,Negombo,Group A
20,62,0,2,1,6,85,2,1,2,2,2,1,1,3,0,0,2,Non-binary,66,SIM-4548,synthetic_simulation,3,3,3,2,5,5,1,1,3,4,1,2,1,3,3,4,Islam,Colombo,Group A
22,67,2,0,1,6,67,0,1,1,1,2,0,1,1,0,0,2,Non-binary,66,SIM-4549,synthetic_simulation,3,4,4,3,2,2,4,1,2,5,2,1,3,3,1,3,Christianity,Galle,Group D
19,71,2,0,1,7,66,1,1,2,1,2,1,1,3,0,1,2,Male,65,SIM-4550,synthetic_simulation,4,5,1,1,4,1,4,3,4,4,2,3,2,1,5,4,Hinduism,Jaffna,Group B
28,71,2,0,0,8,66,2,1,2,1,2,0,2,3,0,0,2,Female,69,SIM-4551,synthetic_simulation,1,5,3,4,5,1,5,4,1,5,3,4,2,4,4,4,Islam,Jaffna,Group B
25,87,1,0,1,7,89,2,1,1,1,2,1,1,4,1,1,2,Female,69,SIM-4552,synthetic_simulation,3,2,5,3,2,2,2,3,4,1,3,3,3,2,1,5,Christianity,Colombo,Group B
25,61,2,0,0,9,65,2,1,2,2,2,0,1,4,1,1,1,Male,64,SIM-4553,synthetic_simulation,5,3,1,4,5,2,1,4,5,2,2,4,4,5,3,2,Hinduism,Kandy,Group C
14,90,2,2,1,7,51,2,1,1,2,2,1,2,4,1,1,2,Female,66,SIM-4554,synthetic_simulation,5,5,5,5,5,1,1,5,4,2,2,4,2,3,4,1,Other,Colombo,Group A
20,71,1,2,1,9,68,2,1,1,1,2,0,2,3,0,1,0,Non-binary,63,SIM-4555,synthetic_simulation,4,4,4,4,3,4,4,3,2,5,2,3,5,4,2,5,Other,Kandy,Group C
18,72,0,2,1,6,64,2,1,4,1,2,1,2,3,0,2,2,Female,68,SIM-4556,synthetic_simulation,1,2,3,4,5,2,4,2,2,1,5,3,1,2,4,5,Christianity,Negombo,Group B
14,81,0,2,1,5,95,1,1,2,1,0,1,2,3,0,1,2,Non-binary,68,SIM-4557,synthetic_simulation,1,5,1,5,2,2,4,3,4,3,1,1,4,3,2,2,Hinduism,Galle,Group D
22,69,0,2,0,6,74,0,1,1,2,1,1,0,3,1,0,2,Female,65,SIM-4558,synthetic_simulation,5,3,3,5,3,1,1,3,4,4,5,3,2,3,2,1,Islam,Jaffna,Group A
17,95,0,2,0,5,62,0,1,1,2,2,0,2,3,0,1,1,Non-binary,69,SIM-4559,synthetic_simulation,2,2,3,3,2,4,4,5,1,3,4,5,1,5,3,5,Christianity,Negombo,Group B
24,63,2,2,0,8,99,1,1,2,1,0,1,1,1,0,2,2,Male,66,SIM-4560,synthetic_simulation,4,3,1,1,2,4,1,5,2,1,3,3,5,4,2,3,Christianity,Colombo,Group C
14,78,2,2,0,4,62,2,1,1,1,2,1,1,4,0,0,2,Non-binary,63,SIM-4561,synthetic_simulation,4,3,3,5,3,3,5,3,4,2,1,1,2,1,1,1,Buddhism,Galle,Group A
30,94,1,2,1,6,88,1,1,2,1,2,0,1,3,1,0,2,Non-binary,72,SIM-4562,synthetic_simulation,5,3,3,3,2,4,2,4,3,3,3,5,2,2,3,2,Buddhism,Jaffna,Group A
15,85,0,2,0,7,82,0,1,2,2,2,1,0,4,0,1,0,Non-binary,67,SIM-4563,synthetic_simulation,5,2,2,4,1,2,4,5,1,1,4,5,1,2,2,3,Buddhism,Negombo,Group B
21,72,0,0,0,5,73,2,1,1,2,2,1,1,3,0,1,2,Male,67,SIM-4564,synthetic_simulation,2,5,2,4,5,5,1,5,1,2,2,2,1,4,5,3,Christianity,Colombo,Group D
25,77,0,2,1,7,70,2,1,0,2,2,1,1,5,0,1,2,Male,68,SIM-4565,synthetic_simulation,2,1,1,2,3,1,5,4,1,3,3,5,3,2,1,5,Hinduism,Kandy,Group B
17,88,0,0,1,7,94,2,0,2,2,0,1,2,3,0,1,2,Female,71,SIM-4566,synthetic_simulation,1,5,1,5,3,2,3,1,1,2,2,4,2,1,5,2,Islam,Galle,Group C
25,99,2,0,0,9,74,2,1,1,2,0,0,0,3,0,1,2,Male,73,SIM-4567,synthetic_simulation,4,2,3,3,1,1,5,5,4,5,3,1,5,2,4,2,Islam,Kandy,Group C
13,96,2,2,0,5,69,2,1,2,2,1,1,2,3,0,1,2,Non-binary,68,SIM-4568,synthetic_simulation,4,1,5,3,1,4,2,5,5,2,4,2,1,4,1,5,Other,Galle,Group C
29,74,0,2,0,8,68,2,1,0,2,0,1,2,4,0,1,2,Non-binary,69,SIM-4569,synthetic_simulation,5,1,1,1,1,1,5,4,3,2,3,3,4,1,5,1,Christianity,Kandy,Group D
20,100,2,2,1,8,64,2,1,0,1,2,1,1,2,0,1,1,Male,69,SIM-4570,synthetic_simulation,1,1,3,3,1,2,4,4,5,1,4,5,2,5,5,4,Buddhism,Negombo,Group A
16,60,2,0,0,7,70,1,1,3,0,0,0,0,4,0,1,2,Female,63,SIM-4571,synthetic_simulation,4,4,5,5,4,5,4,3,5,1,1,2,4,4,3,5,Islam,Jaffna,Group B
18,61,2,2,1,6,56,2,1,3,1,2,1,1,3,0,1,1,Non-binary,62,SIM-4572,synthetic_simulation,1,2,2,3,3,2,3,3,4,4,5,4,2,5,4,3,Hinduism,Colombo,Group A
25,93,2,2,1,5,53,2,1,0,0,2,0,1,5,0,0,1,Non-binary,70,SIM-4573,synthetic_simulation,1,4,1,2,2,3,1,1,1,1,4,2,1,2,1,4,Hinduism,Jaffna,Group A
16,68,0,2,0,10,77,2,1,1,0,2,1,2,3,0,2,2,Non-binary,66,SIM-4574,synthetic_simulation,5,1,3,4,3,1,5,1,1,5,3,4,3,1,1,1,Christianity,Galle,Group A
16,62,2,2,0,7,73,1,1,3,0,2,1,0,3,0,1,2,Female,62,SIM-4575,synthetic_simulation,1,4,2,4,3,2,3,1,4,5,1,2,2,2,1,1,Hinduism,Kandy,Group A
19,69,2,0,1,7,59,1,1,2,1,1,0,1,2,0,2,1,Male,64,SIM-4576,synthetic_simulation,2,4,4,3,3,4,4,2,4,2,4,2,1,4,2,1,Other,Jaffna,Group D
13,77,2,2,1,10,55,1,1,2,1,2,0,2,3,0,0,1,Non-binary,63,SIM-4577,synthetic_simulation,2,2,2,3,1,4,1,4,2,1,3,3,1,5,1,4,Christianity,Colombo,Group C
31,89,2,2,1,7,57,2,1,1,0,1,1,2,2,0,0,1,Non-binary,71,SIM-4578,synthetic_simulation,3,3,3,3,1,2,1,5,1,4,4,3,1,5,2,5,Christianity,Colombo,Group C
17,85,0,2,1,10,66,2,1,1,0,2,1,1,1,1,2,1,Male,67,SIM-4579,synthetic_simulation,5,4,5,3,4,3,2,4,3,1,4,3,4,2,3,2,Other,Jaffna,Group D
25,70,1,0,1,5,73,2,1,2,2,2,0,1,1,0,2,2,Female,67,SIM-4580,synthetic_simulation,3,4,4,2,3,1,4,4,2,4,2,2,1,4,2,5,Other,Kandy,Group D
21,80,1,0,1,7,60,2,1,1,2,0,1,2,2,0,0,1,Male,67,SIM-4581,synthetic_simulation,2,1,4,5,5,3,1,1,5,2,3,5,4,2,4,5,Hinduism,Galle,Group B
14,97,1,2,1,5,88,2,1,2,0,2,1,2,3,0,2,2,Male,71,SIM-4582,synthetic_simulation,3,1,4,2,4,5,2,4,1,5,5,2,5,3,2,4,Buddhism,Negombo,Group D
20,93,0,2,0,7,60,0,1,0,1,0,1,1,3,0,1,2,Female,69,SIM-4583,synthetic_simulation,5,1,1,2,1,2,2,2,4,1,4,3,3,4,4,3,Islam,Kandy,Group B
25,73,2,2,1,7,56,2,1,2,0,2,1,1,4,0,1,2,Male,93,SIM-4584,synthetic_simulation,5,5,3,2,3,3,4,5,4,1,1,2,1,4,4,4,Christianity,Negombo,Group B
19,99,0,2,1,6,100,2,1,1,1,2,0,2,1,0,1,1,Female,72,SIM-4585,synthetic_simulation,1,4,4,4,1,5,1,1,4,5,3,5,5,1,4,3,Christianity,Jaffna,Group D
27,88,2,0,0,7,72,2,1,1,1,0,1,2,1,0,1,2,Male,71,SIM-4586,synthetic_simulation,4,1,2,2,2,3,1,3,1,5,5,4,1,3,4,4,Islam,Jaffna,Group C
26,62,2,2,0,6,59,2,1,1,2,2,1,1,3,0,1,1,Female,63,SIM-4587,synthetic_simulation,1,2,5,3,1,5,5,5,3,3,3,1,5,5,1,3,Hinduism,Jaffna,Group D
26,61,0,1,1,7,95,1,0,0,2,0,1,1,3,0,2,1,Male,65,SIM-4588,synthetic_simulation,5,5,3,2,1,4,1,3,4,3,5,3,1,2,4,2,Islam,Galle,Group A
17,67,1,2,1,6,62,2,1,0,2,2,1,1,3,0,0,1,Male,61,SIM-4589,synthetic_simulation,2,3,2,3,4,4,2,3,1,3,5,2,3,5,5,2,Buddhism,Jaffna,Group A
14,89,2,1,0,9,96,1,1,2,1,0,0,1,3,0,0,1,Male,66,SIM-4590,synthetic_simulation,2,4,1,5,2,2,3,4,5,5,4,5,1,4,3,1,Hinduism,Kandy,Group A
16,67,2,2,1,5,56,1,1,1,1,2,1,0,2,0,0,2,Male,61,SIM-4591,synthetic_simulation,1,4,4,4,5,3,4,5,2,3,2,3,4,2,5,1,Christianity,Kandy,Group B
21,80,2,2,0,7,92,1,1,1,2,2,1,2,3,0,1,1,Male,67,SIM-4592,synthetic_simulation,5,2,2,5,5,4,3,2,1,1,3,3,1,5,1,3,Islam,Galle,Group B
23,64,2,1,1,5,59,2,1,3,1,2,1,2,5,0,1,1,Female,64,SIM-4593,synthetic_simulation,2,3,3,5,5,1,1,4,1,5,1,4,2,2,4,5,Islam,Colombo,Group A
7,97,1,0,0,6,97,2,1,3,2,0,0,2,2,0,0,1,Non-binary,69,SIM-4594,synthetic_simulation,5,3,2,4,3,4,2,3,4,1,1,1,4,5,2,1,Hinduism,Negombo,Group A
20,74,1,2,0,6,79,2,1,1,0,2,1,1,2,1,0,0,Female,64,SIM-4595,synthetic_simulation,2,5,1,3,5,4,3,5,2,5,2,2,5,2,1,4,Christianity,Kandy,Group D
21,96,2,2,1,7,59,1,1,2,0,2,1,0,2,0,0,2,Non-binary,70,SIM-4596,synthetic_simulation,5,4,5,3,3,3,4,4,2,2,1,2,1,5,3,2,Islam,Kandy,Group D
18,98,0,2,1,7,92,2,1,2,1,0,0,1,4,0,1,2,Non-binary,73,SIM-4597,synthetic_simulation,3,1,4,3,1,5,5,5,4,1,3,3,1,5,2,1,Other,Jaffna,Group D
28,60,1,2,1,5,70,1,1,0,1,2,0,1,5,0,1,2,Male,63,SIM-4598,synthetic_simulation,5,2,3,4,5,1,3,1,3,5,1,5,1,2,2,1,Islam,Colombo,Group D
23,79,2,2,1,6,87,2,0,2,1,0,1,1,4,0,0,1,Male,68,SIM-4599,synthetic_simulation,5,2,4,2,4,1,5,2,1,4,3,3,2,1,4,1,Islam,Jaffna,Group B
28,61,1,1,1,6,82,1,1,0,2,0,1,2,3,0,0,2,Male,64,SIM-4600,synthetic_simulation,1,2,4,1,2,5,1,2,4,5,5,4,3,2,3,4,Buddhism,Galle,Group C
19,96,2,1,1,5,86,2,0,3,2,2,1,2,3,0,1,1,Female,69,SIM-4601,synthetic_simulation,3,2,4,2,2,3,1,2,3,2,4,1,3,5,3,4,Buddhism,Negombo,Group D
26,81,2,2,1,9,67,2,1,3,1,2,1,1,2,0,0,2,Non-binary,69,SIM-4602,synthetic_simulation,4,1,2,2,1,4,4,3,4,5,2,4,4,3,2,1,Islam,Negombo,Group B
30,63,0,1,0,5,97,0,1,2,1,0,1,2,2,1,0,1,Female,67,SIM-4603,synthetic_simulation,1,1,2,5,2,5,5,3,5,2,2,5,4,4,3,5,Islam,Jaffna,Group B
28,64,0,1,1,7,78,2,1,3,2,0,0,2,4,0,2,1,Male,69,SIM-4604,synthetic_simulation,4,5,5,1,2,1,5,2,3,3,1,2,2,1,5,5,Buddhism,Negombo,Group D
13,75,2,0,0,10,54,2,1,1,1,2,0,0,3,1,0,2,Non-binary,62,SIM-4605,synthetic_simulation,2,4,1,3,1,1,4,5,3,1,3,5,2,2,4,4,Other,Negombo,Group A
18,98,1,2,0,9,53,2,1,0,0,2,1,1,1,0,1,1,Female,66,SIM-4606,synthetic_simulation,4,1,3,2,1,4,3,1,2,2,4,4,2,4,4,4,Christianity,Colombo,Group A
18,88,1,2,0,8,87,2,1,2,2,0,1,1,2,0,2,1,Female,68,SIM-4607,synthetic_simulation,5,5,2,4,1,4,4,3,1,4,1,2,5,1,5,2,Hinduism,Kandy,Group A
23,95,0,1,0,7,92,0,1,1,1,2,1,2,1,0,1,2,Female,71,SIM-4608,synthetic_simulation,4,3,4,2,4,2,1,4,4,1,4,1,2,3,5,5,Islam,Galle,Group B
24,75,2,1,0,8,85,2,1,1,1,2,1,2,2,1,2,2,Male,66,SIM-4609,synthetic_simulation,1,4,1,3,1,5,5,4,4,5,3,3,2,4,3,1,Christianity,Colombo,Group A
15,62,1,0,0,8,64,0,1,2,1,2,1,1,4,0,0,2,Male,62,SIM-4610,synthetic_simulation,1,1,3,2,1,4,2,3,1,5,1,1,2,2,2,3,Islam,Colombo,Group B
20,99,1,1,1,9,61,1,1,1,0,2,0,1,4,0,1,1,Non-binary,68,SIM-4611,synthetic_simulation,4,3,3,5,1,2,2,2,1,2,1,3,2,3,3,2,Buddhism,Jaffna,Group C
8,61,2,1,1,7,78,2,1,0,2,2,0,2,3,0,1,2,Non-binary,59,SIM-4612,synthetic_simulation,1,5,3,5,5,3,1,5,2,4,4,1,3,2,5,2,Islam,Jaffna,Group D
29,98,2,2,1,9,60,1,1,0,1,2,0,0,4,0,1,2,Non-binary,70,SIM-4613,synthetic_simulation,1,1,3,2,5,1,5,1,1,2,1,2,1,4,4,1,Christianity,Jaffna,Group B
17,75,0,1,1,7,69,2,1,1,0,2,1,2,4,0,1,2,Female,66,SIM-4614,synthetic_simulation,4,1,5,5,4,5,5,4,5,4,4,2,1,2,4,1,Hinduism,Galle,Group A
20,60,2,2,1,10,81,2,1,3,1,2,1,2,3,0,0,2,Non-binary,65,SIM-4615,synthetic_simulation,3,3,3,4,4,3,4,3,2,2,3,2,3,3,4,4,Buddhism,Jaffna,Group D
18,88,2,2,0,7,64,1,1,0,2,1,1,2,4,0,0,1,Male,66,SIM-4616,synthetic_simulation,3,1,1,1,2,5,3,5,3,3,4,3,2,3,3,5,Other,Kandy,Group A
27,99,2,2,1,5,69,2,1,2,2,1,1,2,2,0,2,1,Male,73,SIM-4617,synthetic_simulation,2,2,2,2,5,5,4,2,1,3,3,2,5,4,5,4,Islam,Galle,Group C
3,99,2,1,1,7,68,2,1,2,0,2,0,1,3,0,1,2,Male,65,SIM-4618,synthetic_simulation,1,1,1,4,4,4,2,1,3,3,3,5,5,4,2,5,Hinduism,Negombo,Group A
20,66,2,0,1,8,73,2,1,0,0,1,1,2,3,0,1,1,Female,65,SIM-4619,synthetic_simulation,4,4,4,4,4,2,5,1,2,2,5,3,4,5,3,5,Christianity,Galle,Group D
19,67,0,2,0,9,84,1,1,0,2,2,1,2,3,0,1,1,Female,64,SIM-4620,synthetic_simulation,1,3,5,4,2,5,3,4,5,1,4,2,1,3,4,3,Buddhism,Negombo,Group A
17,83,2,2,1,6,89,0,1,0,1,2,1,2,4,0,2,2,Female,69,SIM-4621,synthetic_simulation,5,4,5,3,1,3,4,4,5,5,2,2,4,5,5,2,Hinduism,Colombo,Group C
30,85,2,2,0,4,83,1,1,2,0,0,1,2,3,0,2,2,Male,74,SIM-4622,synthetic_simulation,1,5,4,2,3,5,3,3,1,1,5,1,2,2,2,3,Other,Negombo,Group D
15,90,0,0,1,8,51,0,1,2,0,2,1,0,2,0,1,1,Male,68,SIM-4623,synthetic_simulation,1,4,1,2,2,2,2,1,5,5,5,5,4,4,1,1,Islam,Galle,Group C
25,67,1,2,0,8,95,2,1,0,2,2,1,1,4,0,2,1,Male,65,SIM-4624,synthetic_simulation,3,2,1,2,3,1,3,2,4,4,4,5,2,1,3,3,Buddhism,Kandy,Group D
22,98,2,0,1,5,79,2,0,2,0,2,1,1,5,0,1,1,Non-binary,72,SIM-4625,synthetic_simulation,4,2,4,1,2,5,5,2,2,3,5,3,4,2,1,3,Hinduism,Kandy,Group B
28,86,2,2,1,7,96,2,1,2,2,1,1,1,4,0,1,2,Non-binary,71,SIM-4626,synthetic_simulation,1,4,3,4,2,3,3,3,5,3,5,5,3,5,5,2,Christianity,Negombo,Group D
16,94,0,2,0,7,98,2,1,0,1,2,1,1,4,0,1,1,Male,69,SIM-4627,synthetic_simulation,3,5,3,2,1,1,3,1,2,5,1,2,2,3,1,3,Christianity,Galle,Group A
16,82,1,0,1,8,73,1,1,3,1,0,1,2,1,0,0,2,Female,67,SIM-4628,synthetic_simulation,2,1,2,5,4,1,4,4,2,3,3,3,5,4,4,2,Other,Negombo,Group D
27,77,2,0,1,6,96,1,1,0,2,0,1,2,3,0,2,1,Non-binary,71,SIM-4629,synthetic_simulation,3,2,1,3,5,4,3,2,4,1,2,4,2,4,3,2,Islam,Negombo,Group A
23,99,1,1,1,6,68,0,1,1,2,2,1,1,3,1,0,0,Non-binary,68,SIM-4630,synthetic_simulation,3,4,1,1,2,4,3,5,1,2,4,1,5,2,2,2,Other,Colombo,Group D
11,83,1,2,0,7,63,0,1,3,0,2,1,0,2,0,1,0,Male,63,SIM-4631,synthetic_simulation,3,4,4,3,1,5,2,3,2,3,1,1,5,2,4,2,Hinduism,Galle,Group C
17,95,0,2,0,5,54,1,1,2,0,0,1,1,2,0,0,1,Female,69,SIM-4632,synthetic_simulation,1,4,4,4,3,3,3,2,4,3,2,4,4,4,5,3,Buddhism,Negombo,Group A
22,98,2,1,0,10,73,2,1,1,1,1,1,0,4,1,0,2,Male,68,SIM-4633,synthetic_simulation,1,1,3,5,4,4,4,5,5,4,2,3,1,5,3,4,Buddhism,Jaffna,Group A
25,87,0,0,1,8,84,1,1,2,0,2,1,2,4,0,0,1,Male,73,SIM-4634,synthetic_simulation,2,3,1,4,2,2,4,5,3,2,1,4,1,3,5,4,Hinduism,Jaffna,Group A
16,82,2,2,1,6,99,2,1,3,0,2,1,2,2,0,1,2,Female,69,SIM-4635,synthetic_simulation,5,5,1,2,3,2,5,2,1,5,4,5,1,4,5,1,Buddhism,Jaffna,Group A
3,60,2,2,1,5,76,2,1,0,2,0,0,1,4,0,1,1,Male,58,SIM-4636,synthetic_simulation,5,3,5,3,2,1,2,3,3,2,3,2,5,4,5,2,Hinduism,Negombo,Group B
23,62,0,1,0,5,87,2,1,1,0,1,0,2,3,0,1,2,Non-binary,65,SIM-4637,synthetic_simulation,5,5,2,5,5,1,1,5,4,2,1,4,1,2,3,4,Other,Galle,Group C
13,68,2,2,1,8,95,2,1,2,1,1,0,2,4,0,1,1,Female,63,SIM-4638,synthetic_simulation,2,5,2,3,5,1,5,5,2,5,5,4,2,3,4,1,Islam,Colombo,Group A
8,67,1,1,0,5,77,1,1,1,2,0,1,2,2,0,0,2,Non-binary,59,SIM-4639,synthetic_simulation,5,4,3,1,4,2,3,1,4,2,2,5,2,4,5,3,Christianity,Jaffna,Group D
3,70,2,2,1,7,58,2,1,0,2,2,0,1,2,0,1,1,Male,58,SIM-4640,synthetic_simulation,5,2,1,5,3,4,2,1,1,4,5,3,2,2,2,1,Christianity,Negombo,Group A
25,72,2,2,1,4,92,0,1,1,1,2,0,0,2,1,1,2,Female,66,SIM-4641,synthetic_simulation,3,4,5,1,5,4,5,1,1,1,4,2,5,1,4,4,Christianity,Negombo,Group A
21,74,2,0,1,8,79,2,1,0,1,0,0,2,4,0,1,2,Non-binary,67,SIM-4642,synthetic_simulation,1,1,1,5,1,5,4,5,5,2,3,2,5,4,5,1,Buddhism,Galle,Group C
19,77,0,2,1,8,88,2,0,3,1,2,1,2,3,0,0,1,Non-binary,67,SIM-4643,synthetic_simulation,1,5,4,2,4,3,2,5,4,1,3,1,1,1,3,1,Other,Negombo,Group C
28,64,0,2,0,7,83,1,1,2,0,2,0,1,4,0,1,1,Non-binary,67,SIM-4644,synthetic_simulation,3,2,3,3,2,2,2,3,1,4,3,2,4,3,5,1,Other,Galle,Group A
24,62,0,1,1,7,53,2,1,0,2,2,1,2,6,0,2,2,Female,65,SIM-4645,synthetic_simulation,3,5,2,3,3,1,3,4,4,4,5,2,5,3,5,4,Christianity,Colombo,Group B
30,87,0,2,1,8,58,0,1,1,1,2,1,0,1,0,0,2,Non-binary,71,SIM-4646,synthetic_simulation,3,5,1,4,3,3,2,1,5,2,4,2,3,4,1,2,Other,Colombo,Group B
12,81,2,2,1,7,64,0,1,2,0,2,1,1,3,0,1,2,Female,66,SIM-4647,synthetic_simulation,1,4,3,5,1,1,2,4,5,3,5,2,2,5,1,3,Hinduism,Negombo,Group D
20,78,2,0,1,8,64,2,1,2,0,2,0,2,2,0,1,1,Non-binary,68,SIM-4648,synthetic_simulation,5,2,2,5,5,3,1,1,4,2,2,5,2,2,4,2,Christianity,Kandy,Group D
10,85,2,0,1,5,92,2,1,0,1,0,0,2,4,1,1,0,Female,65,SIM-4649,synthetic_simulation,3,2,1,1,3,3,3,1,1,1,3,1,1,2,1,5,Christianity,Colombo,Group D
19,93,0,0,0,8,80,2,1,1,2,2,0,1,3,0,0,1,Non-binary,71,SIM-4650,synthetic_simulation,2,5,5,5,1,4,2,3,2,4,4,4,4,5,3,2,Islam,Galle,Group D
19,77,2,1,1,7,54,1,1,2,1,2,0,2,4,0,1,2,Female,64,SIM-4651,synthetic_simulation,3,2,3,3,1,5,2,3,2,1,5,1,2,1,1,3,Christianity,Negombo,Group B
24,86,2,0,1,9,69,0,1,1,2,0,1,1,3,0,2,2,Male,72,SIM-4652,synthetic_simulation,4,2,1,5,2,5,1,2,5,1,5,3,5,3,3,1,Buddhism,Kandy,Group B
20,98,1,1,0,7,78,1,1,4,0,0,1,1,2,0,1,0,Female,69,SIM-4653,synthetic_simulation,3,4,2,4,1,1,1,1,1,5,5,4,4,4,5,2,Hinduism,Colombo,Group C
24,94,2,2,0,7,63,2,1,1,1,0,1,1,3,0,1,2,Female,70,SIM-4654,synthetic_simulation,1,3,2,4,4,2,4,1,5,4,5,1,2,2,4,4,Other,Galle,Group C
24,77,2,2,1,6,52,2,1,0,2,2,0,0,4,0,1,2,Non-binary,66,SIM-4655,synthetic_simulation,3,1,5,3,3,5,3,1,5,4,5,1,1,2,1,5,Buddhism,Negombo,Group D
33,86,2,2,0,9,69,2,0,0,2,2,1,1,3,0,0,2,Non-binary,70,SIM-4656,synthetic_simulation,4,3,3,3,4,2,1,3,5,1,2,1,1,4,1,1,Hinduism,Galle,Group A
18,67,0,1,0,4,73,1,1,0,2,2,0,1,2,0,2,1,Male,62,SIM-4657,synthetic_simulation,2,2,3,3,1,1,2,1,5,4,3,1,1,4,4,1,Islam,Negombo,Group C
14,82,1,2,1,8,95,2,1,1,1,2,0,1,3,0,2,1,Male,66,SIM-4658,synthetic_simulation,5,5,1,5,1,2,1,2,4,2,5,1,5,2,3,1,Christianity,Kandy,Group B
21,99,0,1,0,7,95,1,1,2,1,2,1,0,1,0,1,2,Non-binary,70,SIM-4659,synthetic_simulation,3,1,2,5,4,3,5,5,4,5,2,1,1,2,3,2,Other,Galle,Group A
15,81,1,1,1,7,75,1,1,1,2,0,1,0,1,0,2,1,Male,63,SIM-4660,synthetic_simulation,4,1,2,2,2,3,4,2,1,2,4,5,3,2,1,4,Christianity,Galle,Group C
29,97,0,2,1,7,74,2,1,1,2,1,1,2,4,1,1,2,Male,73,SIM-4661,synthetic_simulation,4,5,5,1,1,1,4,5,1,3,4,5,5,4,3,3,Buddhism,Colombo,Group A
18,76,2,0,1,7,82,0,1,2,2,0,1,1,4,0,2,2,Male,70,SIM-4662,synthetic_simulation,2,1,5,5,4,2,3,3,3,3,2,4,3,1,3,5,Christianity,Galle,Group C
17,100,0,0,0,8,63,1,1,1,1,2,0,2,5,0,1,2,Female,71,SIM-4663,synthetic_simulation,1,5,3,2,4,2,4,4,2,1,2,2,1,2,1,4,Hinduism,Colombo,Group D
17,83,1,2,0,6,64,2,1,1,2,2,0,2,4,0,1,2,Female,65,SIM-4664,synthetic_simulation,3,1,2,2,3,1,3,3,4,3,2,1,4,1,1,2,Christianity,Galle,Group D
24,62,2,1,1,7,50,2,1,1,0,0,0,0,2,0,2,2,Male,64,SIM-4665,synthetic_simulation,4,3,1,4,2,5,5,4,1,2,4,2,5,2,1,5,Christianity,Galle,Group A
19,83,0,1,1,8,54,2,1,1,1,2,0,2,4,0,1,1,Male,66,SIM-4666,synthetic_simulation,2,1,4,5,5,4,2,5,5,3,5,5,3,4,2,4,Islam,Colombo,Group B
16,71,1,1,1,6,59,0,1,1,1,0,1,2,3,0,2,2,Non-binary,82,SIM-4667,synthetic_simulation,5,4,1,2,4,5,5,4,4,1,3,3,5,5,1,3,Christianity,Colombo,Group B
30,61,1,0,1,8,82,1,1,2,1,0,1,1,3,0,2,2,Male,68,SIM-4668,synthetic_simulation,4,5,5,4,3,4,3,5,2,4,5,1,3,1,2,3,Islam,Colombo,Group D
15,93,2,2,0,8,61,0,1,1,2,2,1,1,4,0,1,2,Male,67,SIM-4669,synthetic_simulation,2,1,1,1,5,2,3,4,4,5,1,4,5,5,5,1,Buddhism,Kandy,Group D
20,71,1,0,1,6,56,0,1,5,2,2,0,2,5,0,0,2,Male,68,SIM-4670,synthetic_simulation,1,5,2,4,3,4,3,5,2,1,2,2,2,2,3,1,Islam,Negombo,Group B
24,92,1,0,1,5,81,2,1,2,1,2,0,0,3,1,1,2,Female,69,SIM-4671,synthetic_simulation,1,4,3,1,3,4,2,4,3,1,5,4,3,2,2,3,Islam,Jaffna,Group D
10,72,2,2,1,6,83,2,1,0,2,2,1,2,4,0,1,2,Non-binary,63,SIM-4672,synthetic_simulation,4,1,4,3,2,2,3,5,1,1,3,1,3,4,5,1,Buddhism,Negombo,Group C
23,68,2,0,0,7,53,0,1,3,0,2,1,1,3,0,1,1,Male,66,SIM-4673,synthetic_simulation,4,1,3,3,1,3,5,2,2,2,5,2,5,5,3,1,Islam,Negombo,Group D
14,99,2,2,0,7,89,0,0,0,2,2,0,2,2,0,2,0,Non-binary,68,SIM-4674,synthetic_simulation,3,4,4,4,2,4,2,1,3,4,1,2,4,5,3,3,Christianity,Negombo,Group A
25,74,0,2,1,9,80,2,1,4,2,2,1,2,3,0,0,1,Female,71,SIM-4675,synthetic_simulation,2,4,4,3,5,1,5,2,4,1,1,1,2,2,3,5,Buddhism,Kandy,Group D
14,84,2,0,1,6,70,0,1,2,0,2,1,2,3,0,0,2,Non-binary,69,SIM-4676,synthetic_simulation,4,4,2,5,2,5,2,3,1,4,5,3,3,3,4,3,Buddhism,Negombo,Group D
24,84,1,2,1,6,99,2,1,1,2,0,1,2,2,0,2,0,Non-binary,70,SIM-4677,synthetic_simulation,3,5,2,4,1,2,3,4,2,1,3,1,1,3,4,1,Islam,Kandy,Group B
27,82,2,2,0,8,51,0,1,3,0,2,1,1,2,0,0,2,Non-binary,70,SIM-4678,synthetic_simulation,3,4,5,2,2,2,2,5,2,2,5,4,1,5,2,5,Islam,Jaffna,Group B
25,97,2,2,1,6,77,1,1,1,1,0,0,2,4,0,2,2,Female,73,SIM-4679,synthetic_simulation,4,5,5,5,2,4,1,2,1,1,2,5,5,5,2,1,Hinduism,Jaffna,Group A
22,87,2,0,1,6,58,2,1,0,1,2,0,1,4,0,1,2,Non-binary,68,SIM-4680,synthetic_simulation,1,3,4,4,2,3,5,2,4,3,3,5,4,1,3,2,Buddhism,Colombo,Group B
19,76,2,1,1,6,66,2,1,1,0,2,1,2,3,0,1,2,Male,65,SIM-4681,synthetic_simulation,2,1,5,1,4,3,1,5,4,2,4,5,2,2,5,1,Other,Negombo,Group A
17,94,0,0,1,4,57,2,1,4,2,0,1,1,4,0,1,1,Male,72,SIM-4682,synthetic_simulation,2,1,2,3,4,5,1,4,5,1,3,2,3,3,2,4,Christianity,Negombo,Group C
29,67,0,1,1,8,83,2,1,2,1,2,0,2,4,1,1,2,Male,67,SIM-4683,synthetic_simulation,1,2,5,3,2,5,3,3,4,1,5,2,1,4,1,4,Islam,Colombo,Group B
16,82,1,2,1,8,70,0,1,4,1,0,1,1,4,0,0,2,Female,68,SIM-4684,synthetic_simulation,4,3,4,3,1,3,3,3,1,1,5,1,3,1,1,1,Buddhism,Kandy,Group A
14,98,2,2,1,8,99,1,1,0,0,2,1,1,3,0,1,2,Non-binary,69,SIM-4685,synthetic_simulation,2,4,3,4,1,3,1,3,3,3,4,2,1,3,2,1,Buddhism,Negombo,Group D
24,85,2,2,1,10,83,1,1,1,2,0,1,2,4,0,0,1,Non-binary,70,SIM-4686,synthetic_simulation,4,4,1,5,1,3,2,5,1,3,1,4,5,2,5,2,Christianity,Negombo,Group A
15,93,0,2,1,9,96,2,1,1,2,2,1,0,2,0,1,1,Female,69,SIM-4687,synthetic_simulation,4,3,5,1,1,4,3,2,2,1,5,1,5,2,1,5,Buddhism,Jaffna,Group A
14,86,0,0,1,6,62,2,1,1,2,2,0,2,2,0,1,2,Non-binary,68,SIM-4688,synthetic_simulation,3,4,2,3,3,1,5,3,5,3,1,4,3,2,3,5,Other,Kandy,Group D
11,94,2,2,0,9,66,2,0,2,1,0,0,2,2,0,1,1,Male,65,SIM-4689,synthetic_simulation,1,2,3,5,2,5,1,2,5,1,1,5,5,3,3,2,Hinduism,Kandy,Group B
17,98,2,0,1,7,68,2,1,1,1,2,1,2,4,0,0,1,Non-binary,70,SIM-4690,synthetic_simulation,4,5,2,2,2,2,5,3,3,3,2,4,2,2,4,3,Christianity,Jaffna,Group D
20,71,2,1,1,6,92,0,1,1,1,2,0,0,4,0,0,2,Non-binary,65,SIM-4691,synthetic_simulation,5,1,5,2,3,3,5,3,2,4,1,5,5,4,4,1,Other,Kandy,Group C
21,67,2,1,0,6,61,2,1,0,1,2,0,2,3,0,1,1,Non-binary,61,SIM-4692,synthetic_simulation,1,3,4,1,1,3,5,4,4,1,3,2,2,2,4,1,Buddhism,Colombo,Group A
26,79,2,1,0,7,97,2,1,1,0,2,0,2,2,0,1,2,Non-binary,69,SIM-4693,synthetic_simulation,2,1,1,3,5,1,1,5,4,1,1,1,5,1,5,4,Buddhism,Negombo,Group D
23,88,2,1,1,7,52,2,1,0,2,1,1,1,4,0,1,2,Non-binary,67,SIM-4694,synthetic_simulation,3,5,1,2,5,3,4,4,4,5,2,3,3,4,3,4,Islam,Galle,Group C
19,69,2,2,1,9,94,2,1,1,1,0,1,2,3,0,1,1,Non-binary,65,SIM-4695,synthetic_simulation,2,3,3,5,3,5,3,2,1,5,5,4,2,1,5,3,Christianity,Colombo,Group C
19,60,2,2,0,8,73,0,1,3,2,1,0,1,3,0,1,2,Female,63,SIM-4696,synthetic_simulation,2,5,1,5,5,3,5,2,4,2,5,1,4,1,1,5,Hinduism,Jaffna,Group B
23,74,2,0,1,6,76,2,1,0,2,0,0,0,4,0,1,2,Male,67,SIM-4697,synthetic_simulation,1,4,4,2,4,1,1,5,2,4,4,3,3,5,3,5,Islam,Jaffna,Group C
28,99,0,1,0,5,100,2,1,6,2,2,0,1,5,0,1,1,Female,76,SIM-4698,synthetic_simulation,2,4,2,3,2,4,4,3,5,4,1,1,2,5,4,5,Buddhism,Jaffna,Group A
21,88,2,2,0,8,94,2,1,0,2,0,1,1,3,0,0,2,Female,70,SIM-4699,synthetic_simulation,4,4,4,1,5,5,1,5,1,2,3,3,1,2,4,1,Hinduism,Galle,Group C
17,76,2,0,1,8,95,1,1,1,1,2,0,1,4,0,2,2,Male,67,SIM-4700,synthetic_simulation,2,5,3,3,4,4,3,3,4,5,4,1,1,4,1,4,Christianity,Colombo,Group C
14,68,0,0,1,9,79,1,1,2,1,2,0,2,4,0,0,2,Female,66,SIM-4701,synthetic_simulation,3,5,3,4,2,2,1,1,2,2,4,5,4,3,3,1,Other,Galle,Group D
11,74,2,0,1,7,98,1,1,1,1,2,1,2,2,0,1,2,Male,65,SIM-4702,synthetic_simulation,3,5,1,2,4,1,2,1,3,5,2,3,1,5,5,3,Hinduism,Negombo,Group B
24,67,1,0,0,8,84,0,1,0,1,2,1,1,1,0,0,2,Male,65,SIM-4703,synthetic_simulation,5,1,4,4,2,2,2,5,2,1,5,1,3,4,5,2,Islam,Jaffna,Group C
23,64,1,2,0,8,91,2,1,2,1,2,1,0,3,0,1,0,Male,63,SIM-4704,synthetic_simulation,3,5,2,2,2,2,5,1,5,2,1,3,2,5,1,2,Other,Galle,Group A
23,96,2,0,1,5,86,2,1,3,2,0,1,1,3,1,1,2,Male,74,SIM-4705,synthetic_simulation,2,4,4,1,5,2,1,1,2,3,1,5,3,4,3,5,Other,Negombo,Group A
19,100,1,0,1,7,89,0,1,2,0,1,0,1,3,0,0,1,Non-binary,72,SIM-4706,synthetic_simulation,3,2,2,3,3,2,1,2,2,5,5,3,5,2,5,4,Hinduism,Negombo,Group A
28,67,0,0,0,8,82,1,1,1,0,1,1,1,4,0,1,2,Male,68,SIM-4707,synthetic_simulation,1,5,2,3,5,1,5,3,1,1,2,3,5,1,4,3,Hinduism,Negombo,Group B
17,62,2,1,0,8,86,0,1,2,2,2,1,1,4,0,1,1,Female,62,SIM-4708,synthetic_simulation,3,2,4,2,1,4,5,1,5,3,2,1,1,5,4,1,Islam,Jaffna,Group B
26,73,1,0,0,7,72,2,1,1,1,1,0,1,3,0,0,0,Female,65,SIM-4709,synthetic_simulation,4,4,5,5,4,3,4,4,4,3,2,4,4,1,5,3,Hinduism,Kandy,Group A
20,78,0,2,1,10,85,2,1,1,0,0,0,0,3,0,1,2,Non-binary,69,SIM-4710,synthetic_simulation,1,5,4,4,1,2,1,2,5,4,3,5,4,1,3,3,Christianity,Negombo,Group C
16,68,2,1,1,10,64,2,1,2,0,1,1,0,2,0,1,1,Non-binary,61,SIM-4711,synthetic_simulation,5,1,2,3,2,3,3,3,3,5,1,1,5,3,5,3,Other,Kandy,Group B
24,72,2,2,1,7,82,0,1,2,2,2,0,2,4,0,1,0,Non-binary,67,SIM-4712,synthetic_simulation,4,1,3,3,5,3,3,2,5,1,2,2,4,3,1,4,Other,Negombo,Group C
22,68,2,0,0,7,76,2,1,1,2,2,1,2,4,0,1,2,Female,66,SIM-4713,synthetic_simulation,2,2,3,2,1,2,3,4,1,5,2,3,4,2,3,3,Islam,Galle,Group C
22,91,1,2,1,8,95,2,1,1,1,0,0,1,2,0,1,2,Non-binary,70,SIM-4714,synthetic_simulation,2,1,1,5,1,5,5,3,4,1,5,2,1,4,5,2,Hinduism,Negombo,Group D
20,89,2,0,0,7,84,1,1,5,0,2,1,1,3,0,2,1,Female,72,SIM-4715,synthetic_simulation,2,1,3,4,1,3,5,5,5,5,4,1,3,2,4,5,Hinduism,Jaffna,Group D
20,85,0,1,1,9,80,2,1,3,1,2,0,1,3,0,2,1,Non-binary,69,SIM-4716,synthetic_simulation,4,1,5,5,2,5,5,5,4,3,4,4,3,4,3,3,Other,Jaffna,Group B
34,75,1,2,1,5,66,2,1,0,1,2,0,2,3,0,1,2,Non-binary,68,SIM-4717,synthetic_simulation,4,4,2,5,2,4,3,2,1,4,4,5,2,3,2,1,Other,Kandy,Group C
27,96,2,2,0,7,93,2,1,2,2,2,1,1,2,0,0,2,Male,74,SIM-4718,synthetic_simulation,4,1,4,2,2,3,4,5,2,2,1,1,3,2,3,2,Islam,Kandy,Group C
24,99,0,2,0,8,53,0,1,1,1,2,0,1,3,1,1,2,Male,70,SIM-4719,synthetic_simulation,1,3,4,5,1,1,2,3,3,5,3,4,3,4,4,3,Hinduism,Colombo,Group A
21,67,2,2,1,9,95,0,1,1,2,2,0,2,4,0,1,2,Female,67,SIM-4720,synthetic_simulation,1,5,5,4,4,4,1,4,5,3,1,1,1,3,3,4,Buddhism,Galle,Group C
26,69,2,2,1,5,83,2,1,4,2,0,0,1,2,0,1,1,Male,68,SIM-4721,synthetic_simulation,2,1,3,1,5,4,2,4,4,2,5,4,1,4,1,3,Hinduism,Colombo,Group C
23,81,0,1,0,6,59,2,1,2,0,0,0,1,1,0,2,2,Male,69,SIM-4722,synthetic_simulation,3,1,2,1,5,5,1,5,5,2,2,2,3,2,4,5,Islam,Negombo,Group B
20,64,0,1,0,4,95,2,1,4,2,2,1,1,4,0,1,2,Male,66,SIM-4723,synthetic_simulation,2,1,3,4,2,2,5,1,1,2,1,4,2,5,4,2,Other,Kandy,Group B
18,77,2,1,0,6,66,0,1,3,2,0,1,2,3,0,0,1,Male,66,SIM-4724,synthetic_simulation,5,3,1,2,1,1,3,1,2,3,4,5,3,5,1,5,Other,Jaffna,Group C
20,83,0,0,1,5,58,2,1,1,2,2,1,1,3,0,1,2,Male,68,SIM-4725,synthetic_simulation,1,1,3,3,4,1,2,1,1,1,3,2,3,2,2,5,Buddhism,Galle,Group C
1,81,2,2,1,8,66,2,1,1,1,2,1,0,2,0,0,2,Male,60,SIM-4726,synthetic_simulation,4,1,1,2,3,5,5,5,4,2,5,3,5,1,3,4,Buddhism,Jaffna,Group D
21,73,0,2,0,7,98,0,1,0,0,0,1,2,4,1,2,2,Male,69,SIM-4727,synthetic_simulation,1,5,4,4,2,5,1,5,5,4,2,2,2,5,1,3,Islam,Kandy,Group B
17,82,0,2,0,7,88,2,1,1,2,2,1,0,1,1,1,2,Female,66,SIM-4728,synthetic_simulation,4,3,2,5,3,4,2,5,4,1,3,2,3,5,3,5,Hinduism,Colombo,Group C
30,98,2,0,1,7,96,2,1,1,2,2,0,1,3,0,2,2,Male,77,SIM-4729,synthetic_simulation,5,3,1,1,5,5,2,3,1,3,1,3,1,5,3,2,Other,Galle,Group A
20,68,2,1,0,9,65,1,1,1,0,2,1,0,5,0,0,2,Male,63,SIM-4730,synthetic_simulation,5,1,3,5,5,2,2,1,5,2,1,2,3,1,2,3,Christianity,Kandy,Group D
13,86,2,1,1,5,54,2,1,3,0,0,1,1,3,1,0,2,Non-binary,66,SIM-4731,synthetic_simulation,1,3,3,2,4,4,2,2,4,3,3,2,4,3,3,5,Christianity,Jaffna,Group C
20,62,0,2,1,4,78,2,0,1,0,2,0,2,4,0,1,1,Female,64,SIM-4732,synthetic_simulation,4,2,4,4,4,4,2,3,5,3,3,3,5,3,1,1,Christianity,Negombo,Group D
14,63,0,0,0,8,74,2,1,1,1,2,0,1,4,0,2,1,Female,63,SIM-4733,synthetic_simulation,5,3,5,1,3,4,5,3,3,2,2,3,5,1,3,1,Other,Negombo,Group C
23,82,1,2,1,6,86,2,1,0,0,2,1,1,4,0,1,2,Non-binary,68,SIM-4734,synthetic_simulation,2,3,5,4,5,1,1,5,1,3,4,5,5,1,3,1,Other,Negombo,Group C
22,64,0,2,0,5,77,2,1,1,0,2,0,0,2,0,0,2,Female,65,SIM-4735,synthetic_simulation,2,3,3,1,4,1,1,5,1,4,3,2,2,2,2,5,Christianity,Colombo,Group D
26,61,0,2,1,8,70,1,1,1,2,2,0,1,4,1,2,1,Female,65,SIM-4736,synthetic_simulation,4,4,5,1,4,4,4,3,3,4,2,2,5,2,3,4,Buddhism,Jaffna,Group C
15,67,0,0,1,4,50,1,1,0,2,2,1,2,1,0,0,2,Female,64,SIM-4737,synthetic_simulation,1,4,2,1,5,2,3,5,2,5,3,2,3,2,4,5,Christianity,Galle,Group B
20,83,0,2,1,6,73,2,1,0,0,2,1,2,3,0,0,0,Male,68,SIM-4738,synthetic_simulation,5,4,5,2,5,3,2,1,4,2,3,5,2,3,5,2,Buddhism,Kandy,Group D
12,88,1,2,1,4,56,2,1,0,1,0,0,1,2,0,1,0,Male,62,SIM-4739,synthetic_simulation,1,3,2,4,1,4,1,3,2,2,4,2,4,4,4,1,Islam,Negombo,Group C
24,68,2,2,1,7,96,2,1,1,1,0,1,2,3,0,1,2,Male,67,SIM-4740,synthetic_simulation,2,2,3,3,4,5,3,3,5,2,2,3,1,5,2,5,Christianity,Negombo,Group D
23,87,0,0,1,9,96,0,1,1,2,2,0,2,1,0,0,2,Non-binary,73,SIM-4741,synthetic_simulation,5,3,3,3,3,3,3,3,4,5,1,3,5,2,3,1,Christianity,Colombo,Group A
23,67,0,0,1,6,90,2,1,2,0,2,0,2,3,0,1,2,Non-binary,69,SIM-4742,synthetic_simulation,1,1,3,3,2,1,5,5,4,4,2,3,3,5,1,2,Buddhism,Negombo,Group C
20,85,2,2,0,6,58,1,1,0,1,2,0,0,2,0,2,2,Male,65,SIM-4743,synthetic_simulation,3,2,4,4,2,1,2,3,4,4,2,3,2,1,3,4,Buddhism,Colombo,Group A
22,76,2,2,1,10,57,2,1,1,2,0,0,1,3,0,1,0,Male,66,SIM-4744,synthetic_simulation,4,4,5,5,5,3,4,2,3,2,2,4,3,3,3,4,Buddhism,Colombo,Group D
30,86,0,2,0,8,78,2,1,4,2,1,1,2,2,0,0,0,Female,73,SIM-4745,synthetic_simulation,4,5,1,4,3,5,3,2,1,3,4,3,5,2,2,4,Islam,Colombo,Group B
18,100,0,2,1,10,86,2,1,1,2,2,1,1,3,0,1,2,Non-binary,72,SIM-4746,synthetic_simulation,3,2,1,1,1,1,5,1,3,1,4,5,1,4,3,1,Christianity,Negombo,Group A
21,98,2,2,1,7,95,1,1,3,0,1,1,1,1,0,1,2,Non-binary,72,SIM-4747,synthetic_simulation,2,4,3,5,4,1,2,3,3,1,5,4,2,3,1,5,Buddhism,Negombo,Group B
13,60,1,0,1,7,95,2,1,1,1,2,0,2,1,0,1,2,Female,61,SIM-4748,synthetic_simulation,5,2,5,1,1,4,1,3,3,2,1,2,3,1,1,3,Islam,Galle,Group B
15,95,0,2,1,9,58,1,1,2,1,0,0,1,3,0,1,2,Non-binary,69,SIM-4749,synthetic_simulation,4,2,2,1,3,2,4,5,2,2,4,3,2,5,5,2,Islam,Colombo,Group B
21,63,0,2,0,7,100,2,1,1,0,2,0,1,2,0,2,1,Male,66,SIM-4750,synthetic_simulation,3,3,1,4,1,5,2,4,3,4,4,2,5,3,5,1,Other,Kandy,Group A
27,98,0,0,0,7,58,2,1,1,0,2,1,2,3,0,2,0,Male,74,SIM-4751,synthetic_simulation,3,1,3,3,5,4,5,4,1,4,2,3,5,5,3,2,Buddhism,Jaffna,Group D
18,71,0,1,1,4,92,2,1,1,1,2,1,0,4,1,0,2,Non-binary,64,SIM-4752,synthetic_simulation,2,5,1,5,2,2,5,3,4,3,2,3,4,2,1,1,Buddhism,Colombo,Group D
19,75,2,0,1,10,79,2,1,1,2,2,1,1,2,0,1,2,Non-binary,66,SIM-4753,synthetic_simulation,2,4,1,2,5,1,5,1,2,4,3,4,4,1,3,4,Buddhism,Kandy,Group D
18,64,0,2,1,8,84,2,0,2,2,2,1,1,3,0,0,2,Male,64,SIM-4754,synthetic_simulation,1,2,1,3,4,2,5,2,3,1,3,3,5,4,4,2,Other,Colombo,Group A
17,64,0,0,0,7,80,1,1,3,2,2,0,2,4,0,1,2,Non-binary,66,SIM-4755,synthetic_simulation,4,5,3,2,5,1,5,3,3,1,3,3,2,3,2,3,Buddhism,Negombo,Group A
22,89,2,0,0,8,93,2,1,2,0,1,0,1,5,0,1,2,Non-binary,72,SIM-4756,synthetic_simulation,1,2,3,4,3,4,4,3,4,4,4,1,3,5,2,4,Buddhism,Negombo,Group B
11,98,0,0,1,5,82,0,1,1,2,2,0,1,2,0,2,2,Female,71,SIM-4757,synthetic_simulation,3,1,4,5,3,1,3,1,4,1,3,5,3,1,1,4,Islam,Galle,Group C
28,84,0,2,1,6,92,2,1,1,2,2,1,0,3,1,1,2,Non-binary,70,SIM-4758,synthetic_simulation,5,5,4,4,4,2,3,1,2,1,1,5,2,1,4,3,Buddhism,Galle,Group A
16,89,0,2,1,8,58,1,1,2,1,2,1,1,3,0,0,1,Male,67,SIM-4759,synthetic_simulation,5,4,4,2,4,4,1,4,1,1,3,2,1,2,1,3,Christianity,Colombo,Group A
24,90,2,0,0,7,93,1,1,1,1,0,1,1,2,1,2,2,Non-binary,71,SIM-4760,synthetic_simulation,2,2,1,1,2,2,3,3,2,1,5,2,2,3,4,4,Hinduism,Negombo,Group A
12,71,2,1,0,8,100,2,1,2,0,2,1,1,3,1,0,2,Non-binary,63,SIM-4761,synthetic_simulation,5,1,5,4,1,2,5,3,4,5,5,4,5,2,1,3,Buddhism,Colombo,Group C
24,62,2,0,0,7,83,1,1,1,2,1,1,1,2,0,0,1,Male,64,SIM-4762,synthetic_simulation,5,5,3,5,2,3,3,5,1,2,2,2,5,2,5,4,Islam,Kandy,Group B
24,60,2,2,1,8,99,2,1,2,1,1,1,1,1,0,1,1,Male,64,SIM-4763,synthetic_simulation,5,2,4,4,5,1,3,2,3,3,4,1,4,2,3,5,Other,Colombo,Group D
22,74,2,1,0,5,61,2,1,1,1,2,1,2,3,0,2,2,Non-binary,65,SIM-4764,synthetic_simulation,3,2,5,3,1,1,5,5,3,5,5,2,3,1,2,1,Other,Galle,Group C
14,70,2,2,1,9,91,0,1,2,2,2,1,1,4,0,1,2,Non-binary,65,SIM-4765,synthetic_simulation,5,4,4,4,4,2,4,5,5,3,1,3,4,5,2,5,Hinduism,Jaffna,Group D
21,62,2,1,0,6,58,2,1,2,1,0,0,1,3,0,0,1,Non-binary,62,SIM-4766,synthetic_simulation,5,1,4,2,3,1,5,2,4,5,2,2,3,5,4,1,Islam,Kandy,Group D
13,67,0,0,1,7,76,2,1,2,1,2,0,1,5,0,1,2,Non-binary,65,SIM-4767,synthetic_simulation,5,3,5,4,5,5,3,3,5,5,5,2,2,4,5,1,Buddhism,Galle,Group C
18,65,2,0,0,6,83,1,1,1,2,0,0,1,2,0,1,2,Non-binary,64,SIM-4768,synthetic_simulation,1,2,4,5,2,1,3,4,2,3,3,3,1,4,4,5,Other,Negombo,Group D
26,97,2,2,1,7,83,1,1,2,1,2,1,2,3,0,2,2,Non-binary,74,SIM-4769,synthetic_simulation,3,5,1,4,4,4,1,2,2,2,5,1,3,5,5,1,Other,Colombo,Group C
25,66,2,0,1,7,84,1,1,2,0,2,1,2,1,0,1,2,Female,67,SIM-4770,synthetic_simulation,2,4,1,4,1,1,5,1,1,4,5,5,1,2,4,1,Christianity,Galle,Group B
20,82,1,2,0,8,66,1,1,0,0,2,1,2,2,0,2,2,Male,66,SIM-4771,synthetic_simulation,1,4,1,5,1,5,1,3,4,5,2,1,1,1,1,4,Hinduism,Galle,Group A
14,84,0,0,0,8,99,2,0,3,2,0,1,1,4,0,2,2,Non-binary,70,SIM-4772,synthetic_simulation,4,2,2,4,3,2,1,2,1,2,4,1,1,2,1,1,Christianity,Negombo,Group A
24,82,2,0,0,8,50,2,1,0,2,2,1,2,2,0,2,1,Male,68,SIM-4773,synthetic_simulation,3,2,4,5,4,1,2,2,1,4,3,4,2,2,2,3,Other,Jaffna,Group A
20,64,2,2,0,6,81,2,1,0,0,0,1,2,1,0,1,1,Female,64,SIM-4774,synthetic_simulation,3,2,2,2,4,4,1,2,2,3,3,4,1,2,4,1,Buddhism,Negombo,Group D
6,73,2,2,0,8,93,1,1,0,1,2,0,1,1,1,1,0,Male,58,SIM-4775,synthetic_simulation,4,3,3,5,5,5,3,4,2,5,3,3,1,3,4,2,Buddhism,Colombo,Group D
25,62,2,2,1,7,95,1,1,1,0,2,1,1,4,1,0,2,Male,65,SIM-4776,synthetic_simulation,4,2,5,2,5,3,3,5,4,4,3,4,5,3,1,4,Christianity,Negombo,Group B
20,76,2,0,1,7,86,2,1,2,2,2,1,0,5,0,1,2,Male,68,SIM-4777,synthetic_simulation,4,1,3,2,1,2,2,5,2,2,4,5,5,2,4,4,Buddhism,Colombo,Group C
27,68,1,2,0,8,79,2,1,2,1,0,0,0,1,1,2,1,Female,64,SIM-4778,synthetic_simulation,2,5,2,5,2,2,2,2,4,4,3,3,3,4,2,1,Hinduism,Negombo,Group B
13,82,2,0,0,5,73,1,1,4,1,2,1,0,4,0,1,2,Non-binary,66,SIM-4779,synthetic_simulation,5,2,1,4,1,2,5,2,5,3,4,4,5,4,2,2,Christianity,Jaffna,Group B
1,88,2,0,1,4,72,0,1,3,2,2,0,0,2,0,0,2,Female,92,SIM-4780,synthetic_simulation,3,3,4,3,5,5,2,5,3,4,2,2,3,5,4,2,Islam,Colombo,Group C
22,81,0,2,1,9,71,2,1,2,0,1,1,0,4,0,1,2,Female,69,SIM-4781,synthetic_simulation,5,5,4,5,5,1,4,4,5,1,1,4,1,1,2,4,Buddhism,Colombo,Group D
22,77,2,0,0,7,85,1,1,2,1,2,1,1,2,0,0,2,Female,68,SIM-4782,synthetic_simulation,5,4,1,4,5,1,3,3,2,5,4,5,5,3,2,5,Buddhism,Galle,Group B
10,75,2,2,0,8,87,1,1,2,2,2,1,2,4,1,1,2,Male,63,SIM-4783,synthetic_simulation,4,2,4,2,1,1,3,5,3,2,3,4,4,2,4,2,Islam,Negombo,Group D
14,94,1,2,1,6,76,2,0,0,1,1,1,1,3,0,1,2,Female,64,SIM-4784,synthetic_simulation,2,5,5,1,4,1,2,2,3,2,2,3,2,3,4,1,Hinduism,Galle,Group C
37,69,2,0,1,9,87,2,0,1,1,2,1,0,2,0,0,0,Female,68,SIM-4785,synthetic_simulation,1,4,5,3,2,2,2,4,1,5,2,2,5,5,1,3,Christianity,Kandy,Group B
18,89,2,1,0,8,76,0,1,0,1,2,1,2,2,0,1,2,Male,67,SIM-4786,synthetic_simulation,2,3,5,4,2,3,3,4,3,5,5,3,2,4,1,5,Christianity,Colombo,Group D
24,90,1,2,1,7,55,2,1,1,0,2,1,0,2,0,2,0,Male,68,SIM-4787,synthetic_simulation,5,1,3,3,5,2,2,2,4,1,5,2,5,4,5,1,Hinduism,Jaffna,Group B
16,77,2,2,1,7,93,2,1,1,1,2,1,2,2,0,1,1,Male,66,SIM-4788,synthetic_simulation,2,2,1,1,3,3,5,1,2,1,1,2,5,1,4,1,Christianity,Jaffna,Group D
7,72,2,2,1,4,94,2,1,4,2,2,0,2,4,0,2,2,Female,66,SIM-4789,synthetic_simulation,4,1,5,1,1,3,2,4,2,2,1,5,4,1,5,5,Buddhism,Colombo,Group B
19,79,2,0,1,8,63,2,1,4,1,0,1,1,2,0,1,1,Male,68,SIM-4790,synthetic_simulation,1,3,2,1,4,1,2,5,1,4,5,1,1,5,4,3,Hinduism,Galle,Group C
18,64,2,0,1,9,89,1,1,1,2,0,0,1,3,0,1,1,Non-binary,64,SIM-4791,synthetic_simulation,4,5,5,5,5,4,5,1,1,5,5,5,3,1,5,5,Buddhism,Colombo,Group B
18,62,0,2,1,7,76,2,1,2,2,2,0,0,3,1,0,2,Non-binary,63,SIM-4792,synthetic_simulation,1,5,3,3,3,5,5,3,2,1,2,1,5,5,3,4,Buddhism,Kandy,Group A
19,64,2,2,1,7,56,2,1,0,1,2,0,1,4,0,1,2,Male,62,SIM-4793,synthetic_simulation,5,3,2,5,5,4,5,5,1,1,4,1,5,3,4,1,Buddhism,Kandy,Group A
22,67,2,0,0,7,70,0,1,2,1,2,0,2,2,0,1,2,Female,66,SIM-4794,synthetic_simulation,1,3,1,1,3,3,3,2,3,1,5,5,2,2,2,4,Islam,Kandy,Group D
19,80,0,2,1,9,54,2,1,0,1,2,1,0,2,0,2,1,Female,65,SIM-4795,synthetic_simulation,1,2,1,4,2,4,2,1,3,4,3,4,1,4,5,4,Hinduism,Colombo,Group D
12,94,2,1,1,9,89,2,1,1,1,1,0,0,3,0,1,2,Non-binary,66,SIM-4796,synthetic_simulation,1,4,5,1,3,3,5,5,4,2,4,5,5,2,3,4,Buddhism,Negombo,Group C
23,69,2,0,1,6,60,2,1,2,1,0,0,0,4,0,1,2,Female,66,SIM-4797,synthetic_simulation,2,1,2,5,2,2,5,4,1,2,4,3,5,3,3,3,Hinduism,Galle,Group C
8,97,2,0,1,8,58,0,1,2,0,2,1,1,2,0,0,2,Non-binary,69,SIM-4798,synthetic_simulation,2,1,2,1,2,2,3,2,2,1,3,3,3,1,1,1,Other,Jaffna,Group D
8,98,1,2,1,7,60,2,1,1,0,0,0,0,3,0,2,2,Male,67,SIM-4799,synthetic_simulation,5,5,5,1,1,1,4,1,5,4,3,3,1,4,3,4,Buddhism,Negombo,Group B
24,98,2,0,0,8,61,2,1,6,2,0,0,2,3,0,1,2,Non-binary,75,SIM-4800,synthetic_simulation,1,5,5,5,3,5,2,4,2,4,3,3,1,1,5,4,Christianity,Colombo,Group D
23,94,0,2,1,6,84,0,1,0,1,0,1,1,3,0,2,2,Female,73,SIM-4801,synthetic_simulation,3,2,4,5,4,2,4,2,5,2,2,1,5,2,3,4,Other,Galle,Group A
20,75,2,2,1,9,82,0,1,0,1,1,1,2,5,0,0,1,Non-binary,66,SIM-4802,synthetic_simulation,5,3,4,4,4,5,4,2,5,5,5,1,1,1,3,2,Christianity,Colombo,Group A
12,63,2,2,0,8,56,1,1,4,2,2,1,2,4,0,0,1,Female,61,SIM-4803,synthetic_simulation,1,1,5,5,3,1,5,1,4,1,5,5,1,5,1,1,Other,Jaffna,Group A
16,83,2,2,1,9,86,2,1,5,1,0,0,0,4,0,1,1,Non-binary,68,SIM-4804,synthetic_simulation,1,2,3,4,1,5,3,1,5,4,2,2,3,2,1,4,Islam,Colombo,Group D
18,82,2,2,1,5,67,0,0,1,2,0,1,1,4,0,0,2,Male,67,SIM-4805,synthetic_simulation,2,5,4,2,4,2,2,1,3,5,4,2,4,1,4,3,Islam,Colombo,Group B
10,94,2,0,0,5,73,2,1,1,2,2,1,0,3,0,1,1,Non-binary,66,SIM-4806,synthetic_simulation,5,5,5,2,5,2,2,5,3,3,2,1,3,2,2,2,Other,Negombo,Group A
16,100,2,0,0,10,56,2,1,1,0,2,1,1,2,0,1,2,Male,69,SIM-4807,synthetic_simulation,1,1,2,5,4,4,2,2,4,1,5,4,4,1,3,2,Other,Colombo,Group D
24,80,2,2,0,9,85,1,1,3,1,2,1,2,4,0,1,2,Male,69,SIM-4808,synthetic_simulation,1,5,4,1,1,4,4,3,2,3,1,1,3,1,2,5,Hinduism,Jaffna,Group D
29,74,2,0,1,6,69,2,1,1,1,0,0,0,1,0,0,0,Male,67,SIM-4809,synthetic_simulation,5,5,3,3,2,4,1,4,2,2,2,4,5,2,3,3,Islam,Negombo,Group D
17,67,0,2,0,8,82,2,1,0,2,2,1,2,4,0,1,2,Female,65,SIM-4810,synthetic_simulation,3,4,1,1,2,5,3,1,2,2,1,2,3,3,1,5,Hinduism,Colombo,Group A
25,60,2,1,0,6,71,1,1,2,0,2,1,2,2,0,1,2,Male,63,SIM-4811,synthetic_simulation,5,3,2,5,2,2,1,2,2,2,1,1,1,2,5,2,Christianity,Colombo,Group A
9,80,2,1,1,4,52,1,1,1,0,2,1,2,2,0,2,2,Female,63,SIM-4812,synthetic_simulation,5,5,3,4,1,1,4,4,3,4,3,5,1,4,4,5,Islam,Kandy,Group A
24,82,2,2,0,4,85,1,0,1,1,2,1,0,2,0,1,2,Male,66,SIM-4813,synthetic_simulation,3,4,3,1,2,3,5,3,3,4,3,3,2,4,3,5,Hinduism,Kandy,Group B
15,93,2,2,1,7,78,1,1,0,2,2,1,0,4,0,1,1,Non-binary,66,SIM-4814,synthetic_simulation,5,2,3,2,2,2,1,4,4,5,3,2,5,3,5,5,Buddhism,Negombo,Group B
22,80,2,0,1,9,72,1,1,2,2,2,1,1,4,0,0,2,Non-binary,69,SIM-4815,synthetic_simulation,1,5,2,5,1,4,1,3,4,3,1,1,1,1,1,4,Christianity,Jaffna,Group C
19,97,0,2,1,9,60,0,1,3,2,2,1,0,4,0,2,1,Male,72,SIM-4816,synthetic_simulation,5,2,3,1,5,4,3,1,4,2,5,1,5,2,4,2,Islam,Colombo,Group B
28,85,2,2,1,9,81,1,1,2,1,2,1,1,3,0,1,2,Non-binary,70,SIM-4817,synthetic_simulation,3,5,1,1,4,5,4,5,2,2,3,3,3,1,2,5,Buddhism,Galle,Group B
15,94,2,0,1,8,64,2,1,2,1,2,1,0,1,0,0,2,Non-binary,68,SIM-4818,synthetic_simulation,4,1,4,4,1,4,3,3,2,4,3,2,1,1,4,3,Other,Negombo,Group A
24,66,0,2,1,7,71,1,1,1,1,0,1,1,3,0,1,2,Female,66,SIM-4819,synthetic_simulation,5,4,2,4,1,5,5,1,3,4,4,5,5,4,2,4,Buddhism,Negombo,Group C
18,94,1,2,1,9,53,2,1,3,1,2,1,0,3,0,0,1,Female,67,SIM-4820,synthetic_simulation,2,4,3,4,3,1,2,4,3,4,1,5,3,2,3,2,Other,Colombo,Group B
19,87,0,2,0,4,89,2,1,0,1,1,1,2,5,1,2,1,Non-binary,68,SIM-4821,synthetic_simulation,1,1,5,3,2,4,4,4,1,1,1,5,4,5,2,2,Other,Negombo,Group C
19,67,2,1,1,8,55,2,0,0,2,0,0,2,4,0,1,2,Male,62,SIM-4822,synthetic_simulation,1,3,4,5,5,5,5,4,1,3,3,2,2,4,2,1,Other,Galle,Group D
15,68,2,0,0,5,95,0,1,1,2,2,0,2,2,1,0,2,Male,64,SIM-4823,synthetic_simulation,2,4,2,5,3,4,5,5,2,3,4,5,3,1,4,2,Other,Negombo,Group B
20,97,0,1,1,6,93,1,1,1,0,0,1,2,1,0,0,0,Female,71,SIM-4824,synthetic_simulation,2,2,5,2,5,5,1,2,3,1,4,4,4,1,3,5,Christianity,Jaffna,Group B
20,61,0,2,0,8,99,2,1,0,2,0,1,1,4,0,0,2,Non-binary,65,SIM-4825,synthetic_simulation,5,4,5,2,2,2,3,3,2,2,2,1,5,5,1,1,Other,Galle,Group B
21,79,2,2,1,8,95,0,1,0,2,2,1,1,2,0,2,2,Female,69,SIM-4826,synthetic_simulation,2,3,3,5,2,5,1,2,5,5,2,4,4,1,4,2,Other,Jaffna,Group A
21,73,2,2,0,6,99,2,0,1,1,2,1,1,5,0,1,2,Male,65,SIM-4827,synthetic_simulation,4,2,2,1,2,3,1,4,1,5,3,2,1,3,3,4,Other,Kandy,Group B
25,87,2,2,0,8,94,0,1,0,2,0,1,2,4,0,1,2,Female,71,SIM-4828,synthetic_simulation,3,2,3,5,4,1,2,5,4,2,1,5,5,5,5,2,Islam,Kandy,Group A
26,94,1,2,0,8,56,1,1,1,0,2,1,0,2,0,0,2,Non-binary,69,SIM-4829,synthetic_simulation,2,1,1,3,5,2,3,1,2,5,4,5,2,1,1,4,Hinduism,Colombo,Group B
14,74,0,2,1,7,72,0,0,2,2,2,0,0,3,0,0,2,Male,65,SIM-4830,synthetic_simulation,2,5,5,2,5,1,2,5,5,4,4,5,2,4,2,2,Buddhism,Colombo,Group C
25,77,1,2,1,7,54,2,1,2,2,2,1,1,1,0,0,1,Non-binary,66,SIM-4831,synthetic_simulation,4,1,1,2,3,2,5,2,4,3,4,3,5,4,5,2,Buddhism,Negombo,Group A
13,99,2,2,1,10,77,1,1,0,2,0,0,0,3,0,0,1,Male,68,SIM-4832,synthetic_simulation,1,5,3,2,1,4,2,4,5,4,1,3,1,3,2,5,Hinduism,Kandy,Group B
24,91,0,0,1,7,76,2,1,0,2,2,0,2,2,0,1,1,Non-binary,72,SIM-4833,synthetic_simulation,1,1,4,5,2,5,5,3,3,5,2,5,5,5,3,2,Christianity,Negombo,Group D
24,96,0,0,1,7,96,2,1,1,2,2,1,0,3,0,1,2,Non-binary,74,SIM-4834,synthetic_simulation,5,5,5,2,2,4,1,5,3,5,3,1,5,5,1,5,Other,Negombo,Group B
9,78,2,2,0,7,98,1,1,3,1,2,1,2,2,0,1,2,Female,64,SIM-4835,synthetic_simulation,4,4,4,2,3,1,2,2,3,3,2,3,5,1,1,1,Islam,Jaffna,Group B
21,69,0,1,1,7,63,2,1,0,2,2,1,2,3,0,1,1,Male,64,SIM-4836,synthetic_simulation,3,2,2,5,5,1,3,2,4,4,4,2,3,1,4,2,Buddhism,Galle,Group C
17,76,2,2,1,8,79,1,0,1,1,2,1,1,4,1,2,0,Non-binary,63,SIM-4837,synthetic_simulation,3,5,5,1,4,2,2,1,4,3,4,5,2,2,3,5,Hinduism,Jaffna,Group D
15,89,0,1,0,9,73,0,1,2,1,1,0,1,2,0,1,2,Male,66,SIM-4838,synthetic_simulation,4,4,1,2,5,1,5,3,3,5,1,1,2,3,2,4,Other,Jaffna,Group B
28,64,2,2,1,7,77,2,1,1,0,2,1,2,2,0,1,2,Female,67,SIM-4839,synthetic_simulation,3,3,4,2,4,5,4,2,4,3,1,3,1,5,2,1,Buddhism,Jaffna,Group C
16,71,0,1,1,6,77,1,1,4,2,2,1,1,5,1,0,1,Non-binary,64,SIM-4840,synthetic_simulation,1,1,2,2,4,1,3,3,3,3,1,2,2,1,2,1,Buddhism,Galle,Group D
15,62,1,0,0,10,96,1,1,0,2,0,0,2,4,0,1,0,Male,62,SIM-4841,synthetic_simulation,3,3,5,3,5,4,5,4,2,5,3,3,1,5,2,4,Buddhism,Jaffna,Group B
20,77,2,1,1,7,95,0,1,0,2,2,1,2,1,0,1,0,Female,66,SIM-4842,synthetic_simulation,3,4,2,5,2,5,4,5,3,3,5,2,1,3,1,1,Other,Colombo,Group C
24,93,2,0,0,4,56,1,1,4,1,0,1,0,2,0,2,1,Non-binary,71,SIM-4843,synthetic_simulation,4,3,1,2,4,1,3,2,1,4,5,5,2,4,1,4,Christianity,Negombo,Group A
19,61,0,1,1,10,67,1,0,1,2,2,1,2,6,0,2,2,Male,63,SIM-4844,synthetic_simulation,4,3,5,3,3,3,4,4,2,5,3,1,5,3,2,3,Hinduism,Jaffna,Group C
27,87,0,2,1,9,88,2,1,1,1,0,1,2,4,1,0,2,Female,72,SIM-4845,synthetic_simulation,3,4,2,1,3,3,1,1,3,3,3,4,5,5,4,5,Hinduism,Kandy,Group B
23,97,2,0,0,9,84,1,1,1,0,2,1,2,3,1,1,0,Female,71,SIM-4846,synthetic_simulation,2,2,3,1,4,4,1,3,1,2,3,3,3,1,5,2,Buddhism,Galle,Group A
7,69,1,2,0,9,82,1,1,1,2,0,0,2,3,0,2,2,Non-binary,61,SIM-4847,synthetic_simulation,4,5,5,3,2,2,2,4,3,4,2,1,1,5,3,1,Christianity,Negombo,Group B
17,88,2,0,1,10,100,2,1,1,1,0,1,2,2,0,2,2,Non-binary,71,SIM-4848,synthetic_simulation,5,1,5,1,4,2,2,3,2,4,3,4,4,2,2,3,Christianity,Jaffna,Group C
17,99,2,2,0,5,67,1,1,2,2,2,0,1,4,0,2,0,Non-binary,69,SIM-4849,synthetic_simulation,5,5,5,4,3,1,2,3,3,4,2,5,4,3,3,4,Other,Galle,Group A
23,98,2,0,1,6,76,1,1,3,1,0,1,2,3,0,1,2,Male,74,SIM-4850,synthetic_simulation,1,1,5,1,3,5,2,2,4,1,1,2,2,2,2,2,Hinduism,Galle,Group B
4,69,2,0,1,6,99,2,1,0,2,0,1,1,2,0,1,1,Female,61,SIM-4851,synthetic_simulation,3,5,3,4,5,2,4,3,3,5,4,5,2,5,4,4,Buddhism,Kandy,Group D
35,64,2,1,0,6,85,0,1,2,2,0,0,1,2,0,1,1,Female,68,SIM-4852,synthetic_simulation,2,3,1,3,2,3,3,4,2,1,5,1,4,5,5,4,Buddhism,Galle,Group C
23,66,2,0,1,7,82,0,1,1,2,2,1,2,2,0,1,2,Non-binary,67,SIM-4853,synthetic_simulation,1,2,3,4,5,2,3,1,5,3,4,1,3,2,2,4,Christianity,Negombo,Group C
21,88,0,1,0,6,58,2,1,3,0,2,0,1,4,0,0,2,Female,70,SIM-4854,synthetic_simulation,3,3,3,1,1,3,2,2,3,5,5,3,1,1,2,1,Islam,Galle,Group D
27,89,2,2,0,5,62,2,1,0,1,2,1,1,3,0,1,2,Non-binary,69,SIM-4855,synthetic_simulation,4,2,2,2,4,2,1,5,4,4,1,4,1,1,5,3,Other,Jaffna,Group C
34,87,2,1,0,6,69,0,1,3,1,2,0,1,2,0,0,1,Non-binary,72,SIM-4856,synthetic_simulation,5,4,4,4,5,4,5,1,2,4,5,4,2,3,2,1,Christianity,Colombo,Group A
25,73,2,1,1,7,73,2,1,1,2,2,1,2,2,0,1,2,Female,66,SIM-4857,synthetic_simulation,2,1,4,1,2,5,2,4,1,4,1,3,2,2,1,2,Other,Galle,Group D
26,67,2,2,0,9,75,2,1,2,2,2,1,2,3,0,1,2,Female,67,SIM-4858,synthetic_simulation,5,1,2,2,4,1,2,2,5,4,4,5,5,3,4,3,Christianity,Negombo,Group B
21,83,2,2,0,6,95,0,1,4,0,0,1,1,2,0,1,0,Male,70,SIM-4859,synthetic_simulation,4,4,3,3,4,3,1,3,3,3,2,4,3,3,1,2,Christianity,Jaffna,Group B
19,79,2,0,1,8,55,2,1,3,2,2,0,1,4,1,2,2,Non-binary,68,SIM-4860,synthetic_simulation,3,5,2,3,4,2,5,1,2,2,5,5,1,4,4,1,Christianity,Galle,Group D
17,89,1,2,1,5,62,0,1,2,2,2,0,2,2,0,0,2,Female,68,SIM-4861,synthetic_simulation,4,4,5,5,4,1,4,2,4,5,3,2,5,3,1,5,Islam,Galle,Group B
15,78,2,0,0,4,57,0,1,2,2,0,1,0,2,0,1,2,Non-binary,65,SIM-4862,synthetic_simulation,4,4,2,3,4,3,4,5,4,2,2,1,4,3,1,5,Hinduism,Jaffna,Group A
16,74,2,1,1,7,87,2,1,0,1,1,1,2,3,0,0,2,Female,63,SIM-4863,synthetic_simulation,5,2,2,5,2,3,5,5,2,5,2,2,5,4,2,3,Buddhism,Galle,Group B
12,72,1,1,1,6,99,0,1,0,1,2,1,2,4,0,0,0,Non-binary,62,SIM-4864,synthetic_simulation,2,4,5,3,1,4,5,5,4,4,1,3,4,3,4,5,Other,Jaffna,Group B
20,68,2,0,1,6,95,2,1,0,1,2,1,2,4,0,1,2,Non-binary,66,SIM-4865,synthetic_simulation,4,1,4,3,3,2,4,2,5,1,4,4,4,3,4,4,Christianity,Kandy,Group B
10,71,2,0,1,6,86,2,1,1,2,1,1,0,2,1,2,2,Non-binary,62,SIM-4866,synthetic_simulation,5,3,5,3,1,1,2,1,1,3,3,2,1,3,2,5,Buddhism,Colombo,Group D
21,64,1,0,1,6,51,1,1,0,0,1,1,0,3,0,0,1,Non-binary,61,SIM-4867,synthetic_simulation,2,2,1,5,3,2,2,3,4,5,4,1,5,2,4,5,Christianity,Galle,Group C
20,74,1,2,1,6,67,0,1,0,2,2,0,0,4,1,0,1,Non-binary,63,SIM-4868,synthetic_simulation,3,2,2,5,5,2,1,1,4,4,4,4,1,4,4,4,Hinduism,Kandy,Group B
21,61,2,2,1,6,93,1,1,3,2,0,0,1,3,0,1,2,Male,65,SIM-4869,synthetic_simulation,3,5,2,4,4,5,5,3,1,1,2,5,3,1,2,4,Hinduism,Jaffna,Group D
17,67,0,1,0,5,83,0,1,3,1,2,1,2,3,0,1,1,Female,64,SIM-4870,synthetic_simulation,1,3,4,1,5,3,2,1,5,4,3,4,3,3,3,2,Hinduism,Colombo,Group C
38,90,0,2,1,4,60,1,1,2,1,2,1,1,4,0,0,1,Female,74,SIM-4871,synthetic_simulation,5,2,3,1,5,3,2,1,5,3,5,1,3,2,5,1,Christianity,Galle,Group D
28,73,1,2,1,4,73,2,1,2,0,0,1,2,2,0,2,2,Male,70,SIM-4872,synthetic_simulation,2,4,5,1,3,5,1,2,5,1,3,4,3,2,1,3,Buddhism,Kandy,Group C
13,87,1,2,0,10,54,1,1,2,1,2,1,2,2,0,1,1,Male,63,SIM-4873,synthetic_simulation,4,2,3,3,2,5,5,5,4,5,1,2,4,2,4,4,Hinduism,Jaffna,Group D
21,89,1,2,0,7,76,2,1,3,0,2,1,2,2,0,1,0,Male,68,SIM-4874,synthetic_simulation,3,2,1,1,4,2,1,5,4,5,2,3,3,4,5,3,Other,Galle,Group C
16,83,2,0,1,9,95,2,1,2,1,0,1,1,2,0,0,2,Male,69,SIM-4875,synthetic_simulation,2,2,5,5,5,3,1,5,5,5,3,2,1,4,2,2,Islam,Kandy,Group D
14,98,2,0,1,7,52,0,1,1,2,0,0,0,4,0,1,1,Non-binary,70,SIM-4876,synthetic_simulation,5,5,1,4,1,1,4,5,4,5,1,4,5,5,4,5,Islam,Colombo,Group C
12,61,2,2,1,7,81,2,1,2,0,2,1,1,3,0,0,0,Male,62,SIM-4877,synthetic_simulation,1,2,1,2,4,4,1,1,3,1,5,5,5,3,5,1,Islam,Colombo,Group B
23,90,0,2,1,7,62,2,1,3,2,1,0,2,2,0,2,1,Male,71,SIM-4878,synthetic_simulation,3,2,1,4,2,5,5,5,4,3,4,4,1,1,1,1,Islam,Kandy,Group B
16,98,2,1,0,8,100,1,1,2,1,2,1,1,1,0,1,2,Male,69,SIM-4879,synthetic_simulation,2,5,5,1,4,1,2,1,5,1,4,1,2,1,5,4,Islam,Colombo,Group C
26,94,0,1,1,5,53,1,1,0,1,0,1,1,2,0,1,2,Male,69,SIM-4880,synthetic_simulation,2,3,5,1,5,1,2,3,2,5,1,2,2,5,3,5,Islam,Colombo,Group B
26,67,1,0,1,6,81,0,1,4,1,0,1,1,3,1,0,2,Non-binary,68,SIM-4881,synthetic_simulation,2,1,4,5,1,2,4,4,5,3,2,2,2,1,4,1,Christianity,Kandy,Group C
28,73,1,2,1,7,63,1,1,0,1,2,1,2,2,0,1,2,Male,65,SIM-4882,synthetic_simulation,5,5,2,4,5,5,5,4,2,2,4,4,2,3,1,3,Buddhism,Jaffna,Group A
15,67,2,0,1,4,94,0,1,1,2,2,0,2,5,0,1,0,Female,65,SIM-4883,synthetic_simulation,5,5,3,5,2,1,2,3,4,2,2,3,4,1,1,5,Other,Negombo,Group B
23,84,1,1,1,9,56,1,0,1,2,0,1,2,4,0,1,2,Female,65,SIM-4884,synthetic_simulation,5,2,3,5,3,4,1,1,4,1,2,4,4,3,1,4,Buddhism,Galle,Group C
24,88,0,0,0,9,71,2,1,2,0,0,1,0,3,0,1,2,Non-binary,72,SIM-4885,synthetic_simulation,4,2,1,2,1,1,3,5,2,5,4,3,5,4,3,3,Other,Colombo,Group A
17,73,2,1,0,4,59,0,1,2,1,0,0,0,4,0,1,1,Non-binary,63,SIM-4886,synthetic_simulation,2,1,5,5,2,4,3,2,5,2,5,4,5,4,5,1,Hinduism,Jaffna,Group B
15,82,2,0,1,6,90,0,0,2,0,2,1,2,2,0,1,2,Female,68,SIM-4887,synthetic_simulation,3,2,5,5,2,4,3,1,1,2,3,2,4,3,1,3,Other,Jaffna,Group D
30,88,2,2,1,7,68,1,1,1,2,0,1,2,3,0,0,2,Non-binary,72,SIM-4888,synthetic_simulation,5,4,1,2,5,4,3,1,1,4,4,3,4,3,3,5,Christianity,Negombo,Group B
21,77,2,1,1,8,59,2,1,3,1,2,0,2,2,0,1,2,Female,66,SIM-4889,synthetic_simulation,5,2,2,3,5,5,1,3,5,4,3,1,5,4,4,3,Hinduism,Kandy,Group D
24,94,1,2,0,9,86,0,1,2,1,2,1,1,3,0,0,2,Non-binary,71,SIM-4890,synthetic_simulation,2,2,3,3,5,4,2,3,4,3,2,3,1,3,4,4,Islam,Colombo,Group D
15,91,2,1,1,6,91,1,1,0,2,2,1,2,3,0,0,1,Non-binary,67,SIM-4891,synthetic_simulation,5,4,4,2,3,5,4,2,2,3,5,5,4,5,2,1,Christianity,Galle,Group A
13,63,2,2,0,10,73,1,1,2,1,0,1,0,3,0,2,1,Male,61,SIM-4892,synthetic_simulation,4,1,2,5,4,1,1,5,2,5,2,1,1,4,3,3,Christianity,Colombo,Group B
17,85,0,0,1,7,69,2,1,4,1,0,0,1,2,0,1,2,Female,70,SIM-4893,synthetic_simulation,4,4,5,1,4,4,2,4,5,2,5,4,3,1,1,3,Buddhism,Galle,Group D
19,69,2,2,1,7,82,1,0,2,1,2,1,1,3,0,0,2,Non-binary,64,SIM-4894,synthetic_simulation,5,5,1,4,5,3,5,5,5,1,1,5,1,4,3,2,Buddhism,Galle,Group A
14,82,2,2,1,8,83,2,1,0,2,2,1,0,2,0,1,1,Female,64,SIM-4895,synthetic_simulation,2,4,3,1,5,1,2,5,3,1,5,1,1,1,3,5,Hinduism,Negombo,Group B
20,98,1,0,1,7,83,2,0,0,1,2,1,1,3,0,1,0,Non-binary,68,SIM-4896,synthetic_simulation,2,3,1,1,3,3,2,1,2,4,5,4,4,1,5,4,Christianity,Galle,Group A
10,95,0,2,0,7,64,0,1,4,1,2,0,2,3,0,2,2,Female,70,SIM-4897,synthetic_simulation,2,5,5,5,4,3,2,2,3,3,2,3,3,5,2,1,Hinduism,Kandy,Group D
13,76,1,2,1,10,97,0,1,4,1,1,1,1,3,0,0,1,Male,65,SIM-4898,synthetic_simulation,1,2,1,4,3,2,1,1,4,5,4,4,2,4,3,3,Islam,Galle,Group D
24,72,0,0,0,7,61,2,1,3,1,2,0,1,2,0,1,2,Male,67,SIM-4899,synthetic_simulation,5,5,3,4,2,5,2,3,2,4,4,2,1,4,1,2,Buddhism,Jaffna,Group B
24,69,2,1,1,6,69,2,1,0,1,0,0,1,4,0,0,2,Male,65,SIM-4900,synthetic_simulation,2,1,1,3,4,2,2,4,5,4,3,1,3,5,2,5,Christianity,Jaffna,Group C
18,81,1,2,1,6,64,2,1,1,2,2,1,2,4,0,1,1,Female,65,SIM-4901,synthetic_simulation,4,1,3,2,5,5,5,2,5,5,1,3,3,4,4,4,Islam,Colombo,Group B
14,65,2,0,1,9,97,1,1,3,1,0,1,2,4,0,1,2,Female,65,SIM-4902,synthetic_simulation,3,4,1,5,1,2,5,2,4,5,5,4,4,1,3,2,Christianity,Galle,Group D
14,82,0,1,1,8,91,0,1,1,1,2,1,0,2,0,1,2,Non-binary,66,SIM-4903,synthetic_simulation,3,5,1,4,2,1,3,5,1,2,3,3,3,3,5,5,Islam,Negombo,Group A
18,60,2,0,0,5,91,1,1,2,1,2,1,0,4,1,1,2,Male,62,SIM-4904,synthetic_simulation,2,2,3,5,1,3,1,1,3,5,5,3,2,5,1,1,Other,Galle,Group D
24,73,2,2,1,5,50,1,1,1,1,2,1,0,2,0,1,2,Female,63,SIM-4905,synthetic_simulation,3,1,1,3,3,1,2,5,5,5,5,1,4,5,3,4,Islam,Galle,Group A
26,69,1,1,1,7,84,2,1,0,2,2,0,1,3,1,1,1,Female,63,SIM-4906,synthetic_simulation,3,2,2,1,3,5,3,5,2,4,1,3,1,3,5,1,Other,Galle,Group C
17,99,2,2,1,8,62,2,1,3,2,2,0,1,3,0,1,2,Male,70,SIM-4907,synthetic_simulation,1,3,4,4,3,3,3,2,2,4,1,1,4,1,4,5,Buddhism,Negombo,Group A
13,89,1,0,1,6,98,2,1,0,2,2,0,0,4,0,1,2,Female,67,SIM-4908,synthetic_simulation,4,1,2,3,5,3,1,4,2,1,3,3,1,3,3,3,Other,Colombo,Group C
22,74,0,0,0,4,77,1,1,0,0,2,0,0,3,1,1,2,Non-binary,66,SIM-4909,synthetic_simulation,4,4,4,5,3,5,3,3,4,1,4,3,4,4,5,3,Hinduism,Galle,Group A
15,64,0,2,0,5,78,2,1,2,1,2,1,2,2,0,1,1,Male,63,SIM-4910,synthetic_simulation,1,3,2,3,1,1,3,5,1,1,5,4,3,3,1,3,Islam,Colombo,Group B
17,81,0,1,1,9,68,0,1,1,1,1,0,2,3,0,0,2,Male,66,SIM-4911,synthetic_simulation,1,5,4,3,2,3,1,4,3,5,2,5,2,5,1,1,Buddhism,Negombo,Group B
28,69,1,2,0,8,77,2,1,3,2,2,1,1,4,0,0,1,Male,67,SIM-4912,synthetic_simulation,3,2,1,3,5,1,4,5,2,2,3,1,4,2,4,1,Christianity,Colombo,Group D
25,81,2,2,0,9,87,1,1,1,1,0,0,0,1,0,2,1,Male,68,SIM-4913,synthetic_simulation,5,1,3,3,2,1,3,4,2,4,5,2,5,4,2,1,Islam,Colombo,Group D
21,93,1,0,1,9,78,1,1,1,2,1,1,1,2,1,1,0,Female,67,SIM-4914,synthetic_simulation,3,3,3,3,3,1,5,1,5,3,1,1,3,3,3,3,Islam,Kandy,Group D
12,85,2,0,1,6,82,2,1,1,0,2,1,1,2,0,1,0,Male,66,SIM-4915,synthetic_simulation,1,3,5,3,4,3,3,3,1,2,1,3,4,3,5,5,Other,Galle,Group D
21,85,0,0,1,6,74,2,1,2,2,2,1,1,4,0,1,2,Non-binary,71,SIM-4916,synthetic_simulation,4,1,4,2,5,4,1,2,5,3,1,5,3,1,4,3,Other,Colombo,Group A
26,82,2,2,1,7,86,2,1,0,1,0,1,1,2,1,2,2,Male,69,SIM-4917,synthetic_simulation,3,5,5,5,3,2,1,1,4,5,1,1,5,4,4,5,Islam,Galle,Group C
18,97,0,1,1,8,95,0,1,1,2,2,1,2,2,0,2,1,Female,72,SIM-4918,synthetic_simulation,5,5,5,1,5,5,4,5,4,3,4,3,3,1,5,5,Islam,Kandy,Group A
28,97,0,1,1,9,53,1,1,0,1,2,0,0,3,0,0,1,Non-binary,70,SIM-4919,synthetic_simulation,3,4,4,5,4,1,4,5,3,1,4,2,3,5,2,5,Hinduism,Kandy,Group B
28,81,2,2,1,10,55,2,1,2,2,1,0,1,3,0,1,2,Non-binary,68,SIM-4920,synthetic_simulation,2,5,3,4,1,3,5,3,4,4,5,4,4,5,2,4,Christianity,Colombo,Group D
30,72,2,2,0,8,84,2,1,1,1,0,0,2,1,0,1,2,Non-binary,68,SIM-4921,synthetic_simulation,3,4,4,4,1,5,5,3,3,2,5,4,3,1,4,1,Hinduism,Colombo,Group A
22,78,1,0,1,8,69,0,1,2,1,2,1,0,2,0,1,2,Non-binary,67,SIM-4922,synthetic_simulation,1,3,1,5,1,4,3,3,5,1,3,1,4,4,4,5,Hinduism,Kandy,Group B
24,67,2,2,0,10,64,1,1,1,1,2,1,2,2,1,0,0,Male,62,SIM-4923,synthetic_simulation,4,1,5,3,4,4,4,5,2,4,1,1,2,1,4,5,Christianity,Jaffna,Group D
28,85,2,1,0,7,59,1,1,1,1,2,1,1,3,0,2,0,Male,67,SIM-4924,synthetic_simulation,4,5,5,2,2,3,5,5,2,1,1,2,5,1,4,5,Buddhism,Colombo,Group B
23,80,0,2,0,9,79,2,1,1,2,0,1,0,2,0,2,2,Non-binary,69,SIM-4925,synthetic_simulation,1,4,4,1,4,1,3,2,1,2,2,4,1,4,4,1,Christianity,Jaffna,Group B
17,64,2,0,1,8,67,2,1,3,1,2,1,0,3,0,0,2,Female,64,SIM-4926,synthetic_simulation,2,3,5,3,4,4,2,3,4,5,2,3,5,5,3,4,Buddhism,Negombo,Group D
17,68,2,0,1,8,75,2,1,2,1,0,0,2,3,0,0,2,Female,66,SIM-4927,synthetic_simulation,1,5,3,5,3,4,3,4,1,3,1,1,3,2,3,1,Islam,Negombo,Group A
21,79,0,1,1,7,98,0,1,2,1,2,1,2,1,0,1,2,Non-binary,69,SIM-4928,synthetic_simulation,3,2,5,5,1,4,5,2,1,5,2,5,4,1,3,3,Hinduism,Negombo,Group D
12,96,0,0,0,5,88,0,1,0,2,2,0,2,2,0,0,1,Female,70,SIM-4929,synthetic_simulation,1,3,4,2,5,3,3,4,2,3,2,4,1,1,1,1,Islam,Colombo,Group A
19,83,0,2,0,8,90,1,1,3,1,2,1,2,3,0,0,1,Non-binary,69,SIM-4930,synthetic_simulation,1,5,3,2,2,5,2,1,4,3,1,3,1,3,3,1,Hinduism,Colombo,Group B
27,87,2,2,1,8,56,2,1,3,2,0,1,1,3,0,2,2,Non-binary,72,SIM-4931,synthetic_simulation,2,3,3,5,5,2,5,3,2,2,4,4,3,4,3,2,Other,Negombo,Group B
7,74,2,2,1,6,66,1,1,1,1,0,0,2,2,0,1,2,Male,61,SIM-4932,synthetic_simulation,3,1,5,3,3,3,3,2,1,2,4,2,1,3,2,2,Hinduism,Jaffna,Group A
29,83,2,2,0,7,55,0,1,2,1,1,0,0,4,0,1,2,Male,68,SIM-4933,synthetic_simulation,5,1,4,3,3,1,5,2,4,5,5,5,4,5,4,4,Hinduism,Colombo,Group A
27,78,2,2,0,6,98,1,1,1,2,2,1,2,3,0,1,0,Non-binary,68,SIM-4934,synthetic_simulation,5,1,5,3,2,3,3,1,2,4,4,3,3,3,5,1,Hinduism,Colombo,Group C
17,86,1,2,0,6,84,0,1,0,2,2,0,1,3,0,1,2,Male,66,SIM-4935,synthetic_simulation,4,2,1,1,5,3,1,1,3,4,1,3,5,4,2,2,Buddhism,Galle,Group A
23,62,2,2,0,6,51,2,1,5,0,2,1,0,2,0,0,2,Female,65,SIM-4936,synthetic_simulation,1,1,1,1,2,2,5,1,3,5,2,1,3,1,1,1,Other,Galle,Group C
20,80,0,1,1,5,74,2,1,2,1,1,1,0,4,0,0,1,Male,66,SIM-4937,synthetic_simulation,4,2,3,3,2,2,5,2,5,3,1,2,3,1,2,5,Buddhism,Galle,Group D
27,72,2,2,0,6,63,2,1,1,0,2,0,0,5,0,0,1,Non-binary,67,SIM-4938,synthetic_simulation,2,1,5,5,1,2,5,5,5,2,3,2,1,2,5,2,Christianity,Kandy,Group C
26,73,2,0,0,8,77,2,1,0,2,0,0,2,2,0,0,0,Non-binary,68,SIM-4939,synthetic_simulation,5,3,1,2,5,5,5,4,4,5,2,3,2,5,2,2,Christianity,Colombo,Group A
12,98,1,2,0,9,59,1,1,1,0,2,1,1,2,0,2,2,Non-binary,67,SIM-4940,synthetic_simulation,1,5,2,4,1,3,3,4,5,4,1,4,1,1,2,2,Other,Negombo,Group B
24,67,1,2,1,10,53,2,1,0,2,2,1,2,3,1,0,2,Female,63,SIM-4941,synthetic_simulation,2,5,1,2,1,1,4,1,4,3,5,3,2,3,3,1,Christianity,Kandy,Group A
19,72,2,1,0,6,66,2,1,0,2,0,0,1,2,0,2,2,Male,64,SIM-4942,synthetic_simulation,2,1,5,2,1,2,3,5,1,4,5,3,3,2,1,5,Islam,Kandy,Group C
20,80,2,1,0,9,65,0,1,1,2,2,0,2,3,0,0,0,Male,66,SIM-4943,synthetic_simulation,1,5,5,4,4,2,2,5,3,3,2,3,3,2,3,1,Buddhism,Kandy,Group C
16,95,0,2,1,8,86,2,1,0,1,1,1,2,4,0,1,1,Male,69,SIM-4944,synthetic_simulation,2,1,1,3,3,3,1,1,4,4,4,3,5,5,5,2,Hinduism,Negombo,Group C
30,77,2,1,1,7,74,2,1,3,0,2,0,1,3,0,2,1,Non-binary,70,SIM-4945,synthetic_simulation,1,1,5,2,3,1,3,3,1,1,5,3,1,2,1,5,Islam,Kandy,Group B
26,90,2,2,0,8,65,0,1,3,2,0,0,2,2,0,1,2,Female,72,SIM-4946,synthetic_simulation,1,4,5,4,4,2,3,2,3,3,3,3,5,4,5,2,Hinduism,Galle,Group A
16,94,2,0,0,9,79,0,1,2,0,2,1,2,5,0,1,1,Non-binary,71,SIM-4947,synthetic_simulation,3,4,2,5,2,3,5,3,2,3,2,4,4,3,5,4,Christianity,Kandy,Group A
12,72,2,2,1,6,54,1,1,3,1,2,1,2,2,0,2,2,Male,63,SIM-4948,synthetic_simulation,4,4,3,5,5,4,2,5,1,3,3,5,3,2,2,5,Buddhism,Jaffna,Group B
18,76,0,0,0,6,83,2,1,1,0,2,1,1,4,0,1,2,Female,68,SIM-4949,synthetic_simulation,2,2,5,5,5,5,5,1,2,1,2,5,5,1,2,4,Christianity,Galle,Group B
23,74,2,0,1,6,57,1,0,1,0,0,0,1,3,0,0,2,Male,67,SIM-4950,synthetic_simulation,2,4,4,3,5,3,5,2,5,1,4,1,4,3,2,3,Buddhism,Colombo,Group B
21,93,2,1,0,6,64,2,1,2,1,2,1,2,4,0,2,1,Non-binary,69,SIM-4951,synthetic_simulation,3,1,3,2,1,2,4,4,4,4,1,5,2,5,2,2,Hinduism,Colombo,Group B
28,62,2,2,0,9,64,0,1,1,1,2,0,0,2,0,2,2,Non-binary,65,SIM-4952,synthetic_simulation,3,3,3,2,5,1,1,5,3,2,2,4,1,2,1,3,Hinduism,Galle,Group D
25,72,0,1,1,6,73,0,1,4,2,0,1,1,4,0,0,1,Female,69,SIM-4953,synthetic_simulation,3,4,4,1,5,4,4,2,5,4,1,3,4,3,3,1,Hinduism,Colombo,Group A
26,87,2,2,0,6,98,0,1,0,2,0,1,0,4,0,0,1,Female,71,SIM-4954,synthetic_simulation,5,4,1,5,5,1,5,2,1,3,2,2,1,1,1,4,Other,Negombo,Group B
22,83,2,1,1,7,66,2,1,2,2,2,0,1,3,0,1,2,Female,67,SIM-4955,synthetic_simulation,5,3,2,3,3,1,1,3,5,3,4,4,3,2,2,3,Christianity,Negombo,Group D
12,77,1,2,0,7,64,1,1,2,0,0,1,2,4,0,0,1,Male,64,SIM-4956,synthetic_simulation,5,1,5,4,4,1,3,4,2,4,3,2,2,5,4,3,Other,Kandy,Group A
19,82,0,2,1,6,58,1,1,2,2,0,0,2,3,0,0,2,Male,68,SIM-4957,synthetic_simulation,1,2,1,3,2,3,2,3,2,5,1,1,3,5,5,2,Islam,Jaffna,Group B
26,68,0,1,1,10,70,2,1,1,1,2,1,2,3,0,0,2,Female,67,SIM-4958,synthetic_simulation,2,4,4,2,4,3,4,3,4,2,3,4,4,5,2,5,Other,Kandy,Group B
20,77,1,1,0,6,59,1,1,1,0,2,1,0,2,0,1,1,Non-binary,62,SIM-4959,synthetic_simulation,4,3,2,5,5,5,2,3,5,1,2,3,2,2,2,2,Hinduism,Jaffna,Group D
23,80,0,2,0,7,57,1,1,2,2,0,1,0,2,0,2,1,Non-binary,68,SIM-4960,synthetic_simulation,1,1,2,1,2,4,5,3,3,2,2,3,4,2,5,2,Buddhism,Colombo,Group B
18,96,2,2,1,4,93,2,1,0,2,0,1,2,4,0,0,2,Female,72,SIM-4961,synthetic_simulation,2,5,2,3,2,1,1,5,2,5,4,4,1,2,5,1,Christianity,Galle,Group A
14,70,2,0,1,7,53,1,1,0,2,2,1,0,3,0,1,1,Non-binary,61,SIM-4962,synthetic_simulation,2,2,4,1,4,2,3,4,1,4,2,4,3,1,3,4,Christianity,Kandy,Group D
19,95,1,1,1,5,86,2,1,0,0,2,1,0,4,0,1,1,Non-binary,67,SIM-4963,synthetic_simulation,3,3,1,2,4,1,1,3,5,4,4,3,1,5,1,1,Christianity,Negombo,Group C
22,86,0,2,0,6,60,0,1,0,0,0,1,1,3,0,2,2,Non-binary,70,SIM-4964,synthetic_simulation,3,3,5,4,4,4,2,5,3,3,2,2,2,3,5,5,Islam,Kandy,Group B
16,61,1,2,1,4,51,1,1,1,1,2,1,1,3,0,1,2,Female,59,SIM-4965,synthetic_simulation,1,3,2,3,4,1,2,5,3,4,3,4,5,3,1,3,Christianity,Negombo,Group A
19,89,0,2,1,6,90,0,1,0,1,0,0,0,4,0,0,1,Male,70,SIM-4966,synthetic_simulation,3,4,2,2,1,3,3,2,3,5,2,3,1,2,2,4,Islam,Galle,Group D
14,61,1,2,0,7,85,0,1,1,1,2,1,1,1,0,1,2,Male,60,SIM-4967,synthetic_simulation,2,5,1,5,3,3,3,2,3,4,1,5,2,5,4,1,Hinduism,Galle,Group A
27,100,0,2,0,7,67,2,1,1,0,0,1,1,3,0,0,1,Male,74,SIM-4968,synthetic_simulation,3,2,2,3,3,4,1,1,2,4,5,4,2,5,4,1,Buddhism,Galle,Group C
18,95,1,0,1,6,54,0,1,0,2,0,0,0,3,0,0,1,Female,68,SIM-4969,synthetic_simulation,5,1,2,1,5,5,4,5,4,5,1,1,4,2,3,5,Hinduism,Kandy,Group C
29,72,2,2,0,7,68,1,1,0,1,2,1,2,3,0,0,2,Non-binary,67,SIM-4970,synthetic_simulation,3,1,4,3,1,1,1,1,5,1,1,1,1,1,3,3,Other,Negombo,Group B
29,70,2,1,0,6,59,0,1,2,2,2,0,1,4,0,2,0,Male,67,SIM-4971,synthetic_simulation,2,5,3,2,2,4,2,5,2,2,4,4,3,3,3,3,Christianity,Colombo,Group C
20,75,1,2,1,7,97,0,1,0,2,2,1,1,2,0,0,2,Non-binary,66,SIM-4972,synthetic_simulation,1,3,1,2,4,2,1,3,4,4,2,3,1,3,4,4,Other,Jaffna,Group D
14,74,2,2,0,7,76,0,1,1,1,0,1,1,2,0,1,0,Non-binary,63,SIM-4973,synthetic_simulation,4,3,1,1,5,2,5,3,3,2,3,2,4,4,5,4,Islam,Galle,Group C
7,75,2,2,0,7,98,1,0,1,1,0,1,2,3,0,0,2,Female,62,SIM-4974,synthetic_simulation,3,3,1,2,2,5,1,1,1,2,2,4,2,2,5,2,Hinduism,Colombo,Group D
11,73,0,1,1,7,68,0,1,3,1,0,0,1,3,0,0,1,Female,64,SIM-4975,synthetic_simulation,2,3,4,3,3,3,1,3,3,3,5,1,3,3,5,5,Christianity,Kandy,Group B
12,85,2,2,1,6,78,0,1,3,2,2,1,1,4,0,0,2,Female,68,SIM-4976,synthetic_simulation,4,3,4,1,2,4,5,3,4,1,2,2,5,3,2,4,Islam,Jaffna,Group A
28,67,2,2,0,8,60,0,1,0,2,2,1,2,3,0,1,1,Female,65,SIM-4977,synthetic_simulation,4,5,5,2,4,1,2,2,4,2,5,5,3,1,1,5,Hinduism,Colombo,Group A
21,94,2,1,1,8,90,1,1,1,2,2,1,2,4,0,2,2,Male,71,SIM-4978,synthetic_simulation,5,4,4,2,4,4,3,3,1,3,5,2,1,2,2,4,Hinduism,Colombo,Group C
22,92,2,2,1,7,52,1,0,1,2,2,0,0,3,0,2,2,Non-binary,68,SIM-4979,synthetic_simulation,4,2,1,3,3,5,1,2,2,5,1,5,3,2,3,5,Islam,Galle,Group D
7,79,1,0,1,9,85,2,1,0,2,2,1,0,2,0,1,2,Male,62,SIM-4980,synthetic_simulation,2,3,5,2,4,4,4,4,1,5,5,1,1,3,3,2,Buddhism,Colombo,Group C
13,94,0,0,1,7,70,2,1,1,2,2,0,0,3,0,1,1,Non-binary,68,SIM-4981,synthetic_simulation,2,4,3,3,1,5,3,5,3,5,5,5,3,3,5,1,Hinduism,Colombo,Group C
25,70,2,2,1,7,79,1,1,3,0,2,1,1,3,0,1,2,Male,68,SIM-4982,synthetic_simulation,3,1,2,5,5,5,4,2,5,5,3,2,1,5,2,1,Christianity,Jaffna,Group B
22,61,0,2,1,7,80,0,1,3,2,0,1,1,3,0,2,1,Non-binary,67,SIM-4983,synthetic_simulation,3,5,2,3,3,5,1,2,2,5,4,1,2,4,2,3,Other,Jaffna,Group D
19,85,2,2,1,7,86,2,1,0,1,2,1,2,2,0,0,1,Female,67,SIM-4984,synthetic_simulation,3,4,5,4,3,4,4,2,5,3,2,2,2,3,5,2,Islam,Kandy,Group A
23,78,0,0,1,6,60,2,1,2,0,0,1,2,4,0,1,0,Female,70,SIM-4985,synthetic_simulation,4,3,3,2,2,2,3,5,5,1,3,4,1,2,1,1,Buddhism,Galle,Group A
30,83,1,2,1,4,77,2,1,0,1,2,1,1,4,0,1,2,Non-binary,69,SIM-4986,synthetic_simulation,4,3,2,5,3,1,4,5,2,1,4,2,1,5,1,2,Hinduism,Galle,Group A
19,96,1,2,0,7,71,2,1,2,1,0,0,2,3,0,2,1,Male,70,SIM-4987,synthetic_simulation,5,3,5,1,5,5,4,5,3,3,1,4,5,1,2,4,Other,Colombo,Group B
20,99,2,1,0,8,64,1,1,1,0,2,1,2,2,0,1,2,Non-binary,69,SIM-4988,synthetic_simulation,3,4,4,4,1,3,3,3,4,3,3,4,1,2,2,3,Buddhism,Galle,Group C
21,85,0,2,1,5,75,1,1,1,0,0,1,2,2,0,1,1,Female,70,SIM-4989,synthetic_simulation,1,3,1,1,2,5,3,2,3,4,3,5,4,5,1,2,Islam,Galle,Group A
34,91,2,1,0,9,98,2,1,0,2,2,1,1,4,0,1,1,Female,72,SIM-4990,synthetic_simulation,5,4,3,4,5,4,3,5,4,2,1,4,1,2,4,4,Hinduism,Negombo,Group C
7,63,1,2,0,5,97,2,1,1,1,2,1,1,2,0,1,2,Female,59,SIM-4991,synthetic_simulation,1,3,2,5,3,5,3,4,4,5,5,5,2,2,4,4,Hinduism,Colombo,Group B
24,66,2,2,0,6,64,2,0,0,2,0,1,1,4,0,1,2,Male,64,SIM-4992,synthetic_simulation,4,1,1,5,4,3,5,5,2,2,1,4,3,2,3,3,Islam,Negombo,Group C
19,89,0,0,1,10,94,2,1,0,0,2,0,1,1,0,0,2,Non-binary,72,SIM-4993,synthetic_simulation,5,1,5,5,4,2,1,1,2,4,2,1,2,3,2,5,Other,Kandy,Group B
23,77,1,0,1,8,94,2,1,0,0,2,0,2,3,0,2,2,Male,70,SIM-4994,synthetic_simulation,5,2,2,4,5,4,3,1,1,1,1,5,4,3,1,3,Other,Jaffna,Group C
16,78,1,0,0,7,62,2,1,0,0,0,1,0,1,0,1,0,Female,63,SIM-4995,synthetic_simulation,2,3,1,3,1,4,2,2,5,5,3,2,3,4,5,4,Christianity,Galle,Group B
20,72,0,2,1,7,80,2,1,1,1,0,0,0,3,0,0,2,Female,66,SIM-4996,synthetic_simulation,4,3,4,1,4,4,4,2,5,1,1,5,2,1,5,2,Hinduism,Galle,Group C
24,84,0,0,0,9,93,2,1,3,0,2,1,1,4,0,1,0,Male,72,SIM-4997,synthetic_simulation,4,4,3,3,5,3,3,2,5,3,2,1,1,1,4,1,Islam,Negombo,Group A
39,67,0,0,1,5,76,2,0,2,2,2,0,0,4,0,1,2,Non-binary,71,SIM-4998,synthetic_simulation,5,4,5,3,2,4,3,3,5,2,5,4,1,3,1,1,Hinduism,Galle,Group A
25,85,0,0,0,9,68,2,1,1,0,2,1,0,3,0,2,0,Male,71,SIM-4999,synthetic_simulation,4,3,2,2,3,2,1,1,1,1,5,1,3,2,4,4,Christianity,Jaffna,Group B
15,67,1,2,1,6,83,1,1,3,2,1,1,2,3,0,1,1,Female,62,SIM-5000,synthetic_simulation,5,2,4,1,1,1,3,1,4,4,4,3,5,2,4,2,Christianity,Colombo,Group C
17,63,2,2,1,8,59,2,1,1,1,0,1,2,1,0,2,1,Non-binary,62,SIM-5001,synthetic_simulation,2,3,3,4,1,1,5,2,1,1,4,1,4,5,2,3,Buddhism,Negombo,Group B
17,73,2,1,0,6,58,2,1,4,2,2,1,2,1,0,0,2,Non-binary,64,SIM-5002,synthetic_simulation,5,4,3,2,2,5,2,1,2,5,2,1,2,5,2,1,Hinduism,Galle,Group A
9,69,0,0,1,10,92,2,1,2,1,2,0,1,3,0,2,2,Non-binary,65,SIM-5003,synthetic_simulation,4,3,4,2,1,1,2,1,3,5,4,1,2,5,1,4,Islam,Jaffna,Group C
18,96,0,1,1,7,52,1,1,1,1,2,0,1,4,0,0,2,Female,68,SIM-5004,synthetic_simulation,4,4,2,5,5,3,3,3,4,2,5,2,4,1,3,5,Buddhism,Galle,Group B
24,62,0,2,1,5,90,1,1,0,0,2,0,2,3,0,0,2,Female,67,SIM-5005,synthetic_simulation,5,3,3,4,1,1,1,4,4,3,5,2,2,1,2,1,Islam,Galle,Group A
12,67,2,2,1,8,65,1,1,1,0,2,1,1,3,0,1,1,Female,61,SIM-5006,synthetic_simulation,5,5,5,3,1,3,3,2,1,5,4,1,3,5,3,1,Christianity,Colombo,Group A
26,82,1,1,1,9,74,0,1,2,2,2,1,0,5,0,1,1,Female,68,SIM-5007,synthetic_simulation,5,4,1,3,1,3,4,4,2,4,1,3,5,5,4,4,Other,Negombo,Group D
23,79,2,0,0,9,77,2,1,1,1,0,1,1,3,0,1,2,Male,68,SIM-5008,synthetic_simulation,3,2,5,3,5,5,2,4,2,2,5,3,3,5,4,5,Other,Negombo,Group D
16,62,2,2,0,7,88,2,1,1,1,0,1,1,1,0,1,2,Non-binary,62,SIM-5009,synthetic_simulation,4,5,3,5,3,1,4,3,4,5,4,5,5,1,1,4,Islam,Jaffna,Group A
19,60,2,1,0,8,94,0,1,1,1,1,0,1,3,0,1,2,Male,62,SIM-5010,synthetic_simulation,4,3,1,3,4,5,5,1,1,4,4,1,1,3,1,1,Islam,Negombo,Group D
30,100,0,0,1,6,90,1,1,0,2,1,1,2,2,1,1,2,Female,74,SIM-5011,synthetic_simulation,3,4,4,1,1,4,2,2,5,1,2,5,5,2,4,4,Other,Kandy,Group B
24,86,2,2,1,8,79,2,0,0,1,2,1,1,4,0,1,2,Female,68,SIM-5012,synthetic_simulation,5,5,1,3,2,2,2,5,4,4,2,4,5,3,3,1,Buddhism,Colombo,Group D
20,75,1,0,0,8,67,2,1,1,0,1,1,2,4,0,0,1,Non-binary,66,SIM-5013,synthetic_simulation,2,2,1,3,2,1,5,4,5,2,5,3,5,1,3,2,Other,Galle,Group C
19,79,2,2,0,4,76,0,1,1,2,2,0,1,3,0,1,2,Non-binary,67,SIM-5014,synthetic_simulation,5,4,1,1,5,4,4,4,3,5,3,4,2,1,4,4,Christianity,Negombo,Group B
20,71,0,2,0,5,52,0,1,1,2,0,1,1,3,0,1,1,Female,65,SIM-5015,synthetic_simulation,5,5,3,5,3,4,3,3,2,3,4,4,5,5,5,3,Hinduism,Kandy,Group D
17,74,2,2,1,7,62,2,1,2,0,2,1,2,4,0,1,2,Female,66,SIM-5016,synthetic_simulation,3,5,2,2,1,5,1,4,4,3,1,1,4,3,5,4,Islam,Negombo,Group D
7,86,0,2,0,7,68,2,1,5,1,2,1,2,4,0,2,1,Non-binary,67,SIM-5017,synthetic_simulation,4,5,3,4,5,5,4,4,3,4,3,3,1,1,3,2,Buddhism,Galle,Group C
32,95,2,2,1,7,66,0,1,5,0,2,0,0,3,0,0,2,Female,76,SIM-5018,synthetic_simulation,5,1,2,5,4,2,5,4,5,4,4,5,1,4,5,1,Christianity,Negombo,Group B
21,67,1,0,1,7,55,0,1,2,0,0,0,2,3,0,1,1,Male,66,SIM-5019,synthetic_simulation,4,3,4,3,3,2,5,3,4,4,3,4,2,3,2,2,Hinduism,Galle,Group B
22,94,1,1,0,9,53,0,1,1,2,0,1,1,3,0,0,2,Male,68,SIM-5020,synthetic_simulation,1,4,4,2,3,2,5,1,3,5,4,1,3,3,1,2,Buddhism,Jaffna,Group B
20,65,0,2,1,8,71,1,1,2,1,2,0,1,3,1,0,2,Non-binary,63,SIM-5021,synthetic_simulation,4,4,4,4,5,2,2,4,4,3,4,2,4,1,1,4,Islam,Negombo,Group C
16,69,2,0,1,4,54,2,1,4,1,1,1,2,4,0,0,2,Male,65,SIM-5022,synthetic_simulation,2,4,4,4,2,5,3,2,3,3,3,3,3,2,5,3,Buddhism,Colombo,Group D
19,61,0,2,0,10,64,2,1,3,1,2,1,2,3,0,1,1,Female,63,SIM-5023,synthetic_simulation,2,5,4,4,3,3,2,4,3,2,2,2,5,1,4,3,Christianity,Galle,Group B
10,66,2,2,0,4,74,1,1,2,1,2,1,0,2,0,1,1,Non-binary,59,SIM-5024,synthetic_simulation,5,3,5,1,2,5,2,4,5,2,4,5,3,3,2,4,Other,Colombo,Group C
34,97,2,2,0,8,60,2,1,2,2,2,0,1,4,0,1,2,Female,74,SIM-5025,synthetic_simulation,4,2,3,1,3,3,2,2,2,1,5,5,4,4,5,3,Islam,Jaffna,Group C
13,78,2,1,1,5,54,1,1,2,1,0,1,2,3,1,0,2,Female,62,SIM-5026,synthetic_simulation,5,4,2,2,3,5,5,3,1,5,3,5,2,3,4,3,Hinduism,Colombo,Group A
14,63,1,1,1,9,72,2,1,3,1,1,1,2,4,1,1,2,Non-binary,59,SIM-5027,synthetic_simulation,3,3,4,3,3,5,4,5,3,4,2,3,2,1,4,3,Islam,Colombo,Group C
17,98,2,0,1,7,72,0,1,0,1,2,1,2,3,0,1,2,Female,71,SIM-5028,synthetic_simulation,2,3,5,2,4,2,1,2,2,2,1,4,5,5,3,5,Christianity,Jaffna,Group A
28,95,2,2,0,8,96,2,1,1,2,2,1,1,3,0,2,1,Male,73,SIM-5029,synthetic_simulation,5,1,5,3,2,3,1,5,1,1,4,1,4,2,2,2,Hinduism,Negombo,Group A
20,90,0,2,1,4,56,2,1,0,1,0,0,2,1,0,1,1,Female,68,SIM-5030,synthetic_simulation,3,4,5,5,4,4,3,1,5,1,4,4,2,3,2,1,Christianity,Jaffna,Group A
13,97,2,2,1,8,81,2,1,3,1,2,1,1,1,0,1,0,Male,68,SIM-5031,synthetic_simulation,5,5,3,4,2,4,3,1,4,3,5,3,5,4,3,5,Islam,Kandy,Group D
28,69,2,2,1,8,66,2,1,0,1,2,1,2,6,0,0,0,Female,66,SIM-5032,synthetic_simulation,4,3,4,4,4,4,5,4,2,5,2,2,3,4,4,1,Buddhism,Galle,Group B
24,93,1,0,1,8,56,2,1,1,1,2,1,1,3,0,0,1,Non-binary,69,SIM-5033,synthetic_simulation,4,3,5,1,4,2,1,4,4,5,4,1,4,4,4,4,Christianity,Galle,Group D
23,88,2,2,0,8,70,2,1,2,2,0,1,1,4,0,1,2,Female,70,SIM-5034,synthetic_simulation,4,2,5,5,4,4,4,3,4,4,2,5,2,2,5,5,Other,Negombo,Group D
24,95,2,0,1,7,71,0,1,1,2,0,1,2,3,0,1,2,Non-binary,74,SIM-5035,synthetic_simulation,4,1,4,5,5,5,5,5,1,5,4,2,4,3,1,2,Other,Jaffna,Group C
34,92,0,2,0,7,68,1,1,0,2,0,1,2,5,0,0,2,Non-binary,75,SIM-5036,synthetic_simulation,1,3,3,3,4,2,3,1,2,4,1,4,2,5,3,1,Islam,Galle,Group D
33,74,2,2,1,6,88,2,1,2,2,2,0,1,3,0,0,2,Female,71,SIM-5037,synthetic_simulation,3,3,5,5,3,4,5,1,3,5,5,1,2,1,5,5,Hinduism,Galle,Group A
16,91,0,0,1,6,92,1,1,2,1,0,0,2,3,0,1,1,Male,71,SIM-5038,synthetic_simulation,3,5,2,1,1,2,3,4,1,3,1,5,4,3,2,4,Buddhism,Colombo,Group D
30,70,2,2,0,9,57,2,1,1,1,2,1,0,4,0,0,0,Female,65,SIM-5039,synthetic_simulation,4,5,1,3,4,5,1,4,2,1,1,1,2,3,2,1,Hinduism,Jaffna,Group C
22,73,1,2,0,6,58,0,1,1,2,2,0,2,3,0,2,1,Male,65,SIM-5040,synthetic_simulation,1,2,1,2,1,2,5,3,3,5,3,4,3,5,2,2,Christianity,Colombo,Group B
23,64,2,0,0,4,71,1,1,2,2,2,1,0,1,0,2,2,Female,65,SIM-5041,synthetic_simulation,4,2,1,3,1,4,2,4,4,5,1,3,5,2,1,2,Islam,Kandy,Group A
10,97,2,2,0,6,66,2,1,2,1,2,1,1,2,0,2,2,Male,67,SIM-5042,synthetic_simulation,1,2,3,2,3,2,3,4,5,3,5,4,1,1,3,1,Buddhism,Kandy,Group A
19,72,2,2,1,8,91,0,1,1,1,2,0,2,4,0,1,1,Non-binary,67,SIM-5043,synthetic_simulation,4,5,5,3,1,1,2,3,5,2,5,3,4,1,1,2,Islam,Kandy,Group A
15,81,2,2,1,7,100,2,1,1,1,2,1,1,3,0,2,1,Male,67,SIM-5044,synthetic_simulation,2,5,1,4,1,4,3,4,1,4,4,5,4,1,4,1,Islam,Negombo,Group D
25,76,0,0,1,8,59,2,1,4,2,2,0,1,4,0,0,2,Non-binary,71,SIM-5045,synthetic_simulation,2,1,1,2,1,5,2,4,3,2,1,4,5,3,4,4,Islam,Jaffna,Group A
26,98,0,1,0,4,88,1,1,1,2,0,1,1,1,0,0,1,Non-binary,72,SIM-5046,synthetic_simulation,5,4,4,1,2,3,1,4,3,1,2,4,3,5,2,1,Hinduism,Negombo,Group A
8,73,2,0,1,4,80,1,1,0,1,0,1,1,4,0,0,1,Female,62,SIM-5047,synthetic_simulation,4,4,5,2,4,2,1,5,5,2,3,4,1,5,3,1,Christianity,Kandy,Group B
20,91,0,1,1,7,82,2,1,0,2,2,1,1,4,0,0,2,Non-binary,70,SIM-5048,synthetic_simulation,3,1,5,2,4,2,4,1,3,1,3,4,3,2,5,1,Christianity,Negombo,Group A
27,94,2,0,0,9,63,0,1,0,1,2,1,1,4,0,0,2,Non-binary,72,SIM-5049,synthetic_simulation,5,4,4,3,1,4,4,2,2,4,3,3,4,5,4,1,Hinduism,Galle,Group D
19,77,1,2,1,4,55,2,1,0,2,1,1,2,4,0,0,1,Female,64,SIM-5050,synthetic_simulation,2,5,5,4,3,4,4,1,2,3,5,3,1,5,5,5,Other,Negombo,Group A
24,75,0,1,1,8,77,0,1,1,1,2,0,0,1,0,0,1,Male,66,SIM-5051,synthetic_simulation,4,4,2,3,2,1,5,5,5,1,5,2,2,1,5,2,Buddhism,Jaffna,Group A
22,90,1,2,1,9,81,2,1,0,2,2,1,1,4,0,1,2,Female,69,SIM-5052,synthetic_simulation,5,5,3,3,3,5,3,2,4,4,4,5,4,2,4,2,Buddhism,Colombo,Group D
22,97,0,2,0,7,98,0,1,0,2,2,1,0,0,0,0,1,Male,71,SIM-5053,synthetic_simulation,4,1,4,4,3,2,5,1,4,3,1,5,3,5,5,3,Hinduism,Jaffna,Group A
18,90,2,1,0,8,84,0,1,2,1,0,0,2,3,0,1,1,Male,68,SIM-5054,synthetic_simulation,2,2,1,3,1,2,4,3,4,2,5,3,5,5,5,5,Islam,Colombo,Group B
13,69,2,2,1,7,72,1,1,2,0,2,1,2,2,0,1,1,Female,63,SIM-5055,synthetic_simulation,5,1,5,4,5,3,3,5,5,2,3,2,2,5,5,2,Islam,Negombo,Group C
13,96,2,0,1,7,100,2,0,4,2,0,1,0,3,0,1,2,Non-binary,71,SIM-5056,synthetic_simulation,2,4,2,1,1,2,5,3,1,1,5,2,1,5,1,5,Christianity,Negombo,Group B
24,76,0,1,1,8,69,1,1,3,1,2,0,0,1,0,1,2,Male,65,SIM-5057,synthetic_simulation,1,5,2,4,5,2,1,3,3,5,1,4,4,1,3,1,Hinduism,Jaffna,Group B
20,83,1,0,1,10,58,2,1,0,1,0,1,1,1,0,1,2,Non-binary,66,SIM-5058,synthetic_simulation,2,4,3,5,2,1,3,1,2,5,5,2,5,3,2,1,Other,Colombo,Group B
19,93,1,1,1,6,81,2,1,2,0,2,0,2,3,1,0,1,Male,68,SIM-5059,synthetic_simulation,4,4,2,4,5,3,4,2,2,3,1,5,5,2,1,2,Other,Kandy,Group A
17,68,2,2,1,7,63,2,0,0,1,2,1,1,3,0,1,1,Female,61,SIM-5060,synthetic_simulation,3,2,5,4,1,2,1,4,1,2,4,1,3,3,5,4,Buddhism,Kandy,Group C
18,91,1,0,0,6,96,2,1,2,1,2,0,2,3,0,2,2,Male,71,SIM-5061,synthetic_simulation,2,4,5,5,1,2,3,4,3,4,5,3,5,1,1,2,Buddhism,Negombo,Group A
26,84,2,0,1,7,71,2,1,0,2,2,1,1,2,0,1,2,Non-binary,70,SIM-5062,synthetic_simulation,3,2,2,4,3,5,5,5,4,3,1,4,3,3,1,4,Islam,Negombo,Group D
18,96,0,1,0,7,57,1,1,1,1,2,1,0,3,0,1,1,Non-binary,66,SIM-5063,synthetic_simulation,1,5,5,2,1,2,4,3,2,1,1,2,1,5,3,1,Islam,Galle,Group A
12,67,0,2,1,9,57,1,1,0,1,2,0,2,2,0,0,1,Non-binary,61,SIM-5064,synthetic_simulation,5,5,5,3,1,1,5,5,4,1,2,3,4,2,3,3,Hinduism,Negombo,Group B
24,77,0,1,1,9,82,1,1,1,2,2,0,1,2,0,1,2,Female,67,SIM-5065,synthetic_simulation,5,2,1,3,4,2,1,1,4,3,4,3,1,5,5,1,Islam,Negombo,Group A
19,93,0,2,1,8,68,2,1,1,0,0,1,2,3,0,2,2,Female,72,SIM-5066,synthetic_simulation,3,1,4,1,4,2,1,3,5,4,5,3,3,2,1,5,Islam,Galle,Group B
20,61,0,0,0,9,68,2,1,1,0,1,0,2,3,0,1,2,Non-binary,65,SIM-5067,synthetic_simulation,5,5,5,1,3,4,1,4,5,2,2,5,1,3,3,1,Christianity,Galle,Group C
30,64,0,2,0,6,81,1,1,3,2,2,1,0,2,0,0,2,Female,68,SIM-5068,synthetic_simulation,2,1,5,5,5,2,3,1,3,2,5,4,4,5,3,1,Hinduism,Jaffna,Group C
20,100,1,2,1,6,61,0,0,3,2,2,1,2,4,0,0,0,Female,70,SIM-5069,synthetic_simulation,3,5,3,2,5,3,4,1,2,4,3,1,4,1,1,5,Buddhism,Negombo,Group D
22,71,2,1,1,8,57,2,1,1,1,0,1,0,4,0,1,1,Female,63,SIM-5070,synthetic_simulation,4,5,4,1,4,4,1,5,5,2,3,4,5,5,3,1,Hinduism,Kandy,Group C
13,99,0,1,0,7,83,2,1,1,2,2,1,1,4,0,2,0,Female,69,SIM-5071,synthetic_simulation,2,3,4,3,2,3,5,5,3,5,1,2,3,4,4,2,Other,Negombo,Group C
19,67,2,1,0,10,50,2,1,0,0,2,1,2,3,0,1,2,Female,62,SIM-5072,synthetic_simulation,2,4,4,1,4,3,4,2,1,5,2,4,1,1,3,1,Islam,Negombo,Group C
24,74,0,0,0,4,95,0,1,1,0,2,1,1,4,0,2,1,Female,71,SIM-5073,synthetic_simulation,2,4,2,1,2,1,5,4,4,4,1,5,5,2,5,5,Buddhism,Colombo,Group B
11,90,1,1,1,8,59,1,1,1,1,0,1,2,4,0,1,2,Female,64,SIM-5074,synthetic_simulation,4,1,1,4,5,2,5,4,2,5,1,1,5,4,5,1,Hinduism,Colombo,Group C
21,86,0,2,0,8,72,2,1,0,0,0,1,2,3,0,1,1,Female,69,SIM-5075,synthetic_simulation,1,4,1,1,4,3,1,5,2,3,1,4,1,5,2,5,Buddhism,Jaffna,Group D
21,83,2,0,1,6,61,0,1,2,1,0,1,2,3,0,2,2,Female,71,SIM-5076,synthetic_simulation,5,1,3,5,1,2,4,4,3,2,3,2,3,5,2,4,Islam,Kandy,Group A
20,81,1,2,1,6,61,1,0,0,1,2,1,2,4,1,1,2,Male,63,SIM-5077,synthetic_simulation,3,5,4,3,2,2,2,4,5,3,1,4,3,5,1,5,Buddhism,Colombo,Group D
26,94,1,0,1,6,92,1,1,1,1,0,1,1,3,0,1,2,Non-binary,72,SIM-5078,synthetic_simulation,1,3,4,5,2,1,3,1,4,4,1,5,4,5,5,3,Buddhism,Kandy,Group C
22,69,2,2,1,5,79,2,1,1,1,1,1,2,3,0,0,2,Female,66,SIM-5079,synthetic_simulation,3,3,5,5,2,1,2,3,4,5,1,3,3,4,2,2,Buddhism,Galle,Group B
29,78,0,2,1,9,66,2,1,2,1,2,1,1,4,0,1,1,Male,69,SIM-5080,synthetic_simulation,5,5,2,2,5,3,3,3,2,3,1,5,5,1,1,1,Other,Negombo,Group C
14,66,2,2,1,10,63,1,1,0,1,2,1,2,3,0,1,1,Male,60,SIM-5081,synthetic_simulation,4,2,2,4,3,3,4,2,2,3,2,5,4,4,2,2,Christianity,Jaffna,Group C
21,84,0,0,1,6,61,1,1,1,2,0,0,0,4,0,1,1,Male,68,SIM-5082,synthetic_simulation,2,2,3,5,1,4,1,3,4,1,5,5,2,1,3,1,Hinduism,Kandy,Group A
21,70,2,0,0,6,78,2,1,3,2,1,1,1,2,0,0,0,Male,65,SIM-5083,synthetic_simulation,2,4,1,2,4,2,4,4,1,3,2,1,4,3,4,4,Buddhism,Colombo,Group B
14,73,0,2,0,5,87,0,1,2,2,2,1,2,4,0,0,2,Male,67,SIM-5084,synthetic_simulation,4,1,4,3,2,2,2,1,3,5,4,4,5,3,2,2,Other,Negombo,Group C
26,79,2,1,1,5,63,2,1,0,1,2,1,2,2,0,1,2,Non-binary,66,SIM-5085,synthetic_simulation,1,3,3,3,5,1,5,3,1,2,2,2,1,1,3,1,Buddhism,Negombo,Group B
34,61,2,2,1,6,67,0,1,1,0,2,0,1,2,0,2,1,Male,68,SIM-5086,synthetic_simulation,1,4,2,2,2,1,3,4,5,2,4,3,1,1,4,4,Buddhism,Negombo,Group A
20,64,1,2,1,9,86,2,1,0,1,0,0,0,4,0,1,2,Non-binary,63,SIM-5087,synthetic_simulation,3,5,2,5,4,3,3,4,1,2,3,3,1,1,2,3,Christianity,Jaffna,Group B
23,87,0,0,1,10,87,2,1,1,2,2,0,2,3,0,0,2,Male,73,SIM-5088,synthetic_simulation,4,3,2,5,1,4,2,5,1,5,5,1,5,3,5,1,Other,Galle,Group A
21,77,2,2,1,6,60,2,1,1,2,2,0,1,3,0,0,1,Non-binary,66,SIM-5089,synthetic_simulation,1,1,4,4,2,4,1,5,5,2,1,2,4,1,4,4,Christianity,Negombo,Group C
16,95,1,2,1,6,69,1,1,2,1,0,1,1,3,1,0,2,Non-binary,67,SIM-5090,synthetic_simulation,4,1,4,4,5,1,4,3,3,2,4,3,1,1,3,3,Other,Negombo,Group C
9,88,1,2,1,5,93,1,1,2,2,2,1,1,4,0,2,2,Male,66,SIM-5091,synthetic_simulation,5,2,4,3,5,1,2,5,4,4,3,2,3,4,5,3,Hinduism,Negombo,Group A
16,60,2,1,0,8,87,1,1,0,1,1,1,2,5,0,1,2,Female,60,SIM-5092,synthetic_simulation,2,4,5,4,3,4,4,4,1,4,5,2,2,2,3,3,Hinduism,Galle,Group B
12,85,0,0,0,8,58,1,1,1,1,0,1,2,3,0,2,2,Non-binary,67,SIM-5093,synthetic_simulation,2,5,1,2,5,4,1,4,3,1,4,4,1,5,2,1,Christianity,Colombo,Group D
30,64,2,2,0,7,69,2,1,3,0,1,1,0,4,0,1,2,Female,67,SIM-5094,synthetic_simulation,2,3,2,3,3,3,5,5,5,1,3,1,1,5,3,4,Hinduism,Kandy,Group B
19,91,2,2,1,6,99,0,1,0,2,2,1,1,2,0,1,2,Female,70,SIM-5095,synthetic_simulation,4,1,2,5,1,4,4,1,3,3,1,5,2,4,1,1,Buddhism,Negombo,Group C
18,100,0,1,0,9,76,1,1,1,1,2,1,2,2,0,1,2,Male,69,SIM-5096,synthetic_simulation,4,3,5,3,4,2,1,5,1,3,3,5,3,1,3,5,Hinduism,Negombo,Group C
25,81,2,1,1,8,86,2,1,1,1,2,1,0,3,0,2,2,Female,68,SIM-5097,synthetic_simulation,3,5,2,1,3,4,2,1,4,3,3,3,2,2,3,2,Hinduism,Colombo,Group D
13,87,0,1,1,8,55,0,1,1,0,0,0,2,3,0,1,2,Non-binary,67,SIM-5098,synthetic_simulation,2,3,2,3,2,5,5,5,5,1,1,3,1,4,5,4,Hinduism,Galle,Group B
15,69,2,0,0,8,92,1,1,0,1,2,1,1,1,0,0,1,Male,63,SIM-5099,synthetic_simulation,3,4,4,4,2,4,5,4,5,2,4,1,1,2,3,4,Buddhism,Galle,Group C
20,78,0,2,0,7,80,0,1,2,0,2,1,2,3,0,0,2,Female,70,SIM-5100,synthetic_simulation,2,2,4,2,4,1,5,4,1,3,3,4,4,3,4,1,Other,Kandy,Group B
26,94,1,2,0,6,59,0,1,4,1,2,1,1,3,0,1,2,Female,71,SIM-5101,synthetic_simulation,3,3,1,5,5,1,3,5,3,2,1,3,5,2,3,5,Hinduism,Galle,Group C
23,67,0,0,1,8,69,1,1,1,0,2,1,1,2,0,1,2,Male,67,SIM-5102,synthetic_simulation,3,2,2,5,2,5,1,2,4,2,4,3,4,4,2,4,Hinduism,Galle,Group A
21,71,2,2,0,8,54,0,1,1,2,2,0,1,3,0,1,2,Male,64,SIM-5103,synthetic_simulation,5,5,3,4,3,2,4,1,5,1,1,2,4,5,1,5,Islam,Colombo,Group B
20,78,1,2,0,8,89,0,0,0,2,2,0,1,4,0,0,2,Male,66,SIM-5104,synthetic_simulation,3,2,2,4,4,4,2,2,1,4,2,1,4,3,1,2,Islam,Colombo,Group D
22,88,2,2,1,5,87,1,1,1,1,0,1,1,3,0,2,2,Female,70,SIM-5105,synthetic_simulation,4,3,2,4,2,4,5,4,1,4,4,5,4,2,3,4,Other,Colombo,Group D
21,75,2,1,1,8,75,0,1,1,2,2,0,0,2,0,1,1,Male,65,SIM-5106,synthetic_simulation,3,3,1,1,5,5,5,1,2,5,2,1,4,5,1,5,Hinduism,Kandy,Group A
14,97,1,2,1,7,73,2,1,2,2,1,1,2,3,0,0,1,Male,68,SIM-5107,synthetic_simulation,2,1,3,2,5,3,5,5,2,4,3,5,3,2,5,5,Hinduism,Galle,Group B
20,64,2,1,1,6,73,0,1,3,2,0,1,0,5,0,2,0,Male,65,SIM-5108,synthetic_simulation,3,3,2,1,2,3,1,1,3,3,3,2,5,2,1,5,Other,Colombo,Group A
14,75,0,2,0,8,52,2,1,3,2,2,1,1,1,0,2,2,Non-binary,65,SIM-5109,synthetic_simulation,1,2,3,4,4,2,2,1,1,1,3,4,5,1,2,5,Other,Jaffna,Group A
20,88,2,2,1,7,68,2,1,0,1,0,1,2,4,0,0,2,Non-binary,69,SIM-5110,synthetic_simulation,2,1,4,2,1,4,1,3,3,2,4,5,5,5,3,1,Islam,Negombo,Group C
17,69,2,2,0,10,56,2,1,1,2,2,1,1,4,0,1,2,Male,63,SIM-5111,synthetic_simulation,1,3,4,4,2,4,2,1,3,1,5,2,3,3,1,4,Buddhism,Jaffna,Group D
35,86,1,2,0,8,59,2,1,2,1,1,1,2,2,0,0,1,Non-binary,70,SIM-5112,synthetic_simulation,2,3,3,2,5,4,4,4,4,5,4,4,3,3,2,1,Other,Kandy,Group D
20,67,1,1,1,7,98,2,1,1,2,2,1,1,4,0,0,2,Female,64,SIM-5113,synthetic_simulation,4,5,2,5,1,1,3,2,2,5,4,2,3,3,1,5,Islam,Galle,Group B
12,62,2,0,1,7,63,0,1,1,0,2,1,1,4,0,1,2,Male,62,SIM-5114,synthetic_simulation,4,1,3,1,4,3,2,2,3,5,5,4,1,2,2,3,Christianity,Galle,Group C
19,65,0,0,1,5,74,2,1,1,1,2,0,2,3,0,1,2,Female,66,SIM-5115,synthetic_simulation,4,5,3,4,5,5,1,5,4,2,4,3,5,5,3,4,Buddhism,Negombo,Group B
23,97,0,1,1,9,94,0,1,2,1,2,1,2,3,0,1,1,Male,73,SIM-5116,synthetic_simulation,1,5,4,4,4,1,1,3,4,5,2,4,2,3,2,1,Islam,Kandy,Group A
30,82,2,0,1,7,71,2,1,3,1,0,1,1,3,0,2,0,Female,72,SIM-5117,synthetic_simulation,5,5,3,3,2,1,1,2,2,5,5,5,4,3,1,5,Other,Kandy,Group B
16,92,2,2,1,7,76,0,0,0,0,2,0,1,2,0,2,0,Non-binary,68,SIM-5118,synthetic_simulation,2,4,5,5,4,3,3,2,2,5,5,4,1,2,2,5,Christianity,Jaffna,Group C
11,73,2,0,0,5,58,2,0,0,2,2,0,2,4,0,0,2,Male,62,SIM-5119,synthetic_simulation,4,5,5,4,5,4,2,1,1,2,2,1,1,4,3,4,Christianity,Kandy,Group D
25,84,2,1,0,8,64,2,1,2,1,2,0,1,4,0,1,2,Male,67,SIM-5120,synthetic_simulation,2,2,4,1,2,2,2,4,3,5,5,4,4,3,2,2,Other,Galle,Group C
12,80,2,1,0,6,75,2,1,1,1,0,1,0,4,0,1,1,Non-binary,62,SIM-5121,synthetic_simulation,1,3,2,5,5,5,2,4,4,3,5,2,1,5,5,4,Other,Galle,Group B
17,98,0,0,0,6,68,2,1,2,2,2,1,2,3,0,1,2,Female,72,SIM-5122,synthetic_simulation,5,4,2,4,5,3,2,5,1,1,2,5,3,3,1,1,Christianity,Galle,Group D
18,90,1,0,0,7,52,0,1,2,2,0,1,0,2,0,1,2,Male,67,SIM-5123,synthetic_simulation,1,5,4,1,1,2,5,4,3,5,1,3,1,2,2,2,Buddhism,Galle,Group A
20,89,0,2,1,6,70,1,1,1,1,2,0,2,3,0,1,1,Non-binary,68,SIM-5124,synthetic_simulation,2,3,2,3,3,3,5,2,3,5,1,3,5,4,5,4,Christianity,Jaffna,Group D
24,62,1,0,1,6,91,2,1,2,2,2,1,1,3,0,1,1,Non-binary,65,SIM-5125,synthetic_simulation,5,1,1,3,4,3,1,1,1,1,1,2,5,4,5,4,Other,Galle,Group D
16,82,2,2,0,7,56,1,1,0,0,0,0,0,1,1,1,0,Non-binary,79,SIM-5126,synthetic_simulation,5,1,5,1,4,3,5,4,4,5,2,3,2,5,4,4,Buddhism,Galle,Group C
18,79,0,1,0,9,51,0,1,2,2,2,0,2,3,0,1,2,Non-binary,66,SIM-5127,synthetic_simulation,1,3,1,5,1,3,2,3,1,5,3,5,5,4,2,3,Islam,Negombo,Group B
20,97,2,2,1,8,56,1,1,1,1,2,0,1,2,0,1,2,Female,68,SIM-5128,synthetic_simulation,4,2,1,1,4,4,2,3,3,3,4,2,4,3,4,4,Hinduism,Jaffna,Group A
21,70,1,1,1,8,84,2,1,1,0,0,1,2,3,1,2,2,Male,65,SIM-5129,synthetic_simulation,2,3,1,1,1,1,5,3,1,4,5,5,4,1,5,1,Hinduism,Jaffna,Group C
21,71,2,0,1,8,90,2,1,3,1,2,1,1,4,0,1,1,Male,67,SIM-5130,synthetic_simulation,3,3,4,3,4,3,4,4,1,2,2,3,5,2,3,5,Hinduism,Kandy,Group C
23,76,2,0,1,6,52,1,1,3,2,2,1,1,4,0,0,1,Non-binary,67,SIM-5131,synthetic_simulation,3,4,1,3,4,2,1,1,3,2,4,3,3,3,2,1,Islam,Kandy,Group A
25,70,1,2,1,9,94,2,1,1,2,2,1,1,4,0,1,1,Non-binary,67,SIM-5132,synthetic_simulation,1,1,3,3,5,2,3,4,2,1,2,1,5,3,4,4,Islam,Colombo,Group B
22,65,2,2,1,4,81,0,1,5,2,2,1,2,4,0,0,0,Non-binary,68,SIM-5133,synthetic_simulation,2,1,2,4,1,2,1,2,4,3,5,2,3,2,1,2,Christianity,Galle,Group A
23,94,2,0,0,8,76,1,1,3,2,2,1,2,3,0,1,1,Male,72,SIM-5134,synthetic_simulation,2,5,4,4,4,1,1,4,3,2,3,4,4,2,3,3,Islam,Galle,Group A
11,82,0,2,0,8,63,0,1,1,2,2,1,1,5,0,1,2,Male,65,SIM-5135,synthetic_simulation,1,3,3,2,3,1,1,3,2,1,2,2,5,3,4,3,Islam,Negombo,Group D
20,94,1,2,0,7,69,1,1,0,1,2,1,2,3,1,1,1,Male,65,SIM-5136,synthetic_simulation,2,3,3,4,1,2,5,3,1,1,4,5,2,4,2,3,Other,Jaffna,Group A
23,93,2,2,1,6,97,1,0,1,2,2,1,2,2,0,0,1,Non-binary,70,SIM-5137,synthetic_simulation,4,2,5,5,1,4,1,1,2,1,4,3,4,5,1,2,Islam,Jaffna,Group D
24,71,2,2,1,7,96,2,1,2,1,2,1,0,2,0,1,2,Female,67,SIM-5138,synthetic_simulation,1,1,5,5,1,1,2,5,3,2,5,1,2,3,3,2,Other,Negombo,Group B
16,82,2,0,1,6,81,2,1,1,2,2,0,1,4,0,0,2,Male,68,SIM-5139,synthetic_simulation,4,2,3,3,5,1,1,3,3,4,1,2,4,1,5,2,Christianity,Jaffna,Group B
16,63,2,2,0,8,79,2,1,2,1,0,1,2,3,0,0,1,Female,63,SIM-5140,synthetic_simulation,2,4,5,1,1,4,2,3,1,1,5,5,1,3,4,2,Hinduism,Negombo,Group B
17,97,2,2,1,8,61,1,1,2,1,2,1,1,2,0,1,2,Male,68,SIM-5141,synthetic_simulation,1,5,2,3,5,3,5,5,3,5,5,1,1,1,3,1,Buddhism,Galle,Group A
23,76,2,0,1,8,98,2,1,0,2,1,1,1,2,0,2,1,Non-binary,69,SIM-5142,synthetic_simulation,2,2,2,1,3,1,5,4,5,4,1,1,1,3,5,5,Hinduism,Galle,Group D
26,76,1,1,1,8,88,1,1,2,1,1,1,2,4,0,1,2,Non-binary,66,SIM-5143,synthetic_simulation,1,1,5,3,2,2,1,3,2,4,3,1,2,3,2,2,Christianity,Negombo,Group C
18,72,0,2,1,8,69,0,0,2,0,2,1,1,4,1,1,0,Male,64,SIM-5144,synthetic_simulation,2,4,1,3,5,2,2,1,5,5,2,3,3,1,2,5,Buddhism,Galle,Group C
25,78,0,1,1,8,91,2,1,3,1,2,1,0,4,0,1,2,Non-binary,69,SIM-5145,synthetic_simulation,4,3,3,5,4,4,2,4,5,2,4,5,4,5,5,4,Hinduism,Kandy,Group B
21,70,1,2,0,6,61,2,1,1,1,2,1,1,3,0,1,2,Non-binary,62,SIM-5146,synthetic_simulation,4,4,2,1,1,2,2,4,2,2,2,1,1,1,3,5,Christianity,Kandy,Group C
19,75,2,0,1,5,61,0,1,0,2,2,1,0,3,0,1,2,Male,65,SIM-5147,synthetic_simulation,2,2,5,2,2,5,2,3,3,3,2,3,2,5,4,4,Christianity,Colombo,Group C
19,92,2,2,1,7,90,2,1,1,1,0,1,2,2,0,1,2,Female,70,SIM-5148,synthetic_simulation,1,1,5,2,5,2,3,4,2,2,4,3,4,5,2,3,Other,Negombo,Group B
24,93,1,0,1,8,78,2,1,1,0,2,1,1,4,0,1,2,Female,72,SIM-5149,synthetic_simulation,3,2,2,3,4,4,5,4,1,3,1,3,1,1,2,4,Islam,Jaffna,Group B
22,72,2,2,0,5,78,0,1,1,1,0,1,2,3,0,1,2,Non-binary,66,SIM-5150,synthetic_simulation,4,3,2,3,2,4,2,1,5,1,4,2,1,2,3,1,Other,Jaffna,Group A
34,79,0,1,1,7,79,1,1,3,2,0,0,0,2,1,1,1,Non-binary,70,SIM-5151,synthetic_simulation,4,3,1,5,3,4,3,4,5,2,1,3,1,1,2,4,Other,Colombo,Group A
15,95,2,2,0,9,56,2,0,3,1,0,1,2,1,0,1,2,Female,67,SIM-5152,synthetic_simulation,3,1,5,1,5,5,3,3,3,2,1,5,2,2,1,3,Hinduism,Kandy,Group D
23,62,0,0,1,7,67,1,1,1,1,2,1,0,4,0,2,1,Male,65,SIM-5153,synthetic_simulation,2,5,5,3,5,1,5,3,2,5,5,4,3,3,5,3,Christianity,Negombo,Group B
17,96,2,1,1,9,79,1,0,3,2,2,0,1,2,0,2,1,Male,68,SIM-5154,synthetic_simulation,1,4,4,2,3,3,4,5,4,1,3,2,1,2,4,5,Islam,Colombo,Group C
15,69,1,2,1,9,62,1,1,2,2,0,1,1,3,0,1,1,Female,62,SIM-5155,synthetic_simulation,2,4,1,1,5,2,1,2,3,3,5,1,1,4,3,5,Christianity,Kandy,Group C
20,87,1,2,1,7,75,0,1,1,1,2,1,0,3,0,2,2,Non-binary,68,SIM-5156,synthetic_simulation,5,3,2,3,1,1,5,5,3,1,3,3,3,3,1,3,Buddhism,Negombo,Group D
21,83,0,2,0,6,78,2,1,2,0,0,1,2,3,1,1,2,Male,69,SIM-5157,synthetic_simulation,4,2,2,1,5,4,4,1,3,4,1,2,3,3,2,4,Hinduism,Galle,Group C
38,82,2,1,0,6,97,1,1,2,1,2,0,0,3,0,0,2,Female,72,SIM-5158,synthetic_simulation,5,2,3,5,1,1,1,1,2,5,5,2,5,2,2,4,Other,Kandy,Group D
19,94,1,2,0,7,62,2,1,0,2,2,1,0,3,1,1,1,Female,65,SIM-5159,synthetic_simulation,4,5,2,2,5,1,1,3,3,4,2,5,1,2,1,2,Islam,Negombo,Group B
13,64,2,0,1,5,72,2,1,2,2,2,0,1,2,0,2,1,Non-binary,63,SIM-5160,synthetic_simulation,4,2,5,1,4,5,1,2,1,3,4,1,4,4,2,1,Islam,Kandy,Group A
22,74,0,0,1,5,99,2,1,0,1,2,1,1,2,0,0,2,Female,68,SIM-5161,synthetic_simulation,5,4,2,2,4,4,3,5,1,2,4,4,5,3,5,4,Islam,Kandy,Group C
8,82,0,1,0,4,59,2,1,1,2,2,1,1,2,0,0,2,Female,62,SIM-5162,synthetic_simulation,5,2,5,3,2,4,2,2,5,2,4,4,4,2,2,3,Buddhism,Colombo,Group A
19,92,2,2,1,7,89,2,0,0,1,0,0,1,2,0,2,2,Non-binary,69,SIM-5163,synthetic_simulation,2,5,5,4,4,2,1,3,5,2,3,2,3,1,4,1,Other,Galle,Group A
20,69,2,1,0,10,59,2,1,2,0,0,1,2,4,0,1,2,Male,65,SIM-5164,synthetic_simulation,5,4,1,1,3,2,2,4,2,3,4,2,5,5,5,5,Islam,Negombo,Group D
25,92,0,2,0,4,93,0,1,3,0,2,1,1,2,0,1,2,Female,74,SIM-5165,synthetic_simulation,2,2,2,2,2,2,1,3,4,4,3,1,2,5,3,3,Christianity,Kandy,Group C
26,76,0,1,1,7,74,2,1,4,2,0,1,2,3,0,1,1,Non-binary,70,SIM-5166,synthetic_simulation,2,4,1,1,4,2,3,3,5,3,3,2,5,2,5,3,Islam,Jaffna,Group A
17,68,2,1,1,7,99,0,1,2,2,2,1,2,3,0,1,2,Non-binary,65,SIM-5167,synthetic_simulation,2,3,5,3,1,1,1,2,5,3,3,3,5,4,3,5,Islam,Galle,Group A
19,90,0,0,0,7,59,1,1,3,0,2,1,1,3,0,0,1,Male,70,SIM-5168,synthetic_simulation,4,3,2,3,5,1,5,1,5,4,2,4,3,2,3,4,Islam,Kandy,Group A
15,64,1,1,1,9,84,1,1,0,2,2,1,1,3,0,0,0,Female,59,SIM-5169,synthetic_simulation,4,3,2,2,4,2,4,4,5,2,1,3,1,4,5,5,Buddhism,Jaffna,Group A
13,81,1,2,1,6,85,1,1,1,1,2,0,1,3,0,1,1,Female,63,SIM-5170,synthetic_simulation,5,2,1,5,1,2,1,4,3,5,2,5,3,3,4,3,Other,Colombo,Group D
22,63,1,0,1,4,86,1,1,0,1,0,1,1,4,0,0,2,Female,64,SIM-5171,synthetic_simulation,4,5,1,1,2,2,4,1,5,3,1,2,3,1,2,4,Christianity,Negombo,Group D
12,74,1,0,1,6,55,0,1,0,2,1,1,2,3,0,2,2,Female,63,SIM-5172,synthetic_simulation,5,4,5,1,5,3,4,2,2,3,2,1,3,3,5,5,Hinduism,Galle,Group D
18,84,0,1,0,6,64,2,1,2,1,0,1,2,2,0,1,2,Female,67,SIM-5173,synthetic_simulation,4,1,5,3,4,2,3,2,3,4,3,5,4,1,3,4,Islam,Galle,Group B
14,82,2,2,1,4,67,2,1,1,0,2,1,1,4,0,1,1,Male,65,SIM-5174,synthetic_simulation,1,3,2,1,2,3,4,1,3,5,1,5,2,4,5,1,Other,Negombo,Group D
23,76,2,2,0,7,66,2,1,2,2,2,1,1,3,0,0,2,Female,67,SIM-5175,synthetic_simulation,1,3,2,2,4,2,3,5,2,3,4,1,4,2,3,4,Buddhism,Kandy,Group A
31,77,0,2,0,5,84,2,1,2,0,0,1,2,5,0,1,2,Non-binary,73,SIM-5176,synthetic_simulation,5,1,4,4,2,4,1,2,4,1,2,5,5,2,3,3,Christianity,Negombo,Group C
12,69,0,0,1,7,53,1,1,2,1,0,1,1,3,0,0,2,Female,64,SIM-5177,synthetic_simulation,4,1,4,3,4,5,2,1,5,5,1,3,3,2,1,5,Other,Negombo,Group A
9,78,1,0,0,6,87,2,1,0,2,0,0,2,3,0,2,2,Male,65,SIM-5178,synthetic_simulation,4,2,3,4,1,1,3,5,1,3,4,5,1,2,4,4,Islam,Galle,Group B
19,98,2,0,1,5,76,2,1,2,2,2,0,2,3,0,1,1,Male,72,SIM-5179,synthetic_simulation,2,4,5,1,3,4,4,3,4,5,5,1,3,3,4,2,Other,Kandy,Group C
20,94,0,2,0,8,59,0,1,3,2,2,1,2,4,0,1,2,Female,72,SIM-5180,synthetic_simulation,3,3,3,5,1,5,4,4,5,1,3,4,4,3,3,5,Buddhism,Negombo,Group D
21,66,0,2,0,7,61,2,1,2,0,0,1,1,2,0,0,2,Female,66,SIM-5181,synthetic_simulation,5,5,3,2,5,3,1,1,1,1,2,2,2,4,3,5,Hinduism,Kandy,Group A
17,61,0,2,1,7,55,0,1,1,2,2,0,0,2,1,0,2,Non-binary,62,SIM-5182,synthetic_simulation,3,2,1,1,4,1,3,2,3,5,2,1,4,1,2,2,Buddhism,Colombo,Group B
19,97,1,2,0,8,73,2,1,2,2,2,0,0,1,0,0,2,Non-binary,68,SIM-5183,synthetic_simulation,3,2,1,2,3,3,1,4,3,2,5,3,3,1,3,4,Hinduism,Galle,Group B
22,81,2,1,1,7,80,1,1,1,2,2,1,2,3,0,0,1,Female,67,SIM-5184,synthetic_simulation,5,5,4,1,3,3,3,5,3,5,1,3,2,1,3,1,Islam,Galle,Group B
26,82,0,1,0,7,79,2,1,1,2,2,1,2,2,1,2,2,Male,69,SIM-5185,synthetic_simulation,4,5,3,1,5,1,2,4,5,4,2,4,1,2,4,3,Christianity,Colombo,Group D
8,91,0,1,0,6,98,2,1,1,2,2,0,2,3,0,1,2,Non-binary,67,SIM-5186,synthetic_simulation,5,5,4,1,5,5,5,1,2,2,2,3,4,3,3,1,Buddhism,Negombo,Group B
18,73,2,2,0,5,65,2,1,1,1,0,1,0,3,0,0,1,Female,63,SIM-5187,synthetic_simulation,3,1,5,3,3,1,1,3,3,1,2,1,4,5,2,3,Christianity,Colombo,Group C
21,79,1,2,1,7,88,1,1,0,1,2,0,0,4,0,1,1,Male,65,SIM-5188,synthetic_simulation,4,3,2,4,5,2,4,5,3,2,2,3,5,5,1,3,Buddhism,Colombo,Group D
14,99,0,2,0,6,86,1,1,2,0,0,0,0,4,0,0,2,Male,71,SIM-5189,synthetic_simulation,1,1,1,5,5,3,1,5,3,1,5,4,2,2,1,5,Christianity,Galle,Group C
30,87,2,2,0,8,53,1,1,1,1,0,0,1,1,0,2,2,Non-binary,70,SIM-5190,synthetic_simulation,5,3,5,4,4,2,3,5,5,1,3,4,4,5,2,3,Hinduism,Jaffna,Group B
16,66,2,2,1,7,97,2,1,5,1,0,1,2,3,0,2,2,Male,68,SIM-5191,synthetic_simulation,5,1,5,4,1,1,1,4,1,1,2,5,5,1,3,5,Other,Galle,Group D
20,65,2,2,1,8,97,0,1,0,1,2,1,0,3,0,0,2,Female,65,SIM-5192,synthetic_simulation,4,4,1,2,2,1,2,3,4,4,5,5,1,1,2,2,Other,Colombo,Group C
23,68,2,0,1,6,70,2,1,4,2,2,1,2,2,0,1,2,Female,68,SIM-5193,synthetic_simulation,1,3,1,3,3,5,3,1,3,4,4,3,4,4,1,3,Hinduism,Galle,Group D
16,91,2,2,1,5,71,2,1,2,0,2,1,0,3,0,0,2,Female,69,SIM-5194,synthetic_simulation,1,2,3,3,2,3,4,1,4,3,2,3,4,2,4,2,Hinduism,Jaffna,Group D
9,72,2,0,1,10,91,2,0,1,0,2,1,1,2,0,1,0,Female,62,SIM-5195,synthetic_simulation,4,3,4,1,3,4,4,4,2,4,1,3,3,4,3,1,Islam,Colombo,Group C
17,61,1,0,1,7,75,2,0,2,2,0,1,0,4,0,0,2,Male,62,SIM-5196,synthetic_simulation,2,3,5,4,3,1,3,1,2,1,5,3,4,1,3,5,Buddhism,Galle,Group B
26,98,0,1,0,8,90,1,1,1,0,1,1,2,2,1,2,1,Male,72,SIM-5197,synthetic_simulation,5,3,3,5,1,4,2,1,2,5,1,5,1,3,5,5,Christianity,Negombo,Group C
18,67,0,2,0,5,52,0,1,0,2,2,0,1,4,0,2,1,Female,64,SIM-5198,synthetic_simulation,5,4,3,2,3,3,1,3,3,2,3,1,5,2,3,4,Hinduism,Colombo,Group D
15,60,0,2,0,7,63,1,1,0,1,0,1,2,1,1,1,0,Male,58,SIM-5199,synthetic_simulation,3,1,5,3,3,2,5,4,4,5,4,1,2,4,5,3,Christianity,Jaffna,Group B
26,69,0,2,0,9,55,1,1,1,1,2,1,1,3,0,0,2,Female,66,SIM-5200,synthetic_simulation,4,2,5,1,1,3,4,4,1,1,1,1,1,4,5,4,Buddhism,Galle,Group D
18,69,2,1,1,5,73,1,1,1,1,0,1,2,4,0,2,1,Female,64,SIM-5201,synthetic_simulation,3,1,2,5,5,5,2,5,5,5,2,5,2,1,4,4,Christianity,Colombo,Group C
17,77,2,0,1,10,93,1,1,3,0,0,0,2,1,0,0,0,Non-binary,68,SIM-5202,synthetic_simulation,3,1,4,4,2,4,2,1,4,2,5,1,1,4,5,2,Other,Galle,Group A
21,97,1,1,0,7,78,2,1,0,0,2,1,1,3,0,2,2,Female,69,SIM-5203,synthetic_simulation,1,5,5,5,3,4,2,2,5,3,4,1,5,1,5,5,Islam,Kandy,Group A
25,95,1,0,0,6,76,2,1,1,1,2,1,2,5,0,1,2,Male,71,SIM-5204,synthetic_simulation,5,4,1,3,1,2,1,3,4,3,5,5,3,3,5,2,Buddhism,Colombo,Group A
34,78,2,0,1,8,68,2,1,1,2,2,1,0,2,0,0,2,Male,71,SIM-5205,synthetic_simulation,3,5,2,2,3,2,2,3,3,4,4,2,5,4,5,5,Buddhism,Colombo,Group C
25,76,2,2,1,9,53,2,1,0,0,0,0,2,3,0,1,1,Male,67,SIM-5206,synthetic_simulation,1,4,4,4,1,1,2,2,1,5,1,3,2,1,5,5,Islam,Kandy,Group D
27,82,0,1,1,6,88,2,1,2,0,0,0,1,3,0,1,2,Female,71,SIM-5207,synthetic_simulation,4,1,1,2,2,3,3,5,3,4,3,3,2,1,2,4,Buddhism,Galle,Group D
17,70,2,2,1,6,79,1,1,2,2,2,1,2,3,0,1,2,Non-binary,64,SIM-5208,synthetic_simulation,3,1,1,5,4,5,3,2,2,4,5,2,4,3,5,2,Islam,Negombo,Group A
14,62,2,2,1,7,97,0,1,0,2,2,1,2,1,0,1,1,Non-binary,62,SIM-5209,synthetic_simulation,5,4,4,5,5,1,2,2,1,5,2,4,3,4,2,2,Hinduism,Negombo,Group C
20,98,2,2,0,8,72,2,1,1,0,2,1,0,4,0,1,2,Female,70,SIM-5210,synthetic_simulation,3,1,2,1,4,3,2,5,4,5,5,1,5,3,2,5,Hinduism,Negombo,Group A
21,67,1,0,0,7,70,1,1,2,1,2,0,0,2,0,2,1,Non-binary,63,SIM-5211,synthetic_simulation,4,1,1,4,1,2,3,2,3,2,3,2,5,3,2,2,Christianity,Kandy,Group A
14,68,0,2,1,8,99,0,1,0,0,2,1,2,3,0,1,2,Female,66,SIM-5212,synthetic_simulation,3,2,3,5,3,5,1,5,5,5,1,1,2,3,3,3,Other,Jaffna,Group B
19,79,2,2,1,8,57,1,1,2,1,1,1,2,3,0,1,1,Female,65,SIM-5213,synthetic_simulation,5,5,4,3,5,2,3,1,3,5,2,2,3,4,2,2,Other,Colombo,Group A
22,80,2,0,0,7,63,2,1,1,0,2,1,2,3,0,0,2,Male,69,SIM-5214,synthetic_simulation,1,5,4,3,2,2,3,5,3,4,2,3,5,5,3,1,Buddhism,Jaffna,Group C
22,61,0,1,1,6,74,2,1,1,1,2,1,0,3,0,1,2,Male,63,SIM-5215,synthetic_simulation,5,5,5,2,5,4,3,4,4,3,1,1,3,1,2,2,Buddhism,Colombo,Group D
23,66,2,2,0,7,76,1,1,1,0,2,1,1,2,0,0,1,Non-binary,64,SIM-5216,synthetic_simulation,1,3,2,3,3,3,3,4,4,1,5,5,3,1,2,3,Christianity,Jaffna,Group A
22,75,2,2,1,10,77,0,1,2,1,1,1,1,2,0,1,2,Female,66,SIM-5217,synthetic_simulation,2,2,3,5,4,1,5,2,2,3,2,3,5,3,2,2,Other,Jaffna,Group C
17,87,2,2,1,7,61,2,1,4,0,2,1,0,3,1,1,2,Female,67,SIM-5218,synthetic_simulation,5,5,3,3,1,4,4,4,1,5,5,3,3,3,4,3,Hinduism,Kandy,Group D
17,69,0,0,1,9,96,2,1,2,1,2,1,0,3,0,0,0,Non-binary,66,SIM-5219,synthetic_simulation,5,5,5,4,4,3,1,5,3,1,5,3,1,5,3,1,Hinduism,Kandy,Group B
13,77,1,0,0,6,85,1,1,2,1,2,1,1,4,0,2,2,Female,65,SIM-5220,synthetic_simulation,4,2,1,2,5,3,1,1,5,5,1,1,2,2,3,4,Islam,Jaffna,Group C
31,82,0,2,1,7,63,2,0,2,0,2,0,2,2,0,2,1,Female,72,SIM-5221,synthetic_simulation,3,1,1,4,3,3,2,5,4,2,3,4,3,1,4,5,Hinduism,Colombo,Group B
20,96,0,2,1,8,65,0,1,0,2,1,1,1,2,0,1,2,Female,70,SIM-5222,synthetic_simulation,1,5,3,5,1,5,5,3,4,5,3,2,3,2,5,5,Other,Galle,Group B
19,73,2,2,1,9,94,2,1,1,0,1,1,2,1,0,0,2,Male,67,SIM-5223,synthetic_simulation,1,1,2,5,3,4,2,2,2,1,5,2,1,3,2,5,Islam,Jaffna,Group B
14,65,2,0,0,9,69,1,1,4,2,2,1,1,3,0,0,2,Female,64,SIM-5224,synthetic_simulation,4,5,1,3,3,1,1,1,1,2,1,5,4,1,1,1,Buddhism,Kandy,Group B
38,80,0,2,0,5,78,2,1,1,1,2,1,2,4,0,0,0,Non-binary,72,SIM-5225,synthetic_simulation,4,4,4,1,5,4,1,2,2,1,3,4,3,1,3,1,Christianity,Colombo,Group A
14,90,2,2,1,9,56,2,1,0,1,2,1,1,4,0,1,2,Female,65,SIM-5226,synthetic_simulation,3,3,5,1,4,2,2,3,4,2,5,3,5,3,3,3,Other,Galle,Group C
17,64,0,1,1,10,63,2,1,0,0,2,1,2,3,0,1,1,Female,62,SIM-5227,synthetic_simulation,3,5,2,5,3,3,4,4,5,4,2,2,4,2,1,1,Hinduism,Jaffna,Group D
22,77,2,0,0,6,71,0,1,3,1,2,1,0,4,0,1,0,Non-binary,67,SIM-5228,synthetic_simulation,5,4,1,5,3,2,2,3,2,1,2,1,4,2,1,4,Islam,Kandy,Group A
24,61,2,2,0,6,83,0,1,0,2,2,1,2,3,1,1,2,Male,64,SIM-5229,synthetic_simulation,2,2,3,2,3,4,4,4,3,4,4,3,1,4,1,3,Hinduism,Negombo,Group D
26,61,2,2,0,7,64,1,1,0,2,2,0,0,3,0,2,2,Non-binary,63,SIM-5230,synthetic_simulation,3,4,5,5,1,1,4,2,4,4,4,3,5,4,4,4,Buddhism,Colombo,Group D
31,79,2,0,0,7,98,2,1,1,2,0,1,1,2,0,0,1,Non-binary,72,SIM-5231,synthetic_simulation,4,2,1,5,3,2,3,2,4,5,4,4,4,5,2,4,Hinduism,Galle,Group D
23,72,1,2,0,6,61,0,1,1,0,2,1,2,5,0,1,2,Female,66,SIM-5232,synthetic_simulation,3,5,3,2,3,2,1,2,2,3,3,4,3,5,2,2,Hinduism,Kandy,Group D
14,94,0,2,1,5,89,2,1,0,2,2,1,2,1,0,2,2,Non-binary,70,SIM-5233,synthetic_simulation,1,2,1,4,5,5,3,5,5,2,2,2,1,2,1,5,Christianity,Negombo,Group D
18,84,2,1,1,9,68,1,1,0,2,0,0,0,2,0,2,2,Male,66,SIM-5234,synthetic_simulation,2,4,5,4,3,4,1,1,2,1,2,2,1,3,5,4,Hinduism,Jaffna,Group B
22,78,0,0,0,6,92,1,1,1,0,0,1,2,3,0,1,1,Non-binary,70,SIM-5235,synthetic_simulation,5,3,4,2,3,2,3,5,5,4,3,3,1,2,2,5,Christianity,Colombo,Group A
32,76,1,1,1,6,96,1,1,0,1,0,1,1,2,0,1,1,Female,67,SIM-5236,synthetic_simulation,1,1,4,2,5,4,4,3,4,5,2,5,2,1,5,3,Islam,Galle,Group D
12,80,2,2,1,7,59,0,1,1,1,0,1,2,2,0,1,2,Female,64,SIM-5237,synthetic_simulation,1,1,3,4,1,1,3,1,2,1,2,3,4,4,2,5,Buddhism,Kandy,Group B
27,62,0,2,0,5,75,2,1,2,2,0,1,2,2,0,1,2,Non-binary,67,SIM-5238,synthetic_simulation,2,3,4,4,4,2,5,2,1,5,5,1,5,4,5,1,Christianity,Jaffna,Group D
21,96,0,0,1,5,58,2,1,0,0,0,1,1,4,0,0,0,Male,72,SIM-5239,synthetic_simulation,5,1,5,4,5,1,3,2,2,1,2,5,5,2,4,5,Hinduism,Kandy,Group D
25,100,0,1,0,6,85,1,1,1,2,2,1,2,3,0,1,2,Non-binary,72,SIM-5240,synthetic_simulation,4,5,3,4,1,2,3,2,2,5,5,2,2,1,2,1,Islam,Negombo,Group B
19,67,0,2,1,8,92,1,1,2,0,2,1,1,5,0,2,1,Female,68,SIM-5241,synthetic_simulation,5,5,1,3,4,3,3,4,1,5,4,5,3,2,2,2,Christianity,Jaffna,Group C
15,65,2,2,1,7,69,2,1,1,0,2,1,1,3,0,2,2,Non-binary,64,SIM-5242,synthetic_simulation,3,4,2,2,3,5,5,3,1,3,1,5,4,2,3,2,Christianity,Kandy,Group D
25,66,0,2,1,4,70,2,0,1,0,2,1,2,3,0,1,1,Male,66,SIM-5243,synthetic_simulation,1,4,1,1,5,5,1,5,3,4,5,2,1,2,2,4,Islam,Colombo,Group A
24,86,1,0,0,9,60,2,1,0,1,0,0,2,3,0,0,0,Male,68,SIM-5244,synthetic_simulation,3,2,5,3,3,5,3,3,1,2,2,1,2,1,3,1,Buddhism,Colombo,Group B
26,86,1,1,0,8,65,1,1,0,1,0,1,1,4,0,1,2,Non-binary,66,SIM-5245,synthetic_simulation,4,4,3,1,5,1,1,4,5,2,4,1,2,4,1,1,Islam,Galle,Group C
20,94,1,0,1,7,66,0,1,1,1,0,0,2,1,0,1,2,Non-binary,70,SIM-5246,synthetic_simulation,3,5,1,1,4,4,2,4,3,1,1,4,4,3,3,5,Buddhism,Colombo,Group C
16,90,0,0,1,7,58,0,1,1,1,2,1,1,4,0,2,2,Male,70,SIM-5247,synthetic_simulation,5,4,3,5,1,5,4,3,5,1,1,4,5,5,1,2,Buddhism,Colombo,Group B
11,78,1,0,1,8,65,2,1,0,2,2,0,1,2,0,1,2,Non-binary,62,SIM-5248,synthetic_simulation,3,1,4,2,5,2,2,4,3,3,4,1,4,1,2,1,Hinduism,Galle,Group C
25,85,1,2,1,10,95,2,1,0,2,1,1,2,1,0,0,2,Female,69,SIM-5249,synthetic_simulation,4,2,2,3,1,2,5,1,3,1,4,1,5,4,3,3,Christianity,Jaffna,Group C
23,88,2,2,1,8,66,1,1,2,2,0,0,2,2,0,0,1,Female,69,SIM-5250,synthetic_simulation,4,2,5,2,3,3,5,2,5,2,1,4,4,2,1,2,Islam,Kandy,Group A
14,81,2,2,1,7,64,2,1,2,2,2,1,2,4,1,0,2,Non-binary,66,SIM-5251,synthetic_simulation,4,5,1,4,3,1,1,5,4,4,1,4,5,3,3,4,Buddhism,Jaffna,Group D
17,79,0,0,0,5,69,2,1,4,1,2,1,0,3,0,2,2,Female,68,SIM-5252,synthetic_simulation,5,4,2,2,4,2,1,4,4,3,2,1,2,5,1,4,Islam,Kandy,Group C
17,86,2,0,0,7,98,2,1,2,1,0,1,2,5,0,2,1,Female,71,SIM-5253,synthetic_simulation,4,1,5,1,4,2,3,5,2,1,5,2,5,5,3,2,Christianity,Colombo,Group A
11,82,2,2,1,8,88,2,0,1,1,2,0,0,2,0,2,1,Female,64,SIM-5254,synthetic_simulation,1,4,5,4,2,3,2,2,4,3,5,1,4,1,1,1,Islam,Negombo,Group A
15,86,1,0,0,7,60,2,1,2,2,2,1,2,3,0,0,2,Non-binary,67,SIM-5255,synthetic_simulation,4,3,4,2,2,3,1,3,2,3,1,2,3,2,5,4,Other,Galle,Group D
13,85,2,0,1,6,88,2,1,2,2,0,1,2,3,0,1,1,Female,68,SIM-5256,synthetic_simulation,3,4,3,2,4,4,1,2,4,3,1,2,4,2,2,2,Islam,Jaffna,Group B
18,89,1,0,1,8,88,1,1,0,0,2,1,0,1,0,1,1,Female,67,SIM-5257,synthetic_simulation,3,5,3,1,3,4,1,5,2,1,3,2,2,3,2,5,Buddhism,Kandy,Group B
16,86,2,2,0,6,98,0,1,1,1,2,1,1,3,0,2,2,Male,68,SIM-5258,synthetic_simulation,3,4,2,4,1,4,4,1,2,5,1,4,5,5,3,1,Hinduism,Negombo,Group D
10,81,2,0,1,8,95,2,1,5,1,0,1,2,3,0,1,2,Female,69,SIM-5259,synthetic_simulation,5,2,4,1,4,2,1,3,1,1,5,3,5,1,1,2,Other,Kandy,Group C
32,87,2,0,1,6,55,2,1,0,1,0,1,1,3,0,1,2,Female,71,SIM-5260,synthetic_simulation,3,1,5,2,1,3,4,4,2,1,2,1,5,2,5,5,Hinduism,Galle,Group C
28,78,0,1,1,4,73,1,0,3,1,2,0,2,4,0,1,1,Non-binary,68,SIM-5261,synthetic_simulation,5,5,4,3,2,1,5,1,5,1,3,5,2,5,2,3,Hinduism,Jaffna,Group D
15,70,0,0,0,6,85,0,1,0,1,2,0,2,2,0,0,1,Female,65,SIM-5262,synthetic_simulation,5,3,4,3,1,4,3,2,5,1,5,5,4,5,3,4,Christianity,Galle,Group A
22,60,1,2,0,7,99,2,1,1,1,0,1,1,3,0,0,1,Non-binary,63,SIM-5263,synthetic_simulation,4,1,2,5,4,5,2,5,2,1,2,1,5,4,2,2,Hinduism,Jaffna,Group D
23,82,1,2,1,8,54,2,1,0,2,0,1,0,1,0,1,2,Male,65,SIM-5264,synthetic_simulation,1,1,3,3,3,2,1,5,5,3,3,2,3,3,5,1,Hinduism,Galle,Group B
27,84,0,0,0,8,68,1,1,3,1,0,0,2,2,1,2,2,Female,72,SIM-5265,synthetic_simulation,4,2,4,4,4,1,4,5,4,3,3,4,3,2,2,5,Islam,Jaffna,Group A
15,99,1,2,1,5,75,1,1,2,2,1,1,1,1,0,0,1,Male,67,SIM-5266,synthetic_simulation,4,2,4,5,5,2,1,2,5,1,3,4,1,4,4,2,Other,Colombo,Group B
27,74,2,0,0,7,71,2,1,1,2,2,1,2,3,0,1,2,Male,69,SIM-5267,synthetic_simulation,5,2,4,4,5,4,1,3,1,4,3,2,3,3,5,2,Other,Jaffna,Group B
17,76,2,2,0,6,73,2,1,3,1,0,0,1,3,0,2,2,Female,67,SIM-5268,synthetic_simulation,5,5,1,3,5,2,4,4,5,4,3,1,1,4,1,5,Islam,Colombo,Group A
12,68,0,2,1,6,68,1,1,2,2,2,1,2,4,0,0,2,Male,64,SIM-5269,synthetic_simulation,3,4,4,3,3,4,1,1,4,5,3,5,5,2,5,2,Buddhism,Negombo,Group D
24,63,2,1,0,6,99,1,0,0,1,2,1,2,3,0,1,1,Female,62,SIM-5270,synthetic_simulation,3,1,4,2,4,2,2,2,4,4,4,4,2,1,3,1,Other,Jaffna,Group B
28,91,1,2,0,7,90,2,1,2,0,1,0,1,3,0,1,2,Male,71,SIM-5271,synthetic_simulation,4,4,5,4,5,4,5,5,2,2,2,2,2,4,1,4,Other,Kandy,Group B
36,70,1,0,0,10,87,2,1,2,1,2,1,2,3,0,1,2,Non-binary,70,SIM-5272,synthetic_simulation,2,4,1,1,4,3,3,4,3,2,5,4,2,4,2,1,Other,Jaffna,Group D
13,84,1,2,0,10,71,1,1,1,2,0,1,1,3,0,0,1,Non-binary,64,SIM-5273,synthetic_simulation,2,2,4,2,2,3,1,5,4,4,1,2,5,5,5,1,Christianity,Jaffna,Group C
24,88,2,2,1,6,94,2,1,0,1,2,0,0,2,0,2,1,Non-binary,69,SIM-5274,synthetic_simulation,3,4,4,4,5,3,4,2,2,1,5,4,5,2,1,4,Other,Negombo,Group C
18,79,2,2,1,7,55,2,1,1,1,0,1,2,3,0,1,1,Non-binary,65,SIM-5275,synthetic_simulation,2,1,2,5,5,3,2,5,2,4,4,5,4,4,2,2,Buddhism,Kandy,Group D
25,95,0,0,1,7,57,2,1,2,0,2,0,0,2,0,0,1,Male,73,SIM-5276,synthetic_simulation,3,1,2,4,3,3,1,2,5,2,4,4,3,1,5,5,Other,Colombo,Group D
11,78,2,1,1,7,98,1,1,2,2,2,1,1,3,0,1,2,Male,64,SIM-5277,synthetic_simulation,5,3,1,5,4,5,5,5,5,4,3,1,5,4,1,5,Buddhism,Jaffna,Group D
12,71,2,0,1,8,78,1,1,2,2,2,1,0,2,0,2,2,Male,64,SIM-5278,synthetic_simulation,4,5,5,5,3,2,5,2,2,3,4,3,3,3,3,3,Other,Jaffna,Group C
15,96,2,2,1,7,58,2,1,3,2,2,1,1,4,0,2,1,Male,70,SIM-5279,synthetic_simulation,1,4,1,3,3,3,4,5,1,5,5,2,2,1,2,1,Buddhism,Kandy,Group B
20,94,1,1,1,6,97,1,1,2,2,2,1,2,5,0,0,2,Male,70,SIM-5280,synthetic_simulation,4,5,1,1,4,5,1,4,2,3,4,3,3,1,2,4,Islam,Negombo,Group A
16,67,0,0,0,9,99,2,1,2,2,2,1,1,2,1,1,1,Female,64,SIM-5281,synthetic_simulation,3,5,2,4,2,5,1,4,5,3,5,5,4,4,3,5,Other,Kandy,Group A
24,61,1,2,0,5,94,2,1,3,2,0,0,1,2,1,0,1,Non-binary,64,SIM-5282,synthetic_simulation,3,5,2,1,4,2,1,5,4,5,3,5,2,4,3,4,Buddhism,Kandy,Group A
26,64,2,2,1,7,62,0,1,3,2,0,0,0,2,0,1,2,Non-binary,66,SIM-5283,synthetic_simulation,4,5,5,5,2,2,5,5,1,1,3,3,3,5,3,5,Christianity,Galle,Group A
24,71,1,0,1,5,64,2,1,1,2,2,1,1,3,0,0,2,Female,66,SIM-5284,synthetic_simulation,3,1,4,3,3,4,1,2,3,5,4,5,4,2,1,4,Christianity,Colombo,Group D
30,99,2,2,1,5,70,1,1,2,2,2,1,1,4,0,1,2,Non-binary,74,SIM-5285,synthetic_simulation,2,4,5,1,2,4,1,2,4,1,1,5,3,5,3,1,Islam,Negombo,Group C
22,82,0,0,0,8,79,2,0,2,2,2,1,0,1,0,0,2,Non-binary,69,SIM-5286,synthetic_simulation,2,3,4,2,2,3,1,2,5,2,3,2,4,3,4,3,Hinduism,Jaffna,Group B
13,75,1,0,1,6,100,0,1,1,2,2,1,2,3,0,2,2,Non-binary,67,SIM-5287,synthetic_simulation,3,5,3,5,2,1,1,3,4,4,2,2,3,2,1,3,Christianity,Negombo,Group D
28,96,2,2,0,4,98,0,1,5,1,2,1,1,5,1,1,0,Female,73,SIM-5288,synthetic_simulation,3,3,2,2,5,4,4,5,4,2,2,2,2,5,3,1,Other,Negombo,Group C
16,78,1,2,0,6,96,0,1,0,2,2,1,2,1,0,2,2,Male,66,SIM-5289,synthetic_simulation,2,1,3,1,5,1,5,5,5,2,3,1,2,5,3,2,Islam,Kandy,Group A
25,73,0,2,0,6,54,0,1,2,2,2,1,1,4,0,1,1,Male,67,SIM-5290,synthetic_simulation,3,1,3,1,3,4,3,5,4,2,4,1,1,4,4,2,Buddhism,Jaffna,Group A
29,98,2,0,1,5,88,1,1,3,1,2,1,1,2,0,0,2,Male,75,SIM-5291,synthetic_simulation,3,2,2,1,4,5,4,5,2,4,3,1,4,5,5,4,Buddhism,Jaffna,Group A
23,94,2,0,1,8,94,1,1,2,2,0,1,2,2,0,1,2,Male,73,SIM-5292,synthetic_simulation,4,5,3,4,2,5,1,2,1,1,4,1,3,4,3,1,Buddhism,Galle,Group D
11,94,2,2,0,5,67,2,1,2,0,2,1,1,5,0,1,2,Non-binary,67,SIM-5293,synthetic_simulation,1,2,1,5,5,5,3,2,5,5,5,3,3,1,2,1,Buddhism,Jaffna,Group D
14,80,0,1,1,6,61,2,1,0,2,0,1,1,4,0,0,1,Female,65,SIM-5294,synthetic_simulation,2,3,4,5,4,1,2,3,1,1,1,2,3,2,3,4,Other,Galle,Group C
28,92,2,2,1,7,87,1,1,1,1,1,1,2,1,0,1,2,Male,71,SIM-5295,synthetic_simulation,4,4,5,5,2,3,3,2,2,1,1,5,5,4,1,4,Christianity,Kandy,Group B
19,67,2,2,1,6,55,1,1,1,2,2,1,1,4,0,1,2,Female,63,SIM-5296,synthetic_simulation,1,2,2,4,4,4,4,5,5,3,5,4,4,5,1,5,Buddhism,Colombo,Group D
20,83,2,1,1,6,97,0,1,2,1,0,1,1,4,0,1,1,Non-binary,68,SIM-5297,synthetic_simulation,3,1,1,1,1,4,5,5,2,4,5,1,3,4,3,3,Other,Negombo,Group A
25,99,2,0,0,6,58,0,1,0,2,2,0,2,4,0,1,2,Male,72,SIM-5298,synthetic_simulation,3,5,5,1,2,1,4,1,3,1,5,5,1,1,1,5,Islam,Negombo,Group B
24,72,1,0,1,5,73,1,1,2,2,0,1,2,2,0,1,2,Non-binary,67,SIM-5299,synthetic_simulation,4,3,5,2,4,5,5,2,3,1,1,2,2,3,2,4,Other,Jaffna,Group B
22,92,2,0,0,6,99,1,1,1,2,2,1,0,4,0,0,2,Non-binary,71,SIM-5300,synthetic_simulation,3,1,5,4,2,3,5,1,3,2,3,3,5,3,3,4,Islam,Jaffna,Group C
19,80,1,1,0,8,99,0,1,1,1,2,1,2,4,0,2,2,Male,67,SIM-5301,synthetic_simulation,5,4,3,3,2,4,5,5,1,3,2,5,5,1,2,4,Christianity,Negombo,Group C
18,62,2,0,1,6,89,2,1,0,0,0,0,2,3,0,2,2,Female,66,SIM-5302,synthetic_simulation,4,5,3,4,1,3,2,2,3,5,4,4,2,5,4,5,Buddhism,Colombo,Group B
25,91,2,0,0,7,92,2,1,3,1,2,1,0,5,0,1,2,Male,72,SIM-5303,synthetic_simulation,1,4,3,2,4,3,3,5,3,3,2,5,5,2,5,3,Hinduism,Colombo,Group B
23,67,1,1,0,9,98,2,1,2,1,0,1,0,0,0,0,2,Non-binary,64,SIM-5304,synthetic_simulation,4,4,3,2,3,2,4,1,2,2,4,2,1,2,4,4,Islam,Colombo,Group C
18,85,2,2,0,8,96,2,1,0,0,0,1,0,3,0,0,1,Female,68,SIM-5305,synthetic_simulation,2,5,1,2,5,3,4,1,4,2,1,5,1,4,3,2,Hinduism,Jaffna,Group D
26,63,0,0,0,5,81,2,1,0,1,2,1,0,2,0,1,1,Female,65,SIM-5306,synthetic_simulation,4,5,3,1,2,2,5,4,4,2,3,3,2,3,5,3,Other,Jaffna,Group B
19,98,2,0,1,8,87,0,1,1,2,2,0,2,4,0,2,1,Male,74,SIM-5307,synthetic_simulation,3,4,2,3,2,1,2,4,3,4,2,2,4,1,3,2,Other,Colombo,Group B
15,72,2,1,1,9,80,2,1,4,2,0,0,1,4,0,0,1,Male,65,SIM-5308,synthetic_simulation,3,3,5,2,2,5,2,2,4,2,5,1,5,5,5,2,Hinduism,Negombo,Group B
15,69,0,1,1,6,75,2,0,2,1,0,1,2,2,0,1,2,Male,63,SIM-5309,synthetic_simulation,5,5,1,5,2,2,1,2,3,1,5,2,3,1,3,3,Christianity,Galle,Group A
14,65,2,2,1,5,94,2,1,5,1,2,0,0,3,0,2,1,Female,65,SIM-5310,synthetic_simulation,5,1,3,1,5,3,2,2,3,4,5,5,3,3,5,2,Buddhism,Negombo,Group A
18,98,1,0,1,6,87,2,1,0,2,2,1,1,1,0,1,2,Female,70,SIM-5311,synthetic_simulation,5,2,5,3,3,5,5,2,1,2,2,4,1,1,2,1,Other,Galle,Group D
27,88,2,0,1,7,93,2,1,0,1,2,1,1,4,0,1,1,Male,71,SIM-5312,synthetic_simulation,1,3,1,5,1,3,5,2,5,4,3,2,4,1,1,5,Hinduism,Colombo,Group C
15,90,2,2,1,8,55,2,1,1,1,2,1,1,1,0,0,2,Non-binary,66,SIM-5313,synthetic_simulation,5,5,5,3,3,3,3,2,4,1,3,2,4,1,3,4,Hinduism,Jaffna,Group D
21,80,2,2,1,6,79,1,1,2,2,0,1,2,3,0,0,2,Female,69,SIM-5314,synthetic_simulation,1,5,1,3,5,2,5,2,3,2,5,2,5,4,4,1,Islam,Colombo,Group D
16,79,2,0,1,4,66,0,1,2,2,2,1,1,2,0,0,1,Non-binary,67,SIM-5315,synthetic_simulation,5,3,4,5,4,1,3,1,4,2,2,2,5,5,4,4,Hinduism,Kandy,Group D
18,64,2,0,1,5,76,1,1,1,1,2,1,2,4,0,1,1,Male,64,SIM-5316,synthetic_simulation,1,2,1,4,1,3,2,1,1,1,5,5,2,2,3,4,Hinduism,Jaffna,Group A
11,82,0,0,0,8,81,0,1,2,1,0,1,2,2,0,1,1,Male,67,SIM-5317,synthetic_simulation,4,4,3,3,1,2,1,1,1,2,4,1,1,5,2,1,Islam,Galle,Group C
19,70,2,0,1,10,92,2,1,1,1,0,1,2,4,0,1,2,Non-binary,67,SIM-5318,synthetic_simulation,4,1,5,4,4,3,4,5,3,1,4,4,2,3,3,4,Islam,Jaffna,Group C
19,99,0,2,0,7,52,2,1,1,2,2,1,1,4,0,1,2,Male,70,SIM-5319,synthetic_simulation,3,5,5,3,2,5,5,3,4,2,2,2,2,2,5,3,Other,Colombo,Group D
23,92,0,0,0,9,58,2,1,2,1,2,0,1,1,0,2,2,Non-binary,71,SIM-5320,synthetic_simulation,1,2,5,5,5,1,2,5,4,2,4,4,4,4,1,5,Christianity,Galle,Group D
21,77,2,1,1,5,96,0,1,2,1,0,0,1,5,0,1,2,Non-binary,68,SIM-5321,synthetic_simulation,2,1,2,3,4,3,5,2,4,3,1,5,5,2,2,4,Other,Kandy,Group B
13,66,0,0,0,6,98,1,1,1,0,0,1,2,2,0,1,2,Female,65,SIM-5322,synthetic_simulation,3,3,2,2,3,1,3,3,1,4,1,1,3,2,1,5,Christianity,Negombo,Group C
27,91,2,2,0,4,53,2,1,1,1,2,0,2,3,0,2,2,Non-binary,70,SIM-5323,synthetic_simulation,4,5,3,2,3,1,2,1,2,5,1,2,2,2,4,2,Buddhism,Kandy,Group A
21,65,2,0,1,8,67,1,0,1,1,2,1,2,4,0,1,2,Male,64,SIM-5324,synthetic_simulation,1,4,4,3,4,5,4,1,2,3,4,1,1,1,1,4,Islam,Negombo,Group A
21,68,0,0,1,6,50,0,1,3,2,1,0,1,4,0,1,2,Male,67,SIM-5325,synthetic_simulation,5,3,2,5,5,5,3,4,4,3,3,2,2,3,1,2,Other,Jaffna,Group D
20,68,1,1,0,8,88,2,1,5,1,1,0,1,3,0,1,1,Male,63,SIM-5326,synthetic_simulation,2,5,1,5,1,4,2,2,4,4,1,2,3,4,3,5,Islam,Colombo,Group C
17,82,2,1,1,6,84,0,1,2,1,1,1,0,3,0,1,1,Male,65,SIM-5327,synthetic_simulation,4,2,3,1,1,1,4,2,5,3,5,3,3,3,4,1,Islam,Colombo,Group A
21,91,2,2,1,10,78,0,1,2,1,0,1,0,2,0,1,2,Male,70,SIM-5328,synthetic_simulation,3,1,4,5,2,3,3,4,3,1,3,4,1,1,1,5,Christianity,Negombo,Group B
23,73,2,0,0,10,85,2,1,1,1,2,1,1,3,0,0,2,Female,67,SIM-5329,synthetic_simulation,1,1,1,4,5,5,4,5,1,3,2,1,3,4,5,3,Hinduism,Colombo,Group B
10,63,2,0,0,4,77,1,0,3,1,2,0,1,3,0,1,2,Female,60,SIM-5330,synthetic_simulation,2,5,5,3,3,3,2,4,5,5,4,4,3,1,1,3,Hinduism,Jaffna,Group B
17,79,1,0,0,8,62,1,1,1,1,2,1,1,3,0,1,2,Female,64,SIM-5331,synthetic_simulation,1,3,2,2,3,1,3,2,4,1,5,4,3,4,3,5,Islam,Kandy,Group D
18,90,1,2,0,6,88,1,1,1,2,2,0,0,1,0,1,1,Non-binary,65,SIM-5332,synthetic_simulation,5,4,1,5,2,5,1,1,2,4,2,4,2,4,2,5,Other,Jaffna,Group C
22,69,2,2,0,8,89,1,0,0,1,0,1,2,5,0,1,1,Female,64,SIM-5333,synthetic_simulation,3,2,4,2,3,4,5,4,2,4,4,1,1,5,2,2,Other,Jaffna,Group A
27,69,2,1,1,5,93,2,1,1,2,2,1,2,4,0,0,1,Non-binary,67,SIM-5334,synthetic_simulation,1,5,3,1,2,1,1,3,5,4,4,2,2,1,2,2,Christianity,Kandy,Group C
15,98,2,2,1,9,98,0,1,0,2,2,0,2,3,0,1,2,Non-binary,71,SIM-5335,synthetic_simulation,4,2,1,3,2,3,4,1,2,1,5,2,1,3,5,4,Buddhism,Galle,Group A
17,98,2,2,0,9,87,1,1,0,0,2,0,2,3,0,1,1,Female,69,SIM-5336,synthetic_simulation,3,1,3,5,4,4,2,5,2,4,4,2,3,1,1,2,Other,Galle,Group D
17,100,2,0,1,5,53,1,1,1,2,0,1,2,4,0,1,2,Male,70,SIM-5337,synthetic_simulation,4,4,5,2,1,1,5,1,3,4,4,2,3,1,4,1,Buddhism,Negombo,Group C
15,92,2,2,1,7,51,2,1,1,0,0,1,2,3,0,0,2,Female,69,SIM-5338,synthetic_simulation,1,2,4,5,5,5,2,5,4,5,4,2,5,1,1,1,Islam,Negombo,Group A
18,68,0,0,1,7,87,0,1,3,2,2,1,2,4,0,1,2,Non-binary,69,SIM-5339,synthetic_simulation,3,5,4,1,5,1,4,1,5,2,3,2,3,5,2,2,Christianity,Galle,Group C
25,68,1,2,1,8,53,1,1,2,2,2,1,1,3,0,0,1,Non-binary,64,SIM-5340,synthetic_simulation,4,4,2,2,1,2,2,2,1,2,1,5,1,5,2,5,Christianity,Galle,Group B
14,74,1,2,1,7,66,2,1,0,2,0,0,0,3,0,2,2,Non-binary,63,SIM-5341,synthetic_simulation,5,3,4,2,5,3,3,5,1,2,5,5,4,5,4,5,Islam,Jaffna,Group C
23,73,0,2,0,8,57,2,1,3,2,2,1,2,2,0,0,2,Female,67,SIM-5342,synthetic_simulation,5,5,1,3,3,5,3,5,4,4,3,2,1,5,1,1,Islam,Colombo,Group D
10,98,2,2,0,7,98,1,0,0,2,2,1,1,3,0,0,1,Female,66,SIM-5343,synthetic_simulation,1,2,1,3,3,5,4,4,1,1,5,1,3,1,2,5,Buddhism,Negombo,Group A
17,92,2,0,1,8,66,2,1,2,1,2,1,2,3,0,1,2,Non-binary,69,SIM-5344,synthetic_simulation,3,4,1,2,5,2,2,1,2,4,3,4,3,3,4,3,Other,Colombo,Group A
18,89,2,2,0,5,53,2,1,5,1,0,0,1,4,0,0,2,Female,69,SIM-5345,synthetic_simulation,2,5,5,3,4,4,4,5,3,2,4,4,4,2,3,5,Other,Kandy,Group C
30,67,2,2,0,7,97,0,1,2,0,2,1,1,3,1,1,2,Female,69,SIM-5346,synthetic_simulation,3,4,4,2,5,5,5,5,5,5,4,1,3,1,2,1,Hinduism,Galle,Group D
18,96,2,0,1,9,80,0,1,1,1,2,1,2,3,0,0,2,Non-binary,72,SIM-5347,synthetic_simulation,5,4,4,4,2,4,2,1,5,4,3,5,5,3,3,4,Buddhism,Jaffna,Group C
7,93,0,0,1,9,52,0,1,1,2,1,0,0,3,0,1,1,Female,65,SIM-5348,synthetic_simulation,4,4,1,5,2,4,3,1,2,4,4,4,4,2,1,2,Christianity,Kandy,Group D
8,67,2,2,1,7,92,2,1,0,0,0,0,2,2,0,0,2,Female,63,SIM-5349,synthetic_simulation,2,2,2,4,1,4,1,3,4,4,1,5,2,2,5,2,Buddhism,Negombo,Group D
20,95,2,2,0,7,58,1,1,1,1,0,1,1,4,0,0,2,Male,69,SIM-5350,synthetic_simulation,1,5,2,4,3,1,3,4,3,1,5,3,5,5,1,4,Buddhism,Jaffna,Group A
24,71,0,2,1,9,90,1,1,3,2,0,0,1,3,0,0,2,Male,69,SIM-5351,synthetic_simulation,2,1,4,5,4,2,2,5,1,5,4,4,1,2,5,3,Islam,Kandy,Group B
22,63,2,1,1,7,80,2,1,2,0,0,0,0,2,0,0,1,Female,64,SIM-5352,synthetic_simulation,1,1,4,2,5,3,2,1,5,5,2,3,5,3,4,3,Islam,Kandy,Group C
21,86,2,1,1,9,59,0,1,2,2,0,0,2,3,0,0,2,Female,69,SIM-5353,synthetic_simulation,2,2,3,2,2,2,2,5,5,5,3,3,5,5,5,4,Islam,Colombo,Group A
27,86,2,0,0,7,88,2,1,1,2,2,0,1,3,0,2,1,Female,72,SIM-5354,synthetic_simulation,1,2,4,3,3,5,2,3,4,5,3,3,3,1,4,5,Islam,Galle,Group C
17,64,2,1,0,7,73,0,1,1,1,2,1,1,4,0,0,2,Non-binary,62,SIM-5355,synthetic_simulation,1,4,1,1,3,2,5,3,3,2,4,3,2,1,2,1,Islam,Jaffna,Group B
25,73,0,2,1,5,82,1,0,1,2,2,0,2,3,1,1,2,Female,66,SIM-5356,synthetic_simulation,2,5,5,2,4,3,1,5,1,4,3,2,4,5,1,3,Buddhism,Jaffna,Group A
10,100,1,2,0,5,93,1,1,2,2,1,1,1,1,0,1,0,Female,65,SIM-5357,synthetic_simulation,2,5,4,5,4,1,3,4,5,5,2,2,5,5,4,3,Islam,Jaffna,Group D
15,87,0,0,1,8,63,2,1,0,0,2,1,1,3,0,0,2,Male,69,SIM-5358,synthetic_simulation,1,3,4,1,4,5,5,2,5,3,3,1,3,2,1,4,Other,Kandy,Group D
9,89,2,1,0,10,68,0,1,1,0,0,1,0,3,0,1,2,Female,65,SIM-5359,synthetic_simulation,5,3,1,5,4,1,4,5,1,3,2,4,5,2,1,4,Other,Galle,Group A
18,69,0,2,1,7,100,2,1,3,2,0,1,0,2,0,1,2,Male,67,SIM-5360,synthetic_simulation,2,1,3,5,2,5,2,3,3,2,3,1,2,3,4,3,Hinduism,Jaffna,Group A
20,63,1,2,1,7,75,1,1,2,2,0,1,1,2,0,1,2,Female,63,SIM-5361,synthetic_simulation,3,3,4,5,4,3,3,4,3,3,3,3,4,5,4,5,Other,Kandy,Group D
21,71,0,2,0,9,78,1,1,2,2,2,1,1,4,0,1,2,Non-binary,66,SIM-5362,synthetic_simulation,4,3,2,1,3,1,4,1,3,3,2,1,3,1,5,2,Hinduism,Galle,Group D
20,70,1,2,0,8,64,1,1,0,1,1,0,2,3,0,1,0,Female,61,SIM-5363,synthetic_simulation,1,1,2,4,3,3,1,4,5,3,5,2,5,3,2,2,Other,Kandy,Group C
14,69,0,2,1,4,71,2,1,1,2,2,1,2,4,0,1,2,Female,64,SIM-5364,synthetic_simulation,1,1,2,5,5,3,3,4,2,2,1,5,2,1,2,2,Christianity,Jaffna,Group A
19,68,2,1,1,8,75,1,1,1,2,2,0,1,4,0,2,2,Male,64,SIM-5365,synthetic_simulation,4,3,5,3,3,2,5,5,5,4,2,5,1,1,3,2,Hinduism,Colombo,Group A
11,83,2,2,1,5,63,2,1,2,1,2,1,1,3,0,0,2,Male,65,SIM-5366,synthetic_simulation,5,5,5,2,3,5,4,4,4,2,1,5,1,3,5,3,Buddhism,Jaffna,Group A
28,73,2,1,0,7,62,2,1,3,0,2,1,1,3,0,2,1,Male,68,SIM-5367,synthetic_simulation,4,3,4,2,2,4,3,1,4,1,3,5,2,1,5,3,Islam,Negombo,Group A
18,93,1,0,1,6,80,2,1,1,2,2,0,0,3,0,1,2,Female,69,SIM-5368,synthetic_simulation,2,4,4,2,3,4,5,5,5,1,5,5,4,5,1,2,Hinduism,Negombo,Group A
17,67,2,2,0,6,59,2,1,0,2,2,1,0,3,0,1,2,Non-binary,61,SIM-5369,synthetic_simulation,4,4,4,1,1,1,2,3,5,3,2,4,5,5,1,2,Other,Colombo,Group D
30,79,2,0,0,7,78,2,0,3,0,0,0,2,2,0,2,1,Male,72,SIM-5370,synthetic_simulation,1,4,5,3,3,3,3,1,1,3,5,3,5,3,4,5,Buddhism,Jaffna,Group C
13,61,2,1,1,8,85,2,1,4,1,2,0,1,3,0,0,1,Female,61,SIM-5371,synthetic_simulation,4,2,4,3,5,2,2,5,3,4,2,2,2,1,3,5,Other,Jaffna,Group D
13,79,0,0,0,7,60,2,1,1,1,0,0,1,4,0,0,1,Female,66,SIM-5372,synthetic_simulation,3,4,1,3,5,5,4,5,1,3,4,5,5,1,1,5,Buddhism,Galle,Group B
13,62,1,2,1,9,87,2,1,1,1,2,1,0,1,0,0,1,Female,60,SIM-5373,synthetic_simulation,2,5,3,3,4,1,4,2,4,1,2,4,4,2,5,1,Other,Negombo,Group B
20,99,2,1,0,9,68,1,1,1,1,0,1,2,3,0,2,0,Male,69,SIM-5374,synthetic_simulation,4,2,2,3,2,3,4,1,4,3,1,2,2,4,3,5,Islam,Colombo,Group D
23,92,2,0,0,9,100,2,1,1,0,0,1,1,2,1,0,2,Female,72,SIM-5375,synthetic_simulation,1,2,2,4,5,4,2,4,2,4,4,5,1,3,5,5,Christianity,Galle,Group B
24,80,2,0,1,7,99,1,1,2,2,2,1,0,2,0,1,1,Female,69,SIM-5376,synthetic_simulation,2,4,1,3,1,4,2,1,3,1,3,3,1,1,5,3,Other,Kandy,Group D
35,63,0,0,1,6,90,1,1,0,2,2,1,2,3,0,0,2,Male,71,SIM-5377,synthetic_simulation,1,3,4,3,1,5,5,1,3,3,2,1,3,3,5,2,Other,Kandy,Group A
7,84,2,0,0,7,67,2,1,1,2,2,0,1,3,0,0,2,Female,64,SIM-5378,synthetic_simulation,5,1,5,1,4,5,3,2,4,4,1,3,1,2,2,5,Hinduism,Galle,Group D
24,90,1,1,1,9,97,0,1,3,1,2,1,2,4,0,1,2,Female,71,SIM-5379,synthetic_simulation,3,3,4,1,2,5,5,4,1,4,3,3,5,3,5,5,Islam,Colombo,Group D
17,68,1,2,1,9,100,0,1,1,2,0,1,0,3,0,1,1,Non-binary,64,SIM-5380,synthetic_simulation,5,3,4,3,2,1,2,2,5,1,1,5,4,5,2,5,Buddhism,Galle,Group C
16,83,2,2,1,4,73,0,1,3,1,1,1,0,3,0,0,2,Female,67,SIM-5381,synthetic_simulation,3,2,2,4,3,5,3,2,3,1,3,1,4,1,1,3,Hinduism,Colombo,Group B
16,93,2,1,1,7,81,2,1,2,1,2,0,0,3,1,2,1,Non-binary,67,SIM-5382,synthetic_simulation,4,2,2,3,1,1,4,2,5,1,2,1,3,2,5,1,Islam,Jaffna,Group D
15,91,1,0,1,4,50,0,1,1,2,2,1,1,3,0,1,1,Male,66,SIM-5383,synthetic_simulation,2,2,5,3,1,2,5,1,4,4,5,2,5,5,4,4,Islam,Kandy,Group C
30,92,1,2,1,7,52,2,1,3,0,2,0,2,4,0,0,2,Male,73,SIM-5384,synthetic_simulation,4,5,2,3,1,3,5,2,2,1,3,4,2,4,4,2,Hinduism,Kandy,Group A
25,95,2,0,1,6,75,2,1,1,2,2,0,2,4,0,1,1,Non-binary,73,SIM-5385,synthetic_simulation,3,5,4,5,1,4,5,3,4,1,5,2,3,4,2,3,Buddhism,Galle,Group A
20,98,2,2,0,6,80,2,1,0,2,2,1,2,2,0,0,1,Non-binary,70,SIM-5386,synthetic_simulation,3,1,1,4,5,1,2,4,5,4,3,5,5,3,2,3,Christianity,Negombo,Group C
28,76,1,2,1,8,66,2,1,5,0,1,1,2,4,0,0,1,Non-binary,70,SIM-5387,synthetic_simulation,3,2,5,2,2,3,3,4,4,4,5,1,2,1,3,3,Hinduism,Galle,Group A
11,83,2,1,1,6,55,1,1,0,1,2,1,2,4,1,2,2,Female,62,SIM-5388,synthetic_simulation,1,4,1,3,3,5,4,2,3,1,2,3,1,4,5,5,Other,Jaffna,Group B
12,92,0,1,1,7,89,2,1,1,2,0,0,1,2,0,2,1,Female,68,SIM-5389,synthetic_simulation,2,2,4,2,5,4,2,1,5,1,1,3,1,2,5,3,Christianity,Galle,Group C
7,88,0,0,1,6,71,2,1,0,1,2,1,2,3,0,1,1,Non-binary,65,SIM-5390,synthetic_simulation,4,5,5,4,2,1,4,5,5,1,2,4,2,1,5,4,Buddhism,Colombo,Group B
16,100,0,0,1,7,82,2,1,2,0,2,1,2,2,0,1,2,Non-binary,73,SIM-5391,synthetic_simulation,4,2,1,3,4,5,1,5,2,4,3,5,3,2,5,3,Buddhism,Jaffna,Group D
21,61,0,2,1,8,83,0,0,1,1,2,0,1,3,0,0,2,Non-binary,65,SIM-5392,synthetic_simulation,5,5,5,2,1,3,1,1,3,5,4,5,2,2,3,1,Hinduism,Kandy,Group B
21,74,2,0,1,6,77,0,0,0,2,2,1,1,3,0,0,2,Male,66,SIM-5393,synthetic_simulation,3,2,4,2,3,2,4,2,1,2,1,2,5,2,1,2,Hinduism,Colombo,Group A
21,71,1,2,1,8,59,2,1,3,1,2,1,1,3,0,0,1,Female,64,SIM-5394,synthetic_simulation,3,4,5,4,2,3,1,2,2,3,5,1,2,4,2,5,Christianity,Galle,Group B
12,70,2,0,0,7,81,0,1,0,1,2,1,2,3,0,1,2,Female,63,SIM-5395,synthetic_simulation,3,1,4,3,4,1,3,3,3,2,1,1,5,3,2,2,Christianity,Negombo,Group B
25,69,2,2,0,7,66,2,0,0,1,1,1,1,3,1,0,2,Male,62,SIM-5396,synthetic_simulation,4,4,5,5,1,2,3,5,1,4,1,4,5,4,4,2,Other,Negombo,Group D
21,88,0,2,1,6,91,1,1,0,1,2,0,1,4,0,2,1,Female,70,SIM-5397,synthetic_simulation,5,5,5,4,4,2,2,5,5,5,2,3,1,4,5,3,Other,Colombo,Group D
24,63,2,2,0,8,60,2,1,3,0,2,1,1,3,0,1,2,Non-binary,65,SIM-5398,synthetic_simulation,1,3,2,5,4,5,4,4,2,4,3,2,5,3,2,3,Other,Galle,Group A
9,90,2,2,1,8,65,2,1,0,2,2,0,1,5,0,1,0,Female,64,SIM-5399,synthetic_simulation,2,4,4,3,5,3,2,2,5,1,2,4,4,5,4,5,Christianity,Negombo,Group C
22,88,2,2,0,7,72,1,1,4,0,2,1,0,2,0,2,2,Non-binary,70,SIM-5400,synthetic_simulation,1,2,3,2,4,1,3,1,5,3,3,1,1,2,3,5,Islam,Colombo,Group A
13,70,2,2,0,7,87,2,1,1,1,1,1,1,5,0,1,2,Male,62,SIM-5401,synthetic_simulation,4,1,5,4,5,2,3,2,5,2,4,2,1,5,4,2,Christianity,Negombo,Group B
18,70,2,2,0,8,86,2,1,5,0,2,1,2,2,0,1,2,Male,67,SIM-5402,synthetic_simulation,3,2,1,4,5,5,3,2,3,4,2,5,2,2,5,5,Other,Colombo,Group A
23,85,2,1,0,8,67,1,1,1,2,2,0,1,3,0,2,0,Female,66,SIM-5403,synthetic_simulation,2,2,2,4,4,2,5,3,1,5,4,3,5,5,4,3,Islam,Colombo,Group C
21,90,0,0,1,7,76,0,1,2,0,0,1,2,3,0,0,1,Non-binary,74,SIM-5404,synthetic_simulation,4,4,2,1,2,3,1,1,3,1,3,1,2,2,5,4,Other,Galle,Group D
15,95,2,0,1,9,62,2,1,2,2,2,1,2,3,0,1,0,Non-binary,69,SIM-5405,synthetic_simulation,4,1,5,3,4,4,2,3,5,5,1,1,5,3,3,3,Islam,Negombo,Group D
20,94,2,0,1,8,89,1,1,0,2,2,1,2,4,1,1,1,Female,70,SIM-5406,synthetic_simulation,4,3,3,1,4,1,2,3,2,3,4,4,1,3,3,2,Buddhism,Colombo,Group B
11,99,2,2,0,10,60,2,1,1,0,2,1,2,1,0,0,2,Male,68,SIM-5407,synthetic_simulation,2,2,2,4,2,4,3,3,5,5,4,3,4,3,3,3,Christianity,Kandy,Group A
27,83,2,1,0,5,91,2,1,3,1,2,1,1,2,0,2,2,Non-binary,70,SIM-5408,synthetic_simulation,2,1,4,4,1,3,5,3,1,5,3,1,1,1,4,1,Buddhism,Colombo,Group A
19,96,2,2,1,8,97,2,1,3,2,2,1,0,2,0,1,2,Female,71,SIM-5409,synthetic_simulation,5,3,5,5,3,4,2,2,3,1,3,1,3,2,5,4,Hinduism,Colombo,Group D
27,92,2,1,1,9,100,0,1,2,2,0,1,2,0,0,2,1,Non-binary,73,SIM-5410,synthetic_simulation,5,2,5,1,1,3,2,4,1,5,2,1,2,3,2,4,Buddhism,Jaffna,Group D
17,96,2,2,0,9,93,1,1,3,2,2,0,1,2,0,1,0,Non-binary,69,SIM-5411,synthetic_simulation,1,1,3,2,4,3,5,2,3,1,2,4,4,5,5,3,Buddhism,Colombo,Group A
17,60,1,1,1,7,61,2,1,1,1,2,1,2,4,0,2,2,Non-binary,61,SIM-5412,synthetic_simulation,2,4,4,3,1,5,3,3,1,3,3,1,2,1,4,5,Hinduism,Galle,Group A
15,99,2,2,1,5,71,2,1,0,2,2,1,1,2,0,0,1,Female,68,SIM-5413,synthetic_simulation,2,2,4,2,3,4,5,3,1,4,4,4,5,1,3,2,Christianity,Galle,Group D
25,79,2,1,1,9,54,2,1,1,1,2,0,2,2,0,2,0,Male,66,SIM-5414,synthetic_simulation,2,2,3,2,1,2,1,4,3,1,5,5,2,3,1,5,Other,Colombo,Group D
16,92,0,1,1,6,58,1,1,0,0,2,0,2,4,0,1,2,Male,67,SIM-5415,synthetic_simulation,5,1,1,3,3,3,2,5,3,4,2,5,1,4,2,3,Christianity,Galle,Group A
24,65,1,0,1,7,52,2,1,1,0,2,1,1,1,0,2,1,Male,64,SIM-5416,synthetic_simulation,4,2,4,4,1,4,1,1,3,2,3,5,1,3,5,2,Other,Colombo,Group C
18,76,1,0,1,10,82,0,1,1,2,2,0,0,4,0,0,2,Female,67,SIM-5417,synthetic_simulation,3,3,1,5,5,2,2,3,4,5,5,5,2,4,5,4,Hinduism,Galle,Group A
8,71,0,2,1,5,77,2,0,0,0,2,1,1,4,0,1,1,Female,61,SIM-5418,synthetic_simulation,5,2,1,4,4,1,1,3,1,4,5,2,5,3,1,2,Islam,Kandy,Group A
17,72,1,2,0,8,96,0,1,2,1,0,1,1,3,0,1,2,Male,65,SIM-5419,synthetic_simulation,2,5,5,4,3,2,2,2,4,5,5,2,5,2,3,1,Hinduism,Colombo,Group A
13,65,1,0,1,6,73,2,1,0,1,2,0,2,3,0,2,2,Female,62,SIM-5420,synthetic_simulation,5,3,5,1,4,4,3,3,4,1,5,5,4,5,1,3,Christianity,Colombo,Group D
20,92,1,0,0,6,82,2,1,0,2,2,1,1,5,0,1,2,Male,69,SIM-5421,synthetic_simulation,1,1,2,2,5,4,4,3,5,5,1,5,1,4,3,3,Islam,Kandy,Group C
13,60,0,0,0,7,70,2,1,1,2,2,1,0,3,0,0,0,Male,61,SIM-5422,synthetic_simulation,2,3,5,2,1,2,5,1,4,3,2,3,2,4,5,5,Hinduism,Galle,Group B
26,73,0,2,0,8,91,2,1,4,1,1,1,1,5,0,1,1,Female,69,SIM-5423,synthetic_simulation,1,5,4,2,4,2,2,2,4,4,5,1,4,1,3,1,Christianity,Galle,Group D
19,67,2,1,0,8,96,0,0,1,0,1,1,2,3,0,0,2,Non-binary,64,SIM-5424,synthetic_simulation,2,5,4,5,1,3,5,5,3,5,5,3,3,4,2,5,Islam,Negombo,Group C
19,84,2,1,0,9,72,0,1,1,1,2,1,2,3,0,1,0,Non-binary,65,SIM-5425,synthetic_simulation,5,2,1,5,1,4,2,3,3,4,3,3,4,2,4,1,Christianity,Kandy,Group B
24,70,2,0,0,6,54,1,1,1,0,2,1,1,1,0,1,1,Female,64,SIM-5426,synthetic_simulation,4,2,4,5,4,3,4,3,2,4,3,3,3,5,4,4,Hinduism,Kandy,Group B
26,70,0,0,1,5,58,2,1,1,1,1,0,2,3,0,2,1,Female,68,SIM-5427,synthetic_simulation,3,4,5,3,3,3,3,5,1,3,1,3,3,4,3,2,Buddhism,Jaffna,Group C
20,80,1,2,1,6,86,0,1,1,1,2,0,2,3,0,1,2,Male,67,SIM-5428,synthetic_simulation,1,3,5,5,3,1,3,4,4,1,5,3,4,1,5,4,Buddhism,Galle,Group D
15,86,0,2,1,8,66,1,1,0,2,0,0,2,5,0,0,2,Non-binary,68,SIM-5429,synthetic_simulation,5,4,5,1,4,4,5,5,4,5,1,3,1,5,5,2,Hinduism,Colombo,Group A
9,65,1,2,1,7,89,2,1,2,1,2,1,2,4,0,1,1,Non-binary,61,SIM-5430,synthetic_simulation,4,5,3,1,3,3,4,5,1,2,3,5,4,4,3,5,Other,Kandy,Group C
16,67,2,0,1,4,87,0,1,5,0,0,1,2,4,0,0,2,Male,69,SIM-5431,synthetic_simulation,5,2,4,4,2,1,5,2,3,4,2,3,4,2,1,1,Christianity,Jaffna,Group A
16,70,1,0,1,4,85,0,1,0,2,2,0,1,3,0,1,2,Male,64,SIM-5432,synthetic_simulation,1,2,2,4,1,3,3,5,3,1,4,2,1,2,1,2,Hinduism,Galle,Group D
21,99,0,2,1,7,91,2,0,3,2,2,1,2,4,0,0,2,Non-binary,74,SIM-5433,synthetic_simulation,3,2,4,4,4,3,1,2,1,2,4,1,1,5,1,4,Buddhism,Colombo,Group D
18,76,2,2,0,8,88,1,1,1,2,2,1,1,4,0,0,2,Male,66,SIM-5434,synthetic_simulation,5,1,4,4,5,4,5,5,1,4,1,2,1,1,5,3,Christianity,Jaffna,Group D
24,84,2,2,0,6,82,2,1,1,2,2,1,0,2,0,1,2,Non-binary,68,SIM-5435,synthetic_simulation,2,5,3,1,4,2,2,3,3,2,3,4,1,2,3,3,Other,Kandy,Group B
16,70,2,0,1,8,50,0,1,3,0,2,0,1,3,0,2,0,Female,65,SIM-5436,synthetic_simulation,4,2,4,4,4,2,3,3,1,5,4,2,1,3,3,3,Buddhism,Colombo,Group D
20,80,2,0,1,5,76,2,0,0,1,2,0,0,3,0,0,2,Female,66,SIM-5437,synthetic_simulation,5,5,1,1,1,4,2,4,3,5,5,4,1,3,5,5,Islam,Colombo,Group B
27,63,0,1,0,7,80,2,0,2,2,0,1,2,2,0,1,2,Non-binary,66,SIM-5438,synthetic_simulation,4,2,5,5,5,2,4,5,1,4,2,5,4,4,3,4,Other,Negombo,Group B
22,61,2,1,0,7,98,0,1,3,0,1,0,1,2,0,0,2,Non-binary,65,SIM-5439,synthetic_simulation,2,3,5,5,1,5,3,1,3,4,3,4,2,2,2,2,Christianity,Jaffna,Group A
20,79,2,2,0,8,83,2,1,3,1,2,0,1,4,0,0,1,Male,67,SIM-5440,synthetic_simulation,3,5,3,3,3,2,3,5,2,5,1,3,2,3,1,4,Buddhism,Colombo,Group B
16,76,1,2,1,5,79,2,1,0,1,0,1,2,4,0,2,1,Female,65,SIM-5441,synthetic_simulation,3,4,5,4,4,3,5,1,3,1,3,3,2,4,3,4,Christianity,Kandy,Group B
16,65,2,2,0,5,77,2,1,1,0,0,1,2,3,0,1,1,Non-binary,63,SIM-5442,synthetic_simulation,2,1,1,5,1,3,5,5,3,2,2,3,4,4,5,5,Buddhism,Colombo,Group D
15,88,0,2,0,8,55,2,1,1,0,0,0,1,2,0,1,2,Male,67,SIM-5443,synthetic_simulation,4,4,3,5,2,1,2,2,4,4,3,4,1,4,3,2,Buddhism,Negombo,Group B
17,100,2,0,1,5,71,1,1,2,1,2,1,1,4,0,1,2,Non-binary,70,SIM-5444,synthetic_simulation,5,5,2,2,4,4,5,3,3,4,1,4,3,1,5,2,Islam,Negombo,Group D
25,76,0,0,1,6,57,1,0,0,2,2,1,2,3,0,2,1,Female,68,SIM-5445,synthetic_simulation,2,2,5,2,3,1,1,1,1,3,5,4,1,4,3,4,Islam,Colombo,Group D
19,85,2,2,1,9,53,0,1,1,2,2,1,1,3,0,0,0,Non-binary,66,SIM-5446,synthetic_simulation,1,5,4,1,1,3,3,1,5,2,3,1,5,1,4,4,Buddhism,Galle,Group B
12,99,2,2,1,7,66,1,1,3,2,1,0,0,1,0,2,1,Non-binary,67,SIM-5447,synthetic_simulation,4,1,1,3,1,3,4,5,1,5,1,1,1,3,2,3,Islam,Colombo,Group A
31,93,2,1,0,8,82,1,1,2,0,0,0,1,1,0,1,2,Non-binary,72,SIM-5448,synthetic_simulation,3,5,1,2,2,1,3,3,4,4,5,1,2,4,4,4,Islam,Negombo,Group B
22,79,0,0,1,8,93,2,1,0,2,2,0,0,2,1,1,2,Non-binary,68,SIM-5449,synthetic_simulation,2,2,5,3,3,5,2,4,1,4,4,3,1,3,3,1,Other,Negombo,Group A
12,89,2,0,0,8,91,2,0,1,1,0,1,1,2,0,1,2,Non-binary,66,SIM-5450,synthetic_simulation,3,4,2,5,2,2,5,1,2,5,3,5,1,2,5,3,Islam,Kandy,Group A
17,65,2,2,0,7,65,2,1,0,0,2,0,1,4,0,1,1,Female,62,SIM-5451,synthetic_simulation,4,3,4,1,4,5,3,3,5,2,5,2,5,1,3,1,Other,Kandy,Group A
21,80,0,1,1,6,52,2,1,1,1,2,1,0,4,0,1,2,Male,65,SIM-5452,synthetic_simulation,3,4,2,3,5,5,5,3,5,1,4,1,3,3,5,4,Hinduism,Galle,Group C
30,71,0,1,0,10,70,1,1,3,2,2,1,1,4,1,1,2,Female,67,SIM-5453,synthetic_simulation,2,2,2,2,1,5,2,1,4,5,3,2,3,4,1,4,Other,Kandy,Group C
13,66,2,2,1,7,66,1,1,3,2,2,1,0,2,0,0,2,Male,62,SIM-5454,synthetic_simulation,4,2,5,5,2,5,5,2,5,1,3,1,2,3,1,5,Other,Colombo,Group B
26,77,2,1,1,7,69,1,1,1,0,2,1,1,3,1,1,2,Male,66,SIM-5455,synthetic_simulation,1,1,4,4,1,2,4,2,3,4,2,4,3,4,3,4,Buddhism,Colombo,Group D
28,65,2,2,0,8,78,0,0,1,0,2,0,2,3,0,0,2,Female,67,SIM-5456,synthetic_simulation,2,5,5,5,1,4,2,5,4,1,3,4,2,5,1,5,Hinduism,Negombo,Group B
16,88,2,2,1,6,52,2,1,2,0,0,1,2,3,0,1,2,Non-binary,68,SIM-5457,synthetic_simulation,5,5,5,2,2,1,3,5,2,1,3,3,4,1,3,5,Hinduism,Colombo,Group D
18,78,2,2,1,6,69,2,1,1,2,2,1,0,4,0,2,1,Male,66,SIM-5458,synthetic_simulation,2,4,1,2,1,5,3,3,5,5,5,3,5,2,1,2,Christianity,Negombo,Group C
14,81,0,0,0,9,78,2,1,0,2,2,0,2,4,0,0,2,Non-binary,68,SIM-5459,synthetic_simulation,4,3,5,4,3,5,4,1,5,4,1,2,1,3,2,5,Hinduism,Colombo,Group D
19,66,1,2,0,6,72,2,1,2,1,2,1,0,5,0,1,2,Female,62,SIM-5460,synthetic_simulation,2,3,3,5,3,1,1,2,4,2,2,3,5,3,4,2,Christianity,Colombo,Group A
20,66,2,0,0,8,83,2,1,1,1,2,1,1,2,1,0,2,Male,64,SIM-5461,synthetic_simulation,1,1,4,3,5,1,5,3,5,3,3,5,3,5,1,2,Christianity,Colombo,Group A
24,83,0,1,0,8,59,2,1,1,1,2,1,2,3,0,1,2,Male,68,SIM-5462,synthetic_simulation,1,2,1,3,3,4,3,2,5,1,5,5,1,4,2,3,Other,Colombo,Group B
27,99,1,1,1,7,58,1,1,2,2,2,0,2,2,0,2,1,Female,71,SIM-5463,synthetic_simulation,5,1,4,5,2,3,4,1,2,4,5,5,5,2,4,2,Other,Kandy,Group A
16,64,2,2,0,7,65,2,1,2,2,0,1,1,4,0,1,2,Female,63,SIM-5464,synthetic_simulation,3,5,1,3,3,4,5,2,2,3,1,3,5,4,5,3,Buddhism,Kandy,Group A
8,71,0,2,0,8,55,0,1,1,1,0,1,2,2,0,0,1,Non-binary,62,SIM-5465,synthetic_simulation,4,2,3,5,5,3,2,4,4,2,4,1,2,4,4,3,Buddhism,Negombo,Group B
20,95,0,1,1,7,62,1,1,1,1,1,0,2,3,0,0,2,Female,69,SIM-5466,synthetic_simulation,4,1,5,5,4,2,4,5,5,3,3,2,4,3,4,3,Islam,Jaffna,Group B
22,63,2,2,1,4,54,2,1,0,2,2,0,2,3,0,1,1,Non-binary,62,SIM-5467,synthetic_simulation,3,4,1,2,4,4,2,2,1,2,4,2,5,3,2,4,Christianity,Colombo,Group D
21,95,1,2,1,9,70,2,1,3,0,2,1,2,3,0,1,2,Male,71,SIM-5468,synthetic_simulation,1,5,1,1,2,2,2,1,4,3,1,2,1,3,3,5,Islam,Negombo,Group B
18,81,1,0,1,6,86,2,1,3,1,2,1,2,4,0,0,2,Non-binary,69,SIM-5469,synthetic_simulation,1,3,1,2,5,1,2,1,2,2,5,1,4,1,2,5,Buddhism,Negombo,Group B
21,76,2,2,1,7,64,1,1,1,2,0,0,2,2,0,1,1,Male,66,SIM-5470,synthetic_simulation,2,1,3,3,3,4,5,4,1,1,4,3,4,1,4,1,Hinduism,Colombo,Group B
29,72,1,2,0,5,50,1,1,0,1,2,1,1,4,0,1,2,Male,64,SIM-5471,synthetic_simulation,5,5,4,1,5,1,1,1,5,3,1,1,1,3,4,1,Islam,Colombo,Group C
22,72,1,0,0,6,78,1,0,1,1,0,1,1,3,0,2,2,Male,65,SIM-5472,synthetic_simulation,5,5,3,5,1,5,2,4,4,2,4,4,4,4,2,4,Buddhism,Negombo,Group B
18,72,0,0,0,6,85,0,1,1,0,0,0,2,1,0,1,1,Female,68,SIM-5473,synthetic_simulation,5,3,1,3,5,1,3,3,4,4,5,1,3,2,1,2,Other,Negombo,Group B
17,95,0,2,0,7,70,0,1,1,1,2,1,1,3,0,1,2,Non-binary,69,SIM-5474,synthetic_simulation,2,3,1,4,3,5,5,2,2,5,3,3,4,2,4,1,Christianity,Kandy,Group D
19,89,0,2,1,6,65,1,1,2,1,2,1,1,3,1,2,2,Non-binary,68,SIM-5475,synthetic_simulation,5,3,5,3,2,3,5,1,3,3,2,1,2,4,4,1,Islam,Kandy,Group D
30,87,1,2,1,10,75,1,1,3,1,1,1,1,4,0,0,2,Non-binary,71,SIM-5476,synthetic_simulation,3,1,3,1,1,5,2,5,3,3,5,3,4,5,5,3,Buddhism,Colombo,Group B
19,92,1,2,0,7,55,2,1,1,2,2,1,1,5,0,1,0,Non-binary,66,SIM-5477,synthetic_simulation,2,3,3,1,5,3,3,2,3,3,4,1,5,4,3,1,Islam,Negombo,Group B
20,70,0,1,0,8,82,2,1,2,1,0,0,2,3,0,1,1,Male,65,SIM-5478,synthetic_simulation,3,4,2,5,4,5,4,4,4,3,3,1,4,2,2,5,Islam,Colombo,Group A
17,85,0,2,1,7,87,2,1,1,1,2,0,1,1,0,1,2,Male,68,SIM-5479,synthetic_simulation,2,5,4,4,3,5,5,2,2,5,2,2,2,5,4,3,Buddhism,Galle,Group C
27,78,0,0,0,8,85,2,1,0,0,2,1,2,3,0,0,2,Non-binary,72,SIM-5480,synthetic_simulation,5,3,2,5,2,2,2,2,2,3,1,2,2,5,1,4,Buddhism,Colombo,Group A
32,91,0,2,1,4,66,2,1,3,1,0,1,1,2,0,2,2,Female,75,SIM-5481,synthetic_simulation,3,5,2,4,3,2,2,1,3,1,3,2,4,2,1,4,Christianity,Colombo,Group D
23,72,0,1,1,6,92,1,1,2,0,2,1,0,3,0,0,2,Female,67,SIM-5482,synthetic_simulation,3,2,4,4,5,1,1,5,1,1,5,3,3,5,5,4,Islam,Negombo,Group C
20,86,2,2,0,6,97,1,1,1,1,2,0,1,2,0,1,1,Female,67,SIM-5483,synthetic_simulation,3,2,5,5,2,2,1,3,3,4,4,5,4,1,1,3,Hinduism,Negombo,Group B
20,95,2,2,0,6,65,0,1,2,1,2,1,1,3,0,0,2,Non-binary,70,SIM-5484,synthetic_simulation,2,3,5,3,4,3,4,5,4,5,2,5,1,3,2,1,Islam,Kandy,Group A
6,76,2,2,1,8,63,2,1,5,2,2,1,1,3,0,0,2,Male,64,SIM-5485,synthetic_simulation,4,5,4,2,1,2,4,4,1,4,3,5,2,5,1,1,Other,Jaffna,Group C
24,63,2,2,1,8,85,0,1,1,1,2,0,2,3,0,1,0,Female,65,SIM-5486,synthetic_simulation,5,2,4,4,5,1,4,5,2,1,2,5,4,5,5,5,Buddhism,Colombo,Group A
21,81,2,2,1,7,85,2,1,1,1,0,1,0,3,0,2,1,Female,68,SIM-5487,synthetic_simulation,3,3,3,1,2,4,4,5,5,3,2,3,3,1,5,3,Other,Kandy,Group C
23,74,0,0,0,7,76,2,1,1,2,1,1,1,2,0,0,1,Female,67,SIM-5488,synthetic_simulation,4,5,3,5,1,3,2,4,1,3,3,2,3,1,1,3,Other,Galle,Group C
16,87,1,2,1,10,96,2,0,1,1,0,1,2,1,0,0,1,Non-binary,66,SIM-5489,synthetic_simulation,5,3,3,3,2,4,2,5,2,2,4,2,3,4,4,5,Islam,Colombo,Group C
18,98,0,2,0,7,57,1,1,0,0,2,0,1,1,0,2,1,Male,69,SIM-5490,synthetic_simulation,5,5,3,4,5,3,2,3,1,5,1,2,5,2,1,1,Islam,Jaffna,Group D
18,79,1,0,0,4,74,1,1,2,1,2,1,0,1,0,1,2,Male,64,SIM-5491,synthetic_simulation,3,2,1,3,2,1,3,2,3,2,3,3,5,4,5,1,Islam,Galle,Group D
26,79,2,0,1,8,52,0,1,1,2,2,1,0,3,1,2,2,Non-binary,68,SIM-5492,synthetic_simulation,3,3,1,5,4,2,4,3,1,5,1,1,5,2,4,2,Islam,Colombo,Group A
18,86,0,2,0,8,53,1,1,5,1,0,0,0,3,0,1,2,Male,68,SIM-5493,synthetic_simulation,2,2,5,1,2,4,3,2,1,5,2,4,1,1,5,2,Christianity,Negombo,Group A
32,64,1,0,1,9,53,1,0,1,1,2,0,2,3,0,0,2,Male,65,SIM-5494,synthetic_simulation,4,3,1,4,5,4,5,2,1,3,2,3,1,3,4,2,Other,Jaffna,Group A
23,70,2,2,1,8,75,2,1,0,0,2,1,2,2,0,1,1,Female,65,SIM-5495,synthetic_simulation,4,1,1,4,2,2,5,5,4,3,4,1,4,2,1,2,Hinduism,Negombo,Group A
12,97,1,2,1,6,79,2,0,1,2,2,1,0,2,0,1,2,Male,65,SIM-5496,synthetic_simulation,3,2,3,3,1,1,2,2,4,4,3,2,5,2,3,1,Christianity,Galle,Group B
19,87,0,2,0,8,50,1,1,0,0,0,1,1,2,0,1,2,Non-binary,67,SIM-5497,synthetic_simulation,5,2,3,5,1,2,5,4,3,1,3,2,5,1,2,4,Other,Kandy,Group D
16,61,0,2,1,7,82,2,1,2,1,2,1,0,3,0,1,2,Male,63,SIM-5498,synthetic_simulation,3,4,4,2,3,5,2,3,5,1,5,5,1,5,4,3,Buddhism,Negombo,Group B
7,68,0,2,0,9,74,2,1,1,1,0,1,2,3,0,1,2,Female,62,SIM-5499,synthetic_simulation,5,2,3,4,3,5,4,2,4,3,4,5,3,4,5,2,Islam,Jaffna,Group B
30,87,0,2,1,9,61,0,1,2,2,0,0,1,4,0,1,1,Female,73,SIM-5500,synthetic_simulation,5,5,4,1,4,5,3,5,5,1,3,1,3,3,5,4,Islam,Negombo,Group D
24,91,0,0,1,7,51,0,1,2,2,2,1,1,3,0,1,1,Non-binary,72,SIM-5501,synthetic_simulation,3,3,4,4,1,4,2,5,4,5,2,4,2,2,3,2,Islam,Kandy,Group D
23,94,1,2,0,8,58,0,1,5,1,1,1,1,6,0,1,2,Male,71,SIM-5502,synthetic_simulation,1,1,1,4,3,4,1,5,2,1,4,1,4,5,5,5,Other,Colombo,Group A
21,72,2,2,0,9,80,0,1,3,1,2,1,1,4,0,1,2,Male,67,SIM-5503,synthetic_simulation,4,5,3,2,2,1,1,1,2,4,5,1,4,1,5,2,Buddhism,Kandy,Group B
12,97,2,1,1,7,83,2,1,0,1,2,1,1,2,0,0,1,Female,66,SIM-5504,synthetic_simulation,5,5,1,2,4,3,4,3,1,1,5,4,5,2,5,5,Buddhism,Galle,Group D
17,82,2,0,1,10,82,0,1,1,2,2,0,2,2,0,1,1,Male,68,SIM-5505,synthetic_simulation,5,5,3,5,5,2,3,5,5,1,2,1,1,5,4,3,Christianity,Colombo,Group D
25,88,0,0,1,9,58,1,1,0,1,2,1,0,4,0,2,2,Female,70,SIM-5506,synthetic_simulation,1,5,1,4,3,3,2,4,1,4,3,1,4,4,4,2,Christianity,Negombo,Group B
14,84,2,2,1,6,96,2,0,2,1,2,0,1,2,0,2,0,Non-binary,66,SIM-5507,synthetic_simulation,2,1,1,4,3,4,4,5,1,4,2,3,3,1,2,5,Other,Negombo,Group B
5,65,1,0,0,7,71,2,1,0,1,2,0,0,2,0,0,0,Male,56,SIM-5508,synthetic_simulation,1,4,1,3,1,2,3,1,4,3,5,4,1,5,3,3,Christianity,Kandy,Group A
19,99,2,0,1,8,88,0,0,1,1,0,1,2,3,0,1,0,Female,71,SIM-5509,synthetic_simulation,1,2,5,3,4,4,1,3,4,4,4,2,5,5,1,2,Christianity,Colombo,Group D
19,65,1,0,0,10,58,2,1,2,2,0,0,2,3,0,2,1,Non-binary,64,SIM-5510,synthetic_simulation,5,5,1,1,1,1,2,2,1,3,3,5,5,2,3,2,Islam,Kandy,Group B
21,70,2,2,0,8,74,1,1,2,2,2,1,2,3,0,2,0,Male,65,SIM-5511,synthetic_simulation,4,2,2,1,1,2,3,3,4,5,2,2,4,4,2,1,Christianity,Colombo,Group B
24,93,2,2,1,7,76,0,1,2,1,2,1,1,1,1,1,2,Female,70,SIM-5512,synthetic_simulation,1,2,2,3,4,4,5,2,2,2,3,2,4,1,4,4,Christianity,Kandy,Group B
24,85,0,1,1,9,89,2,1,1,1,2,1,2,2,0,2,1,Female,70,SIM-5513,synthetic_simulation,2,5,2,1,2,5,2,2,2,1,4,5,2,1,4,4,Christianity,Jaffna,Group C
22,94,1,0,1,7,81,2,1,2,2,0,1,1,4,0,1,0,Male,71,SIM-5514,synthetic_simulation,3,4,4,4,3,5,5,5,5,4,5,5,4,4,3,3,Other,Jaffna,Group A
27,81,0,0,1,6,70,2,1,0,1,2,1,2,5,0,1,0,Non-binary,70,SIM-5515,synthetic_simulation,1,2,1,2,1,4,4,4,2,1,2,1,4,3,1,5,Christianity,Colombo,Group D
11,75,1,0,0,8,64,2,1,3,1,2,1,1,3,1,0,1,Male,62,SIM-5516,synthetic_simulation,1,3,2,4,3,3,3,4,1,5,5,4,3,2,4,4,Hinduism,Colombo,Group C
23,97,2,2,1,6,99,1,1,1,1,2,0,2,3,0,1,2,Female,72,SIM-5517,synthetic_simulation,2,2,4,3,4,1,3,5,3,2,2,5,3,5,4,5,Hinduism,Kandy,Group D
24,61,2,2,0,10,64,1,1,0,1,2,0,2,3,0,1,2,Female,62,SIM-5518,synthetic_simulation,4,5,2,5,2,1,3,1,4,4,3,4,1,2,3,5,Christianity,Jaffna,Group C
13,94,1,2,1,7,56,0,1,2,1,0,1,1,4,0,0,2,Non-binary,67,SIM-5519,synthetic_simulation,1,1,3,5,5,4,3,2,1,3,1,1,4,4,3,4,Hinduism,Kandy,Group D
11,69,1,2,1,8,65,1,1,0,1,2,1,0,2,0,0,1,Non-binary,58,SIM-5520,synthetic_simulation,1,2,5,3,2,1,2,4,4,3,2,2,4,5,1,4,Islam,Negombo,Group A
16,94,1,2,1,6,66,2,1,3,2,0,1,0,4,0,0,2,Non-binary,69,SIM-5521,synthetic_simulation,4,4,1,4,4,2,5,3,5,4,2,5,5,3,1,5,Other,Colombo,Group D
16,66,2,1,0,9,56,2,1,0,1,0,0,2,4,1,0,2,Non-binary,60,SIM-5522,synthetic_simulation,2,3,5,1,2,1,5,1,1,4,5,5,3,4,3,5,Christianity,Jaffna,Group C
25,83,0,0,1,7,85,0,1,2,1,2,1,0,4,0,0,2,Non-binary,72,SIM-5523,synthetic_simulation,1,3,5,1,5,5,4,5,1,5,1,1,5,2,1,2,Hinduism,Negombo,Group C
16,96,2,2,0,7,81,2,1,0,1,1,1,0,3,0,1,1,Female,66,SIM-5524,synthetic_simulation,4,1,3,5,1,4,4,1,1,2,1,4,4,5,2,2,Islam,Colombo,Group D
15,79,2,0,1,7,66,2,1,2,1,2,1,2,3,0,0,0,Female,66,SIM-5525,synthetic_simulation,1,1,3,3,2,2,3,4,5,4,1,4,3,1,3,5,Islam,Jaffna,Group D
16,90,2,0,1,5,100,1,1,1,0,2,0,0,4,0,1,1,Non-binary,69,SIM-5526,synthetic_simulation,3,2,3,3,4,1,1,5,1,3,1,3,4,5,5,4,Christianity,Negombo,Group D
27,92,1,2,1,7,83,1,1,2,1,2,1,2,4,1,0,1,Female,70,SIM-5527,synthetic_simulation,5,5,4,2,2,5,1,4,4,2,4,2,2,5,1,2,Islam,Kandy,Group D
20,89,1,2,1,8,85,2,1,2,2,0,1,2,1,0,2,2,Male,70,SIM-5528,synthetic_simulation,3,4,2,5,5,3,3,2,3,4,3,3,5,4,3,5,Islam,Kandy,Group B
19,97,0,0,0,5,78,1,1,0,2,1,0,0,3,0,0,1,Non-binary,70,SIM-5529,synthetic_simulation,1,3,1,3,4,1,5,1,1,2,2,4,3,3,5,5,Christianity,Jaffna,Group B
19,78,1,0,1,9,78,2,1,2,1,0,1,0,2,0,0,2,Male,67,SIM-5530,synthetic_simulation,2,1,3,2,2,5,4,2,5,5,3,3,3,5,2,3,Hinduism,Galle,Group D
28,67,0,2,1,7,51,2,1,2,2,2,1,1,3,0,1,2,Non-binary,67,SIM-5531,synthetic_simulation,5,4,1,1,4,5,2,3,5,4,3,4,4,5,2,3,Buddhism,Galle,Group B
16,62,1,1,0,7,89,0,1,0,2,2,1,1,3,0,1,0,Female,59,SIM-5532,synthetic_simulation,3,5,1,5,5,5,1,2,1,4,3,5,4,3,4,5,Other,Colombo,Group D
28,70,2,2,1,4,96,1,1,1,2,2,0,2,2,0,1,1,Non-binary,67,SIM-5533,synthetic_simulation,4,3,1,5,1,5,4,1,5,2,3,1,1,3,5,5,Christianity,Colombo,Group A
21,66,0,2,1,7,56,2,1,1,1,2,0,1,4,0,2,1,Female,65,SIM-5534,synthetic_simulation,2,3,3,3,5,3,1,3,2,4,4,3,1,5,5,5,Hinduism,Negombo,Group C
19,82,2,2,0,5,90,2,1,1,0,2,1,0,3,0,0,2,Female,68,SIM-5535,synthetic_simulation,3,5,3,3,1,4,5,4,5,2,5,5,5,1,5,2,Islam,Negombo,Group A
35,67,0,0,1,6,77,1,1,1,1,2,1,2,3,0,0,2,Female,71,SIM-5536,synthetic_simulation,4,3,2,4,3,5,5,3,3,2,4,5,3,1,2,1,Buddhism,Kandy,Group C
14,62,2,2,0,5,64,2,1,2,1,2,1,1,3,0,0,2,Female,61,SIM-5537,synthetic_simulation,1,5,3,1,5,4,3,1,2,4,2,1,4,1,4,2,Islam,Galle,Group A
18,61,2,2,1,6,96,2,1,0,2,2,1,0,3,0,1,2,Non-binary,63,SIM-5538,synthetic_simulation,4,3,3,1,1,3,3,5,4,3,1,1,5,4,2,5,Buddhism,Colombo,Group C
13,93,2,0,1,7,51,1,1,1,1,0,0,1,3,0,1,2,Male,67,SIM-5539,synthetic_simulation,3,2,1,2,3,3,1,3,2,5,5,5,3,4,3,2,Buddhism,Galle,Group C
26,84,0,2,0,7,64,2,0,1,2,0,1,1,4,0,0,2,Non-binary,69,SIM-5540,synthetic_simulation,3,5,2,2,3,2,1,4,3,2,2,5,4,1,5,1,Hinduism,Negombo,Group C
30,74,2,0,0,8,94,1,1,0,2,2,1,2,3,0,1,2,Female,70,SIM-5541,synthetic_simulation,1,4,5,4,3,2,4,3,2,3,1,3,1,1,5,1,Christianity,Galle,Group B
30,96,2,1,1,4,74,0,0,0,1,1,1,0,3,0,1,1,Non-binary,69,SIM-5542,synthetic_simulation,4,2,3,1,4,5,3,2,1,2,4,3,3,1,4,1,Hinduism,Kandy,Group B
27,63,0,2,1,7,80,2,1,1,1,0,1,1,4,0,1,0,Male,66,SIM-5543,synthetic_simulation,4,4,3,2,5,4,5,5,5,3,3,2,4,3,4,5,Christianity,Colombo,Group C
19,99,2,1,1,7,87,1,1,1,2,2,1,2,4,0,1,1,Non-binary,70,SIM-5544,synthetic_simulation,1,3,5,1,5,3,4,1,1,4,2,2,5,2,5,4,Hinduism,Kandy,Group D
18,85,2,2,1,6,57,1,1,2,2,0,1,1,2,0,2,1,Female,67,SIM-5545,synthetic_simulation,4,4,1,1,5,1,4,5,1,5,3,5,5,4,2,4,Buddhism,Colombo,Group C
10,67,0,0,0,6,61,2,1,0,1,0,0,1,2,0,1,2,Female,61,SIM-5546,synthetic_simulation,1,2,2,2,5,2,2,2,1,3,3,2,2,4,4,4,Hinduism,Kandy,Group C
32,87,2,0,1,9,100,2,1,2,2,1,0,1,2,0,2,1,Female,74,SIM-5547,synthetic_simulation,2,5,1,3,4,2,5,5,2,1,3,5,3,4,5,3,Other,Negombo,Group D
23,91,2,0,1,10,62,1,1,1,2,0,0,0,3,0,0,2,Non-binary,70,SIM-5548,synthetic_simulation,3,1,4,3,5,1,4,2,4,2,5,1,5,2,3,4,Christianity,Jaffna,Group B
17,77,0,2,1,4,77,1,1,0,2,2,0,2,4,0,1,2,Non-binary,66,SIM-5549,synthetic_simulation,2,4,3,2,1,4,2,3,5,3,1,1,3,5,4,5,Christianity,Kandy,Group C
28,94,2,0,1,6,65,0,1,1,1,0,1,2,1,0,1,2,Male,73,SIM-5550,synthetic_simulation,5,1,4,4,3,4,3,1,2,5,3,3,5,4,1,5,Hinduism,Kandy,Group D
14,66,2,2,1,5,93,2,1,1,2,2,0,0,2,0,1,2,Male,62,SIM-5551,synthetic_simulation,5,4,3,5,4,4,5,2,1,5,2,4,3,5,3,3,Buddhism,Galle,Group D
22,71,2,1,1,7,98,1,1,2,1,0,1,1,2,0,1,1,Male,65,SIM-5552,synthetic_simulation,5,4,4,1,4,5,3,2,3,5,5,5,3,3,5,5,Buddhism,Negombo,Group D
19,64,0,2,0,9,57,1,1,0,2,0,0,1,3,0,1,2,Female,62,SIM-5553,synthetic_simulation,1,5,5,5,5,5,2,3,3,3,1,3,3,1,4,5,Islam,Jaffna,Group D
24,68,1,2,1,8,80,2,0,1,1,1,1,2,4,0,2,1,Non-binary,64,SIM-5554,synthetic_simulation,4,3,3,2,3,1,5,2,1,3,2,2,2,1,4,3,Hinduism,Jaffna,Group A
20,70,2,2,1,7,91,2,1,1,1,2,1,0,2,0,1,0,Non-binary,63,SIM-5555,synthetic_simulation,2,2,3,1,1,3,1,1,4,4,5,5,1,3,2,3,Islam,Colombo,Group C
11,97,2,2,0,7,91,2,1,1,2,2,1,2,4,0,1,2,Female,69,SIM-5556,synthetic_simulation,2,2,4,5,3,1,1,4,5,1,5,3,3,1,5,3,Buddhism,Colombo,Group B
20,63,2,2,0,7,72,1,1,3,1,0,1,0,5,1,2,2,Female,63,SIM-5557,synthetic_simulation,2,2,2,3,2,3,1,5,2,3,1,2,1,3,1,5,Islam,Jaffna,Group B
26,77,2,2,1,8,61,2,1,1,1,2,1,1,4,0,0,1,Male,67,SIM-5558,synthetic_simulation,2,3,4,4,3,1,4,2,4,4,3,5,1,1,5,3,Christianity,Jaffna,Group A
20,81,2,1,0,8,69,2,1,1,2,2,0,1,2,0,1,2,Female,65,SIM-5559,synthetic_simulation,5,1,3,5,1,5,1,5,3,2,2,3,1,3,4,1,Christianity,Negombo,Group D
25,96,2,0,0,8,88,2,1,0,1,2,0,1,1,0,1,2,Female,71,SIM-5560,synthetic_simulation,2,2,3,4,1,4,4,5,1,1,4,4,5,3,4,2,Other,Jaffna,Group A
14,100,2,2,1,4,100,2,1,3,1,2,1,1,3,0,2,1,Female,71,SIM-5561,synthetic_simulation,4,1,2,3,1,2,4,4,2,5,3,3,4,1,1,3,Christianity,Colombo,Group D
20,90,2,2,0,7,78,0,1,0,2,0,1,2,4,1,2,0,Male,69,SIM-5562,synthetic_simulation,5,3,1,5,4,1,2,2,4,1,4,5,1,5,3,3,Other,Colombo,Group A
16,99,2,0,1,7,60,2,1,2,1,0,0,1,3,0,2,1,Female,71,SIM-5563,synthetic_simulation,2,3,2,2,4,1,1,1,4,2,2,2,3,4,5,3,Buddhism,Galle,Group B
24,91,1,2,1,8,52,2,1,1,1,2,1,1,5,0,1,2,Male,68,SIM-5564,synthetic_simulation,1,5,1,1,2,2,5,2,4,3,4,5,4,4,5,3,Other,Jaffna,Group D
20,99,1,2,1,7,97,2,1,2,1,2,1,1,0,0,1,2,Non-binary,70,SIM-5565,synthetic_simulation,3,2,3,3,3,1,4,5,2,3,4,5,5,2,5,2,Hinduism,Negombo,Group C
24,88,2,0,1,8,74,2,1,0,1,0,0,1,3,0,2,2,Female,71,SIM-5566,synthetic_simulation,3,5,5,4,5,4,2,3,5,4,1,3,2,2,2,5,Hinduism,Kandy,Group C
27,63,2,2,1,6,86,2,1,1,2,2,1,2,4,0,2,2,Female,68,SIM-5567,synthetic_simulation,3,2,5,4,2,2,4,4,2,3,1,5,1,1,1,4,Christianity,Colombo,Group A
24,76,1,0,0,8,83,2,1,1,0,2,0,2,4,0,1,2,Male,69,SIM-5568,synthetic_simulation,5,3,4,3,5,2,5,1,1,3,1,1,1,4,3,1,Other,Kandy,Group D
22,86,2,2,1,9,95,2,1,4,2,1,0,2,2,0,0,2,Non-binary,71,SIM-5569,synthetic_simulation,2,3,2,2,5,4,5,1,2,1,4,4,5,2,5,5,Hinduism,Colombo,Group D
14,74,0,2,0,5,63,1,0,2,1,0,0,2,3,0,0,0,Non-binary,63,SIM-5570,synthetic_simulation,5,4,2,2,2,4,1,5,4,2,4,2,3,4,3,3,Other,Negombo,Group A
20,71,1,2,0,5,72,2,1,4,2,2,1,2,4,0,2,1,Female,66,SIM-5571,synthetic_simulation,4,4,5,4,3,2,4,1,5,5,5,4,3,3,3,5,Buddhism,Kandy,Group D
17,83,2,2,0,8,96,2,1,1,1,2,1,2,3,0,0,1,Non-binary,67,SIM-5572,synthetic_simulation,1,3,1,3,5,4,5,5,5,5,5,3,4,5,3,1,Islam,Galle,Group B
18,97,0,1,1,7,79,2,1,3,0,2,0,2,3,0,1,0,Male,71,SIM-5573,synthetic_simulation,1,3,2,3,4,4,3,1,1,4,1,3,4,3,4,5,Hinduism,Negombo,Group A
18,61,1,1,0,9,54,2,1,0,2,2,1,1,2,0,0,2,Male,59,SIM-5574,synthetic_simulation,3,1,1,1,4,4,5,1,1,2,5,1,3,2,5,5,Other,Colombo,Group A
14,91,0,2,1,7,60,2,1,0,0,2,1,1,2,0,1,2,Male,67,SIM-5575,synthetic_simulation,3,1,1,4,2,2,5,5,3,1,3,3,2,2,5,3,Hinduism,Jaffna,Group B
8,89,0,0,0,8,62,2,1,2,2,2,1,2,4,1,1,1,Male,66,SIM-5576,synthetic_simulation,3,5,1,2,5,1,4,4,3,5,5,3,3,1,5,2,Hinduism,Kandy,Group C
16,99,1,0,1,6,100,0,1,1,0,0,1,2,3,0,1,0,Male,72,SIM-5577,synthetic_simulation,2,4,1,5,2,3,5,1,3,4,5,3,2,5,1,4,Buddhism,Jaffna,Group C
21,97,0,0,0,8,61,1,1,0,1,0,1,1,3,1,2,2,Non-binary,70,SIM-5578,synthetic_simulation,4,4,4,2,4,2,2,2,2,3,3,4,5,5,2,5,Hinduism,Colombo,Group C
12,90,2,2,1,8,93,1,1,3,0,2,1,1,3,0,1,2,Non-binary,68,SIM-5579,synthetic_simulation,4,3,4,2,2,3,5,3,5,3,3,1,2,4,2,2,Islam,Kandy,Group D
20,81,1,2,0,6,54,1,1,0,1,1,1,2,2,0,0,1,Female,63,SIM-5580,synthetic_simulation,4,3,5,5,5,4,3,5,1,1,2,5,5,1,2,4,Hinduism,Kandy,Group D
31,68,2,2,0,9,59,2,1,3,0,0,1,1,2,0,2,2,Female,69,SIM-5581,synthetic_simulation,4,5,4,4,5,4,5,1,3,5,4,2,1,5,2,1,Buddhism,Kandy,Group A
26,82,1,2,0,4,94,1,1,0,1,1,0,2,3,0,1,2,Non-binary,67,SIM-5582,synthetic_simulation,3,4,2,1,4,1,1,4,1,3,4,1,3,2,4,1,Christianity,Negombo,Group B
30,91,2,0,1,7,95,1,1,1,2,0,1,2,3,0,0,2,Non-binary,75,SIM-5583,synthetic_simulation,1,1,4,2,1,4,4,2,3,4,1,4,4,3,1,5,Buddhism,Negombo,Group D
22,96,1,1,1,5,59,2,1,0,2,0,0,2,2,0,1,0,Female,67,SIM-5584,synthetic_simulation,3,2,2,2,1,3,3,5,2,4,2,5,1,3,1,4,Buddhism,Negombo,Group A
27,92,0,0,1,5,61,2,1,0,2,0,0,2,3,0,2,2,Female,74,SIM-5585,synthetic_simulation,4,5,2,4,3,2,2,2,2,5,2,5,4,5,4,1,Other,Negombo,Group B
16,68,2,0,1,8,77,2,1,1,2,0,1,2,4,0,2,1,Male,66,SIM-5586,synthetic_simulation,3,2,1,4,4,2,5,3,4,1,2,2,2,3,5,3,Other,Colombo,Group B
16,84,2,0,1,5,53,2,0,2,1,2,1,1,1,0,1,2,Non-binary,65,SIM-5587,synthetic_simulation,4,1,5,3,3,1,5,4,1,4,2,5,3,2,4,2,Christianity,Galle,Group C
4,73,1,2,1,5,97,0,1,1,1,0,1,0,1,0,1,2,Non-binary,60,SIM-5588,synthetic_simulation,5,1,1,4,4,3,2,5,4,2,5,1,3,4,2,5,Islam,Colombo,Group C
27,60,2,0,0,8,68,0,1,1,2,2,0,0,4,1,1,0,Non-binary,63,SIM-5589,synthetic_simulation,1,2,1,4,5,4,5,5,2,4,2,5,3,2,1,1,Hinduism,Kandy,Group B
29,68,1,0,1,5,74,1,1,3,0,0,1,1,2,1,2,2,Non-binary,69,SIM-5590,synthetic_simulation,5,5,4,2,4,5,1,1,2,1,1,4,1,5,4,2,Buddhism,Negombo,Group A
17,65,0,0,0,9,55,2,1,1,2,2,1,2,2,0,1,2,Male,64,SIM-5591,synthetic_simulation,2,2,4,1,2,1,3,2,1,4,4,5,5,2,2,3,Christianity,Kandy,Group D
18,94,1,2,1,8,52,2,1,1,2,2,0,2,4,0,0,2,Non-binary,68,SIM-5592,synthetic_simulation,3,5,2,2,3,1,5,5,4,3,2,4,2,2,2,5,Islam,Negombo,Group B
15,70,2,2,0,6,73,1,1,2,2,1,1,2,4,0,1,1,Male,63,SIM-5593,synthetic_simulation,2,5,4,4,4,5,2,2,4,1,4,5,1,3,3,5,Hinduism,Jaffna,Group D
22,71,2,2,1,8,56,1,1,0,2,0,1,1,2,0,2,2,Non-binary,65,SIM-5594,synthetic_simulation,3,3,4,3,3,2,2,3,4,3,3,2,1,4,5,1,Other,Jaffna,Group B
27,98,2,0,0,4,82,2,1,0,0,2,1,2,3,0,1,2,Female,74,SIM-5595,synthetic_simulation,5,4,3,1,4,2,3,1,1,3,1,1,5,1,5,5,Christianity,Negombo,Group C
10,75,2,0,1,8,90,2,1,2,1,2,1,2,2,0,2,1,Non-binary,65,SIM-5596,synthetic_simulation,4,4,2,3,1,2,1,3,1,5,3,4,4,5,5,2,Buddhism,Jaffna,Group D
22,60,2,2,1,5,52,2,1,0,1,2,1,0,2,0,1,2,Female,61,SIM-5597,synthetic_simulation,4,1,2,5,3,5,3,1,1,1,2,5,4,5,1,4,Christianity,Negombo,Group C
18,71,2,0,1,6,81,2,1,1,1,0,1,2,3,0,1,2,Female,66,SIM-5598,synthetic_simulation,3,3,3,3,5,4,5,1,5,3,5,3,3,2,1,2,Hinduism,Galle,Group D
21,65,2,0,1,6,91,0,1,1,2,0,1,2,3,0,1,1,Non-binary,67,SIM-5599,synthetic_simulation,4,4,2,3,5,4,1,2,2,5,5,3,1,3,1,3,Buddhism,Kandy,Group A
23,64,0,2,1,9,72,2,1,0,1,0,1,2,3,0,0,2,Male,66,SIM-5600,synthetic_simulation,5,5,5,4,4,3,1,1,5,5,1,1,5,3,1,5,Buddhism,Colombo,Group D
19,63,0,2,0,6,98,0,1,4,0,2,0,2,2,0,2,2,Non-binary,69,SIM-5601,synthetic_simulation,4,5,5,4,5,3,2,3,5,3,2,4,5,5,2,3,Islam,Colombo,Group C
19,84,2,2,1,7,56,1,1,2,1,2,1,1,3,0,1,1,Non-binary,65,SIM-5602,synthetic_simulation,5,2,3,4,5,2,1,3,2,3,2,2,4,1,5,3,Buddhism,Colombo,Group D
19,68,0,0,0,6,66,2,1,2,2,2,1,1,3,0,1,0,Non-binary,65,SIM-5603,synthetic_simulation,2,2,4,4,3,5,5,3,3,2,2,2,5,1,1,5,Hinduism,Negombo,Group B
26,74,0,2,0,6,62,2,1,0,1,2,0,1,3,0,1,2,Non-binary,66,SIM-5604,synthetic_simulation,5,5,5,4,4,1,5,2,3,1,2,1,4,4,5,4,Hinduism,Negombo,Group A
23,94,2,0,0,5,100,1,1,2,2,0,1,1,2,0,2,2,Non-binary,73,SIM-5605,synthetic_simulation,1,5,3,3,3,4,5,2,3,5,1,2,4,2,2,2,Hinduism,Galle,Group A
21,77,1,2,1,7,65,2,1,2,1,0,1,0,2,0,1,1,Female,64,SIM-5606,synthetic_simulation,1,2,5,5,4,5,4,4,1,1,1,5,1,5,1,3,Buddhism,Negombo,Group A
12,97,2,1,1,7,69,1,1,0,1,0,1,2,5,0,1,2,Non-binary,67,SIM-5607,synthetic_simulation,1,4,1,4,5,3,1,5,1,5,1,1,2,1,3,2,Other,Colombo,Group A
18,80,2,1,1,8,92,0,1,0,2,0,0,2,1,0,0,2,Non-binary,67,SIM-5608,synthetic_simulation,3,1,3,5,4,4,1,4,4,4,5,4,3,1,4,3,Christianity,Jaffna,Group C
25,76,2,1,1,7,96,2,1,3,2,2,1,2,4,1,1,2,Non-binary,68,SIM-5609,synthetic_simulation,3,2,2,5,4,4,5,4,4,4,2,2,2,3,1,5,Hinduism,Kandy,Group C
20,90,2,1,1,7,97,2,1,2,0,0,1,2,3,0,0,1,Male,71,SIM-5610,synthetic_simulation,3,4,5,2,2,5,2,1,5,5,3,5,5,4,1,5,Islam,Negombo,Group A
24,63,2,2,1,8,78,2,1,0,1,0,0,0,3,0,1,2,Female,64,SIM-5611,synthetic_simulation,5,4,2,2,4,3,1,1,4,2,4,2,2,5,3,5,Islam,Colombo,Group C
31,64,2,2,1,6,83,2,1,1,2,2,1,2,2,0,1,1,Male,67,SIM-5612,synthetic_simulation,3,4,3,1,2,5,4,4,1,4,1,1,2,4,2,5,Buddhism,Kandy,Group C
26,86,2,1,0,5,67,2,1,2,1,0,0,2,1,0,1,1,Male,68,SIM-5613,synthetic_simulation,2,3,5,2,3,1,1,5,5,1,1,1,4,1,4,5,Buddhism,Kandy,Group D
21,79,1,2,1,8,80,0,1,1,1,0,0,0,3,0,0,2,Female,67,SIM-5614,synthetic_simulation,1,3,2,4,2,4,3,4,4,3,5,2,1,4,2,2,Islam,Negombo,Group D
17,92,1,2,1,6,65,0,1,3,2,0,1,2,2,0,0,2,Non-binary,70,SIM-5615,synthetic_simulation,5,4,4,5,3,5,4,2,4,1,5,1,5,1,3,3,Buddhism,Negombo,Group C
5,97,2,1,1,7,87,2,1,2,2,2,0,1,3,1,1,0,Female,64,SIM-5616,synthetic_simulation,1,5,4,1,4,5,2,3,3,1,4,3,3,3,1,1,Islam,Negombo,Group D
19,76,2,2,1,6,65,2,1,0,1,2,1,1,4,1,1,2,Female,63,SIM-5617,synthetic_simulation,3,3,1,2,3,1,4,4,1,1,5,1,4,2,4,4,Christianity,Galle,Group B
18,84,0,0,0,6,94,2,1,3,0,2,1,1,4,0,1,2,Non-binary,71,SIM-5618,synthetic_simulation,5,2,3,3,5,5,4,1,5,5,1,4,3,5,2,1,Other,Colombo,Group D
22,80,1,1,0,4,57,1,1,1,1,2,1,1,3,0,2,1,Female,64,SIM-5619,synthetic_simulation,4,3,2,1,4,4,1,5,2,5,2,2,1,2,1,3,Hinduism,Negombo,Group B
19,99,1,1,0,8,79,0,1,3,2,2,0,2,4,0,1,2,Non-binary,70,SIM-5620,synthetic_simulation,2,5,1,4,2,2,4,1,4,1,2,3,2,4,5,2,Christianity,Kandy,Group A
18,93,2,0,0,4,76,0,1,3,1,2,1,0,3,0,0,2,Non-binary,70,SIM-5621,synthetic_simulation,3,1,3,5,1,2,5,2,1,3,5,2,2,1,3,3,Buddhism,Galle,Group C
9,96,2,0,1,9,63,2,1,1,0,2,0,1,1,0,1,2,Non-binary,67,SIM-5622,synthetic_simulation,3,3,4,4,4,3,4,1,5,2,4,1,1,2,2,4,Christianity,Colombo,Group A
14,70,2,2,1,9,51,1,1,1,1,0,1,0,4,0,0,2,Female,62,SIM-5623,synthetic_simulation,2,4,2,4,5,1,1,1,1,2,2,3,5,3,5,3,Other,Jaffna,Group A
23,91,2,2,0,6,57,1,1,2,1,0,0,2,2,0,1,2,Non-binary,69,SIM-5624,synthetic_simulation,2,4,5,3,3,3,5,5,1,4,1,2,4,4,2,5,Islam,Negombo,Group B
30,71,1,0,0,9,98,1,1,2,0,2,1,2,1,0,1,1,Male,69,SIM-5625,synthetic_simulation,4,4,4,3,2,2,2,5,5,4,2,1,2,4,2,1,Islam,Negombo,Group D
19,68,1,0,0,10,97,1,0,0,1,2,1,2,3,0,0,0,Female,62,SIM-5626,synthetic_simulation,3,1,5,5,2,1,3,1,3,3,4,1,1,2,5,4,Islam,Jaffna,Group C
22,98,1,2,0,7,56,0,1,1,0,2,0,1,1,0,0,2,Male,70,SIM-5627,synthetic_simulation,3,5,5,2,5,5,4,1,3,1,5,2,4,4,3,4,Buddhism,Negombo,Group D
26,61,2,2,1,8,69,0,1,2,2,0,1,2,3,0,1,2,Male,66,SIM-5628,synthetic_simulation,1,2,2,4,5,5,5,4,4,5,3,2,4,5,3,1,Other,Colombo,Group C
15,99,0,2,0,7,73,1,1,1,1,2,1,2,3,0,1,2,Male,69,SIM-5629,synthetic_simulation,5,5,2,2,4,4,5,2,3,4,2,2,1,2,5,2,Other,Galle,Group D
22,66,2,1,1,9,74,2,1,3,1,0,1,0,3,0,2,2,Female,65,SIM-5630,synthetic_simulation,5,1,5,5,1,2,2,4,4,1,1,3,2,2,3,1,Buddhism,Kandy,Group B
16,93,1,0,1,5,65,1,1,0,2,2,1,0,3,0,1,2,Non-binary,66,SIM-5631,synthetic_simulation,1,4,1,4,1,5,2,5,4,2,4,3,5,3,4,1,Hinduism,Jaffna,Group D
25,71,0,2,1,7,96,1,1,2,1,2,1,2,3,0,1,2,Male,69,SIM-5632,synthetic_simulation,5,5,5,2,3,1,3,4,5,3,2,4,2,4,4,1,Islam,Colombo,Group B
21,74,0,2,1,8,95,1,1,1,2,2,0,2,5,1,1,0,Male,66,SIM-5633,synthetic_simulation,2,2,5,4,2,5,3,4,1,5,3,3,2,3,1,2,Christianity,Colombo,Group A
22,69,1,0,1,8,51,2,1,1,1,0,1,2,3,0,1,2,Non-binary,65,SIM-5634,synthetic_simulation,5,4,2,3,4,3,1,1,2,5,5,1,2,4,5,4,Christianity,Jaffna,Group C
15,83,2,1,1,7,83,1,1,1,0,2,1,1,2,0,2,2,Non-binary,66,SIM-5635,synthetic_simulation,5,2,3,3,2,3,3,1,2,4,2,3,2,2,4,3,Christianity,Galle,Group D
24,74,1,1,1,9,54,2,1,1,1,2,1,1,3,0,1,2,Male,63,SIM-5636,synthetic_simulation,1,3,4,1,4,3,3,2,3,1,4,2,3,4,2,1,Hinduism,Galle,Group D
33,86,1,2,1,7,80,2,1,0,1,0,1,1,3,0,2,2,Male,72,SIM-5637,synthetic_simulation,4,2,2,5,5,3,5,3,5,5,2,2,1,3,3,2,Buddhism,Kandy,Group D
14,61,2,2,1,7,93,1,1,3,2,0,1,0,2,0,1,1,Female,62,SIM-5638,synthetic_simulation,5,4,1,2,3,3,4,3,2,2,5,3,5,2,4,3,Buddhism,Kandy,Group C
18,63,0,0,0,8,82,2,1,1,0,2,0,0,1,0,1,2,Non-binary,64,SIM-5639,synthetic_simulation,5,3,4,4,5,4,4,4,1,2,4,1,5,4,4,3,Islam,Kandy,Group C
21,64,2,1,0,7,73,0,1,2,1,2,1,0,2,1,0,0,Non-binary,61,SIM-5640,synthetic_simulation,4,4,2,1,2,3,3,2,4,3,3,4,3,3,5,4,Hinduism,Galle,Group C
25,77,0,2,1,7,98,1,1,0,0,2,1,2,2,0,1,2,Female,70,SIM-5641,synthetic_simulation,1,4,2,5,3,4,1,2,4,3,1,2,5,4,2,5,Christianity,Negombo,Group B
17,93,2,2,0,6,87,2,1,1,1,0,0,0,2,0,1,1,Female,67,SIM-5642,synthetic_simulation,4,3,3,5,4,4,1,5,5,2,5,5,3,3,4,3,Buddhism,Negombo,Group D
3,96,0,0,1,10,62,2,1,3,1,2,0,1,4,0,1,0,Female,66,SIM-5643,synthetic_simulation,1,2,1,5,4,5,4,1,3,2,2,4,3,5,2,1,Hinduism,Negombo,Group C
28,70,2,2,1,6,69,2,1,2,1,1,1,2,4,1,1,2,Male,66,SIM-5644,synthetic_simulation,2,1,1,2,3,1,2,5,1,1,3,5,5,3,3,3,Other,Jaffna,Group A
25,83,1,2,1,8,88,1,1,1,2,0,1,1,3,1,0,2,Female,68,SIM-5645,synthetic_simulation,1,1,2,3,5,3,5,3,3,5,4,5,5,1,3,5,Hinduism,Jaffna,Group D
10,91,0,0,1,10,51,2,1,0,1,2,1,2,3,0,2,1,Female,67,SIM-5646,synthetic_simulation,2,1,3,1,3,1,3,2,3,1,4,5,2,4,3,5,Islam,Jaffna,Group C
16,72,2,0,0,5,53,2,1,1,0,0,1,2,3,0,0,2,Male,65,SIM-5647,synthetic_simulation,2,1,2,2,5,2,5,3,5,3,4,2,3,1,1,4,Christianity,Jaffna,Group C
29,76,2,0,1,8,93,1,0,0,2,0,1,2,4,0,0,1,Male,70,SIM-5648,synthetic_simulation,1,5,5,4,3,4,3,1,4,3,2,2,4,5,5,2,Buddhism,Galle,Group A
29,81,2,2,1,7,52,2,0,1,0,2,1,1,4,0,0,2,Non-binary,69,SIM-5649,synthetic_simulation,3,1,5,2,5,2,3,1,3,3,5,5,1,3,3,4,Buddhism,Jaffna,Group C
26,65,2,2,1,10,84,2,1,1,1,0,1,2,4,0,2,2,Male,68,SIM-5650,synthetic_simulation,1,3,3,4,1,4,4,1,3,5,3,5,2,2,1,5,Other,Kandy,Group D
19,61,2,2,0,6,66,2,1,0,0,2,1,1,1,0,1,2,Non-binary,61,SIM-5651,synthetic_simulation,5,1,2,4,3,3,5,3,1,4,4,4,3,2,1,2,Other,Jaffna,Group B
20,66,2,0,1,6,91,1,1,0,2,0,1,0,5,0,1,0,Female,65,SIM-5652,synthetic_simulation,5,4,3,5,5,2,5,2,4,3,1,2,2,3,5,4,Other,Colombo,Group A
19,85,0,0,0,7,92,2,1,3,2,2,1,1,2,0,0,2,Non-binary,71,SIM-5653,synthetic_simulation,3,1,2,2,2,5,2,5,3,3,5,5,2,5,3,1,Islam,Negombo,Group B
27,63,2,0,0,6,98,1,1,0,2,2,0,0,3,0,1,2,Male,66,SIM-5654,synthetic_simulation,2,2,2,3,2,2,2,2,2,1,3,1,1,3,5,3,Christianity,Colombo,Group D
15,68,2,0,0,6,55,2,0,0,0,2,0,2,3,0,1,2,Non-binary,62,SIM-5655,synthetic_simulation,3,3,5,4,3,4,5,2,2,1,3,2,5,2,5,1,Other,Colombo,Group C
15,74,1,1,0,10,71,2,1,0,1,0,1,0,2,0,2,2,Non-binary,61,SIM-5656,synthetic_simulation,5,3,4,5,3,4,2,4,4,4,4,2,5,2,4,1,Christianity,Kandy,Group C
26,63,0,0,1,7,79,2,1,1,1,0,1,0,2,0,1,2,Non-binary,67,SIM-5657,synthetic_simulation,3,5,1,3,4,1,2,2,4,4,1,1,1,2,5,3,Christianity,Galle,Group B
20,68,2,0,1,6,96,2,1,0,1,0,1,1,3,0,1,2,Male,66,SIM-5658,synthetic_simulation,1,4,1,2,5,2,3,5,5,4,4,5,2,3,1,3,Other,Kandy,Group C
28,96,1,0,0,6,63,0,0,1,0,2,1,2,2,0,1,1,Non-binary,71,SIM-5659,synthetic_simulation,3,3,3,3,3,5,4,4,3,4,5,3,3,5,3,5,Christianity,Galle,Group D
16,61,2,0,1,8,54,0,1,0,1,0,0,2,3,0,0,1,Female,62,SIM-5660,synthetic_simulation,2,2,1,2,2,3,3,2,2,1,2,2,5,5,5,3,Buddhism,Kandy,Group A
20,86,2,2,1,8,60,1,1,1,0,2,1,1,3,1,2,2,Female,67,SIM-5661,synthetic_simulation,1,1,5,4,2,1,2,4,2,3,5,5,4,5,1,1,Christianity,Galle,Group B
14,75,2,2,1,6,75,2,1,0,1,0,1,1,2,0,1,2,Female,64,SIM-5662,synthetic_simulation,4,3,4,1,2,2,3,2,4,1,1,1,3,2,3,3,Christianity,Jaffna,Group B
20,87,2,1,0,5,84,2,1,2,2,2,0,1,3,0,1,2,Female,68,SIM-5663,synthetic_simulation,5,2,2,1,5,1,3,1,4,2,2,1,2,4,2,5,Buddhism,Kandy,Group D
11,84,2,2,1,7,85,0,1,3,2,2,1,1,4,0,0,1,Non-binary,67,SIM-5664,synthetic_simulation,5,1,2,4,1,2,1,1,1,2,3,2,4,3,1,2,Buddhism,Colombo,Group D
17,69,2,2,1,7,54,0,1,1,0,1,1,1,2,0,1,2,Female,63,SIM-5665,synthetic_simulation,3,5,5,3,3,3,3,2,1,3,4,1,3,2,2,4,Hinduism,Kandy,Group A
11,94,0,0,0,6,88,2,1,2,2,2,1,2,4,0,1,2,Non-binary,70,SIM-5666,synthetic_simulation,1,3,1,2,1,3,3,4,4,4,5,1,1,5,2,1,Hinduism,Colombo,Group D
24,80,1,0,1,9,83,2,1,1,1,1,1,0,1,0,1,2,Male,67,SIM-5667,synthetic_simulation,4,3,2,1,5,5,4,5,1,3,4,5,4,3,4,3,Other,Galle,Group B
24,93,2,0,1,8,70,1,1,1,2,0,0,1,3,0,1,1,Non-binary,71,SIM-5668,synthetic_simulation,1,2,1,2,3,1,5,1,4,2,5,1,2,5,2,2,Islam,Jaffna,Group D
10,76,2,1,1,7,79,1,1,3,2,2,0,1,4,0,1,0,Male,62,SIM-5669,synthetic_simulation,5,4,5,4,4,5,1,4,4,3,4,3,4,1,1,4,Christianity,Jaffna,Group B
28,99,2,2,1,6,88,2,1,3,1,2,1,2,4,0,1,2,Male,75,SIM-5670,synthetic_simulation,1,5,2,3,3,2,1,5,5,4,2,5,1,2,5,4,Christianity,Jaffna,Group B
35,91,1,2,1,10,63,1,1,1,2,2,1,1,5,0,1,2,Female,72,SIM-5671,synthetic_simulation,4,4,3,2,3,3,1,4,1,1,4,5,5,5,3,4,Islam,Colombo,Group C
20,99,2,1,1,5,97,1,1,4,0,2,1,1,3,0,0,2,Female,73,SIM-5672,synthetic_simulation,3,3,4,3,3,3,1,2,3,4,1,2,5,1,4,1,Other,Negombo,Group D
16,81,1,2,0,6,57,0,1,3,1,1,0,2,3,0,1,2,Male,64,SIM-5673,synthetic_simulation,2,4,1,1,3,4,4,1,3,1,1,5,5,5,3,4,Christianity,Negombo,Group C
37,79,2,0,0,6,95,0,1,1,0,2,1,0,1,0,1,2,Female,73,SIM-5674,synthetic_simulation,1,1,1,2,3,4,5,1,5,2,4,2,1,2,1,1,Hinduism,Kandy,Group D
12,90,2,1,1,7,87,1,1,2,1,0,1,1,2,0,2,0,Non-binary,66,SIM-5675,synthetic_simulation,2,5,1,5,5,5,4,1,3,5,3,1,3,4,5,1,Christianity,Negombo,Group B
20,95,1,1,0,8,83,0,1,1,2,2,0,2,3,0,1,2,Female,69,SIM-5676,synthetic_simulation,5,4,1,1,3,1,1,2,3,3,1,4,1,5,2,5,Buddhism,Negombo,Group D
21,99,2,2,1,5,54,0,1,1,1,2,1,1,4,0,0,1,Non-binary,70,SIM-5677,synthetic_simulation,3,1,5,3,5,2,5,5,5,5,5,3,4,5,2,4,Christianity,Negombo,Group C
28,73,2,0,1,6,96,2,1,1,2,2,1,0,0,0,2,2,Female,70,SIM-5678,synthetic_simulation,3,2,5,4,3,5,4,5,2,4,4,3,3,1,1,3,Christianity,Negombo,Group A
22,92,0,0,0,8,65,2,1,0,2,0,0,2,2,0,1,1,Non-binary,71,SIM-5679,synthetic_simulation,1,4,5,5,3,3,5,1,5,1,4,1,5,2,1,2,Buddhism,Colombo,Group D
17,68,1,0,1,6,87,0,1,0,1,2,0,2,4,1,0,2,Male,64,SIM-5680,synthetic_simulation,3,5,5,2,5,3,4,5,5,4,1,4,1,5,3,1,Hinduism,Jaffna,Group B
14,82,2,0,0,6,94,1,1,7,2,0,0,0,4,0,2,2,Female,71,SIM-5681,synthetic_simulation,1,1,2,1,3,3,5,1,1,4,3,5,2,3,3,1,Buddhism,Galle,Group A
18,67,0,2,1,7,62,0,1,1,1,1,0,2,2,0,1,0,Non-binary,63,SIM-5682,synthetic_simulation,1,4,5,2,2,2,4,5,3,2,5,4,5,2,3,5,Islam,Colombo,Group B
14,74,0,0,1,6,96,1,1,2,1,0,1,1,4,0,0,2,Non-binary,68,SIM-5683,synthetic_simulation,2,2,2,2,3,5,1,1,3,4,1,5,2,1,2,1,Hinduism,Negombo,Group A
20,97,2,2,0,7,81,2,1,3,2,0,1,1,3,1,0,2,Non-binary,71,SIM-5684,synthetic_simulation,3,4,3,5,4,2,1,5,2,3,1,5,3,1,1,1,Christianity,Negombo,Group D
17,66,2,2,1,8,83,2,1,4,2,0,0,0,5,0,1,1,Male,65,SIM-5685,synthetic_simulation,1,1,5,5,5,3,1,4,5,2,2,5,5,1,4,3,Buddhism,Colombo,Group D
11,85,0,2,1,7,96,2,0,1,1,2,1,1,3,0,1,2,Male,66,SIM-5686,synthetic_simulation,2,4,3,5,3,4,4,1,4,5,1,4,1,2,2,1,Buddhism,Galle,Group D
28,84,0,0,1,9,76,0,1,0,0,2,0,0,3,0,1,2,Non-binary,72,SIM-5687,synthetic_simulation,4,5,5,5,3,5,5,1,2,4,5,1,2,2,4,2,Hinduism,Jaffna,Group B
17,65,0,0,1,8,72,1,1,1,1,2,1,2,4,0,0,1,Female,65,SIM-5688,synthetic_simulation,2,3,3,4,5,4,5,3,2,5,2,5,1,5,3,2,Buddhism,Negombo,Group A
12,73,1,2,0,7,82,2,0,1,1,2,1,2,3,0,1,0,Female,60,SIM-5689,synthetic_simulation,2,1,4,3,1,5,2,1,3,3,3,1,5,1,3,3,Islam,Kandy,Group C
19,83,1,2,0,7,78,0,0,2,1,0,1,2,4,0,2,1,Male,67,SIM-5690,synthetic_simulation,1,1,3,5,2,3,3,5,3,3,3,5,1,1,1,5,Other,Galle,Group B
20,67,2,0,0,10,53,0,1,1,1,2,0,2,2,0,2,2,Non-binary,65,SIM-5691,synthetic_simulation,5,1,2,1,2,4,1,4,3,3,1,1,5,2,5,3,Christianity,Negombo,Group B
10,92,0,1,1,6,59,0,1,0,1,2,1,0,2,0,1,1,Non-binary,64,SIM-5692,synthetic_simulation,5,1,1,2,3,4,1,4,3,5,5,1,4,2,5,2,Islam,Kandy,Group B
22,99,0,0,1,7,51,2,1,2,0,0,1,0,4,1,1,1,Female,72,SIM-5693,synthetic_simulation,5,4,3,5,5,5,1,5,2,5,3,1,1,3,3,3,Buddhism,Colombo,Group C
14,69,0,2,0,6,55,2,1,3,1,1,0,2,2,0,1,1,Male,62,SIM-5694,synthetic_simulation,2,5,1,1,4,4,2,2,5,1,5,2,4,1,5,3,Other,Jaffna,Group A
30,67,2,2,1,8,86,2,1,0,1,2,1,1,4,0,1,1,Non-binary,67,SIM-5695,synthetic_simulation,1,2,4,4,3,4,2,1,3,2,5,4,2,2,5,4,Christianity,Kandy,Group B
23,78,2,2,1,10,50,2,1,1,2,2,0,2,3,1,2,2,Male,67,SIM-5696,synthetic_simulation,3,5,4,1,2,3,2,4,1,4,2,5,1,2,3,4,Islam,Negombo,Group D
18,90,2,2,0,7,65,1,1,4,2,2,1,2,3,0,0,2,Male,69,SIM-5697,synthetic_simulation,2,1,2,1,3,5,1,5,2,2,1,5,1,5,1,3,Hinduism,Kandy,Group A
16,71,0,0,1,7,72,1,1,1,2,1,0,1,4,0,0,1,Non-binary,65,SIM-5698,synthetic_simulation,2,4,2,4,5,5,5,4,4,3,5,2,2,1,2,1,Christianity,Colombo,Group B
19,61,2,0,0,7,97,1,1,0,2,0,1,0,3,1,0,0,Non-binary,62,SIM-5699,synthetic_simulation,1,4,3,4,4,1,1,4,4,4,5,1,1,3,5,3,Hinduism,Negombo,Group D
24,82,0,2,1,5,66,2,1,0,2,2,0,1,3,0,2,2,Male,69,SIM-5700,synthetic_simulation,4,1,5,2,1,5,2,5,5,1,5,1,5,2,4,5,Christianity,Galle,Group A
20,98,2,0,0,7,89,2,1,1,0,2,1,2,3,0,0,0,Male,72,SIM-5701,synthetic_simulation,2,4,4,5,4,3,2,3,2,2,1,5,4,5,5,3,Buddhism,Kandy,Group B
19,76,1,0,1,10,70,1,1,1,1,2,1,0,3,0,0,0,Non-binary,63,SIM-5702,synthetic_simulation,4,1,1,1,3,4,3,4,2,3,2,3,3,5,2,2,Islam,Galle,Group D
20,77,0,2,0,8,55,1,1,1,2,2,1,0,3,0,0,0,Female,64,SIM-5703,synthetic_simulation,4,5,5,3,2,1,4,4,2,4,5,5,5,4,2,5,Christianity,Colombo,Group C
16,99,1,2,1,9,55,2,1,1,0,2,1,1,3,1,0,0,Male,67,SIM-5704,synthetic_simulation,5,3,4,3,5,4,3,2,1,4,4,5,3,1,2,2,Hinduism,Kandy,Group D
18,88,2,2,0,9,72,0,1,2,0,0,1,1,4,0,2,1,Female,70,SIM-5705,synthetic_simulation,1,4,3,2,3,5,3,3,1,3,2,2,2,5,2,5,Christianity,Jaffna,Group C
7,89,0,1,1,6,53,2,1,3,1,0,0,1,2,0,1,1,Male,64,SIM-5706,synthetic_simulation,4,1,4,3,1,2,1,2,3,5,1,1,2,3,4,5,Christianity,Colombo,Group A
26,83,2,2,0,10,79,2,1,1,0,2,1,1,2,0,1,1,Male,69,SIM-5707,synthetic_simulation,1,1,2,2,5,4,4,5,4,2,3,4,1,1,1,2,Christianity,Kandy,Group A
22,99,0,0,0,4,75,1,1,2,2,2,0,0,4,0,1,2,Male,72,SIM-5708,synthetic_simulation,5,4,1,5,5,5,4,1,1,4,5,5,5,3,2,3,Buddhism,Kandy,Group A
15,88,2,2,1,7,85,2,1,4,2,2,0,0,2,0,2,2,Non-binary,69,SIM-5709,synthetic_simulation,1,2,1,2,5,3,1,5,4,5,4,5,3,5,2,5,Islam,Jaffna,Group C
31,96,0,2,1,4,59,2,1,3,1,2,0,1,5,0,1,2,Non-binary,75,SIM-5710,synthetic_simulation,2,1,2,4,3,5,5,3,2,1,3,4,4,1,4,1,Other,Kandy,Group C
21,88,1,2,0,4,80,1,1,1,2,2,1,2,2,1,2,2,Non-binary,67,SIM-5711,synthetic_simulation,4,4,5,4,1,1,1,5,1,4,3,2,5,5,5,2,Christianity,Kandy,Group D
14,89,2,2,1,8,59,0,1,1,1,2,0,1,3,0,0,2,Female,67,SIM-5712,synthetic_simulation,1,1,2,4,3,2,5,3,4,4,5,3,2,5,5,2,Christianity,Galle,Group B
25,72,2,2,0,6,86,0,1,0,2,2,1,1,2,0,1,0,Female,66,SIM-5713,synthetic_simulation,3,2,1,4,5,2,5,2,1,1,5,2,5,5,4,3,Buddhism,Galle,Group C
22,72,2,1,1,9,65,0,1,0,2,2,1,1,3,0,1,1,Female,64,SIM-5714,synthetic_simulation,1,3,3,4,5,2,4,4,2,1,3,5,4,2,5,3,Hinduism,Negombo,Group A
22,91,2,1,0,4,81,2,1,2,1,0,0,0,3,0,1,2,Non-binary,68,SIM-5715,synthetic_simulation,4,2,5,4,2,3,1,5,2,4,4,2,5,2,3,5,Other,Kandy,Group C
17,72,0,2,1,7,94,0,1,1,1,2,1,1,5,0,1,1,Male,66,SIM-5716,synthetic_simulation,5,5,4,4,4,2,1,5,2,3,2,4,1,3,1,2,Other,Colombo,Group B
23,83,0,2,0,5,74,2,1,3,1,2,1,0,2,0,2,2,Male,69,SIM-5717,synthetic_simulation,5,4,3,4,3,4,4,4,3,1,5,2,4,2,5,3,Other,Colombo,Group D
18,70,0,1,1,7,60,2,1,1,2,0,1,2,3,0,0,2,Female,65,SIM-5718,synthetic_simulation,4,2,5,4,1,3,3,5,4,5,5,5,3,3,4,2,Buddhism,Kandy,Group B
23,93,2,1,1,9,94,0,1,2,2,1,0,0,3,0,1,1,Non-binary,70,SIM-5719,synthetic_simulation,2,3,1,5,5,5,1,5,3,1,1,4,2,2,3,1,Other,Negombo,Group A
9,64,2,1,1,10,68,1,1,0,2,2,0,0,3,0,1,2,Non-binary,57,SIM-5720,synthetic_simulation,2,1,1,4,3,1,2,1,5,4,5,4,5,5,1,2,Hinduism,Galle,Group A
17,93,2,2,0,8,87,1,1,2,0,0,0,0,3,0,0,1,Male,69,SIM-5721,synthetic_simulation,5,4,3,2,4,3,2,1,5,4,1,5,4,2,2,5,Islam,Galle,Group C
30,84,0,1,1,5,66,1,1,0,2,1,1,2,2,0,2,2,Non-binary,70,SIM-5722,synthetic_simulation,5,2,5,5,3,1,1,4,1,2,3,5,1,4,5,1,Other,Negombo,Group A
15,67,1,2,1,5,65,2,1,4,2,2,0,0,2,0,0,2,Female,63,SIM-5723,synthetic_simulation,4,3,4,3,4,3,5,2,1,5,4,5,1,5,1,1,Christianity,Kandy,Group C
16,82,2,2,0,7,82,2,1,1,2,1,1,1,3,0,2,1,Non-binary,66,SIM-5724,synthetic_simulation,2,2,4,1,3,5,4,5,1,2,1,3,3,4,1,4,Hinduism,Negombo,Group A
17,71,2,2,1,6,58,2,1,3,2,2,0,2,3,1,1,2,Female,64,SIM-5725,synthetic_simulation,5,5,2,5,2,1,5,5,3,1,1,5,2,5,2,3,Hinduism,Colombo,Group A
13,73,2,0,0,8,93,2,1,0,0,0,1,1,3,0,2,2,Female,65,SIM-5726,synthetic_simulation,2,4,3,4,3,3,2,2,2,2,2,2,1,2,1,1,Other,Kandy,Group D
7,74,0,2,0,10,69,0,1,1,0,2,1,2,4,0,1,2,Female,64,SIM-5727,synthetic_simulation,5,1,5,5,2,1,2,5,1,4,3,1,2,1,5,4,Christianity,Kandy,Group A
19,63,2,1,1,6,51,0,1,2,2,2,1,1,4,0,1,2,Female,62,SIM-5728,synthetic_simulation,1,3,3,1,4,2,4,2,1,3,1,3,4,3,3,5,Hinduism,Negombo,Group B
21,99,0,2,1,6,65,1,1,1,2,2,0,2,2,0,0,0,Male,71,SIM-5729,synthetic_simulation,3,2,4,1,5,2,2,4,5,1,1,3,5,5,5,3,Buddhism,Negombo,Group A
20,61,2,0,0,5,89,2,1,1,2,2,1,1,2,0,2,0,Non-binary,64,SIM-5730,synthetic_simulation,1,4,5,4,5,2,3,4,2,4,3,1,3,1,4,2,Other,Jaffna,Group A
19,86,0,0,1,7,93,0,1,1,2,0,1,1,2,0,1,2,Non-binary,72,SIM-5731,synthetic_simulation,5,2,1,4,3,4,2,2,3,1,5,2,1,1,1,2,Christianity,Jaffna,Group A
20,75,2,2,0,7,78,2,1,0,1,2,1,0,2,0,0,2,Male,64,SIM-5732,synthetic_simulation,3,4,1,2,1,2,5,2,2,2,4,3,5,2,2,2,Islam,Galle,Group D
26,86,2,1,1,7,65,2,1,2,0,0,0,1,4,0,2,1,Male,71,SIM-5733,synthetic_simulation,3,5,5,1,3,2,5,3,5,2,3,3,1,5,4,1,Hinduism,Jaffna,Group A
19,74,2,2,1,8,76,0,1,5,2,0,1,1,4,1,0,2,Non-binary,68,SIM-5734,synthetic_simulation,5,2,3,4,2,5,3,1,3,1,2,5,3,1,1,3,Islam,Galle,Group D
17,87,2,2,1,8,92,2,0,3,0,1,1,0,2,0,0,2,Male,68,SIM-5735,synthetic_simulation,5,5,3,1,2,1,5,1,4,1,2,4,1,3,1,5,Christianity,Colombo,Group A
18,89,2,2,0,7,66,2,1,2,2,2,1,2,3,0,0,1,Non-binary,68,SIM-5736,synthetic_simulation,2,3,1,2,4,1,5,5,1,2,4,3,3,4,3,4,Buddhism,Jaffna,Group C
23,88,2,2,0,7,69,2,1,3,1,0,1,0,3,0,1,2,Male,69,SIM-5737,synthetic_simulation,5,5,1,3,3,2,5,5,3,1,2,2,5,2,2,3,Christianity,Negombo,Group B
28,65,1,2,1,7,77,0,1,1,1,0,1,2,3,0,0,2,Male,67,SIM-5738,synthetic_simulation,4,4,4,1,4,1,1,2,5,2,3,4,4,2,5,4,Islam,Galle,Group C
16,86,2,1,0,7,94,1,1,0,1,2,0,2,4,0,1,2,Non-binary,66,SIM-5739,synthetic_simulation,5,3,5,2,1,3,3,2,2,1,5,1,3,2,1,4,Christianity,Galle,Group C
21,71,2,2,1,6,79,2,1,1,1,2,0,1,4,0,2,0,Female,65,SIM-5740,synthetic_simulation,4,2,3,2,5,2,3,1,3,3,2,3,4,3,4,2,Christianity,Colombo,Group A
22,61,2,0,0,5,60,0,1,0,0,1,0,1,2,0,1,1,Male,63,SIM-5741,synthetic_simulation,5,2,4,2,5,2,2,5,5,1,3,2,2,2,2,1,Hinduism,Jaffna,Group C
14,77,0,1,0,7,54,2,1,1,2,0,1,0,2,0,1,1,Female,62,SIM-5742,synthetic_simulation,2,4,3,5,3,4,3,1,3,1,2,1,5,3,5,1,Christianity,Negombo,Group A
20,77,0,0,0,6,55,2,1,1,0,1,0,1,1,0,0,2,Female,67,SIM-5743,synthetic_simulation,4,1,1,4,4,3,4,4,1,4,1,5,3,1,4,5,Buddhism,Galle,Group C
11,79,2,2,1,8,98,2,1,2,1,2,1,1,4,0,1,2,Male,65,SIM-5744,synthetic_simulation,1,1,5,1,4,2,3,1,2,3,1,5,5,5,2,5,Hinduism,Colombo,Group C
9,88,2,2,1,7,91,2,1,1,1,2,1,0,3,0,0,2,Female,66,SIM-5745,synthetic_simulation,4,2,2,5,1,2,4,1,2,2,5,4,4,1,3,2,Buddhism,Colombo,Group C
22,72,1,0,0,7,88,2,0,2,2,2,1,2,4,0,1,2,Non-binary,66,SIM-5746,synthetic_simulation,2,4,5,1,4,1,5,2,3,2,1,1,4,5,4,4,Islam,Jaffna,Group A
18,73,2,2,1,8,75,2,1,0,0,2,1,1,1,1,0,2,Non-binary,64,SIM-5747,synthetic_simulation,4,1,2,5,2,2,4,5,5,5,1,4,5,2,2,2,Christianity,Negombo,Group D
21,62,0,2,1,5,84,2,1,5,1,2,1,2,4,0,1,2,Female,67,SIM-5748,synthetic_simulation,5,5,4,4,2,2,1,4,1,3,2,1,5,1,5,1,Other,Jaffna,Group B
20,87,2,2,0,10,56,2,1,2,2,2,1,1,2,0,0,1,Non-binary,67,SIM-5749,synthetic_simulation,5,2,2,2,2,2,5,1,1,3,2,1,4,3,1,1,Christianity,Galle,Group B
14,83,1,1,0,4,81,1,1,1,1,2,1,0,4,1,1,1,Male,61,SIM-5750,synthetic_simulation,2,5,2,1,3,2,4,1,3,1,4,5,5,2,2,2,Other,Negombo,Group B
20,74,2,2,1,9,91,2,1,1,1,2,1,1,5,0,1,2,Female,66,SIM-5751,synthetic_simulation,3,4,4,2,2,4,5,2,4,4,5,4,4,1,4,3,Hinduism,Jaffna,Group B
13,88,0,2,1,7,53,2,1,2,2,2,0,0,4,0,0,1,Male,66,SIM-5752,synthetic_simulation,5,5,5,4,2,3,1,3,3,2,1,5,2,1,5,1,Islam,Negombo,Group A
28,81,2,1,1,6,65,2,1,1,1,2,1,2,2,0,1,1,Male,67,SIM-5753,synthetic_simulation,1,1,4,1,5,4,5,5,1,2,4,1,4,3,1,5,Other,Colombo,Group C
12,79,0,2,0,5,56,0,1,1,1,1,1,2,5,0,1,2,Non-binary,64,SIM-5754,synthetic_simulation,2,1,1,3,3,1,5,5,2,4,2,5,1,3,5,3,Christianity,Colombo,Group D
19,80,0,1,0,6,63,1,1,1,1,2,1,1,3,0,1,2,Female,64,SIM-5755,synthetic_simulation,4,3,1,3,2,5,3,5,3,4,4,4,4,1,1,2,Christianity,Kandy,Group D
14,85,1,2,0,7,89,2,1,2,2,0,1,2,2,0,0,1,Non-binary,67,SIM-5756,synthetic_simulation,4,2,2,3,1,2,2,1,3,3,1,4,2,3,3,3,Christianity,Colombo,Group A
23,86,1,0,0,7,67,1,1,2,2,0,0,1,3,1,0,2,Non-binary,68,SIM-5757,synthetic_simulation,1,4,4,4,2,1,4,1,2,4,4,2,4,4,3,4,Islam,Jaffna,Group D
18,72,2,1,0,9,84,2,1,2,2,2,1,1,4,0,1,2,Female,64,SIM-5758,synthetic_simulation,5,2,4,3,3,5,2,1,3,4,3,5,5,4,5,3,Other,Colombo,Group B
17,66,2,2,1,7,89,2,1,0,2,2,0,0,3,0,0,2,Male,63,SIM-5759,synthetic_simulation,2,5,4,1,4,2,1,3,5,1,5,2,2,3,1,2,Other,Galle,Group A
25,66,2,0,1,7,91,2,1,2,1,0,1,1,3,0,0,2,Female,68,SIM-5760,synthetic_simulation,1,4,5,3,5,2,1,1,2,3,1,1,3,1,1,4,Islam,Colombo,Group A
20,86,1,1,0,8,94,1,1,2,1,2,0,0,2,0,1,0,Male,64,SIM-5761,synthetic_simulation,5,4,3,1,5,5,5,5,2,5,3,5,4,3,2,5,Buddhism,Jaffna,Group A
23,95,1,2,1,7,80,0,1,2,1,2,1,1,4,0,1,1,Female,70,SIM-5762,synthetic_simulation,2,1,3,4,3,4,2,5,2,5,4,3,5,3,2,5,Hinduism,Galle,Group B
14,76,1,2,0,7,64,2,1,3,2,2,0,2,3,0,0,2,Non-binary,64,SIM-5763,synthetic_simulation,4,5,3,2,2,5,4,2,1,2,1,2,3,5,3,1,Islam,Kandy,Group C
12,67,0,2,0,7,58,2,1,0,0,2,1,1,2,1,1,0,Female,59,SIM-5764,synthetic_simulation,2,1,5,5,1,5,4,3,3,4,4,4,3,4,3,3,Christianity,Colombo,Group C
21,90,0,2,1,8,75,2,1,4,1,0,1,1,2,0,1,1,Non-binary,71,SIM-5765,synthetic_simulation,3,1,4,3,2,3,5,4,4,1,5,2,3,2,1,2,Buddhism,Kandy,Group C
18,93,1,2,1,6,55,2,1,3,1,2,1,0,5,0,1,1,Male,67,SIM-5766,synthetic_simulation,2,3,3,5,2,2,4,1,3,4,5,5,1,2,1,5,Other,Jaffna,Group A
24,95,2,1,1,6,96,0,1,3,1,2,0,1,3,0,2,2,Non-binary,73,SIM-5767,synthetic_simulation,3,1,4,2,1,2,3,4,3,2,2,2,5,2,4,5,Hinduism,Negombo,Group C
20,84,1,1,0,8,72,2,1,3,0,2,1,1,3,0,1,2,Female,66,SIM-5768,synthetic_simulation,2,2,2,4,5,4,2,1,1,4,3,4,1,3,2,3,Christianity,Jaffna,Group C
21,94,0,0,0,5,94,2,1,2,1,0,0,1,2,0,0,2,Female,73,SIM-5769,synthetic_simulation,3,4,3,4,2,4,1,3,5,5,5,2,5,2,1,2,Christianity,Colombo,Group B
10,61,0,2,1,7,85,0,1,1,2,2,1,1,4,0,1,2,Female,62,SIM-5770,synthetic_simulation,4,1,2,2,4,3,4,3,5,3,3,2,5,5,1,2,Christianity,Kandy,Group A
31,64,2,0,0,6,93,2,1,1,1,0,1,1,3,0,1,2,Non-binary,69,SIM-5771,synthetic_simulation,5,2,5,5,4,3,4,5,1,4,4,3,2,3,3,4,Islam,Jaffna,Group D
19,64,2,0,0,8,94,2,1,3,2,0,0,1,3,1,2,2,Non-binary,66,SIM-5772,synthetic_simulation,3,5,1,3,3,3,4,3,1,5,3,1,3,1,5,5,Other,Kandy,Group A
24,89,2,1,1,9,53,2,1,1,1,0,0,1,3,0,1,2,Male,68,SIM-5773,synthetic_simulation,3,4,5,1,3,4,5,4,1,5,1,4,4,1,3,3,Buddhism,Galle,Group B
15,63,2,2,1,6,86,1,1,4,0,2,1,2,5,0,1,2,Female,65,SIM-5774,synthetic_simulation,4,5,5,4,1,5,1,4,3,2,2,1,2,3,1,5,Hinduism,Kandy,Group C
22,80,2,2,1,8,61,0,1,1,1,2,1,2,2,0,0,1,Male,67,SIM-5775,synthetic_simulation,3,2,5,2,1,2,2,3,1,3,3,3,4,4,2,3,Christianity,Jaffna,Group B
12,79,2,2,1,7,99,1,1,2,2,2,1,0,2,1,1,2,Female,64,SIM-5776,synthetic_simulation,1,5,3,5,3,2,4,4,4,2,3,5,3,4,5,1,Islam,Galle,Group B
23,72,0,0,1,6,89,2,0,0,2,0,0,0,3,0,1,1,Non-binary,67,SIM-5777,synthetic_simulation,4,5,2,3,2,1,3,1,2,1,5,5,5,1,4,3,Islam,Jaffna,Group D
18,95,1,1,1,7,50,1,1,3,2,2,0,1,3,0,1,1,Non-binary,66,SIM-5778,synthetic_simulation,1,5,3,5,5,4,5,2,5,3,1,3,2,2,3,2,Hinduism,Negombo,Group A
20,67,0,2,0,9,96,0,1,1,0,0,1,2,3,0,1,2,Male,68,SIM-5779,synthetic_simulation,4,1,1,3,4,4,2,5,4,1,5,5,1,5,4,1,Buddhism,Colombo,Group D
24,74,2,2,1,7,65,1,1,3,2,0,1,1,2,0,0,2,Female,68,SIM-5780,synthetic_simulation,3,1,5,1,1,3,4,2,5,3,3,5,5,3,2,3,Islam,Jaffna,Group A
13,91,2,1,1,9,71,1,1,1,1,2,1,2,2,0,0,0,Male,64,SIM-5781,synthetic_simulation,1,1,4,1,3,1,2,4,3,5,4,2,1,5,5,5,Islam,Galle,Group D
16,61,0,2,1,7,81,1,1,2,2,2,1,1,1,0,1,2,Female,63,SIM-5782,synthetic_simulation,3,4,1,2,4,1,5,5,3,1,5,2,5,5,2,4,Other,Negombo,Group C
23,87,0,2,0,5,96,2,1,2,2,2,1,2,3,0,0,1,Non-binary,72,SIM-5783,synthetic_simulation,4,2,2,2,1,4,3,2,1,3,5,2,5,5,5,5,Other,Kandy,Group D
33,93,0,2,0,7,96,2,1,1,1,0,1,2,1,0,2,1,Male,75,SIM-5784,synthetic_simulation,3,1,1,3,1,3,4,2,5,3,1,3,3,3,4,1,Buddhism,Jaffna,Group D
19,97,0,2,0,5,78,1,1,2,1,2,1,2,3,0,1,2,Non-binary,71,SIM-5785,synthetic_simulation,1,5,3,3,2,2,3,4,3,1,5,5,2,2,4,1,Hinduism,Jaffna,Group D
24,95,0,2,0,7,66,1,1,2,0,0,1,0,3,0,1,2,Female,71,SIM-5786,synthetic_simulation,1,5,4,3,1,3,5,5,3,3,5,1,4,3,2,1,Christianity,Kandy,Group B
19,73,2,2,1,6,64,1,1,4,2,2,1,2,5,1,0,2,Non-binary,66,SIM-5787,synthetic_simulation,3,5,3,3,5,2,3,5,5,2,2,4,3,1,5,3,Islam,Galle,Group C
32,83,0,2,1,10,68,2,0,3,1,2,0,2,4,0,1,1,Non-binary,71,SIM-5788,synthetic_simulation,2,5,5,1,1,4,5,2,3,2,3,5,4,2,4,2,Christianity,Kandy,Group C
10,63,0,2,0,9,59,1,1,0,2,0,1,2,5,0,2,1,Male,61,SIM-5789,synthetic_simulation,4,3,5,2,5,3,3,5,1,1,1,3,5,1,5,1,Christianity,Negombo,Group B
21,70,2,2,1,7,83,2,1,1,2,2,1,1,3,0,1,0,Non-binary,65,SIM-5790,synthetic_simulation,4,4,1,2,2,1,2,5,3,5,5,2,1,5,4,2,Christianity,Jaffna,Group B
10,64,2,1,0,9,76,1,1,1,1,2,0,2,1,0,1,2,Female,58,SIM-5791,synthetic_simulation,3,2,5,4,5,5,2,1,4,4,3,4,4,2,1,1,Buddhism,Kandy,Group B
5,73,0,1,1,6,89,0,1,1,2,2,1,1,2,0,1,2,Female,62,SIM-5792,synthetic_simulation,2,2,5,2,4,1,5,4,4,1,1,4,1,5,4,4,Hinduism,Jaffna,Group B
22,95,0,1,0,5,55,2,1,2,0,0,1,1,0,1,0,2,Non-binary,69,SIM-5793,synthetic_simulation,1,1,2,2,1,2,2,4,1,1,5,4,4,1,1,5,Hinduism,Jaffna,Group B
21,74,2,1,1,8,70,2,1,1,2,2,1,1,3,0,2,0,Male,65,SIM-5794,synthetic_simulation,5,3,2,5,3,4,3,1,4,1,4,1,1,3,2,3,Other,Jaffna,Group C
18,82,0,2,1,8,62,0,1,3,1,2,0,1,4,0,1,2,Female,69,SIM-5795,synthetic_simulation,5,2,3,5,3,3,3,2,3,1,2,2,3,2,1,4,Christianity,Kandy,Group D
19,77,0,2,1,6,77,0,1,1,1,0,0,1,3,0,0,2,Male,68,SIM-5796,synthetic_simulation,3,4,3,4,5,4,4,3,4,2,1,2,4,5,2,4,Christianity,Kandy,Group D
39,78,2,2,0,6,73,2,1,0,1,2,1,2,2,0,0,0,Female,70,SIM-5797,synthetic_simulation,2,5,2,3,2,4,5,2,4,1,4,2,3,4,1,2,Islam,Colombo,Group D
18,99,0,2,1,8,72,2,1,4,1,2,1,1,4,0,1,2,Non-binary,72,SIM-5798,synthetic_simulation,2,1,1,4,5,2,2,1,3,5,1,2,3,5,2,4,Buddhism,Kandy,Group A
23,72,1,2,1,4,66,1,0,3,1,2,0,2,4,0,2,2,Female,66,SIM-5799,synthetic_simulation,4,4,2,4,5,4,5,5,5,4,1,5,1,1,4,3,Christianity,Negombo,Group D
16,85,1,0,1,8,86,1,1,2,0,2,0,1,4,0,1,2,Male,68,SIM-5800,synthetic_simulation,1,2,3,1,5,3,2,1,1,4,2,4,4,1,3,1,Buddhism,Galle,Group C
22,77,2,2,1,7,74,0,1,2,1,1,0,0,4,0,0,2,Non-binary,67,SIM-5801,synthetic_simulation,2,3,4,2,4,1,4,4,5,5,4,4,4,3,3,5,Other,Colombo,Group B
19,62,0,1,1,8,60,2,1,1,1,2,1,2,2,0,0,0,Male,61,SIM-5802,synthetic_simulation,5,1,5,1,4,4,3,5,5,1,5,4,2,2,3,3,Buddhism,Jaffna,Group A
18,80,1,1,1,8,77,2,1,1,1,0,1,0,2,0,0,2,Male,64,SIM-5803,synthetic_simulation,1,2,4,2,5,3,3,2,4,4,3,3,1,4,1,5,Hinduism,Kandy,Group A
31,93,0,2,0,6,80,2,1,3,2,2,1,1,2,0,1,2,Female,74,SIM-5804,synthetic_simulation,1,1,4,4,2,3,1,5,2,2,4,2,4,1,3,4,Buddhism,Galle,Group A
27,64,2,2,0,5,51,0,1,1,1,0,1,0,3,0,1,2,Male,64,SIM-5805,synthetic_simulation,3,2,5,2,1,2,5,4,5,4,1,5,5,2,2,3,Christianity,Galle,Group C
21,63,0,1,1,9,60,2,1,2,2,2,1,0,2,0,2,2,Non-binary,64,SIM-5806,synthetic_simulation,2,5,2,3,3,4,2,1,3,5,4,5,2,4,1,2,Christianity,Galle,Group A
6,66,0,2,1,7,62,1,1,2,1,2,1,1,4,0,2,2,Non-binary,61,SIM-5807,synthetic_simulation,3,3,1,3,4,2,1,2,3,4,3,3,4,3,1,5,Christianity,Jaffna,Group A
18,91,0,0,1,7,62,2,1,3,1,2,0,2,3,0,1,2,Male,71,SIM-5808,synthetic_simulation,2,5,4,4,1,1,5,3,3,5,4,3,1,2,4,2,Christianity,Colombo,Group B
36,89,0,1,1,8,62,1,1,2,1,0,0,0,3,0,0,1,Non-binary,72,SIM-5809,synthetic_simulation,4,2,1,5,4,1,2,3,2,1,3,4,5,5,2,5,Buddhism,Galle,Group C
19,83,0,0,0,6,64,2,1,0,2,2,0,0,5,0,2,2,Non-binary,68,SIM-5810,synthetic_simulation,3,4,3,3,4,3,4,1,2,4,2,4,4,4,2,4,Christianity,Colombo,Group C
27,79,1,0,1,8,63,0,1,2,1,2,1,0,5,0,0,1,Non-binary,69,SIM-5811,synthetic_simulation,3,5,4,4,4,4,5,2,1,5,1,4,3,5,4,5,Hinduism,Negombo,Group A
29,96,2,0,0,8,94,0,0,2,1,0,1,0,4,0,1,2,Female,74,SIM-5812,synthetic_simulation,5,4,3,1,5,3,2,2,2,2,5,4,3,5,5,1,Islam,Negombo,Group A
21,91,2,0,1,9,66,1,1,3,1,2,1,1,4,0,0,1,Non-binary,70,SIM-5813,synthetic_simulation,3,2,2,5,5,4,3,5,1,2,4,4,5,4,4,1,Christianity,Galle,Group D
15,92,0,1,1,9,67,1,1,1,0,0,1,2,2,0,2,2,Non-binary,69,SIM-5814,synthetic_simulation,2,3,4,3,4,2,5,1,3,3,2,2,5,5,5,5,Other,Galle,Group D
5,93,1,1,0,7,63,2,1,2,2,0,1,1,3,0,2,2,Non-binary,64,SIM-5815,synthetic_simulation,5,4,3,4,4,1,2,5,2,4,4,5,5,4,3,5,Islam,Negombo,Group C
24,86,1,1,1,8,98,2,1,2,0,2,1,2,5,0,2,0,Non-binary,71,SIM-5816,synthetic_simulation,3,2,3,4,3,1,3,1,4,1,2,2,5,5,3,4,Buddhism,Colombo,Group A
15,78,0,1,1,7,77,1,1,0,0,2,1,1,3,0,0,2,Male,65,SIM-5817,synthetic_simulation,3,4,2,1,1,2,3,4,4,3,3,5,1,3,3,1,Hinduism,Colombo,Group C
21,95,0,2,1,7,81,2,1,0,2,2,1,1,3,0,1,2,Non-binary,71,SIM-5818,synthetic_simulation,4,5,1,1,1,5,1,1,4,4,2,1,3,3,3,2,Hinduism,Colombo,Group C
13,97,0,0,1,5,87,1,1,1,2,0,1,1,2,0,2,2,Non-binary,71,SIM-5819,synthetic_simulation,3,2,1,5,2,5,2,5,2,2,3,1,4,2,4,3,Other,Kandy,Group A
18,61,1,2,1,7,67,2,1,5,0,0,1,2,2,0,2,2,Male,66,SIM-5820,synthetic_simulation,1,5,4,3,2,5,1,2,2,1,2,1,4,5,3,2,Christianity,Negombo,Group B
20,62,2,2,0,4,98,0,1,1,0,1,1,0,4,0,1,2,Male,64,SIM-5821,synthetic_simulation,5,1,2,4,2,4,1,1,2,2,4,5,3,3,4,3,Other,Kandy,Group B
22,98,2,2,0,7,58,2,1,0,2,2,0,1,3,0,1,2,Non-binary,70,SIM-5822,synthetic_simulation,1,2,4,5,5,2,4,2,4,4,5,3,4,3,2,3,Christianity,Kandy,Group B
13,71,1,1,0,9,73,1,1,1,0,0,0,1,3,0,1,1,Non-binary,61,SIM-5823,synthetic_simulation,5,4,1,5,5,4,1,4,3,1,1,2,3,3,2,3,Christianity,Negombo,Group B
27,95,2,2,1,8,57,0,1,1,2,1,0,2,3,0,1,1,Female,71,SIM-5824,synthetic_simulation,4,1,2,1,3,4,1,3,5,1,5,3,2,1,1,5,Hinduism,Kandy,Group C
16,76,2,2,0,7,90,2,1,0,1,2,1,1,3,0,2,1,Male,65,SIM-5825,synthetic_simulation,3,5,5,4,5,2,4,3,3,3,2,5,3,5,2,1,Hinduism,Kandy,Group B
10,65,1,0,0,7,55,2,1,0,1,0,1,1,3,0,1,2,Female,59,SIM-5826,synthetic_simulation,3,5,2,2,2,4,4,5,2,1,3,4,4,2,5,4,Christianity,Jaffna,Group B
19,63,2,2,1,6,78,1,1,3,2,2,1,1,2,1,0,2,Male,63,SIM-5827,synthetic_simulation,3,4,2,1,4,2,5,1,5,4,4,3,2,3,5,4,Hinduism,Negombo,Group C
20,66,2,2,1,6,55,1,1,1,0,0,1,0,3,0,2,1,Non-binary,64,SIM-5828,synthetic_simulation,5,1,5,4,2,5,1,4,5,5,1,5,4,4,3,4,Hinduism,Galle,Group B
21,70,1,1,0,8,73,1,1,0,0,2,1,1,4,0,0,2,Male,63,SIM-5829,synthetic_simulation,3,3,3,5,3,5,3,4,3,5,1,1,1,1,1,1,Hinduism,Galle,Group A
28,80,0,0,0,5,64,2,1,1,1,2,0,1,2,0,2,1,Non-binary,70,SIM-5830,synthetic_simulation,1,4,3,5,4,4,4,2,4,1,4,4,4,5,4,5,Christianity,Colombo,Group B
19,88,0,2,1,5,95,2,1,1,2,0,1,1,3,0,1,2,Female,70,SIM-5831,synthetic_simulation,3,5,3,3,5,1,2,5,1,5,2,1,2,2,4,4,Christianity,Colombo,Group B
19,99,0,0,1,8,53,2,1,1,2,2,0,1,4,0,0,2,Female,72,SIM-5832,synthetic_simulation,4,2,1,2,4,2,5,4,4,4,1,3,3,3,4,5,Islam,Galle,Group B
13,78,2,0,0,7,82,0,1,0,1,0,1,1,2,0,0,1,Female,65,SIM-5833,synthetic_simulation,1,1,2,1,3,3,5,1,4,3,4,3,4,4,3,2,Hinduism,Colombo,Group A
25,81,0,2,1,7,85,0,1,3,2,2,1,0,1,0,2,1,Male,71,SIM-5834,synthetic_simulation,3,3,5,3,5,3,1,4,5,2,2,2,3,1,1,1,Christianity,Kandy,Group A
21,81,0,2,1,7,94,2,1,3,2,2,1,1,1,0,2,1,Male,70,SIM-5835,synthetic_simulation,3,2,1,3,1,4,3,3,2,2,4,2,4,4,2,2,Hinduism,Galle,Group A
17,82,2,1,0,10,94,2,1,1,0,0,0,1,3,0,1,1,Non-binary,66,SIM-5836,synthetic_simulation,2,1,5,2,2,1,4,5,2,4,1,5,5,4,2,1,Islam,Galle,Group A
9,81,2,2,1,7,99,2,1,2,1,2,1,1,3,0,1,1,Non-binary,64,SIM-5837,synthetic_simulation,5,4,1,1,2,2,2,2,5,3,5,3,4,1,3,5,Islam,Colombo,Group C
29,60,1,0,0,7,63,2,1,0,1,2,1,0,4,0,2,2,Non-binary,64,SIM-5838,synthetic_simulation,1,4,1,1,3,5,1,1,4,4,1,1,5,4,5,5,Buddhism,Colombo,Group B
13,60,0,1,0,10,64,1,1,1,2,2,1,1,4,0,0,0,Non-binary,59,SIM-5839,synthetic_simulation,2,1,1,5,3,4,3,3,3,1,1,2,4,3,4,2,Christianity,Kandy,Group B
16,64,2,0,1,7,70,2,1,5,1,1,1,2,4,0,1,1,Male,65,SIM-5840,synthetic_simulation,4,3,5,1,2,2,1,4,1,3,5,1,4,1,5,1,Islam,Kandy,Group D
22,64,0,2,1,10,77,2,1,1,1,0,1,2,3,0,1,1,Non-binary,66,SIM-5841,synthetic_simulation,5,1,4,3,4,2,1,5,4,5,2,5,5,5,2,4,Christianity,Jaffna,Group A
13,88,2,2,1,4,68,0,1,1,0,2,1,2,2,0,1,2,Female,67,SIM-5842,synthetic_simulation,1,2,1,5,1,2,5,5,4,1,4,1,1,1,3,4,Christianity,Galle,Group A
11,68,0,2,1,5,87,2,1,1,1,2,1,2,4,1,1,0,Non-binary,62,SIM-5843,synthetic_simulation,3,2,3,1,1,1,2,1,1,5,2,1,3,2,5,3,Hinduism,Kandy,Group B
7,96,0,1,0,6,50,2,1,1,0,2,0,0,3,0,0,2,Female,65,SIM-5844,synthetic_simulation,1,4,2,2,3,2,2,2,3,1,2,4,2,3,2,2,Christianity,Kandy,Group B
24,97,0,2,1,8,51,2,1,3,1,2,1,1,2,0,2,2,Female,73,SIM-5845,synthetic_simulation,3,1,4,3,3,1,2,3,1,1,4,5,4,5,3,5,Hinduism,Kandy,Group B
17,99,2,2,0,10,86,1,1,1,2,2,0,2,2,0,0,2,Male,70,SIM-5846,synthetic_simulation,5,4,4,4,4,1,2,2,5,1,2,2,2,3,4,2,Hinduism,Kandy,Group A
38,98,1,2,0,6,94,2,1,2,1,1,1,0,4,0,2,2,Non-binary,75,SIM-5847,synthetic_simulation,3,3,5,2,3,2,4,1,1,1,3,4,1,3,1,4,Hinduism,Galle,Group A
14,71,0,0,1,8,89,2,1,0,2,2,1,1,3,0,2,2,Non-binary,66,SIM-5848,synthetic_simulation,4,2,4,2,1,5,4,1,1,3,1,3,4,1,2,3,Other,Colombo,Group C
14,80,0,2,0,10,56,1,1,1,1,2,1,2,3,0,2,1,Male,65,SIM-5849,synthetic_simulation,3,5,5,1,2,2,2,3,4,3,3,3,5,5,1,1,Christianity,Colombo,Group D
17,67,2,2,0,9,97,2,1,1,2,1,1,1,3,0,2,1,Non-binary,64,SIM-5850,synthetic_simulation,4,5,5,5,1,5,3,5,4,1,4,2,5,1,3,4,Islam,Negombo,Group C
21,92,0,1,0,6,76,1,1,2,1,2,1,2,5,0,0,2,Male,70,SIM-5851,synthetic_simulation,5,1,3,5,4,4,4,5,2,4,5,5,4,2,2,4,Christianity,Colombo,Group C
17,96,2,0,1,8,87,2,1,0,2,2,0,2,5,0,1,1,Female,71,SIM-5852,synthetic_simulation,5,1,1,3,2,3,4,3,1,1,5,3,5,2,4,2,Buddhism,Colombo,Group C
24,94,1,2,0,8,60,1,1,0,2,2,1,1,3,0,1,2,Male,68,SIM-5853,synthetic_simulation,1,5,4,1,2,4,3,2,5,1,4,3,1,2,4,1,Christianity,Negombo,Group B
14,77,2,2,1,6,77,1,1,1,1,0,0,1,2,0,0,2,Non-binary,64,SIM-5854,synthetic_simulation,4,1,1,5,1,1,2,3,2,4,4,3,3,1,3,4,Other,Jaffna,Group C
12,90,0,0,0,8,67,1,1,2,1,1,1,1,3,0,1,2,Male,67,SIM-5855,synthetic_simulation,4,2,1,4,2,4,1,5,1,4,2,5,3,1,1,3,Buddhism,Jaffna,Group C
9,64,2,0,1,6,99,2,1,6,1,0,1,2,6,1,1,1,Male,65,SIM-5856,synthetic_simulation,2,3,1,1,2,3,4,2,4,1,1,3,1,2,5,5,Buddhism,Negombo,Group D
7,62,0,2,1,7,74,2,1,3,2,2,1,1,3,0,2,2,Female,62,SIM-5857,synthetic_simulation,2,3,5,1,3,3,1,4,5,2,3,2,5,1,4,4,Hinduism,Negombo,Group C
17,90,1,0,1,5,88,1,1,1,2,2,1,0,1,0,0,2,Male,68,SIM-5858,synthetic_simulation,2,4,1,5,2,5,1,2,3,2,4,2,3,4,1,2,Islam,Galle,Group C
18,77,0,2,1,4,80,2,1,1,2,1,0,0,2,0,0,2,Non-binary,66,SIM-5859,synthetic_simulation,3,2,4,2,4,4,3,5,2,4,5,2,5,4,1,4,Buddhism,Negombo,Group A
16,100,0,0,1,7,55,0,1,1,1,2,1,0,2,1,0,1,Female,69,SIM-5860,synthetic_simulation,2,1,5,1,2,1,2,1,4,1,1,4,5,4,2,2,Other,Galle,Group A
27,64,2,2,1,7,77,0,1,3,0,2,1,1,4,0,1,1,Female,68,SIM-5861,synthetic_simulation,4,1,4,2,3,1,1,2,3,5,1,2,2,3,5,1,Islam,Jaffna,Group D
27,94,2,1,0,5,77,2,1,0,2,0,1,2,2,0,0,2,Male,71,SIM-5862,synthetic_simulation,3,4,5,3,5,5,2,2,1,5,2,1,3,5,3,4,Christianity,Galle,Group B
18,79,2,0,1,8,86,2,1,3,1,1,1,1,4,0,0,2,Non-binary,68,SIM-5863,synthetic_simulation,5,4,2,3,5,5,5,1,5,1,5,3,5,5,4,3,Other,Colombo,Group D
9,93,0,1,1,7,66,2,1,0,1,1,0,1,2,0,0,1,Male,64,SIM-5864,synthetic_simulation,1,1,2,5,4,4,2,5,4,1,1,2,2,5,5,4,Islam,Colombo,Group A
17,93,1,2,0,8,93,1,1,0,1,2,1,0,3,0,0,1,Male,66,SIM-5865,synthetic_simulation,2,1,2,3,4,5,3,4,4,1,5,5,1,2,1,5,Other,Negombo,Group B
16,97,2,1,1,8,81,0,1,0,0,0,0,2,2,0,1,2,Male,70,SIM-5866,synthetic_simulation,5,2,2,5,2,3,3,4,5,5,3,5,3,4,5,3,Buddhism,Jaffna,Group C
16,72,1,2,0,9,52,2,1,1,2,0,1,0,1,1,0,1,Male,60,SIM-5867,synthetic_simulation,4,4,5,5,2,1,5,3,4,5,5,5,1,4,2,5,Hinduism,Negombo,Group C
16,98,2,2,1,8,85,1,1,0,1,0,1,2,2,0,0,0,Non-binary,69,SIM-5868,synthetic_simulation,1,2,1,2,5,3,3,4,4,4,1,4,1,1,2,4,Hinduism,Jaffna,Group C
16,66,2,2,1,7,95,1,1,1,2,2,1,2,4,0,0,2,Female,65,SIM-5869,synthetic_simulation,5,1,3,2,5,2,2,4,1,3,5,5,4,3,1,3,Islam,Galle,Group D
18,63,0,0,1,7,84,2,1,1,2,0,1,1,2,0,1,2,Male,66,SIM-5870,synthetic_simulation,1,5,3,3,1,3,2,2,2,4,5,4,3,3,1,3,Hinduism,Colombo,Group C
16,77,2,1,0,10,69,2,1,1,2,2,0,1,3,0,1,2,Female,64,SIM-5871,synthetic_simulation,2,5,2,2,5,1,2,3,3,4,5,3,1,4,3,5,Buddhism,Kandy,Group A
21,93,2,0,0,8,80,2,1,0,0,0,1,2,1,0,0,1,Non-binary,71,SIM-5872,synthetic_simulation,4,1,1,1,5,2,3,4,5,2,1,1,1,1,4,1,Other,Kandy,Group A
22,79,0,1,0,7,59,2,1,0,2,2,1,2,3,0,0,2,Male,66,SIM-5873,synthetic_simulation,1,4,4,4,4,4,2,2,3,4,3,5,1,4,4,5,Hinduism,Galle,Group A
15,93,2,1,1,7,80,1,1,0,1,2,1,2,3,0,1,2,Female,66,SIM-5874,synthetic_simulation,5,5,1,1,1,2,4,3,5,4,5,5,5,2,5,3,Buddhism,Kandy,Group B
28,89,2,2,0,6,75,2,1,1,1,1,0,0,3,0,1,1,Non-binary,68,SIM-5875,synthetic_simulation,2,4,4,1,1,5,5,2,5,4,3,4,3,2,4,4,Other,Jaffna,Group B
14,68,0,0,0,5,51,0,1,1,0,2,1,1,5,1,1,1,Female,63,SIM-5876,synthetic_simulation,2,5,3,5,2,1,4,1,4,4,1,4,3,5,1,4,Buddhism,Galle,Group D
10,98,2,1,1,10,66,1,1,1,1,0,1,0,2,0,0,2,Female,66,SIM-5877,synthetic_simulation,5,4,1,4,2,5,2,5,1,3,4,1,3,5,5,1,Islam,Kandy,Group D
22,62,1,2,0,8,60,1,0,0,2,0,1,2,2,0,0,2,Non-binary,61,SIM-5878,synthetic_simulation,5,5,1,5,1,3,3,5,5,2,5,2,3,4,4,4,Other,Kandy,Group D
15,96,2,1,0,5,70,0,1,4,1,0,0,2,3,0,0,2,Male,70,SIM-5879,synthetic_simulation,1,4,3,2,1,4,5,5,3,5,3,4,3,5,3,3,Other,Colombo,Group B
22,72,2,0,1,7,62,1,1,5,0,2,0,1,2,0,0,1,Female,68,SIM-5880,synthetic_simulation,3,2,1,2,2,1,4,4,2,1,5,1,1,4,1,4,Buddhism,Jaffna,Group B
6,80,2,2,1,9,92,1,1,5,1,2,1,1,2,0,2,1,Female,65,SIM-5881,synthetic_simulation,2,4,4,4,4,4,2,5,3,5,2,3,2,3,1,3,Hinduism,Kandy,Group C
28,77,0,2,0,6,85,0,1,0,1,2,1,0,1,0,2,2,Non-binary,69,SIM-5882,synthetic_simulation,1,2,1,3,4,1,3,5,1,2,2,5,4,2,4,4,Islam,Colombo,Group C
24,67,2,0,1,6,87,1,1,0,2,2,1,2,4,0,0,2,Male,67,SIM-5883,synthetic_simulation,5,2,4,2,4,5,2,3,2,4,1,5,3,1,3,1,Hinduism,Colombo,Group A
11,74,0,2,0,8,68,1,1,0,2,2,1,2,3,0,1,1,Male,62,SIM-5884,synthetic_simulation,1,1,2,1,4,3,4,3,4,5,3,1,5,1,3,4,Christianity,Kandy,Group D
11,68,1,0,1,8,50,1,1,2,1,0,0,2,4,0,1,2,Female,61,SIM-5885,synthetic_simulation,5,2,1,4,2,2,4,3,3,4,3,1,2,3,2,2,Islam,Negombo,Group C
30,68,0,0,1,6,61,0,1,1,2,2,1,2,3,0,2,2,Male,70,SIM-5886,synthetic_simulation,4,3,4,4,3,4,5,4,3,3,5,5,5,4,1,2,Islam,Kandy,Group D
16,67,0,2,1,6,88,2,1,0,0,1,1,1,3,0,0,2,Female,65,SIM-5887,synthetic_simulation,5,2,3,2,5,1,3,5,5,3,2,4,1,2,1,3,Buddhism,Colombo,Group A
15,80,0,2,0,8,80,2,1,1,1,2,1,1,4,0,1,1,Male,65,SIM-5888,synthetic_simulation,5,4,2,2,5,1,1,4,5,2,5,2,4,4,4,3,Buddhism,Colombo,Group B
6,92,2,2,1,5,77,2,1,1,1,0,1,2,4,0,1,2,Female,66,SIM-5889,synthetic_simulation,5,2,1,5,5,4,2,4,2,5,5,3,1,4,4,4,Islam,Kandy,Group C
18,83,2,0,1,6,64,1,0,1,2,0,0,0,3,0,1,2,Non-binary,66,SIM-5890,synthetic_simulation,3,4,4,5,5,2,3,4,4,3,1,2,1,3,3,2,Islam,Negombo,Group C
19,96,2,2,1,7,54,0,1,1,1,2,1,1,3,0,0,2,Female,69,SIM-5891,synthetic_simulation,5,4,1,1,2,3,1,4,5,2,4,2,3,3,1,4,Other,Galle,Group C
24,85,0,0,0,8,89,2,1,1,1,2,1,1,3,0,1,1,Non-binary,70,SIM-5892,synthetic_simulation,2,3,4,4,3,1,3,4,3,2,1,2,5,5,4,3,Hinduism,Negombo,Group D
12,88,0,2,0,6,52,1,0,1,2,0,1,0,1,0,1,2,Male,63,SIM-5893,synthetic_simulation,2,2,1,3,2,1,2,4,2,2,1,5,3,3,3,5,Buddhism,Negombo,Group C
11,87,1,2,0,8,53,0,1,1,2,2,1,2,3,0,1,2,Male,64,SIM-5894,synthetic_simulation,1,2,2,3,3,4,2,5,5,5,1,2,1,5,1,2,Other,Negombo,Group A
23,78,0,1,0,9,65,0,1,1,1,0,1,1,2,1,0,0,Non-binary,65,SIM-5895,synthetic_simulation,3,5,2,4,2,4,5,3,5,5,5,4,4,1,2,2,Christianity,Kandy,Group B
26,88,0,2,1,6,79,2,1,1,1,0,1,1,4,0,1,0,Male,71,SIM-5896,synthetic_simulation,1,5,1,1,1,1,4,2,1,2,5,4,2,5,1,5,Islam,Galle,Group B
11,63,2,2,1,10,100,0,1,0,2,2,1,1,3,0,1,0,Non-binary,61,SIM-5897,synthetic_simulation,2,1,1,5,3,1,4,2,2,1,5,4,1,5,2,5,Buddhism,Negombo,Group A
26,94,1,1,1,9,55,1,1,2,0,2,1,1,3,0,1,2,Non-binary,69,SIM-5898,synthetic_simulation,2,4,5,5,5,1,4,2,2,5,5,1,1,1,1,2,Islam,Negombo,Group A
20,91,0,2,0,7,74,2,1,1,2,2,1,1,4,0,1,1,Female,69,SIM-5899,synthetic_simulation,4,3,1,5,3,5,5,1,4,5,2,3,1,2,3,2,Other,Jaffna,Group C
27,70,2,2,0,7,80,1,1,1,1,2,1,1,3,0,1,2,Female,66,SIM-5900,synthetic_simulation,5,5,1,3,4,1,4,3,5,1,3,4,5,4,1,2,Islam,Negombo,Group B
20,91,0,2,0,6,91,2,1,3,0,0,1,1,2,0,1,2,Female,72,SIM-5901,synthetic_simulation,2,2,2,3,3,3,3,5,2,5,2,2,2,4,4,3,Islam,Jaffna,Group C
5,61,0,2,0,9,84,0,1,1,2,2,1,1,3,0,0,2,Non-binary,60,SIM-5902,synthetic_simulation,1,1,1,1,4,3,4,4,4,5,3,1,4,3,3,2,Other,Galle,Group D
19,69,1,1,0,7,90,2,1,0,1,2,1,1,1,0,0,2,Female,62,SIM-5903,synthetic_simulation,1,3,3,3,4,2,4,2,5,3,5,5,1,3,2,1,Hinduism,Negombo,Group C
26,63,2,2,1,5,76,2,1,3,2,0,1,1,5,1,1,2,Non-binary,66,SIM-5904,synthetic_simulation,5,2,1,2,1,4,2,3,3,1,2,4,2,2,1,2,Other,Colombo,Group C
15,91,2,0,1,4,72,1,1,1,0,0,0,1,2,0,1,2,Female,69,SIM-5905,synthetic_simulation,5,2,5,3,3,2,5,5,1,3,3,2,1,3,2,5,Islam,Kandy,Group D
18,90,0,2,0,7,81,2,1,2,2,1,1,0,3,0,2,1,Female,69,SIM-5906,synthetic_simulation,4,4,4,5,1,1,5,2,4,1,4,2,2,4,4,1,Hinduism,Colombo,Group B
19,93,2,0,0,7,95,1,1,3,2,2,0,0,3,0,1,2,Non-binary,71,SIM-5907,synthetic_simulation,3,4,2,1,5,4,4,3,1,1,1,5,2,5,3,5,Other,Negombo,Group D
3,60,2,1,1,6,78,1,1,1,1,2,1,2,1,0,2,2,Female,57,SIM-5908,synthetic_simulation,1,5,3,4,3,1,1,5,3,1,3,1,5,5,2,5,Other,Negombo,Group C
30,80,0,0,0,5,80,2,1,0,1,2,0,2,4,0,2,2,Non-binary,72,SIM-5909,synthetic_simulation,5,5,4,4,2,4,2,3,2,5,2,2,5,3,5,4,Buddhism,Jaffna,Group C
15,88,1,2,1,4,67,2,1,1,2,0,0,2,4,0,1,0,Male,66,SIM-5910,synthetic_simulation,1,2,3,1,2,5,4,4,5,2,2,3,2,4,1,2,Other,Galle,Group C
23,66,2,2,1,6,80,2,1,1,2,2,1,2,3,0,0,2,Non-binary,66,SIM-5911,synthetic_simulation,5,2,2,2,2,5,1,3,2,4,4,4,3,1,2,2,Islam,Colombo,Group C
19,86,2,2,0,6,81,2,1,3,2,0,1,1,3,0,0,2,Non-binary,70,SIM-5912,synthetic_simulation,2,5,5,4,4,5,3,3,1,2,3,1,1,1,5,2,Buddhism,Negombo,Group A
28,63,2,2,0,8,88,2,1,2,1,0,1,2,2,0,1,2,Female,67,SIM-5913,synthetic_simulation,1,5,2,5,2,2,2,1,2,5,1,4,5,5,5,5,Hinduism,Kandy,Group A
22,67,2,2,1,7,79,2,1,1,2,1,0,1,3,0,0,1,Male,65,SIM-5914,synthetic_simulation,2,2,3,4,5,4,5,4,2,5,2,4,2,4,4,1,Buddhism,Kandy,Group C
19,79,2,2,1,9,60,1,1,1,1,2,1,1,3,1,1,2,Male,63,SIM-5915,synthetic_simulation,1,3,3,4,3,2,1,3,4,4,5,5,3,5,2,2,Christianity,Galle,Group C
15,86,0,1,0,8,79,2,1,3,1,2,1,2,3,0,0,2,Non-binary,68,SIM-5916,synthetic_simulation,3,2,2,5,3,4,4,4,4,5,5,3,2,4,4,2,Hinduism,Colombo,Group C
25,66,1,2,1,8,65,2,1,0,2,2,1,2,3,1,1,2,Female,63,SIM-5917,synthetic_simulation,4,3,1,3,4,1,1,3,3,1,3,3,4,1,1,1,Christianity,Jaffna,Group C
9,67,2,0,1,8,54,2,1,3,2,0,0,2,5,0,0,1,Male,63,SIM-5918,synthetic_simulation,2,3,2,2,4,5,5,4,4,3,4,5,2,3,3,1,Islam,Jaffna,Group C
24,68,2,2,1,5,91,0,1,1,0,2,1,0,4,0,0,2,Non-binary,68,SIM-5919,synthetic_simulation,5,2,5,5,4,5,3,5,4,3,1,4,4,2,5,2,Hinduism,Jaffna,Group C
13,70,2,2,1,6,53,2,1,2,1,2,1,0,0,1,0,1,Female,60,SIM-5920,synthetic_simulation,3,1,2,5,5,4,1,2,4,1,3,3,5,3,2,4,Hinduism,Jaffna,Group C
28,69,2,2,0,10,82,0,1,0,2,2,0,1,2,0,1,2,Non-binary,67,SIM-5921,synthetic_simulation,1,5,4,1,3,2,4,1,4,2,3,4,5,4,1,2,Buddhism,Kandy,Group B
21,76,1,1,1,4,99,0,1,0,1,1,1,2,3,0,0,0,Male,65,SIM-5922,synthetic_simulation,2,4,1,2,1,2,1,2,3,3,1,1,2,5,2,2,Christianity,Kandy,Group B
24,86,0,1,1,7,54,2,1,0,1,0,1,1,2,0,0,2,Female,68,SIM-5923,synthetic_simulation,1,2,4,3,4,3,3,3,4,1,2,5,5,5,5,5,Christianity,Negombo,Group A
20,78,2,1,0,8,61,2,1,0,2,2,1,1,2,1,1,1,Male,62,SIM-5924,synthetic_simulation,1,3,2,5,2,5,1,3,4,2,5,5,2,1,3,3,Buddhism,Negombo,Group A
9,91,2,1,0,4,88,1,1,2,2,2,1,1,4,1,2,2,Non-binary,65,SIM-5925,synthetic_simulation,1,2,1,3,1,5,3,5,1,3,2,3,2,1,1,2,Buddhism,Colombo,Group C
15,89,2,2,1,6,55,0,1,1,1,2,0,2,3,0,1,2,Male,66,SIM-5926,synthetic_simulation,4,5,4,5,1,2,3,3,4,1,4,1,4,3,5,5,Buddhism,Colombo,Group B
24,65,2,2,1,10,92,1,1,3,2,0,1,1,4,0,1,2,Female,67,SIM-5927,synthetic_simulation,4,3,4,5,4,5,2,4,3,3,1,4,1,3,1,3,Buddhism,Galle,Group D
21,62,1,0,1,7,50,1,0,1,0,2,1,0,2,0,1,1,Male,60,SIM-5928,synthetic_simulation,5,4,1,1,2,2,2,2,3,3,2,3,2,2,2,5,Other,Kandy,Group C
27,95,1,0,1,6,94,0,1,2,2,2,1,1,4,0,2,0,Male,74,SIM-5929,synthetic_simulation,2,4,1,4,4,3,4,3,2,3,3,4,1,4,5,5,Buddhism,Galle,Group B
22,63,1,1,1,7,53,2,1,1,0,2,1,1,4,0,1,2,Female,62,SIM-5930,synthetic_simulation,3,4,3,2,4,4,4,5,4,4,3,1,3,3,5,4,Buddhism,Jaffna,Group D
14,66,1,2,1,6,96,1,1,0,0,2,1,0,3,0,0,1,Non-binary,61,SIM-5931,synthetic_simulation,3,1,1,1,2,4,4,1,5,2,4,2,5,3,5,1,Buddhism,Negombo,Group D
15,61,2,2,0,10,93,0,1,0,2,0,1,1,4,0,1,2,Female,63,SIM-5932,synthetic_simulation,3,3,2,3,1,3,3,2,2,3,4,3,3,1,3,1,Other,Negombo,Group B
21,85,2,1,0,6,77,2,1,2,1,2,1,1,3,0,0,0,Non-binary,66,SIM-5933,synthetic_simulation,1,3,5,5,1,5,3,5,3,1,1,3,3,4,5,5,Islam,Galle,Group C
6,83,2,2,0,6,89,2,1,1,1,2,1,2,4,0,2,2,Non-binary,65,SIM-5934,synthetic_simulation,4,1,3,5,2,1,2,5,2,4,2,5,2,1,1,1,Islam,Galle,Group B
30,99,1,2,0,5,54,2,1,0,2,2,0,2,3,0,2,2,Male,72,SIM-5935,synthetic_simulation,2,3,1,2,1,5,3,2,5,5,3,2,3,2,5,2,Buddhism,Kandy,Group D
23,95,0,2,0,7,57,2,1,1,1,2,0,1,2,0,1,2,Female,70,SIM-5936,synthetic_simulation,1,1,5,1,5,2,2,5,1,5,1,3,2,3,3,4,Hinduism,Jaffna,Group D
27,76,0,0,1,7,68,2,1,1,2,2,1,1,3,0,2,1,Non-binary,71,SIM-5937,synthetic_simulation,4,2,3,1,4,1,1,1,5,2,1,4,5,3,3,4,Other,Colombo,Group A
11,75,0,0,1,9,77,2,0,1,0,0,0,1,2,1,0,1,Non-binary,64,SIM-5938,synthetic_simulation,4,5,2,3,5,3,4,1,2,1,3,1,5,3,2,1,Buddhism,Colombo,Group C
27,72,2,0,0,5,93,1,1,1,0,2,1,2,2,0,0,2,Non-binary,70,SIM-5939,synthetic_simulation,2,4,5,1,5,4,4,3,4,4,2,2,3,5,1,1,Other,Galle,Group D
33,66,2,2,0,8,77,2,1,2,2,1,1,1,3,0,1,2,Male,68,SIM-5940,synthetic_simulation,2,1,1,1,5,4,5,4,1,1,5,5,2,4,4,4,Other,Galle,Group B
12,66,1,0,1,7,83,2,0,1,2,2,1,1,3,0,1,2,Female,61,SIM-5941,synthetic_simulation,2,1,1,4,3,5,2,3,5,4,4,5,4,1,1,5,Islam,Galle,Group C
25,65,0,2,1,4,84,0,1,1,0,2,1,2,2,0,1,2,Male,68,SIM-5942,synthetic_simulation,1,1,2,2,3,4,5,4,4,4,2,4,4,1,4,5,Christianity,Colombo,Group B
20,65,1,2,0,6,94,2,1,1,1,0,1,2,2,0,2,2,Non-binary,64,SIM-5943,synthetic_simulation,5,2,3,1,5,5,4,2,5,5,5,1,1,1,1,5,Christianity,Negombo,Group D
11,70,2,0,1,6,89,1,1,2,2,2,1,2,4,0,1,2,Non-binary,64,SIM-5944,synthetic_simulation,2,1,5,3,4,2,5,5,3,2,5,5,1,2,5,2,Christianity,Negombo,Group C
23,72,2,0,1,10,99,2,1,2,2,0,0,1,4,0,2,2,Female,71,SIM-5945,synthetic_simulation,5,5,2,5,5,2,1,3,4,2,3,5,1,5,4,5,Buddhism,Colombo,Group A
25,98,2,0,1,8,51,2,1,0,2,2,0,2,2,0,0,1,Female,72,SIM-5946,synthetic_simulation,1,5,3,1,5,3,5,5,3,1,5,1,3,2,1,5,Christianity,Negombo,Group D
16,83,2,2,1,7,60,2,1,0,0,2,1,2,1,0,0,1,Female,66,SIM-5947,synthetic_simulation,5,4,4,1,3,2,1,3,1,4,4,2,2,4,2,1,Buddhism,Kandy,Group B
27,100,1,2,1,4,97,1,1,4,1,0,1,2,3,0,1,2,Non-binary,74,SIM-5948,synthetic_simulation,3,2,4,5,5,5,4,3,1,4,1,3,1,1,3,3,Hinduism,Galle,Group A
10,75,2,2,1,4,90,2,1,3,2,0,1,2,3,1,2,1,Non-binary,65,SIM-5949,synthetic_simulation,5,5,3,4,4,4,3,1,1,3,2,3,2,1,1,5,Islam,Jaffna,Group B
11,78,0,0,0,8,63,1,1,1,1,2,1,1,3,0,1,2,Non-binary,64,SIM-5950,synthetic_simulation,2,3,1,2,4,2,2,4,1,2,4,1,3,1,1,5,Hinduism,Jaffna,Group C
21,73,0,2,1,8,99,2,1,1,2,0,1,2,4,0,0,1,Female,69,SIM-5951,synthetic_simulation,1,3,1,4,5,2,5,2,3,4,5,1,2,3,3,3,Buddhism,Negombo,Group B
20,67,2,2,0,6,93,1,0,1,1,2,1,0,3,1,0,2,Male,62,SIM-5952,synthetic_simulation,2,3,4,3,4,5,1,5,3,1,1,1,2,3,4,5,Hinduism,Colombo,Group B
16,66,2,2,1,7,53,0,1,2,2,2,1,0,2,0,2,1,Male,62,SIM-5953,synthetic_simulation,3,1,1,1,5,2,4,3,2,5,1,4,3,1,4,3,Christianity,Kandy,Group B
25,98,1,1,1,7,91,2,1,2,1,1,1,2,3,0,2,2,Non-binary,72,SIM-5954,synthetic_simulation,2,1,1,4,3,4,4,5,2,5,5,4,4,1,5,3,Hinduism,Jaffna,Group C
23,99,2,0,0,7,89,0,1,1,2,2,1,1,3,0,1,2,Non-binary,73,SIM-5955,synthetic_simulation,2,3,3,2,5,4,3,1,3,2,4,1,2,3,5,5,Other,Jaffna,Group B
25,62,2,1,0,6,61,0,1,1,2,2,1,2,4,0,2,1,Male,64,SIM-5956,synthetic_simulation,2,4,3,3,1,4,4,2,1,2,5,4,2,2,5,2,Other,Negombo,Group A
19,66,2,2,0,8,83,2,1,2,2,0,1,1,3,0,1,2,Male,65,SIM-5957,synthetic_simulation,4,4,1,4,3,4,4,4,2,3,2,3,5,5,2,5,Islam,Colombo,Group D
24,77,0,0,1,9,99,2,1,1,1,2,1,2,1,0,1,2,Non-binary,70,SIM-5958,synthetic_simulation,3,1,3,1,4,1,3,4,4,2,1,1,5,2,3,2,Hinduism,Jaffna,Group A
17,67,2,2,1,6,84,0,1,1,0,0,1,1,3,0,2,1,Female,66,SIM-5959,synthetic_simulation,2,3,5,2,4,4,4,3,3,4,3,3,1,5,4,5,Buddhism,Kandy,Group B
32,75,1,0,0,5,91,1,1,1,0,2,1,2,2,0,0,1,Non-binary,70,SIM-5960,synthetic_simulation,2,4,4,1,3,1,1,2,4,4,1,3,1,3,2,2,Islam,Galle,Group C
15,65,2,0,1,6,55,1,1,2,2,2,0,2,3,0,1,2,Female,63,SIM-5961,synthetic_simulation,2,1,5,1,1,4,5,4,1,4,5,4,3,1,5,5,Christianity,Colombo,Group D
33,78,1,1,0,7,86,2,1,1,1,0,1,2,4,0,1,2,Male,69,SIM-5962,synthetic_simulation,1,3,5,3,3,4,5,2,3,4,5,5,3,1,3,4,Christianity,Galle,Group D
20,71,0,2,1,8,60,1,1,0,2,2,1,1,2,0,1,2,Male,64,SIM-5963,synthetic_simulation,4,2,1,2,2,5,1,5,2,3,3,5,5,1,5,4,Other,Galle,Group B
12,74,1,2,0,8,54,2,1,2,2,2,0,2,5,0,2,1,Male,63,SIM-5964,synthetic_simulation,1,3,1,5,1,4,5,1,2,2,3,2,5,2,1,3,Islam,Colombo,Group C
28,64,2,2,0,8,78,1,1,2,2,2,0,0,3,0,2,2,Male,66,SIM-5965,synthetic_simulation,4,3,5,1,3,2,4,2,4,2,1,2,1,1,5,1,Christianity,Kandy,Group A
21,77,2,2,1,8,88,1,1,2,0,2,0,2,1,0,0,1,Non-binary,68,SIM-5966,synthetic_simulation,2,5,5,2,2,4,5,2,3,2,5,5,5,5,3,4,Hinduism,Kandy,Group B
25,99,2,2,1,7,77,2,1,0,0,0,1,1,3,0,1,2,Male,97,SIM-5967,synthetic_simulation,3,5,2,1,5,3,5,4,1,3,1,1,2,1,4,4,Islam,Negombo,Group B
27,73,1,1,0,9,97,2,1,2,2,0,1,1,1,0,1,2,Female,67,SIM-5968,synthetic_simulation,5,2,2,4,1,5,4,3,5,3,4,5,2,3,3,5,Hinduism,Colombo,Group B
22,95,2,2,0,7,85,2,1,0,2,2,0,2,4,0,0,2,Female,71,SIM-5969,synthetic_simulation,5,2,4,4,5,5,5,3,5,4,5,4,5,1,4,1,Hinduism,Colombo,Group A
16,94,1,1,1,8,56,1,1,2,1,0,1,2,2,0,0,2,Non-binary,66,SIM-5970,synthetic_simulation,2,3,5,2,2,4,4,5,1,3,1,5,3,2,3,5,Hinduism,Negombo,Group D
26,98,2,1,1,7,97,2,1,2,1,2,1,1,2,1,2,1,Male,72,SIM-5971,synthetic_simulation,1,4,3,3,4,3,3,4,2,3,5,1,1,2,3,5,Islam,Kandy,Group A
20,92,0,2,1,7,58,1,1,2,1,1,1,1,4,0,2,2,Male,70,SIM-5972,synthetic_simulation,3,2,2,5,4,4,3,4,5,1,5,1,2,3,4,3,Islam,Colombo,Group A
24,86,2,2,1,7,88,2,1,1,1,2,1,1,3,0,1,0,Female,69,SIM-5973,synthetic_simulation,4,3,1,4,4,2,5,1,1,4,2,2,3,4,1,5,Other,Colombo,Group C
7,94,2,1,1,9,57,0,1,2,2,2,1,0,3,0,2,2,Male,66,SIM-5974,synthetic_simulation,2,1,5,3,5,5,3,3,4,4,1,2,5,2,3,5,Islam,Galle,Group D
23,63,0,0,0,7,100,1,1,2,2,0,0,2,3,0,2,2,Female,69,SIM-5975,synthetic_simulation,3,5,3,5,1,5,5,4,2,1,5,1,1,4,3,3,Buddhism,Galle,Group B
16,79,2,2,1,6,67,1,0,2,2,0,0,2,3,0,0,2,Female,65,SIM-5976,synthetic_simulation,3,4,3,4,5,3,3,5,1,2,3,3,1,3,2,5,Islam,Kandy,Group C
30,100,0,0,0,6,75,2,1,0,1,2,1,1,4,0,0,1,Non-binary,75,SIM-5977,synthetic_simulation,4,3,3,5,5,1,5,1,4,1,3,2,3,1,5,1,Other,Galle,Group B
24,91,1,2,0,8,73,2,1,2,1,0,0,2,2,0,2,1,Non-binary,70,SIM-5978,synthetic_simulation,3,1,1,1,4,3,2,3,3,1,2,4,3,4,2,3,Islam,Galle,Group C
21,98,0,1,1,6,55,1,1,1,2,2,1,2,3,0,1,2,Non-binary,70,SIM-5979,synthetic_simulation,1,5,2,2,5,2,1,3,5,1,5,3,3,3,3,4,Buddhism,Kandy,Group C
23,91,2,0,1,7,75,1,1,2,1,0,1,0,2,0,1,0,Male,69,SIM-5980,synthetic_simulation,1,1,3,4,2,3,3,3,5,3,1,4,5,4,3,5,Islam,Kandy,Group A
14,95,0,2,0,7,57,2,1,2,1,1,1,1,2,0,0,2,Male,68,SIM-5981,synthetic_simulation,1,3,2,4,3,1,4,1,5,1,1,4,5,4,3,1,Other,Negombo,Group C
30,88,1,2,1,6,90,0,1,4,0,2,0,0,2,0,0,1,Male,73,SIM-5982,synthetic_simulation,3,2,4,1,3,2,1,5,1,5,3,1,3,1,1,2,Buddhism,Colombo,Group C
32,90,2,2,1,5,98,0,1,0,2,0,1,1,3,0,0,1,Male,74,SIM-5983,synthetic_simulation,1,5,1,4,3,2,5,5,3,1,4,3,5,2,2,3,Other,Colombo,Group D
22,81,1,1,0,5,90,2,1,0,0,2,1,2,2,0,0,1,Non-binary,66,SIM-5984,synthetic_simulation,4,1,2,4,4,1,1,4,1,2,5,2,1,4,5,3,Christianity,Kandy,Group D
30,97,0,2,1,6,72,0,1,1,1,0,1,2,2,0,1,0,Female,74,SIM-5985,synthetic_simulation,3,2,2,4,4,4,4,4,1,2,2,1,4,5,1,5,Hinduism,Kandy,Group C
17,93,2,1,1,5,50,1,1,3,0,2,1,2,2,0,1,1,Female,67,SIM-5986,synthetic_simulation,5,4,3,4,3,3,4,3,3,2,2,5,5,1,4,5,Other,Jaffna,Group D
15,94,0,2,1,8,52,1,1,1,2,2,0,2,2,0,0,0,Non-binary,67,SIM-5987,synthetic_simulation,3,3,3,4,1,2,5,2,4,1,5,2,1,5,3,3,Christianity,Galle,Group C
20,87,2,0,0,10,75,1,1,3,2,2,0,1,2,0,0,2,Female,70,SIM-5988,synthetic_simulation,4,3,1,3,3,3,3,4,2,4,5,5,4,1,1,5,Islam,Jaffna,Group D
23,72,1,0,1,6,84,2,1,1,0,0,1,1,2,0,1,2,Non-binary,67,SIM-5989,synthetic_simulation,5,5,2,4,5,1,3,5,5,2,2,1,4,1,4,5,Buddhism,Colombo,Group D
18,61,2,1,1,6,91,0,1,3,2,0,1,2,3,0,0,1,Male,80,SIM-5990,synthetic_simulation,3,1,5,1,3,5,2,3,3,1,2,4,3,2,3,1,Other,Kandy,Group C
23,97,2,0,1,6,80,1,1,1,1,1,1,0,2,0,0,1,Non-binary,70,SIM-5991,synthetic_simulation,1,4,3,4,3,1,4,5,4,2,1,4,3,5,1,1,Buddhism,Negombo,Group B
22,83,0,2,0,8,99,1,1,4,0,0,1,0,4,1,1,2,Non-binary,71,SIM-5992,synthetic_simulation,2,5,3,5,1,3,2,3,3,3,2,3,1,4,3,1,Christianity,Colombo,Group C
14,72,2,1,0,8,75,0,1,4,0,2,0,2,2,1,0,2,Male,64,SIM-5993,synthetic_simulation,2,5,4,5,4,2,4,1,2,3,3,2,3,1,2,4,Other,Kandy,Group C
23,66,0,0,1,7,80,2,1,1,2,2,1,2,3,0,0,1,Male,68,SIM-5994,synthetic_simulation,1,1,1,1,4,3,2,4,3,1,2,5,4,5,3,3,Islam,Colombo,Group B
25,93,2,2,0,5,62,2,1,0,1,2,1,1,3,0,1,0,Male,68,SIM-5995,synthetic_simulation,2,4,2,3,5,5,3,1,3,2,2,5,1,5,5,3,Islam,Jaffna,Group D
21,93,2,2,1,6,67,2,0,1,0,2,1,2,3,0,1,2,Female,69,SIM-5996,synthetic_simulation,2,1,2,1,3,2,4,4,4,2,3,3,1,2,5,5,Islam,Kandy,Group A
27,93,0,1,1,7,84,1,1,1,2,2,0,1,2,0,2,2,Non-binary,72,SIM-5997,synthetic_simulation,1,3,2,3,2,5,3,5,5,5,3,2,1,5,3,5,Hinduism,Galle,Group A
13,86,2,2,0,7,80,2,1,0,1,2,0,0,5,0,0,2,Female,65,SIM-5998,synthetic_simulation,1,2,3,2,5,4,1,5,5,2,5,4,3,4,1,3,Islam,Negombo,Group A
23,75,1,1,1,7,68,2,1,1,0,1,0,1,4,1,1,2,Female,64,SIM-5999,synthetic_simulation,3,3,1,5,4,1,3,2,4,4,2,1,3,5,4,5,Hinduism,Kandy,Group B
13,72,2,0,0,8,56,1,1,1,1,0,1,2,4,0,2,1,Non-binary,64,SIM-6000,synthetic_simulation,3,3,2,5,1,4,4,5,4,3,3,3,3,2,4,1,Other,Colombo,Group C
13,60,1,2,0,5,67,0,1,1,1,2,1,2,4,1,1,0,Female,58,SIM-6001,synthetic_simulation,1,5,5,5,4,3,1,3,1,2,1,1,5,1,5,2,Other,Kandy,Group C
16,93,0,2,1,7,52,1,1,2,2,0,1,1,3,0,1,2,Female,69,SIM-6002,synthetic_simulation,4,3,4,3,4,4,2,2,1,4,4,1,5,5,5,4,Christianity,Galle,Group B
14,63,0,1,0,7,79,2,1,1,1,2,1,1,3,0,1,2,Male,61,SIM-6003,synthetic_simulation,2,4,4,1,1,1,5,3,2,1,3,3,5,5,1,1,Christianity,Galle,Group B
17,85,0,0,1,6,66,2,1,0,2,0,1,1,2,0,0,1,Male,68,SIM-6004,synthetic_simulation,3,3,2,3,3,2,4,2,1,3,4,5,1,3,2,1,Buddhism,Kandy,Group B
19,80,0,2,1,6,69,1,1,1,1,1,0,1,4,1,0,2,Male,66,SIM-6005,synthetic_simulation,2,4,3,5,3,5,5,3,1,1,2,2,3,4,5,5,Other,Jaffna,Group D
25,81,2,2,0,8,79,1,1,1,2,2,1,1,4,0,0,2,Female,68,SIM-6006,synthetic_simulation,5,1,4,5,4,2,5,2,3,2,1,5,5,4,5,4,Buddhism,Negombo,Group A
18,97,1,0,0,5,79,1,1,2,1,0,1,2,3,0,0,1,Female,70,SIM-6007,synthetic_simulation,1,5,4,5,5,4,1,4,3,1,1,4,1,4,3,2,Christianity,Negombo,Group D
10,61,0,1,1,10,79,2,1,4,0,0,1,2,2,1,0,1,Male,62,SIM-6008,synthetic_simulation,4,4,4,5,2,3,2,4,4,3,5,2,4,5,2,2,Buddhism,Galle,Group D
27,91,2,2,0,8,75,1,1,2,2,0,0,1,3,0,1,2,Non-binary,71,SIM-6009,synthetic_simulation,5,3,4,2,5,4,3,2,5,1,5,3,5,4,2,5,Christianity,Colombo,Group A
15,62,2,2,0,7,74,0,1,0,1,0,1,0,3,0,2,1,Male,61,SIM-6010,synthetic_simulation,5,5,2,5,5,1,1,1,2,1,2,3,1,4,5,4,Hinduism,Galle,Group A
20,62,0,2,1,7,91,1,1,1,2,1,1,0,3,0,0,2,Non-binary,64,SIM-6011,synthetic_simulation,5,5,1,3,4,1,2,2,1,1,3,3,2,3,3,1,Christianity,Jaffna,Group B
23,77,2,1,0,8,73,2,1,1,1,1,1,2,2,0,0,2,Non-binary,65,SIM-6012,synthetic_simulation,1,4,1,5,4,3,3,1,3,4,1,1,5,2,1,1,Other,Galle,Group A
21,63,1,2,1,6,77,1,1,3,2,0,1,0,1,0,1,2,Female,63,SIM-6013,synthetic_simulation,3,4,3,4,2,2,3,3,5,4,2,3,4,2,4,3,Other,Jaffna,Group B
27,92,0,2,1,6,99,1,1,4,1,1,0,2,3,0,1,2,Male,74,SIM-6014,synthetic_simulation,1,2,5,2,2,1,2,2,1,2,2,4,1,1,5,1,Hinduism,Jaffna,Group A
23,81,2,0,0,9,59,1,1,2,2,0,1,1,2,0,0,2,Non-binary,68,SIM-6015,synthetic_simulation,3,2,1,5,2,1,3,1,5,1,3,4,5,3,4,2,Hinduism,Colombo,Group C
15,61,0,2,1,6,86,0,1,2,0,0,1,1,3,0,1,2,Female,65,SIM-6016,synthetic_simulation,5,5,5,4,4,3,4,2,3,4,1,3,5,5,4,2,Christianity,Kandy,Group D
33,62,2,2,0,7,74,1,1,2,2,2,1,1,2,0,0,1,Female,66,SIM-6017,synthetic_simulation,5,2,1,3,4,2,4,4,4,3,1,2,2,1,4,4,Other,Colombo,Group B
21,85,2,0,1,6,92,2,1,1,2,0,1,1,2,1,1,1,Female,69,SIM-6018,synthetic_simulation,4,3,1,2,5,4,1,4,1,3,1,4,1,4,5,1,Christianity,Colombo,Group C
19,92,1,2,1,7,70,1,1,2,0,2,0,2,2,0,0,2,Male,69,SIM-6019,synthetic_simulation,3,1,3,5,4,5,3,2,1,1,5,2,1,1,1,1,Christianity,Kandy,Group B
26,78,0,2,0,8,65,2,1,3,2,2,1,2,3,0,0,2,Female,70,SIM-6020,synthetic_simulation,5,5,4,3,3,3,3,2,2,2,1,2,1,2,2,1,Hinduism,Kandy,Group A
21,82,2,2,1,10,60,0,1,3,0,0,1,2,4,0,1,2,Female,70,SIM-6021,synthetic_simulation,2,1,3,4,3,2,2,5,1,4,4,2,3,1,3,2,Christianity,Kandy,Group C
22,92,2,2,1,6,94,2,1,1,2,2,1,2,3,0,1,2,Non-binary,71,SIM-6022,synthetic_simulation,4,2,1,2,2,5,4,4,3,4,3,3,2,1,2,2,Christianity,Colombo,Group A
35,84,2,2,0,5,86,2,1,1,2,2,1,1,3,0,1,2,Non-binary,72,SIM-6023,synthetic_simulation,1,4,4,5,4,3,5,3,5,4,1,1,1,3,3,5,Hinduism,Galle,Group D
18,69,2,1,0,7,54,2,1,1,1,0,1,1,4,0,1,1,Non-binary,61,SIM-6024,synthetic_simulation,4,5,4,3,3,4,1,2,5,2,3,3,2,4,2,3,Hinduism,Galle,Group D
18,85,2,0,1,6,86,0,0,1,2,2,0,1,3,0,1,2,Non-binary,68,SIM-6025,synthetic_simulation,2,2,4,2,5,4,4,5,4,5,3,4,3,5,5,1,Islam,Colombo,Group B
21,85,2,1,1,7,52,2,1,3,1,2,0,1,3,0,1,2,Male,66,SIM-6026,synthetic_simulation,3,3,5,4,1,2,2,2,4,4,4,4,1,5,5,5,Christianity,Kandy,Group C
26,89,2,2,1,8,59,1,1,1,1,0,1,1,4,0,1,2,Female,70,SIM-6027,synthetic_simulation,1,5,1,5,5,2,1,4,3,1,1,4,2,3,4,4,Islam,Colombo,Group B
11,85,2,1,0,10,80,1,0,0,1,0,1,2,3,0,0,2,Non-binary,63,SIM-6028,synthetic_simulation,1,5,2,2,1,4,5,1,5,4,3,4,2,3,3,1,Hinduism,Galle,Group D
8,99,2,0,1,6,73,2,1,1,2,2,1,2,3,0,1,0,Male,68,SIM-6029,synthetic_simulation,3,4,3,4,5,4,1,1,4,4,1,1,3,5,1,1,Other,Kandy,Group D
16,68,1,2,1,4,92,2,0,1,2,2,1,0,4,0,0,2,Non-binary,62,SIM-6030,synthetic_simulation,4,5,5,4,3,3,4,4,4,5,4,2,2,1,5,5,Islam,Colombo,Group A
10,98,2,0,0,7,80,1,1,3,2,2,0,1,3,0,0,2,Male,69,SIM-6031,synthetic_simulation,5,4,3,3,4,2,5,3,2,1,5,3,3,4,3,3,Buddhism,Galle,Group D
17,82,2,2,1,8,98,2,1,3,2,0,1,2,4,0,1,1,Female,69,SIM-6032,synthetic_simulation,4,2,2,4,1,5,2,5,2,1,5,4,5,5,5,4,Buddhism,Kandy,Group D
23,87,2,1,1,6,93,2,1,1,0,0,0,2,4,0,2,2,Female,72,SIM-6033,synthetic_simulation,2,3,4,4,4,4,1,2,3,1,5,2,2,1,1,4,Islam,Kandy,Group B
15,64,0,2,1,7,67,2,1,2,1,0,1,2,3,0,1,2,Non-binary,64,SIM-6034,synthetic_simulation,5,3,2,1,4,5,4,2,3,4,5,3,3,1,3,4,Buddhism,Negombo,Group A
11,75,1,2,0,7,92,2,0,2,1,0,1,2,4,0,0,1,Female,63,SIM-6035,synthetic_simulation,4,5,3,4,3,2,2,2,3,4,2,1,4,2,4,2,Other,Kandy,Group B
20,91,2,2,1,7,93,0,1,1,1,2,1,0,3,0,2,1,Female,70,SIM-6036,synthetic_simulation,3,5,2,5,2,2,5,5,3,3,3,5,1,3,3,3,Christianity,Galle,Group D
25,88,1,2,1,8,98,1,0,1,1,1,0,1,4,0,2,2,Non-binary,69,SIM-6037,synthetic_simulation,2,2,1,2,2,1,1,5,5,5,2,1,1,5,1,1,Other,Galle,Group B
10,62,0,0,0,7,51,2,1,1,2,0,0,2,2,0,1,2,Non-binary,61,SIM-6038,synthetic_simulation,2,4,2,5,1,4,3,4,1,1,1,5,1,5,4,3,Buddhism,Jaffna,Group B
25,82,0,0,0,8,94,1,1,2,1,2,1,1,3,0,1,1,Male,70,SIM-6039,synthetic_simulation,2,3,1,5,3,2,4,5,3,1,5,4,3,4,5,3,Christianity,Galle,Group A
25,64,2,2,1,4,53,1,1,1,2,2,1,1,2,0,0,2,Male,64,SIM-6040,synthetic_simulation,5,4,2,3,4,2,4,2,2,3,1,2,3,5,4,3,Buddhism,Galle,Group D
26,100,0,0,1,6,76,0,1,0,2,0,1,0,4,0,2,2,Male,76,SIM-6041,synthetic_simulation,1,2,1,1,5,4,3,2,1,4,4,2,1,1,5,3,Islam,Galle,Group B
27,96,2,2,1,6,71,2,1,2,2,2,1,1,2,0,0,2,Female,73,SIM-6042,synthetic_simulation,5,3,1,1,5,1,2,5,1,3,3,3,3,1,1,3,Other,Kandy,Group B
33,61,1,1,1,5,96,2,1,2,2,2,1,0,3,0,1,2,Male,67,SIM-6043,synthetic_simulation,4,3,2,5,1,1,4,5,5,3,4,5,2,4,2,2,Christianity,Jaffna,Group C
18,94,2,2,1,7,70,2,0,2,2,0,1,0,3,0,0,2,Female,69,SIM-6044,synthetic_simulation,1,1,5,2,1,1,2,4,4,4,3,5,2,1,2,5,Hinduism,Jaffna,Group B
21,97,2,2,1,6,80,1,1,2,2,2,0,2,4,0,0,2,Male,72,SIM-6045,synthetic_simulation,4,2,4,1,1,1,5,1,1,2,4,3,2,1,1,3,Other,Colombo,Group C
18,74,2,2,0,6,85,2,1,4,2,2,0,0,3,0,0,1,Female,66,SIM-6046,synthetic_simulation,1,2,4,1,3,3,3,5,5,5,4,2,5,5,5,1,Hinduism,Colombo,Group D
20,89,2,2,1,8,51,2,1,3,2,0,1,2,3,0,2,2,Male,70,SIM-6047,synthetic_simulation,5,1,4,5,5,4,2,1,5,2,3,2,1,3,4,3,Islam,Jaffna,Group B
29,78,2,0,1,7,80,2,1,2,2,2,1,2,4,0,2,2,Female,73,SIM-6048,synthetic_simulation,2,4,1,1,3,4,5,3,5,2,1,3,4,5,5,4,Buddhism,Jaffna,Group C
12,86,0,2,1,5,76,1,0,2,0,2,1,2,3,0,2,2,Non-binary,68,SIM-6049,synthetic_simulation,3,1,4,3,3,4,1,1,3,5,4,5,1,2,2,4,Islam,Kandy,Group B
15,74,2,0,0,6,80,2,1,2,0,2,1,0,3,0,2,1,Female,66,SIM-6050,synthetic_simulation,2,2,1,5,4,1,4,5,4,2,3,4,2,4,4,4,Hinduism,Galle,Group A
28,73,1,2,1,8,54,2,1,4,2,2,0,1,1,0,1,2,Non-binary,67,SIM-6051,synthetic_simulation,5,4,5,1,3,1,3,2,3,4,3,3,1,1,3,4,Christianity,Jaffna,Group D
26,77,2,1,0,7,53,0,0,3,2,0,0,2,3,0,1,2,Non-binary,67,SIM-6052,synthetic_simulation,1,3,2,1,3,2,1,2,2,2,4,2,5,5,2,3,Islam,Negombo,Group B
18,66,2,0,1,9,59,2,0,0,1,2,0,2,3,0,1,2,Female,62,SIM-6053,synthetic_simulation,2,1,2,1,4,3,1,5,4,2,1,4,2,5,1,4,Buddhism,Kandy,Group D
25,93,1,2,0,8,93,2,1,2,2,2,1,2,3,0,0,2,Female,72,SIM-6054,synthetic_simulation,5,4,1,5,2,4,1,4,3,2,5,4,5,1,4,2,Christianity,Colombo,Group A
22,74,1,0,1,6,68,2,1,0,2,1,1,2,4,0,1,0,Non-binary,65,SIM-6055,synthetic_simulation,4,4,1,2,4,3,2,5,4,4,2,5,5,4,5,3,Christianity,Kandy,Group D
29,76,2,1,1,9,72,2,1,1,0,2,1,2,3,0,1,2,Male,69,SIM-6056,synthetic_simulation,3,4,5,4,1,4,4,5,2,3,5,3,5,5,3,5,Buddhism,Jaffna,Group D
20,96,2,0,0,9,70,2,1,2,1,1,1,2,2,1,1,2,Non-binary,69,SIM-6057,synthetic_simulation,2,1,4,1,2,1,3,4,3,1,4,4,2,3,2,4,Christianity,Negombo,Group D
26,80,0,2,1,4,86,2,0,0,1,2,1,2,4,0,0,1,Male,69,SIM-6058,synthetic_simulation,1,3,5,4,5,1,4,4,4,5,4,1,5,1,4,3,Other,Jaffna,Group D
36,82,1,1,1,7,63,2,1,0,2,2,0,2,3,0,1,2,Non-binary,69,SIM-6059,synthetic_simulation,4,4,2,4,3,4,4,3,2,5,3,4,5,4,2,2,Christianity,Colombo,Group D
24,98,1,2,1,6,53,2,1,1,2,1,1,1,2,0,1,2,Non-binary,69,SIM-6060,synthetic_simulation,5,1,2,1,2,5,4,3,5,4,1,4,4,2,1,1,Hinduism,Kandy,Group C
20,95,2,0,1,7,69,1,1,0,2,0,1,1,3,0,1,2,Non-binary,70,SIM-6061,synthetic_simulation,3,2,4,1,5,1,5,3,4,1,1,4,1,1,2,3,Other,Colombo,Group C
24,67,0,1,0,6,86,2,1,6,1,2,0,2,3,1,2,1,Female,67,SIM-6062,synthetic_simulation,1,1,2,4,4,2,5,4,2,2,4,3,4,2,5,5,Islam,Jaffna,Group D
18,79,2,0,1,6,96,2,1,3,2,1,1,2,3,1,2,2,Female,69,SIM-6063,synthetic_simulation,5,1,1,2,4,1,5,1,5,5,1,5,1,1,5,1,Christianity,Jaffna,Group B
34,99,2,2,1,8,53,2,1,0,2,0,1,1,5,0,0,2,Female,75,SIM-6064,synthetic_simulation,5,1,2,4,1,2,5,5,2,2,2,5,2,5,1,4,Buddhism,Kandy,Group C
21,75,1,2,1,5,91,2,1,2,1,1,1,1,3,0,1,2,Non-binary,66,SIM-6065,synthetic_simulation,2,4,3,2,1,3,4,3,1,4,1,1,4,4,1,3,Other,Jaffna,Group D
18,75,2,1,1,7,53,2,1,0,0,0,1,1,2,0,1,2,Non-binary,63,SIM-6066,synthetic_simulation,2,1,4,3,2,1,4,1,2,4,1,1,3,3,3,4,Christianity,Galle,Group D
15,68,2,2,1,5,67,2,1,3,2,0,0,0,4,0,2,1,Female,64,SIM-6067,synthetic_simulation,1,2,4,2,3,1,3,5,3,4,3,4,2,2,4,1,Hinduism,Kandy,Group B
27,65,2,2,1,9,51,2,1,2,0,2,0,2,2,0,2,1,Female,66,SIM-6068,synthetic_simulation,5,4,4,5,4,3,3,1,3,3,4,4,2,2,2,2,Christianity,Colombo,Group C
25,90,2,2,1,7,96,2,1,1,2,2,1,2,4,0,0,1,Female,72,SIM-6069,synthetic_simulation,2,2,3,1,2,2,3,2,3,4,1,4,1,1,1,5,Christianity,Negombo,Group C
17,91,2,0,0,8,85,0,1,3,2,0,1,1,4,0,0,1,Female,71,SIM-6070,synthetic_simulation,3,5,5,3,2,5,3,2,3,2,4,1,1,2,4,3,Other,Jaffna,Group A
23,99,1,2,1,7,68,2,1,0,0,0,0,2,2,0,1,0,Non-binary,70,SIM-6071,synthetic_simulation,3,1,1,4,2,2,3,5,1,3,1,5,5,1,1,1,Hinduism,Negombo,Group B
11,91,0,2,0,7,69,2,1,2,1,2,0,2,2,0,0,2,Male,67,SIM-6072,synthetic_simulation,5,4,4,2,1,4,5,1,1,2,1,1,3,1,1,1,Christianity,Colombo,Group B
21,70,2,1,0,7,82,0,1,0,0,0,1,2,3,0,1,2,Female,65,SIM-6073,synthetic_simulation,2,4,2,3,4,4,4,1,1,4,1,5,2,2,3,3,Other,Negombo,Group B
23,62,0,0,1,9,54,1,1,3,1,2,0,1,4,0,1,2,Non-binary,65,SIM-6074,synthetic_simulation,1,1,1,5,1,4,3,4,5,3,3,1,2,2,5,3,Buddhism,Kandy,Group B
30,99,2,2,1,6,57,2,1,0,1,2,1,1,4,0,2,2,Male,73,SIM-6075,synthetic_simulation,1,3,2,2,1,3,2,3,4,1,1,5,4,5,4,4,Christianity,Colombo,Group B
15,74,2,2,1,4,92,1,1,1,2,2,0,2,3,0,2,2,Female,66,SIM-6076,synthetic_simulation,1,3,1,4,2,2,3,5,3,4,5,1,1,5,3,3,Islam,Kandy,Group B
12,72,1,2,1,6,60,0,1,0,1,2,1,1,4,0,2,2,Non-binary,62,SIM-6077,synthetic_simulation,3,2,1,4,5,1,3,1,4,3,2,5,4,5,5,3,Buddhism,Kandy,Group B
15,96,2,0,0,5,86,2,1,2,0,2,0,2,2,0,1,2,Female,71,SIM-6078,synthetic_simulation,2,1,2,2,5,4,4,3,3,3,1,3,1,4,1,1,Christianity,Negombo,Group D
12,83,2,0,0,8,61,2,1,3,0,2,1,1,5,1,1,2,Non-binary,66,SIM-6079,synthetic_simulation,2,1,2,5,5,2,5,5,3,3,5,3,1,3,3,4,Buddhism,Galle,Group A
28,69,0,0,1,7,54,1,0,1,1,2,1,1,2,0,0,0,Non-binary,65,SIM-6080,synthetic_simulation,3,5,1,1,2,1,1,1,3,5,4,2,4,5,5,4,Islam,Kandy,Group A
29,96,2,0,1,8,95,2,1,0,0,2,0,2,2,0,1,2,Non-binary,75,SIM-6081,synthetic_simulation,1,3,4,1,3,2,4,2,1,3,3,5,4,5,5,5,Buddhism,Kandy,Group C
22,100,0,2,0,7,95,2,1,2,1,2,1,2,4,0,0,2,Male,74,SIM-6082,synthetic_simulation,1,3,2,4,4,3,5,1,5,1,4,5,4,1,3,5,Christianity,Colombo,Group D
27,63,2,1,1,7,80,0,1,1,2,0,0,1,3,0,1,1,Male,65,SIM-6083,synthetic_simulation,5,1,3,5,2,4,2,2,3,4,3,5,1,3,2,5,Islam,Galle,Group B
21,94,2,2,0,7,73,1,1,2,1,2,0,2,3,0,2,2,Female,71,SIM-6084,synthetic_simulation,4,2,3,4,2,5,1,2,3,4,4,2,3,2,3,5,Hinduism,Jaffna,Group D
19,76,0,1,1,9,78,1,1,1,1,2,1,0,1,0,2,2,Female,65,SIM-6085,synthetic_simulation,2,1,1,1,1,4,5,4,3,4,4,1,4,4,1,4,Other,Kandy,Group A
18,81,2,1,1,7,70,0,1,0,1,2,0,1,2,0,0,2,Female,65,SIM-6086,synthetic_simulation,2,2,5,4,5,4,5,4,2,3,2,3,1,2,2,1,Other,Colombo,Group B
18,97,2,1,0,9,88,2,1,0,1,2,1,1,4,0,1,1,Female,67,SIM-6087,synthetic_simulation,2,3,1,2,2,3,4,3,3,4,2,2,4,1,3,5,Christianity,Negombo,Group D
11,99,2,1,1,9,88,2,1,2,1,2,1,1,2,0,1,1,Non-binary,67,SIM-6088,synthetic_simulation,4,5,1,2,3,1,5,5,1,1,2,3,3,4,5,5,Other,Colombo,Group C
22,70,2,2,0,7,91,2,1,2,2,2,1,2,1,0,1,2,Non-binary,66,SIM-6089,synthetic_simulation,5,4,4,5,4,4,3,3,1,5,4,4,3,5,4,4,Other,Galle,Group D
20,69,0,2,1,7,76,0,1,1,2,2,1,2,3,0,1,2,Male,67,SIM-6090,synthetic_simulation,4,3,4,1,3,1,5,4,4,1,3,2,5,3,3,2,Christianity,Colombo,Group B
24,63,2,2,0,6,90,2,0,2,1,2,0,1,5,0,2,2,Non-binary,66,SIM-6091,synthetic_simulation,1,2,5,5,2,1,1,3,1,5,2,2,5,3,5,1,Christianity,Jaffna,Group B
21,82,1,0,0,9,58,2,1,0,2,2,1,0,2,0,1,2,Female,65,SIM-6092,synthetic_simulation,1,1,5,5,2,3,5,5,4,4,3,3,3,5,3,1,Buddhism,Negombo,Group B
19,61,0,2,1,6,52,1,0,1,1,2,1,1,3,0,1,0,Non-binary,59,SIM-6093,synthetic_simulation,2,3,5,1,1,4,2,5,5,2,3,5,4,2,1,1,Other,Negombo,Group D
15,76,0,0,1,6,82,2,1,4,1,0,0,2,4,0,1,1,Male,69,SIM-6094,synthetic_simulation,3,5,5,3,3,3,3,1,2,5,1,4,5,2,1,2,Buddhism,Kandy,Group D
20,63,2,2,0,7,55,0,1,2,1,0,1,0,3,0,1,2,Non-binary,63,SIM-6095,synthetic_simulation,2,2,5,3,1,3,1,3,1,1,5,3,1,5,5,5,Other,Galle,Group D
24,76,1,2,0,5,78,0,1,1,2,2,0,1,4,1,1,1,Male,65,SIM-6096,synthetic_simulation,3,1,1,4,3,5,1,4,3,1,4,2,3,5,5,5,Other,Negombo,Group B
13,62,2,1,0,6,86,0,1,2,1,2,1,1,4,0,1,2,Male,61,SIM-6097,synthetic_simulation,4,4,1,3,5,3,4,1,5,2,5,5,4,3,2,1,Hinduism,Negombo,Group A
21,93,1,2,0,9,70,2,1,0,2,0,1,1,1,0,2,0,Non-binary,68,SIM-6098,synthetic_simulation,1,2,3,2,5,5,4,3,3,5,4,4,1,2,1,2,Other,Jaffna,Group D
21,68,2,0,1,8,52,2,1,3,1,2,1,1,2,0,0,1,Male,65,SIM-6099,synthetic_simulation,3,1,3,5,3,1,3,5,4,5,3,5,3,4,4,2,Christianity,Colombo,Group A
16,73,1,1,0,6,94,2,0,1,1,2,0,0,2,0,0,2,Non-binary,61,SIM-6100,synthetic_simulation,4,4,2,4,1,1,1,4,4,1,5,3,3,4,1,4,Other,Jaffna,Group B
16,95,2,0,1,8,52,2,1,0,1,2,0,2,3,0,2,1,Male,69,SIM-6101,synthetic_simulation,1,1,1,5,5,2,2,3,2,5,1,5,4,1,1,4,Islam,Galle,Group B
21,90,1,2,1,10,95,0,1,2,0,0,0,1,4,0,0,2,Non-binary,72,SIM-6102,synthetic_simulation,3,4,5,1,2,2,5,5,5,2,5,2,4,1,4,5,Hinduism,Galle,Group B
13,69,2,1,1,7,53,0,0,2,2,2,0,0,3,1,1,2,Male,59,SIM-6103,synthetic_simulation,2,4,2,3,4,1,5,5,4,5,5,2,2,1,1,5,Buddhism,Negombo,Group B
22,63,2,2,0,9,87,1,1,0,0,0,1,0,2,0,0,1,Female,63,SIM-6104,synthetic_simulation,2,4,4,1,1,4,5,3,3,5,1,1,4,2,3,5,Other,Kandy,Group C
15,89,2,2,1,8,96,0,1,3,1,0,1,0,3,0,1,2,Female,69,SIM-6105,synthetic_simulation,2,1,1,4,3,2,4,3,1,2,1,4,1,4,3,1,Other,Colombo,Group B
26,76,1,1,0,7,95,0,1,1,1,0,1,1,1,0,2,2,Non-binary,67,SIM-6106,synthetic_simulation,4,4,3,2,4,3,1,4,1,4,2,3,5,2,1,1,Buddhism,Colombo,Group D
34,91,1,2,0,7,95,2,0,1,2,2,1,0,3,1,0,1,Male,70,SIM-6107,synthetic_simulation,2,2,1,3,4,2,1,1,5,5,4,5,4,5,1,4,Hinduism,Galle,Group A
15,78,2,0,0,8,94,0,1,0,1,2,0,2,4,0,2,1,Male,67,SIM-6108,synthetic_simulation,5,5,1,1,2,1,2,5,5,1,3,2,4,3,4,5,Buddhism,Jaffna,Group B
23,74,2,2,1,6,76,2,0,1,1,2,1,2,2,0,0,2,Female,66,SIM-6109,synthetic_simulation,1,5,1,3,1,4,4,1,4,3,5,1,5,1,1,5,Other,Negombo,Group B
16,78,2,2,1,4,78,2,1,5,0,2,1,2,3,0,1,2,Female,68,SIM-6110,synthetic_simulation,4,4,1,5,4,1,2,1,1,1,5,3,5,5,5,4,Buddhism,Colombo,Group C
26,90,1,0,1,6,81,2,1,1,1,2,0,1,3,0,2,2,Non-binary,71,SIM-6111,synthetic_simulation,2,5,4,2,1,4,1,5,2,1,3,2,3,5,3,1,Buddhism,Jaffna,Group B
12,96,0,2,0,4,95,2,1,3,2,2,0,1,0,1,1,2,Male,69,SIM-6112,synthetic_simulation,1,5,3,3,2,2,5,3,2,4,1,3,3,3,1,1,Other,Jaffna,Group D
23,62,0,2,1,6,92,1,1,0,0,2,1,1,2,0,1,1,Male,65,SIM-6113,synthetic_simulation,3,4,1,2,3,3,4,5,2,4,1,2,5,4,5,4,Hinduism,Galle,Group D
15,81,2,2,0,4,89,0,1,0,1,2,0,0,3,0,2,2,Non-binary,66,SIM-6114,synthetic_simulation,2,4,4,5,4,3,4,1,2,1,5,3,5,4,1,2,Christianity,Negombo,Group C
19,61,2,0,1,8,84,0,1,2,2,0,1,2,4,0,1,2,Male,66,SIM-6115,synthetic_simulation,1,2,2,5,4,1,4,4,4,5,5,2,5,5,2,3,Hinduism,Negombo,Group B
14,79,0,2,0,5,81,0,1,3,0,2,1,0,3,0,1,2,Female,67,SIM-6116,synthetic_simulation,5,3,1,1,4,4,5,5,3,1,3,5,1,3,5,3,Christianity,Kandy,Group D
25,95,0,2,1,8,96,1,1,1,2,2,1,1,4,0,2,2,Male,74,SIM-6117,synthetic_simulation,3,1,4,4,1,2,4,4,2,5,3,4,2,4,3,4,Other,Negombo,Group A
15,74,0,0,0,8,60,1,1,3,1,2,1,2,5,0,1,1,Male,66,SIM-6118,synthetic_simulation,5,4,5,1,4,4,3,3,4,2,4,2,1,1,3,2,Other,Galle,Group D
23,97,2,0,1,8,60,2,1,1,2,0,1,1,3,0,0,2,Male,72,SIM-6119,synthetic_simulation,1,4,2,2,1,4,4,3,2,2,1,3,2,2,2,4,Christianity,Jaffna,Group C
18,85,0,1,1,4,99,0,1,0,1,2,0,1,4,0,0,2,Male,69,SIM-6120,synthetic_simulation,5,5,3,1,5,4,5,4,2,4,2,2,3,3,5,5,Other,Colombo,Group D
19,97,1,0,0,9,78,2,1,0,2,2,0,0,4,0,1,1,Female,68,SIM-6121,synthetic_simulation,1,2,1,3,5,2,4,4,3,3,2,1,5,5,5,2,Other,Jaffna,Group D
21,90,2,0,1,8,74,2,1,4,1,2,0,1,3,0,1,2,Male,71,SIM-6122,synthetic_simulation,1,5,1,1,1,4,3,5,2,3,3,5,1,2,4,5,Christianity,Colombo,Group B
15,64,2,2,0,8,93,2,1,0,1,2,1,0,2,0,1,2,Non-binary,61,SIM-6123,synthetic_simulation,5,4,4,4,5,3,3,3,4,4,4,1,5,4,1,4,Buddhism,Kandy,Group B
21,69,2,2,1,10,92,1,1,2,1,2,0,1,3,0,1,2,Male,65,SIM-6124,synthetic_simulation,1,4,3,4,2,1,4,4,4,2,5,3,5,4,5,1,Hinduism,Kandy,Group D
29,76,2,0,1,8,59,2,1,4,1,0,1,1,2,0,2,2,Non-binary,71,SIM-6125,synthetic_simulation,2,5,5,2,2,5,1,2,1,4,3,2,5,3,4,5,Hinduism,Kandy,Group A
15,67,1,2,1,5,59,1,1,0,1,2,0,1,3,0,1,2,Non-binary,59,SIM-6126,synthetic_simulation,1,4,2,5,5,4,1,5,5,2,3,2,1,2,2,1,Islam,Jaffna,Group A
27,80,0,2,0,8,90,1,1,1,2,0,1,1,3,0,2,2,Non-binary,71,SIM-6127,synthetic_simulation,4,3,3,4,3,3,2,5,2,5,3,1,5,4,2,1,Other,Galle,Group A
29,79,2,0,0,5,89,2,1,0,0,0,1,1,3,0,2,2,Male,72,SIM-6128,synthetic_simulation,1,1,1,2,1,3,3,2,2,2,2,4,3,3,2,4,Buddhism,Negombo,Group B
15,98,0,0,1,7,61,2,1,1,1,0,0,2,3,0,0,1,Female,71,SIM-6129,synthetic_simulation,4,1,4,4,5,1,1,3,4,2,3,5,2,2,4,4,Buddhism,Colombo,Group D
11,77,1,1,1,6,92,1,1,0,1,2,1,1,5,0,1,2,Non-binary,61,SIM-6130,synthetic_simulation,1,1,5,4,1,1,2,4,2,2,4,2,4,5,3,3,Other,Galle,Group D
22,91,2,2,0,7,74,2,1,1,2,2,0,0,2,1,0,1,Non-binary,67,SIM-6131,synthetic_simulation,1,3,4,5,5,5,1,4,4,3,2,2,3,5,2,5,Hinduism,Negombo,Group D
17,98,2,2,0,5,73,1,1,0,1,0,1,0,2,0,0,1,Male,67,SIM-6132,synthetic_simulation,5,4,2,3,2,5,4,3,1,2,4,3,2,4,4,1,Islam,Colombo,Group A
31,95,2,2,0,5,99,2,1,1,2,2,0,1,4,0,1,2,Female,74,SIM-6133,synthetic_simulation,2,5,3,2,3,5,3,2,2,1,2,1,4,3,4,5,Islam,Jaffna,Group A
20,68,0,0,0,6,76,1,1,2,2,2,1,1,3,0,1,2,Female,66,SIM-6134,synthetic_simulation,2,2,4,4,1,2,1,2,1,5,4,3,5,1,1,5,Islam,Colombo,Group C
15,80,2,2,1,7,57,1,1,1,1,2,0,0,4,0,1,2,Non-binary,63,SIM-6135,synthetic_simulation,3,4,4,4,3,2,4,2,1,3,1,5,3,4,2,4,Christianity,Jaffna,Group C
13,74,2,2,0,6,64,1,1,4,0,0,0,1,3,1,1,2,Male,63,SIM-6136,synthetic_simulation,5,3,1,1,2,3,2,5,5,1,1,2,4,1,3,5,Christianity,Negombo,Group B
27,76,0,0,0,9,67,2,1,1,1,2,1,2,4,0,1,0,Male,68,SIM-6137,synthetic_simulation,5,3,4,3,4,1,4,4,4,3,2,1,4,2,4,3,Other,Galle,Group A
17,74,2,1,1,8,98,1,1,1,0,0,1,1,3,0,1,2,Male,65,SIM-6138,synthetic_simulation,2,1,5,5,4,4,2,1,1,3,1,1,4,3,3,2,Islam,Colombo,Group D
20,93,2,1,0,8,63,2,1,0,1,0,1,0,3,0,1,1,Non-binary,66,SIM-6139,synthetic_simulation,5,4,3,2,1,1,1,5,4,1,5,1,5,4,3,1,Buddhism,Negombo,Group A
26,78,2,2,0,6,72,2,1,1,1,2,0,1,3,0,1,1,Non-binary,67,SIM-6140,synthetic_simulation,2,1,2,4,2,2,5,5,5,4,4,5,2,5,2,2,Christianity,Kandy,Group B
17,81,2,2,0,5,87,0,1,0,1,0,0,1,2,0,0,2,Male,67,SIM-6141,synthetic_simulation,5,2,4,2,1,3,4,4,4,4,2,4,2,2,2,2,Christianity,Galle,Group A
20,99,2,1,1,7,64,0,1,0,2,2,1,2,4,0,1,2,Non-binary,70,SIM-6142,synthetic_simulation,1,1,5,5,1,4,5,3,5,2,1,4,3,2,1,1,Other,Kandy,Group A
20,62,1,2,1,10,85,0,1,5,1,2,0,1,4,0,1,2,Female,65,SIM-6143,synthetic_simulation,2,2,2,3,1,5,3,4,2,1,2,4,5,2,3,2,Christianity,Kandy,Group C
24,80,2,2,1,7,60,2,1,1,0,0,1,2,3,0,1,1,Male,68,SIM-6144,synthetic_simulation,2,3,5,1,3,5,5,3,5,2,5,3,2,1,3,5,Other,Galle,Group D
24,91,2,0,1,9,62,1,1,3,1,2,1,0,4,0,0,1,Male,70,SIM-6145,synthetic_simulation,4,1,4,3,5,2,3,4,5,4,2,3,3,1,4,4,Buddhism,Colombo,Group A
19,66,0,1,0,9,99,2,1,1,2,2,1,2,3,0,0,2,Male,66,SIM-6146,synthetic_simulation,5,1,4,1,2,3,1,5,5,1,2,5,2,2,4,3,Other,Negombo,Group A
20,84,0,2,1,8,68,2,1,0,1,2,0,2,4,0,2,2,Female,69,SIM-6147,synthetic_simulation,5,5,3,2,3,1,1,2,3,1,3,1,1,4,4,3,Islam,Galle,Group B
18,70,2,2,0,7,86,2,1,1,0,2,1,2,2,0,1,2,Male,65,SIM-6148,synthetic_simulation,2,3,1,3,5,2,4,5,1,1,3,4,5,1,3,5,Christianity,Colombo,Group A
11,95,2,2,1,6,92,2,0,2,2,1,1,1,3,0,2,1,Female,68,SIM-6149,synthetic_simulation,1,5,5,3,1,1,5,5,4,2,3,2,1,3,1,4,Hinduism,Galle,Group B
22,73,1,2,1,7,67,2,1,3,0,2,0,2,2,0,1,0,Male,65,SIM-6150,synthetic_simulation,1,2,1,3,4,4,3,1,4,3,3,4,2,5,5,4,Other,Galle,Group B
31,73,2,0,1,6,68,0,1,1,2,2,1,2,3,0,1,2,Male,70,SIM-6151,synthetic_simulation,1,2,1,5,3,1,3,5,3,3,4,5,2,4,4,2,Buddhism,Colombo,Group B
15,84,1,1,1,7,89,0,1,1,1,0,1,1,3,0,1,2,Non-binary,65,SIM-6152,synthetic_simulation,5,3,2,2,2,4,5,5,2,3,5,4,1,3,5,3,Islam,Kandy,Group D
15,67,0,2,1,5,80,0,1,3,2,0,1,1,4,0,0,2,Non-binary,67,SIM-6153,synthetic_simulation,4,2,2,1,2,3,1,5,1,1,2,2,5,1,1,3,Other,Jaffna,Group A
15,71,0,1,0,6,68,1,0,5,1,2,1,2,4,0,0,2,Non-binary,64,SIM-6154,synthetic_simulation,2,3,5,3,5,2,1,1,1,4,5,2,3,5,3,3,Islam,Colombo,Group A
24,77,2,2,0,8,87,0,1,2,1,2,1,2,1,1,2,1,Female,68,SIM-6155,synthetic_simulation,3,2,1,2,3,1,3,3,1,2,2,2,4,2,5,1,Buddhism,Jaffna,Group B
23,74,2,0,1,6,93,2,1,4,0,2,0,1,3,0,1,2,Female,70,SIM-6156,synthetic_simulation,4,4,3,5,1,3,4,1,1,2,3,5,1,5,2,3,Islam,Jaffna,Group C
19,81,1,0,1,6,62,2,0,1,2,1,1,0,3,0,1,1,Female,64,SIM-6157,synthetic_simulation,3,1,1,5,5,3,1,2,3,4,4,4,5,2,3,1,Buddhism,Galle,Group A
14,84,0,2,0,6,51,1,1,4,0,2,1,1,3,0,1,2,Female,67,SIM-6158,synthetic_simulation,4,4,2,2,2,1,2,3,4,3,2,5,5,3,2,5,Christianity,Colombo,Group C
21,83,0,0,0,7,64,2,1,2,2,1,0,1,2,0,1,2,Male,68,SIM-6159,synthetic_simulation,1,3,1,1,3,5,3,1,2,5,2,2,4,3,1,1,Islam,Colombo,Group B
11,86,2,2,1,4,84,2,1,5,1,0,1,1,4,1,1,2,Female,67,SIM-6160,synthetic_simulation,5,3,4,2,4,5,5,2,2,4,1,4,3,4,5,1,Hinduism,Kandy,Group C
21,72,2,1,1,6,96,1,1,4,0,2,1,2,2,1,0,1,Female,66,SIM-6161,synthetic_simulation,3,4,4,2,1,4,5,2,2,3,4,3,3,3,5,4,Hinduism,Jaffna,Group B
25,65,2,0,1,8,93,1,0,2,2,2,1,0,3,0,0,1,Non-binary,66,SIM-6162,synthetic_simulation,4,1,3,4,2,3,3,4,3,1,4,5,2,1,1,2,Hinduism,Kandy,Group D
12,90,2,1,1,7,61,2,1,2,1,0,0,2,2,0,1,2,Non-binary,66,SIM-6163,synthetic_simulation,5,1,5,5,3,2,3,4,3,4,4,3,2,1,1,4,Other,Negombo,Group D
11,94,1,1,1,8,94,2,1,2,1,2,1,2,2,0,0,2,Non-binary,67,SIM-6164,synthetic_simulation,3,5,1,1,4,2,1,5,5,3,5,3,1,5,3,3,Christianity,Jaffna,Group A
29,70,2,2,1,4,91,1,1,2,1,2,1,2,3,0,0,2,Non-binary,69,SIM-6165,synthetic_simulation,2,2,4,4,2,3,3,3,3,2,3,1,3,2,1,4,Christianity,Kandy,Group B
16,76,1,2,0,6,87,2,1,3,1,2,0,1,4,0,0,2,Female,65,SIM-6166,synthetic_simulation,4,5,5,2,4,5,3,1,1,5,1,2,1,5,4,2,Buddhism,Kandy,Group C
27,80,1,1,1,7,84,1,1,4,1,2,1,2,3,0,0,1,Female,68,SIM-6167,synthetic_simulation,2,1,4,5,2,3,2,5,4,5,5,3,2,4,2,1,Buddhism,Jaffna,Group D
19,81,1,0,0,8,90,2,1,2,1,2,0,1,3,0,1,2,Female,67,SIM-6168,synthetic_simulation,1,4,5,4,5,4,5,3,2,5,3,5,1,4,1,1,Other,Kandy,Group C
19,86,2,2,1,9,93,1,1,1,1,0,1,2,3,0,0,2,Non-binary,69,SIM-6169,synthetic_simulation,2,2,5,4,5,3,1,4,3,3,2,2,4,1,4,5,Islam,Negombo,Group D
23,62,2,2,0,8,91,0,0,3,0,1,1,1,3,0,1,1,Male,64,SIM-6170,synthetic_simulation,2,4,4,1,5,1,4,1,4,3,1,2,1,4,5,5,Other,Colombo,Group A
15,89,2,2,0,6,56,1,1,2,2,2,1,2,4,0,0,2,Male,67,SIM-6171,synthetic_simulation,4,5,2,2,3,5,1,2,1,1,5,5,2,1,1,2,Hinduism,Negombo,Group B
21,62,0,2,0,6,86,2,1,2,2,0,0,2,4,0,1,2,Non-binary,67,SIM-6172,synthetic_simulation,1,3,5,1,5,1,5,2,3,5,1,4,2,2,2,2,Christianity,Jaffna,Group D
18,79,2,0,0,9,92,1,1,1,1,2,0,1,3,0,0,2,Male,67,SIM-6173,synthetic_simulation,2,4,1,4,3,1,4,5,3,2,3,5,4,5,2,4,Buddhism,Galle,Group D
12,93,2,0,0,6,59,2,1,2,1,2,0,2,3,0,1,1,Non-binary,67,SIM-6174,synthetic_simulation,5,5,4,4,1,3,3,5,4,5,5,4,4,4,3,2,Buddhism,Jaffna,Group B
22,78,2,0,1,5,61,1,1,2,1,2,1,1,4,0,0,2,Male,68,SIM-6175,synthetic_simulation,3,5,2,1,5,3,2,1,1,4,5,2,3,2,5,4,Christianity,Colombo,Group A
18,66,2,2,1,7,89,0,1,4,1,2,1,2,3,1,1,2,Non-binary,65,SIM-6176,synthetic_simulation,2,5,4,4,3,2,2,2,3,4,1,5,4,4,5,5,Hinduism,Negombo,Group B
19,99,1,0,0,9,67,1,1,3,0,2,1,1,1,0,0,1,Non-binary,70,SIM-6177,synthetic_simulation,1,3,3,3,2,1,5,5,4,2,2,3,4,3,2,4,Hinduism,Kandy,Group B
13,96,2,2,0,6,70,2,1,1,1,0,1,1,3,0,0,2,Male,68,SIM-6178,synthetic_simulation,2,3,1,5,3,3,5,2,1,3,2,5,3,4,4,4,Hinduism,Kandy,Group A
30,91,0,1,1,6,69,2,1,2,2,0,1,0,4,0,1,1,Male,72,SIM-6179,synthetic_simulation,3,3,3,2,3,2,2,4,3,5,2,3,4,2,2,5,Christianity,Galle,Group D
25,76,2,0,0,6,61,2,1,1,2,2,1,1,3,0,2,0,Male,67,SIM-6180,synthetic_simulation,1,2,5,5,2,1,4,5,3,4,3,3,5,4,1,3,Other,Negombo,Group D
26,67,0,1,1,8,97,2,1,2,2,2,1,1,0,0,1,1,Female,66,SIM-6181,synthetic_simulation,4,3,5,2,3,2,4,3,2,2,1,2,5,3,3,2,Hinduism,Kandy,Group D
18,98,1,1,1,7,90,1,1,0,0,0,0,2,1,0,1,1,Female,68,SIM-6182,synthetic_simulation,1,3,3,4,2,5,1,5,5,1,3,4,5,4,1,1,Other,Jaffna,Group D
10,81,2,0,0,8,63,2,1,1,1,1,1,1,2,0,1,2,Non-binary,64,SIM-6183,synthetic_simulation,4,3,3,1,4,4,3,4,1,4,3,4,4,2,5,5,Islam,Kandy,Group C
32,94,2,0,1,9,55,0,1,4,2,2,0,2,2,1,1,2,Female,75,SIM-6184,synthetic_simulation,1,4,5,1,5,1,4,1,4,4,2,3,2,1,1,4,Buddhism,Colombo,Group B
20,74,0,1,1,5,69,0,1,1,2,2,1,2,4,0,0,1,Female,66,SIM-6185,synthetic_simulation,3,3,2,4,1,3,3,2,2,5,2,4,2,2,5,1,Other,Negombo,Group D
16,73,0,0,1,6,71,2,1,0,1,2,1,2,4,0,2,2,Male,67,SIM-6186,synthetic_simulation,3,2,1,2,3,5,5,1,3,3,2,5,3,1,3,2,Islam,Kandy,Group B
23,99,0,0,0,6,50,2,0,1,0,2,0,1,5,1,1,2,Male,71,SIM-6187,synthetic_simulation,1,5,4,4,2,2,4,5,4,4,1,3,2,1,5,1,Christianity,Kandy,Group D
27,81,1,0,0,7,94,1,1,0,1,2,1,1,4,0,0,1,Female,68,SIM-6188,synthetic_simulation,2,4,3,2,5,4,4,3,2,4,1,3,2,5,3,1,Islam,Colombo,Group A
20,66,2,2,1,8,93,2,1,2,1,0,1,1,3,0,1,2,Non-binary,65,SIM-6189,synthetic_simulation,3,1,1,4,3,1,4,1,2,5,2,1,3,2,4,2,Islam,Kandy,Group D
28,69,1,0,1,6,93,1,1,0,0,1,1,0,3,0,0,2,Female,67,SIM-6190,synthetic_simulation,4,3,4,4,5,4,1,3,5,3,3,5,5,5,4,4,Buddhism,Galle,Group B
26,79,1,0,1,6,90,1,0,0,0,2,0,0,2,1,0,1,Male,66,SIM-6191,synthetic_simulation,4,5,4,4,4,5,5,5,2,1,1,4,3,1,3,4,Islam,Negombo,Group D
14,62,1,2,0,8,87,2,1,1,2,2,1,2,1,0,1,1,Non-binary,60,SIM-6192,synthetic_simulation,5,5,3,1,3,4,2,3,1,1,5,4,2,4,2,3,Islam,Kandy,Group C
16,79,2,2,0,8,82,1,1,2,1,2,0,1,3,1,2,1,Non-binary,64,SIM-6193,synthetic_simulation,4,4,2,2,2,1,1,3,5,1,3,1,2,1,3,4,Buddhism,Jaffna,Group C
26,77,2,2,1,7,98,1,1,0,0,2,1,1,1,0,2,2,Female,69,SIM-6194,synthetic_simulation,5,1,2,4,4,5,1,4,5,1,3,5,3,2,5,3,Christianity,Kandy,Group D
4,91,2,2,0,4,86,1,1,3,1,2,0,1,4,1,0,1,Female,64,SIM-6195,synthetic_simulation,1,2,1,5,3,2,4,1,3,3,4,2,4,2,4,5,Hinduism,Galle,Group D
19,74,2,0,0,9,82,0,1,2,1,2,0,1,3,0,1,1,Female,66,SIM-6196,synthetic_simulation,1,5,1,5,5,1,1,5,3,1,1,2,2,2,4,2,Other,Jaffna,Group A
11,99,0,2,1,7,89,0,1,3,1,2,1,2,3,0,0,2,Male,72,SIM-6197,synthetic_simulation,1,5,5,1,4,4,2,4,1,5,5,5,2,2,3,3,Other,Galle,Group A
17,67,1,1,1,7,62,2,1,0,1,2,1,2,4,0,1,1,Non-binary,60,SIM-6198,synthetic_simulation,2,5,2,3,2,1,1,3,4,5,1,4,3,4,2,2,Islam,Colombo,Group B
18,84,1,0,1,6,98,1,1,3,2,2,1,2,3,0,1,2,Non-binary,69,SIM-6199,synthetic_simulation,2,5,1,1,3,5,1,4,1,5,3,2,2,5,3,1,Hinduism,Jaffna,Group B
18,64,2,2,1,6,51,2,1,2,1,2,1,2,1,0,1,2,Non-binary,62,SIM-6200,synthetic_simulation,5,4,5,3,5,4,4,4,5,1,1,2,4,3,5,2,Hinduism,Jaffna,Group A
17,89,2,2,1,6,82,2,1,3,2,2,0,2,3,0,0,2,Female,70,SIM-6201,synthetic_simulation,4,1,4,1,5,2,5,3,3,5,3,4,4,5,5,2,Islam,Galle,Group D
13,100,1,1,1,4,54,1,1,3,1,1,1,2,2,0,1,2,Male,65,SIM-6202,synthetic_simulation,4,5,1,5,4,3,2,5,1,5,5,5,3,1,1,2,Other,Galle,Group D
34,93,0,2,1,6,93,0,1,2,1,0,1,1,4,0,1,2,Non-binary,77,SIM-6203,synthetic_simulation,1,2,5,4,3,2,4,2,3,2,3,1,1,2,2,1,Other,Colombo,Group B
31,82,2,0,1,5,98,2,1,0,1,1,1,1,3,0,1,2,Female,71,SIM-6204,synthetic_simulation,3,2,2,2,5,1,1,4,1,1,2,5,5,2,4,4,Hinduism,Jaffna,Group A
13,79,2,0,0,7,70,0,1,4,1,2,1,2,3,1,1,2,Non-binary,66,SIM-6205,synthetic_simulation,2,3,4,4,4,3,2,1,1,5,3,1,4,3,5,3,Hinduism,Jaffna,Group D
29,93,2,2,0,5,93,2,1,2,1,2,1,2,3,0,2,2,Male,74,SIM-6206,synthetic_simulation,2,5,1,5,1,5,3,3,2,3,2,5,4,5,5,5,Islam,Jaffna,Group C
18,97,2,0,0,8,67,2,1,1,2,0,1,1,3,0,1,2,Female,70,SIM-6207,synthetic_simulation,1,5,2,2,5,4,1,2,1,5,5,2,5,1,2,2,Other,Jaffna,Group D
21,100,2,2,0,5,58,2,1,2,2,2,0,1,2,0,1,1,Non-binary,69,SIM-6208,synthetic_simulation,2,5,4,3,4,4,5,4,3,2,5,3,3,2,3,2,Other,Colombo,Group C
20,76,2,2,0,9,64,1,1,2,1,2,1,0,2,0,0,1,Non-binary,64,SIM-6209,synthetic_simulation,1,5,3,3,1,5,1,3,1,3,3,3,2,3,1,3,Islam,Kandy,Group C
16,100,2,2,1,8,65,0,1,1,0,2,1,2,2,1,0,1,Male,69,SIM-6210,synthetic_simulation,5,5,2,5,4,1,5,3,4,3,2,4,3,3,5,3,Islam,Jaffna,Group B
26,66,0,0,1,5,82,2,1,1,1,2,1,1,3,0,1,2,Male,68,SIM-6211,synthetic_simulation,4,2,3,2,5,2,3,4,2,4,3,5,1,1,1,1,Christianity,Negombo,Group D
21,70,2,1,1,7,90,2,0,1,1,2,1,1,4,0,1,1,Male,63,SIM-6212,synthetic_simulation,3,1,1,4,1,3,4,1,1,2,5,5,1,3,4,3,Hinduism,Colombo,Group A
17,64,2,2,1,6,60,2,1,1,2,2,0,2,2,1,1,2,Female,61,SIM-6213,synthetic_simulation,4,1,5,5,4,5,4,3,4,2,2,4,5,3,1,1,Hinduism,Kandy,Group D
12,71,2,2,0,8,54,2,1,0,1,1,1,2,5,0,0,2,Male,61,SIM-6214,synthetic_simulation,4,3,1,3,3,1,4,3,3,5,4,4,1,5,5,4,Hinduism,Galle,Group C
15,91,2,1,1,10,61,2,1,0,1,0,1,1,4,0,1,1,Male,65,SIM-6215,synthetic_simulation,5,2,2,5,1,1,2,4,4,2,4,1,1,2,3,1,Buddhism,Kandy,Group D
10,94,2,0,0,9,65,2,1,3,1,1,0,0,2,0,1,1,Non-binary,65,SIM-6216,synthetic_simulation,2,5,3,4,4,3,5,2,2,3,5,1,5,5,5,2,Buddhism,Galle,Group B
20,91,0,2,1,6,64,0,1,0,0,2,0,2,3,1,1,1,Male,69,SIM-6217,synthetic_simulation,3,1,3,1,3,5,1,3,3,3,2,3,5,3,4,5,Islam,Negombo,Group A
13,85,0,0,1,7,61,0,1,3,2,0,1,2,2,0,1,1,Non-binary,69,SIM-6218,synthetic_simulation,2,4,4,1,1,2,2,3,1,5,3,2,5,4,1,2,Christianity,Colombo,Group B
18,81,1,2,0,9,73,2,1,1,0,2,1,0,2,0,1,2,Male,65,SIM-6219,synthetic_simulation,4,4,1,4,4,2,2,4,1,3,5,5,5,1,3,1,Buddhism,Kandy,Group D
28,88,1,0,1,8,93,2,1,3,1,2,1,0,1,0,2,1,Female,72,SIM-6220,synthetic_simulation,1,4,1,2,5,5,1,3,4,5,5,3,5,3,3,2,Hinduism,Galle,Group C
27,76,0,0,1,9,55,2,1,3,1,2,0,1,0,0,1,1,Non-binary,69,SIM-6221,synthetic_simulation,4,5,2,5,1,4,3,4,1,4,1,3,4,3,1,4,Christianity,Jaffna,Group A
20,94,0,2,1,8,93,1,1,1,2,2,1,1,3,0,0,1,Male,71,SIM-6222,synthetic_simulation,2,5,3,4,1,2,4,1,3,2,3,2,2,5,1,4,Other,Negombo,Group A
19,87,2,2,1,7,75,2,1,2,1,1,1,0,3,0,1,1,Non-binary,67,SIM-6223,synthetic_simulation,4,3,2,1,3,4,3,4,3,2,3,3,5,1,1,5,Islam,Negombo,Group B
31,88,2,0,0,7,83,2,1,0,1,2,0,1,2,0,1,2,Non-binary,72,SIM-6224,synthetic_simulation,1,3,2,3,4,5,3,2,1,2,4,3,2,2,4,5,Buddhism,Colombo,Group D
23,81,0,0,0,5,91,1,1,0,0,0,1,2,3,1,1,2,Female,70,SIM-6225,synthetic_simulation,5,3,3,4,5,1,4,3,4,4,1,2,1,1,3,4,Christianity,Colombo,Group A
18,95,1,2,1,6,65,0,1,1,1,0,1,0,3,0,1,2,Non-binary,68,SIM-6226,synthetic_simulation,2,4,2,4,3,5,3,1,1,2,3,3,4,3,5,4,Buddhism,Colombo,Group A
11,70,2,2,0,6,98,2,1,3,0,2,0,1,4,0,2,2,Non-binary,66,SIM-6227,synthetic_simulation,4,5,3,4,1,1,2,3,5,4,3,5,5,5,4,2,Buddhism,Colombo,Group D
22,75,2,0,0,6,54,1,1,4,1,0,1,2,4,0,1,2,Male,68,SIM-6228,synthetic_simulation,2,4,2,1,3,5,1,3,1,4,4,4,4,4,1,4,Islam,Jaffna,Group D
25,91,0,1,1,7,76,1,1,1,1,0,0,2,3,0,0,2,Male,71,SIM-6229,synthetic_simulation,5,3,5,1,3,4,2,4,2,5,1,2,3,3,1,1,Buddhism,Negombo,Group B
16,80,1,2,1,7,63,0,1,2,1,2,0,1,3,0,1,0,Female,63,SIM-6230,synthetic_simulation,4,5,2,4,3,4,2,3,1,1,1,4,2,1,5,2,Islam,Jaffna,Group A
22,96,2,0,0,7,70,2,0,2,2,2,0,0,4,0,0,1,Female,70,SIM-6231,synthetic_simulation,4,2,2,4,1,5,5,1,5,1,2,5,5,1,5,3,Islam,Colombo,Group D
18,74,2,0,0,8,72,0,1,1,1,0,1,0,2,0,0,1,Female,65,SIM-6232,synthetic_simulation,2,1,5,2,2,1,4,5,2,5,5,3,2,4,5,5,Other,Kandy,Group C
19,75,0,0,1,6,96,2,1,2,2,2,1,2,4,0,1,2,Male,70,SIM-6233,synthetic_simulation,2,1,1,3,3,5,4,3,4,5,2,3,2,1,2,5,Hinduism,Galle,Group D
5,96,2,1,1,8,72,1,1,3,2,2,1,0,5,0,1,2,Non-binary,65,SIM-6234,synthetic_simulation,1,3,3,5,2,1,2,4,2,5,1,3,3,1,4,5,Other,Kandy,Group D
19,79,0,0,1,9,85,2,1,0,2,2,1,2,2,0,1,1,Male,68,SIM-6235,synthetic_simulation,5,4,4,5,5,4,4,2,3,2,4,4,2,5,2,2,Buddhism,Negombo,Group C
26,81,0,2,1,8,98,1,1,1,2,1,0,1,2,1,1,2,Non-binary,69,SIM-6236,synthetic_simulation,1,2,5,5,5,3,5,3,5,3,2,1,1,1,5,4,Other,Negombo,Group B
16,73,2,2,1,6,75,0,1,3,2,2,1,2,3,0,1,1,Female,66,SIM-6237,synthetic_simulation,4,5,1,1,5,2,1,4,3,5,4,4,2,2,3,1,Christianity,Jaffna,Group C
20,71,1,2,0,8,70,2,1,0,2,0,0,1,3,0,1,0,Non-binary,62,SIM-6238,synthetic_simulation,2,4,2,1,4,4,3,3,3,4,1,1,3,4,4,3,Other,Galle,Group D
15,86,2,0,0,8,99,0,1,2,2,2,1,1,5,0,1,2,Male,70,SIM-6239,synthetic_simulation,4,3,1,2,1,5,4,5,2,1,4,4,3,3,2,5,Other,Colombo,Group D
22,65,0,1,0,8,91,2,1,2,0,2,1,0,2,0,0,1,Female,65,SIM-6240,synthetic_simulation,4,4,5,1,2,5,2,5,2,2,2,5,5,4,1,2,Other,Colombo,Group C
19,95,1,0,1,9,97,1,1,0,2,2,1,1,2,0,2,2,Male,71,SIM-6241,synthetic_simulation,3,3,2,4,4,1,4,1,3,3,1,4,1,3,4,1,Islam,Kandy,Group C
14,91,2,0,1,8,70,2,1,2,1,2,0,1,0,0,2,1,Non-binary,68,SIM-6242,synthetic_simulation,3,1,1,3,2,2,2,5,4,1,1,4,2,5,3,4,Hinduism,Galle,Group A
28,68,1,1,1,9,85,2,1,0,2,2,1,0,3,0,2,2,Non-binary,65,SIM-6243,synthetic_simulation,4,1,4,3,1,4,3,4,1,1,2,2,3,1,3,3,Other,Jaffna,Group C
26,88,1,0,1,7,62,0,0,1,0,0,0,2,2,0,1,2,Female,70,SIM-6244,synthetic_simulation,2,4,3,3,3,2,4,5,1,1,5,3,3,3,5,5,Other,Colombo,Group C
16,84,2,0,1,6,93,2,1,0,0,2,1,2,3,0,1,1,Male,69,SIM-6245,synthetic_simulation,4,2,3,3,4,2,3,4,5,4,2,3,2,3,5,4,Hinduism,Negombo,Group D
23,67,2,1,1,9,97,2,1,1,2,2,0,2,3,0,0,1,Male,66,SIM-6246,synthetic_simulation,3,5,5,5,1,4,2,3,2,4,2,3,2,5,1,2,Other,Colombo,Group A
23,71,2,2,1,6,63,1,1,1,1,0,1,2,5,0,1,1,Female,66,SIM-6247,synthetic_simulation,2,3,2,5,4,1,5,1,1,4,3,1,5,4,3,5,Hinduism,Galle,Group C
24,76,0,2,0,10,55,1,1,2,1,2,1,2,4,0,1,2,Non-binary,67,SIM-6248,synthetic_simulation,4,5,2,4,5,1,5,1,4,3,1,5,5,4,5,2,Other,Negombo,Group A
10,88,1,2,0,9,60,2,1,1,1,2,1,2,3,0,1,1,Non-binary,63,SIM-6249,synthetic_simulation,5,1,3,2,4,1,1,5,5,1,3,1,1,4,2,4,Other,Jaffna,Group A
26,86,1,0,1,7,82,2,1,2,1,2,0,2,3,0,1,1,Female,70,SIM-6250,synthetic_simulation,5,2,1,1,3,3,2,2,2,5,3,2,5,1,5,3,Christianity,Colombo,Group C
17,81,0,2,0,9,64,2,1,0,0,2,1,2,3,1,1,0,Non-binary,65,SIM-6251,synthetic_simulation,4,2,2,1,3,2,2,5,1,3,3,2,5,5,1,5,Christianity,Negombo,Group C
18,91,2,0,0,8,82,2,1,3,2,2,0,2,2,0,1,1,Female,70,SIM-6252,synthetic_simulation,2,5,4,5,2,3,2,2,3,4,4,4,4,3,1,5,Christianity,Jaffna,Group D
36,90,2,0,1,5,68,1,1,1,1,0,1,2,2,0,1,1,Male,74,SIM-6253,synthetic_simulation,4,1,4,3,4,1,5,5,4,4,2,2,2,4,2,1,Islam,Galle,Group A
22,85,0,2,1,6,96,2,1,0,1,2,1,1,3,0,1,1,Non-binary,69,SIM-6254,synthetic_simulation,4,5,2,4,5,4,5,4,4,4,3,2,5,4,4,5,Buddhism,Jaffna,Group D
18,91,0,2,0,7,73,1,1,0,1,2,1,0,4,0,0,2,Female,68,SIM-6255,synthetic_simulation,3,4,2,2,3,2,5,4,2,2,4,5,4,4,3,1,Christianity,Jaffna,Group C
7,73,2,2,1,7,75,2,1,1,0,0,0,2,3,0,0,2,Female,64,SIM-6256,synthetic_simulation,5,2,3,5,2,4,4,2,4,1,4,2,4,2,1,4,Buddhism,Negombo,Group A
28,95,0,2,0,9,67,1,1,2,2,2,1,1,3,0,1,2,Non-binary,73,SIM-6257,synthetic_simulation,3,2,5,4,5,5,4,1,2,5,1,4,5,1,3,4,Hinduism,Colombo,Group A
12,85,2,2,1,7,54,2,1,4,1,0,1,2,3,0,0,1,Female,66,SIM-6258,synthetic_simulation,3,4,3,4,5,2,5,2,4,1,2,3,3,4,2,3,Buddhism,Negombo,Group B
14,93,2,1,1,5,75,1,1,0,2,0,1,0,3,0,1,1,Female,65,SIM-6259,synthetic_simulation,4,1,5,5,5,4,3,3,1,3,5,1,5,2,2,4,Hinduism,Kandy,Group C
18,82,0,1,1,6,89,0,1,0,2,2,0,2,1,1,0,1,Female,66,SIM-6260,synthetic_simulation,3,2,4,4,1,1,4,1,2,2,2,1,5,5,4,3,Buddhism,Negombo,Group B
28,69,2,1,0,8,98,2,1,0,2,2,1,2,5,0,1,2,Male,67,SIM-6261,synthetic_simulation,5,3,5,3,3,3,4,2,4,3,4,1,2,3,1,2,Hinduism,Negombo,Group B
25,82,2,0,0,4,54,2,1,0,2,2,1,1,3,0,1,2,Female,67,SIM-6262,synthetic_simulation,3,3,3,4,1,4,4,3,1,4,2,4,3,4,2,1,Christianity,Colombo,Group A
19,75,2,2,1,5,90,0,1,0,2,2,0,0,3,0,2,2,Female,66,SIM-6263,synthetic_simulation,5,1,2,2,1,5,4,3,1,4,1,5,1,1,5,2,Christianity,Galle,Group D
22,88,2,1,1,6,63,1,1,3,1,2,1,2,3,0,2,2,Male,69,SIM-6264,synthetic_simulation,3,4,5,4,3,1,1,5,1,5,2,4,5,4,3,3,Christianity,Kandy,Group A
16,79,2,2,1,8,91,2,1,4,0,2,0,2,1,0,2,2,Non-binary,69,SIM-6265,synthetic_simulation,5,5,3,1,4,5,4,2,2,1,4,1,5,1,3,5,Hinduism,Colombo,Group B
21,93,2,1,0,7,67,0,1,2,1,2,1,1,3,0,0,0,Female,68,SIM-6266,synthetic_simulation,3,1,4,4,2,3,3,4,2,3,4,4,2,2,5,1,Islam,Colombo,Group C
20,87,1,1,0,8,56,2,0,1,0,2,1,0,1,0,0,2,Female,64,SIM-6267,synthetic_simulation,3,5,5,5,3,5,1,5,4,4,3,4,1,1,3,2,Buddhism,Jaffna,Group D
26,87,2,2,1,7,81,2,1,1,0,2,1,0,2,0,1,2,Male,70,SIM-6268,synthetic_simulation,2,1,4,1,2,4,4,1,3,5,4,4,4,5,5,2,Hinduism,Kandy,Group B
26,69,2,2,0,7,95,2,1,1,1,2,1,0,4,0,2,2,Female,67,SIM-6269,synthetic_simulation,5,3,4,5,4,4,2,4,3,5,1,3,3,1,3,2,Christianity,Jaffna,Group B
23,99,1,1,0,6,59,2,1,1,2,2,1,2,3,0,1,0,Male,68,SIM-6270,synthetic_simulation,5,4,1,2,3,1,1,3,5,3,4,4,1,3,2,4,Buddhism,Jaffna,Group C
18,94,2,2,1,8,51,2,1,0,0,2,1,2,3,1,0,1,Male,67,SIM-6271,synthetic_simulation,5,3,5,3,5,3,4,1,3,1,2,5,5,2,4,5,Christianity,Colombo,Group A
24,92,0,2,1,5,94,1,1,1,2,2,1,1,2,0,2,2,Male,73,SIM-6272,synthetic_simulation,1,4,3,2,3,3,3,5,3,2,5,3,4,1,1,2,Islam,Galle,Group B
19,73,2,2,1,7,85,2,1,1,2,2,1,1,3,0,1,0,Non-binary,65,SIM-6273,synthetic_simulation,3,5,5,1,4,2,5,3,4,5,4,4,2,4,1,2,Other,Colombo,Group C
14,81,2,0,0,9,90,2,1,3,0,0,1,1,3,0,2,2,Non-binary,69,SIM-6274,synthetic_simulation,5,1,5,3,1,2,4,3,2,3,1,2,5,5,1,2,Christianity,Negombo,Group C
18,65,2,2,1,6,53,2,1,1,2,2,0,2,3,1,2,2,Male,63,SIM-6275,synthetic_simulation,1,2,4,4,3,4,2,3,3,4,1,1,2,3,1,5,Other,Galle,Group C
21,82,2,2,0,5,95,2,1,3,1,1,1,2,4,0,1,2,Male,68,SIM-6276,synthetic_simulation,2,2,4,1,5,5,3,4,5,2,1,3,3,1,1,2,Islam,Kandy,Group A
25,66,2,0,0,4,71,0,1,0,2,2,1,0,3,1,1,2,Non-binary,64,SIM-6277,synthetic_simulation,5,4,4,3,3,5,1,5,4,2,1,2,2,1,5,1,Other,Galle,Group C
19,82,1,0,0,8,95,2,1,2,1,0,1,1,4,1,2,1,Non-binary,68,SIM-6278,synthetic_simulation,5,4,4,5,1,1,3,5,1,1,2,1,1,3,2,4,Christianity,Kandy,Group B
13,86,2,0,1,8,53,2,1,2,1,0,1,2,4,0,1,0,Female,66,SIM-6279,synthetic_simulation,1,3,3,3,3,3,4,4,1,3,3,5,1,3,4,4,Islam,Jaffna,Group C
20,76,2,2,0,6,94,1,1,2,1,0,1,1,3,1,1,1,Female,65,SIM-6280,synthetic_simulation,3,2,2,5,5,4,2,5,5,1,5,2,3,1,1,2,Buddhism,Colombo,Group C
21,80,2,2,1,5,84,1,1,4,1,2,0,1,2,0,2,2,Male,69,SIM-6281,synthetic_simulation,2,3,1,5,4,5,3,3,2,5,3,5,3,4,3,5,Other,Colombo,Group B
21,95,1,2,0,7,78,0,1,2,1,0,1,1,2,1,1,2,Non-binary,69,SIM-6282,synthetic_simulation,5,5,4,3,5,2,3,3,1,5,3,5,3,4,3,5,Other,Negombo,Group C
26,64,1,0,1,9,53,2,0,2,1,0,1,0,4,0,0,2,Non-binary,64,SIM-6283,synthetic_simulation,3,2,4,2,4,4,5,3,2,3,3,2,1,4,4,3,Hinduism,Colombo,Group B
26,92,0,0,0,5,84,0,1,0,2,0,1,1,2,0,2,2,Female,74,SIM-6284,synthetic_simulation,2,5,1,2,5,1,5,5,3,4,2,2,5,1,1,3,Christianity,Galle,Group A
16,67,0,2,0,9,80,2,1,1,1,0,1,1,3,0,1,2,Male,64,SIM-6285,synthetic_simulation,4,1,4,5,2,4,4,2,3,5,5,3,1,2,1,1,Christianity,Negombo,Group A
16,61,2,1,0,4,86,2,1,3,2,0,1,2,4,0,1,2,Non-binary,63,SIM-6286,synthetic_simulation,4,3,2,1,3,5,1,1,3,5,4,5,2,1,2,1,Other,Colombo,Group C
14,67,0,2,1,5,86,2,0,0,0,2,1,2,4,0,0,1,Non-binary,64,SIM-6287,synthetic_simulation,2,4,5,3,3,1,1,2,1,4,4,2,3,2,3,5,Other,Negombo,Group A
24,91,2,2,1,7,72,2,1,3,2,0,1,1,3,0,1,1,Non-binary,71,SIM-6288,synthetic_simulation,1,2,1,1,1,2,2,4,1,2,5,5,4,4,3,1,Other,Colombo,Group A
29,76,1,0,1,8,60,2,1,2,2,2,1,0,3,0,1,2,Male,68,SIM-6289,synthetic_simulation,2,3,3,2,2,2,4,2,2,3,5,4,1,1,5,3,Christianity,Colombo,Group D
18,95,2,2,1,9,96,1,1,4,2,2,1,0,4,0,0,2,Male,72,SIM-6290,synthetic_simulation,2,4,1,1,1,5,1,2,2,2,1,4,4,4,3,5,Hinduism,Jaffna,Group C
19,81,2,1,1,8,96,0,1,1,1,2,0,0,4,0,2,2,Non-binary,67,SIM-6291,synthetic_simulation,1,1,2,4,3,1,3,4,5,1,3,4,5,1,1,3,Other,Colombo,Group B
29,61,2,0,0,9,61,2,1,0,1,2,0,0,3,0,1,2,Male,64,SIM-6292,synthetic_simulation,1,2,3,4,1,2,4,2,3,4,1,5,1,4,1,2,Christianity,Colombo,Group B
23,89,2,1,0,7,82,2,1,2,0,0,1,2,1,0,0,2,Female,70,SIM-6293,synthetic_simulation,3,5,5,2,4,1,3,1,4,3,2,5,5,3,3,2,Christianity,Galle,Group B
23,64,0,2,1,6,60,1,1,2,2,2,1,0,3,0,0,2,Female,65,SIM-6294,synthetic_simulation,3,1,4,1,2,4,2,5,4,4,2,2,5,1,5,1,Hinduism,Kandy,Group B
13,92,0,2,0,9,93,0,1,2,0,2,1,0,2,0,0,1,Female,69,SIM-6295,synthetic_simulation,1,4,1,3,5,3,4,4,3,4,5,2,1,2,4,3,Hinduism,Galle,Group D
24,67,0,2,0,9,55,0,1,2,1,1,1,2,2,0,0,1,Male,65,SIM-6296,synthetic_simulation,4,2,3,2,4,3,2,2,5,2,2,3,1,4,3,5,Hinduism,Negombo,Group B
14,74,0,2,0,8,100,2,1,1,1,2,1,1,3,0,0,2,Female,66,SIM-6297,synthetic_simulation,4,2,1,4,5,3,5,3,2,2,5,3,5,5,4,5,Buddhism,Negombo,Group D
13,90,0,2,0,8,81,2,1,0,2,2,1,2,3,0,1,1,Non-binary,67,SIM-6298,synthetic_simulation,2,1,5,2,1,2,2,3,1,1,4,3,3,2,3,1,Buddhism,Colombo,Group C
18,98,2,1,0,9,51,2,1,1,0,2,1,1,4,0,0,2,Non-binary,68,SIM-6299,synthetic_simulation,5,2,1,1,3,5,5,4,5,3,3,1,1,5,4,3,Other,Colombo,Group A
16,75,2,2,1,8,94,2,1,0,2,2,0,2,3,0,1,1,Male,65,SIM-6300,synthetic_simulation,2,4,3,1,4,3,4,3,5,4,2,4,5,4,1,1,Christianity,Jaffna,Group D
19,93,2,2,0,7,84,0,0,0,2,1,1,1,2,0,0,2,Female,68,SIM-6301,synthetic_simulation,2,1,2,1,2,5,3,1,3,1,1,5,2,1,1,5,Hinduism,Colombo,Group D
11,68,2,0,1,8,85,0,0,2,2,2,1,0,2,0,0,2,Male,63,SIM-6302,synthetic_simulation,5,5,3,5,5,3,3,2,2,4,2,4,4,1,4,2,Buddhism,Galle,Group B
26,92,2,2,0,8,64,2,1,1,2,2,0,2,5,0,1,2,Male,71,SIM-6303,synthetic_simulation,1,1,1,1,4,4,3,1,4,1,3,5,2,1,2,3,Other,Galle,Group A
27,86,0,2,0,8,67,2,1,1,1,2,1,2,4,0,0,2,Male,71,SIM-6304,synthetic_simulation,4,1,5,4,3,3,2,1,4,4,2,1,1,5,1,1,Christianity,Galle,Group B
8,68,0,2,1,7,96,2,1,2,1,0,1,2,3,0,2,2,Non-binary,65,SIM-6305,synthetic_simulation,2,5,4,4,2,5,4,5,4,2,5,5,1,4,5,2,Hinduism,Galle,Group C
26,72,2,1,0,8,82,2,1,2,2,1,1,0,2,0,2,0,Male,65,SIM-6306,synthetic_simulation,5,4,4,5,2,2,4,2,5,5,2,3,1,3,5,4,Buddhism,Kandy,Group C
15,65,2,1,1,8,51,2,1,1,0,2,1,2,3,0,1,1,Non-binary,61,SIM-6307,synthetic_simulation,3,3,5,4,5,4,5,4,1,1,4,4,1,1,4,3,Buddhism,Galle,Group A
25,75,0,0,1,7,66,1,1,0,1,0,1,0,4,0,1,2,Male,68,SIM-6308,synthetic_simulation,2,3,1,4,4,5,4,3,2,1,4,4,2,4,2,5,Christianity,Galle,Group D
20,68,1,2,1,6,80,1,1,4,1,2,0,1,4,0,0,2,Female,65,SIM-6309,synthetic_simulation,4,5,5,2,4,1,3,5,1,5,2,4,3,3,5,5,Buddhism,Negombo,Group A
20,86,1,2,0,9,57,2,1,0,2,0,1,2,4,0,1,1,Non-binary,66,SIM-6310,synthetic_simulation,1,4,1,1,2,3,4,1,4,2,1,1,5,3,1,4,Christianity,Negombo,Group A
19,100,0,1,1,5,55,1,1,2,1,2,1,2,4,0,1,1,Male,69,SIM-6311,synthetic_simulation,2,2,3,2,1,4,5,3,1,1,2,4,5,4,3,3,Hinduism,Negombo,Group D
27,60,0,0,0,6,53,1,1,3,1,1,0,2,2,0,1,1,Female,65,SIM-6312,synthetic_simulation,2,5,2,2,2,2,4,2,5,2,5,2,5,1,3,1,Christianity,Colombo,Group A
13,82,2,0,0,7,82,2,1,1,1,1,1,2,3,0,1,2,Male,65,SIM-6313,synthetic_simulation,5,3,1,4,3,1,4,1,3,4,5,3,4,1,1,3,Hinduism,Negombo,Group C
24,83,0,2,0,4,66,0,1,2,2,0,0,2,4,1,2,1,Female,70,SIM-6314,synthetic_simulation,3,4,4,3,4,3,3,1,1,4,5,3,1,2,2,3,Islam,Colombo,Group A
27,97,2,2,0,9,69,2,1,1,1,2,0,1,2,0,1,1,Non-binary,70,SIM-6315,synthetic_simulation,3,1,4,1,5,4,4,2,1,5,1,5,2,4,4,4,Buddhism,Negombo,Group B
24,80,2,2,1,7,53,2,1,2,1,2,1,2,4,1,1,2,Non-binary,67,SIM-6316,synthetic_simulation,1,4,2,3,4,5,2,4,1,3,4,1,2,3,1,5,Islam,Galle,Group C
34,82,2,0,1,9,87,0,1,3,1,2,1,2,4,0,1,2,Male,75,SIM-6317,synthetic_simulation,4,4,1,4,2,3,5,5,4,2,5,5,2,5,3,2,Christianity,Negombo,Group D
17,79,1,1,1,10,88,1,1,3,2,0,0,1,3,0,1,1,Male,65,SIM-6318,synthetic_simulation,1,3,2,5,3,4,5,2,1,3,5,5,3,5,4,5,Hinduism,Jaffna,Group D
26,71,2,2,1,7,91,2,0,2,1,2,0,1,3,0,1,1,Male,66,SIM-6319,synthetic_simulation,2,3,3,2,1,3,5,3,2,3,2,3,1,1,2,3,Buddhism,Colombo,Group B
19,62,0,2,1,9,83,0,1,2,2,2,1,2,3,0,0,2,Female,67,SIM-6320,synthetic_simulation,2,2,2,4,4,4,4,3,5,2,4,2,5,2,5,5,Other,Galle,Group D
27,76,1,2,1,5,89,1,1,0,1,2,0,2,4,0,2,0,Non-binary,67,SIM-6321,synthetic_simulation,3,2,3,4,2,5,2,1,2,3,5,1,5,5,3,4,Buddhism,Galle,Group D
20,62,1,2,0,8,79,0,1,2,1,2,1,2,1,0,1,2,Male,62,SIM-6322,synthetic_simulation,4,5,4,3,2,3,5,5,2,1,5,1,1,1,2,2,Other,Galle,Group C
18,82,2,2,1,6,75,2,1,0,1,2,0,0,4,0,0,2,Female,66,SIM-6323,synthetic_simulation,5,1,3,5,2,4,1,4,4,4,2,1,5,2,1,2,Buddhism,Negombo,Group C
28,72,1,0,0,8,63,1,1,1,1,0,1,1,2,0,1,2,Female,66,SIM-6324,synthetic_simulation,4,2,1,2,3,1,3,4,1,5,2,2,5,5,2,1,Hinduism,Colombo,Group B
17,81,0,1,1,8,53,0,1,0,2,2,1,1,2,0,1,0,Non-binary,64,SIM-6325,synthetic_simulation,2,3,1,5,2,2,1,3,5,2,3,1,1,3,2,5,Christianity,Galle,Group C
12,65,1,2,0,7,65,2,1,2,2,2,1,1,2,0,1,2,Non-binary,60,SIM-6326,synthetic_simulation,5,4,1,5,2,4,1,4,5,5,2,4,2,5,4,5,Hinduism,Galle,Group A
17,97,2,2,1,8,84,2,0,3,1,1,0,1,3,0,2,2,Male,70,SIM-6327,synthetic_simulation,4,5,1,5,2,4,5,3,5,4,2,2,4,5,3,4,Buddhism,Negombo,Group B
24,96,2,2,0,8,96,2,1,2,1,1,1,2,3,0,0,2,Non-binary,72,SIM-6328,synthetic_simulation,4,2,5,1,4,4,1,5,1,5,3,5,1,5,3,5,Other,Galle,Group C
28,68,0,2,1,7,63,2,1,0,1,0,1,0,2,0,0,2,Male,67,SIM-6329,synthetic_simulation,5,4,3,5,2,3,1,1,5,2,5,4,5,5,2,4,Hinduism,Galle,Group D
21,74,2,0,1,10,83,1,1,1,0,2,1,1,3,0,1,1,Non-binary,67,SIM-6330,synthetic_simulation,2,4,1,4,3,2,2,3,5,5,2,5,5,1,1,1,Hinduism,Kandy,Group D
28,85,2,2,1,7,74,2,1,1,2,0,1,2,3,0,2,2,Female,72,SIM-6331,synthetic_simulation,4,2,2,1,4,3,3,5,3,3,1,1,4,4,2,3,Other,Negombo,Group D
12,64,0,0,1,9,81,2,0,1,0,0,1,1,3,0,1,1,Non-binary,63,SIM-6332,synthetic_simulation,5,1,2,1,2,4,4,3,3,3,3,2,4,3,1,5,Islam,Kandy,Group D
17,74,1,2,0,9,50,2,1,0,1,0,1,0,2,0,1,0,Female,60,SIM-6333,synthetic_simulation,2,1,5,5,1,4,5,2,5,4,3,4,4,4,4,3,Buddhism,Kandy,Group C
18,70,2,2,1,4,56,2,1,1,0,0,1,1,4,0,1,2,Female,65,SIM-6334,synthetic_simulation,5,5,3,4,3,2,5,3,2,3,5,2,1,1,3,1,Hinduism,Negombo,Group B
19,97,0,2,1,9,61,0,1,2,2,0,1,1,1,0,2,1,Female,72,SIM-6335,synthetic_simulation,5,1,3,2,1,1,1,5,1,5,2,2,2,5,3,5,Hinduism,Galle,Group B
21,94,2,0,0,9,95,1,1,0,2,0,0,0,3,0,1,2,Male,70,SIM-6336,synthetic_simulation,4,5,3,5,3,3,4,4,2,1,1,2,4,2,3,5,Buddhism,Galle,Group A
24,83,0,2,1,7,52,0,1,1,2,0,1,2,4,0,0,2,Female,71,SIM-6337,synthetic_simulation,2,3,5,1,1,1,4,3,2,5,5,5,3,2,3,3,Other,Colombo,Group A
17,81,1,2,1,8,78,1,1,1,1,0,0,2,4,0,0,1,Male,66,SIM-6338,synthetic_simulation,4,2,3,2,2,4,4,1,1,1,2,2,2,4,4,1,Buddhism,Colombo,Group D
21,97,1,2,1,8,96,0,1,2,1,0,1,2,4,0,0,1,Female,72,SIM-6339,synthetic_simulation,1,4,3,2,1,4,5,5,1,5,5,1,4,2,2,1,Christianity,Negombo,Group A
20,97,1,2,1,9,83,0,1,3,2,0,1,2,3,0,2,2,Female,73,SIM-6340,synthetic_simulation,1,5,1,1,1,5,5,4,4,1,3,4,5,4,3,3,Christianity,Jaffna,Group A
14,99,0,2,1,6,74,2,1,2,2,2,1,1,3,0,0,2,Male,71,SIM-6341,synthetic_simulation,2,1,3,2,3,5,2,5,4,1,3,3,1,3,5,3,Hinduism,Kandy,Group A
19,65,0,1,0,9,69,2,1,4,1,0,1,1,2,0,0,0,Non-binary,64,SIM-6342,synthetic_simulation,5,5,1,4,2,1,5,3,4,2,2,2,5,2,1,5,Christianity,Negombo,Group B
19,66,2,0,1,5,81,2,1,1,0,2,0,2,3,0,0,1,Male,66,SIM-6343,synthetic_simulation,4,5,1,4,3,5,5,2,5,2,5,4,5,5,1,1,Buddhism,Galle,Group B
19,87,2,2,0,4,74,0,1,1,0,2,1,2,3,0,0,2,Female,69,SIM-6344,synthetic_simulation,4,1,3,5,2,2,2,2,5,5,2,5,1,1,3,2,Hinduism,Kandy,Group B
20,82,1,2,0,8,85,1,1,1,2,0,0,1,3,1,2,2,Male,66,SIM-6345,synthetic_simulation,2,1,2,5,5,1,5,1,5,3,4,5,2,3,1,1,Christianity,Colombo,Group B
20,61,2,0,0,9,81,2,1,0,0,0,1,1,2,1,1,2,Male,63,SIM-6346,synthetic_simulation,2,2,4,2,4,5,1,1,4,2,2,2,5,2,1,5,Other,Kandy,Group D
17,62,2,2,1,7,78,2,1,0,2,0,1,0,3,0,1,2,Non-binary,62,SIM-6347,synthetic_simulation,1,4,2,1,4,5,1,4,1,1,4,2,2,2,4,3,Christianity,Colombo,Group D
28,96,0,1,1,4,98,0,1,1,0,0,1,2,3,0,1,2,Male,98,SIM-6348,synthetic_simulation,3,2,3,4,3,2,2,2,5,5,3,1,1,4,1,5,Other,Negombo,Group A
13,95,0,0,1,5,92,1,1,1,2,2,0,2,2,0,0,2,Non-binary,71,SIM-6349,synthetic_simulation,2,2,3,3,2,2,2,3,1,3,1,3,4,3,4,2,Christianity,Colombo,Group C
16,74,0,2,0,8,80,2,1,0,1,2,1,2,4,0,2,2,Male,66,SIM-6350,synthetic_simulation,3,1,2,5,1,1,1,5,4,5,3,2,5,1,1,1,Other,Negombo,Group A
37,96,2,2,0,7,77,2,1,2,2,2,1,2,3,0,1,1,Male,75,SIM-6351,synthetic_simulation,2,1,3,4,4,3,4,5,1,1,1,2,5,1,4,2,Buddhism,Negombo,Group B
14,84,0,2,1,9,86,0,1,1,1,2,0,2,4,0,1,2,Non-binary,68,SIM-6352,synthetic_simulation,5,4,1,2,3,2,5,2,5,2,5,1,1,4,1,1,Buddhism,Galle,Group B
12,92,0,2,0,7,90,2,1,2,2,0,1,0,5,0,1,2,Non-binary,69,SIM-6353,synthetic_simulation,5,5,5,4,3,5,3,2,1,2,1,5,1,4,5,5,Islam,Jaffna,Group A
24,77,2,1,1,6,65,0,1,2,2,0,0,2,3,0,1,2,Male,68,SIM-6354,synthetic_simulation,1,2,3,4,3,1,3,5,4,4,5,3,4,4,2,2,Buddhism,Jaffna,Group D
8,65,2,2,0,7,83,1,1,3,2,2,1,0,4,0,1,2,Non-binary,60,SIM-6355,synthetic_simulation,1,4,3,2,2,3,2,4,5,4,4,5,1,2,4,5,Christianity,Jaffna,Group C
19,77,2,1,0,9,57,1,1,4,2,2,1,1,3,1,1,2,Male,64,SIM-6356,synthetic_simulation,3,2,2,5,3,1,3,5,5,5,5,2,3,3,5,5,Hinduism,Negombo,Group C
33,78,2,2,0,9,72,2,1,4,2,2,1,2,3,0,1,1,Male,71,SIM-6357,synthetic_simulation,2,5,1,5,5,5,4,1,4,5,2,3,3,1,2,5,Other,Negombo,Group D
11,82,0,0,0,7,97,1,1,2,0,2,1,2,3,0,0,2,Non-binary,69,SIM-6358,synthetic_simulation,4,2,2,3,1,3,3,3,2,3,2,2,1,5,2,2,Buddhism,Galle,Group A
8,64,2,2,1,7,66,2,1,1,1,2,0,2,3,0,0,2,Female,60,SIM-6359,synthetic_simulation,1,3,2,3,3,3,1,2,3,2,2,1,4,1,5,1,Hinduism,Galle,Group B
11,100,0,0,1,8,58,0,1,1,1,2,0,2,3,0,0,2,Female,70,SIM-6360,synthetic_simulation,4,4,3,5,2,2,2,2,4,2,3,1,3,3,3,5,Other,Colombo,Group D
25,70,1,2,1,6,57,2,1,4,2,2,0,1,3,0,1,2,Female,66,SIM-6361,synthetic_simulation,4,1,1,5,1,4,3,4,1,4,2,5,5,4,3,5,Other,Colombo,Group C
27,68,0,2,0,8,70,0,1,0,2,2,0,2,3,0,2,2,Female,68,SIM-6362,synthetic_simulation,2,2,3,5,1,5,5,1,2,1,5,4,4,2,4,3,Other,Negombo,Group D
17,81,0,1,0,7,61,2,1,2,0,2,1,2,2,0,0,2,Non-binary,67,SIM-6363,synthetic_simulation,3,4,3,5,4,4,2,5,4,1,5,5,1,1,3,3,Buddhism,Jaffna,Group C
24,81,2,2,1,7,71,0,1,1,2,0,1,1,3,0,0,2,Male,70,SIM-6364,synthetic_simulation,2,4,3,4,3,5,4,1,3,4,5,3,3,5,4,2,Other,Kandy,Group B
28,78,0,2,1,7,86,1,1,0,1,0,1,1,2,0,0,1,Female,69,SIM-6365,synthetic_simulation,1,2,3,3,3,1,1,1,5,5,2,1,4,2,5,4,Islam,Galle,Group A
31,91,2,0,1,7,94,0,1,2,0,0,1,0,3,0,1,0,Male,75,SIM-6366,synthetic_simulation,4,1,5,2,2,4,3,4,3,2,4,5,5,1,3,5,Buddhism,Kandy,Group A
19,81,2,1,1,10,56,1,1,1,2,0,1,2,3,0,1,2,Non-binary,65,SIM-6367,synthetic_simulation,2,1,4,1,5,3,1,4,3,2,4,1,1,3,3,2,Hinduism,Kandy,Group D
6,84,2,2,1,6,88,2,1,1,1,2,0,2,5,0,2,1,Non-binary,65,SIM-6368,synthetic_simulation,2,2,1,2,5,2,4,5,4,2,3,4,2,1,1,1,Islam,Negombo,Group A
15,89,2,1,0,6,55,2,1,1,2,2,1,2,4,0,2,1,Female,66,SIM-6369,synthetic_simulation,2,4,5,1,4,5,3,5,5,1,5,5,3,5,1,2,Islam,Colombo,Group D
17,61,0,2,1,9,69,0,1,1,2,0,1,2,3,0,1,0,Male,64,SIM-6370,synthetic_simulation,1,1,4,4,5,2,2,3,5,5,5,1,5,2,2,5,Buddhism,Jaffna,Group B
18,83,1,2,0,8,100,2,1,1,1,0,0,0,2,0,1,2,Non-binary,66,SIM-6371,synthetic_simulation,3,2,4,3,2,5,2,1,3,1,3,2,4,1,1,1,Other,Kandy,Group C
19,95,2,0,1,8,53,2,1,3,1,2,1,2,1,0,1,1,Female,70,SIM-6372,synthetic_simulation,2,2,4,1,4,3,5,5,4,5,5,4,3,5,5,3,Islam,Galle,Group D
27,61,0,1,0,5,51,0,1,1,1,2,0,2,1,0,0,0,Male,63,SIM-6373,synthetic_simulation,1,2,5,5,3,3,4,4,5,4,1,2,3,1,4,5,Christianity,Galle,Group B
28,76,1,1,0,7,67,0,1,1,0,1,1,0,4,0,0,2,Female,66,SIM-6374,synthetic_simulation,4,4,1,4,5,3,3,3,5,5,3,3,1,1,4,3,Hinduism,Galle,Group C
19,97,1,2,1,8,98,1,1,1,2,2,1,2,3,0,0,2,Male,71,SIM-6375,synthetic_simulation,5,1,2,1,2,3,1,3,1,1,5,4,5,4,1,5,Christianity,Kandy,Group D
27,74,2,0,0,6,51,0,1,2,2,2,0,2,4,0,1,0,Male,68,SIM-6376,synthetic_simulation,1,4,4,5,2,3,1,4,3,2,3,1,3,5,1,1,Buddhism,Colombo,Group C
22,78,2,2,1,8,61,2,1,2,0,2,1,2,5,0,1,1,Male,68,SIM-6377,synthetic_simulation,5,3,2,4,3,2,3,5,2,1,1,2,3,1,4,5,Islam,Jaffna,Group A
20,99,1,2,0,7,80,0,1,0,2,0,1,0,3,0,2,2,Non-binary,71,SIM-6378,synthetic_simulation,2,1,2,1,2,1,4,4,3,4,1,3,5,2,2,5,Other,Kandy,Group B
25,68,1,2,0,6,62,1,1,1,1,0,0,0,4,0,0,1,Female,63,SIM-6379,synthetic_simulation,2,4,3,5,4,4,4,5,4,2,2,2,4,3,3,2,Other,Colombo,Group A
20,63,1,1,0,9,53,1,1,1,2,2,1,2,4,0,1,2,Male,60,SIM-6380,synthetic_simulation,1,1,2,3,4,2,1,4,5,1,5,4,1,4,2,4,Islam,Jaffna,Group C
32,94,2,0,1,9,53,2,1,1,2,2,1,1,3,0,1,2,Male,73,SIM-6381,synthetic_simulation,5,3,3,4,1,4,3,4,5,2,1,2,3,4,5,2,Islam,Jaffna,Group C
11,95,2,2,1,7,78,1,1,4,2,2,0,0,4,0,1,2,Female,68,SIM-6382,synthetic_simulation,2,5,1,1,3,1,3,2,1,4,1,2,5,4,5,4,Other,Jaffna,Group A
17,79,0,0,1,8,78,2,1,2,0,2,1,2,5,0,1,2,Non-binary,70,SIM-6383,synthetic_simulation,4,2,1,5,2,5,1,5,5,5,1,5,2,3,3,4,Hinduism,Jaffna,Group B
19,81,2,2,1,9,85,2,1,1,1,2,1,1,1,0,1,1,Female,66,SIM-6384,synthetic_simulation,3,4,3,3,5,1,3,1,5,5,2,1,4,5,3,1,Buddhism,Jaffna,Group B
23,93,0,2,0,6,57,2,1,1,0,2,1,2,2,0,2,2,Male,72,SIM-6385,synthetic_simulation,3,3,1,5,4,1,3,2,2,3,5,2,1,2,2,5,Hinduism,Colombo,Group B
28,90,0,1,1,8,75,2,1,1,1,0,1,1,3,1,1,1,Male,70,SIM-6386,synthetic_simulation,2,3,4,3,3,5,2,2,3,2,3,5,2,3,4,3,Other,Jaffna,Group A
20,71,0,0,1,6,80,2,1,2,0,1,1,2,3,0,1,2,Female,68,SIM-6387,synthetic_simulation,5,1,1,1,3,4,2,2,5,4,2,1,4,2,3,5,Buddhism,Kandy,Group A
11,61,2,2,1,5,61,2,1,3,2,0,1,1,0,1,2,2,Female,60,SIM-6388,synthetic_simulation,2,1,3,5,4,3,5,2,4,1,5,4,3,2,2,4,Buddhism,Colombo,Group C
25,79,0,2,0,6,77,1,0,2,1,0,1,1,3,0,1,2,Non-binary,68,SIM-6389,synthetic_simulation,5,2,4,5,1,5,5,1,2,1,1,4,1,4,2,4,Other,Jaffna,Group D
25,94,0,0,0,5,85,0,1,1,2,2,1,1,2,0,0,2,Male,74,SIM-6390,synthetic_simulation,4,1,2,2,3,5,4,2,2,3,2,5,4,1,4,1,Other,Colombo,Group B
8,96,2,2,1,8,100,0,1,1,0,2,1,0,4,0,1,1,Male,68,SIM-6391,synthetic_simulation,5,4,2,4,2,1,2,1,1,1,4,5,4,2,2,2,Islam,Colombo,Group A
20,98,1,2,1,6,80,1,1,4,2,2,1,2,4,0,0,2,Female,72,SIM-6392,synthetic_simulation,2,4,2,5,5,5,2,1,4,4,4,4,4,2,5,4,Islam,Galle,Group C
10,95,2,0,1,5,93,0,1,0,1,0,1,2,3,0,1,1,Female,69,SIM-6393,synthetic_simulation,4,4,3,3,5,2,2,2,2,4,1,3,4,2,4,4,Islam,Colombo,Group A
16,83,1,2,1,8,92,1,1,2,0,0,1,2,4,0,2,2,Male,98,SIM-6394,synthetic_simulation,1,5,2,4,4,3,2,3,3,5,5,1,2,2,1,2,Other,Galle,Group C
15,78,2,0,0,8,97,2,1,1,2,2,1,1,4,0,2,2,Male,68,SIM-6395,synthetic_simulation,3,4,1,1,3,1,4,1,4,2,5,1,1,4,2,3,Hinduism,Negombo,Group B
25,91,2,1,0,7,86,2,1,0,2,2,1,1,5,0,1,2,Non-binary,70,SIM-6396,synthetic_simulation,2,1,2,4,5,4,1,2,3,2,2,5,3,2,3,2,Buddhism,Galle,Group C
21,90,2,2,0,8,61,2,1,1,0,2,1,2,4,0,2,1,Male,69,SIM-6397,synthetic_simulation,2,1,5,2,3,4,4,4,1,1,4,1,1,1,3,2,Hinduism,Negombo,Group D
12,82,0,1,0,6,65,1,1,3,2,2,0,0,3,0,1,2,Male,64,SIM-6398,synthetic_simulation,2,4,5,1,4,4,1,4,1,2,5,3,2,5,4,2,Christianity,Negombo,Group A
25,63,2,1,0,6,89,0,1,1,2,0,0,1,4,0,1,1,Female,65,SIM-6399,synthetic_simulation,4,3,2,5,1,4,5,5,5,3,2,1,1,5,3,4,Hinduism,Negombo,Group A
11,97,2,2,0,8,76,0,1,2,2,0,1,2,2,0,1,1,Non-binary,69,SIM-6400,synthetic_simulation,1,3,2,1,5,4,2,1,3,2,2,5,2,2,3,3,Christianity,Galle,Group B
22,78,2,1,0,9,63,0,1,2,2,0,1,1,4,0,1,2,Male,67,SIM-6401,synthetic_simulation,5,3,5,1,2,1,1,1,3,1,4,2,2,4,1,1,Christianity,Colombo,Group D
15,75,2,0,0,6,83,1,1,1,0,2,0,0,2,0,1,2,Female,65,SIM-6402,synthetic_simulation,1,2,2,2,4,2,4,4,1,2,1,2,2,1,3,1,Buddhism,Jaffna,Group B
18,85,2,0,1,6,95,0,1,2,1,1,0,2,4,0,0,2,Male,70,SIM-6403,synthetic_simulation,4,5,4,3,1,2,1,1,3,4,2,5,2,1,4,1,Buddhism,Negombo,Group D
23,87,0,1,0,8,68,2,1,0,0,0,0,1,3,0,0,0,Male,68,SIM-6404,synthetic_simulation,2,4,5,1,2,4,3,1,4,4,1,2,4,2,4,5,Christianity,Jaffna,Group A
23,68,2,2,1,8,80,2,1,1,2,1,1,1,1,0,1,2,Non-binary,65,SIM-6405,synthetic_simulation,3,2,3,3,2,2,5,4,5,5,4,1,1,4,5,5,Other,Colombo,Group A
28,93,2,2,0,7,79,0,1,0,2,2,1,2,4,0,2,2,Male,74,SIM-6406,synthetic_simulation,2,3,5,4,5,3,5,2,5,5,2,5,5,5,2,1,Christianity,Negombo,Group B
20,72,2,2,1,9,56,2,1,4,0,2,1,0,2,0,1,2,Female,65,SIM-6407,synthetic_simulation,5,4,1,2,3,2,2,4,4,5,3,5,2,3,2,3,Islam,Negombo,Group D
22,67,0,0,1,10,55,2,1,1,1,2,1,2,2,0,1,1,Male,65,SIM-6408,synthetic_simulation,3,2,4,5,4,5,2,3,2,5,4,5,2,2,2,2,Buddhism,Negombo,Group A
17,76,0,2,1,8,94,2,1,3,2,2,1,1,4,0,1,1,Female,68,SIM-6409,synthetic_simulation,2,1,3,1,2,4,4,4,3,2,4,2,1,2,4,2,Hinduism,Negombo,Group B
21,89,2,2,0,6,97,2,0,1,1,2,0,0,3,0,2,0,Male,68,SIM-6410,synthetic_simulation,3,3,2,3,5,5,1,4,2,1,3,4,4,2,3,4,Buddhism,Galle,Group C
23,99,2,2,0,8,95,0,1,5,2,2,1,1,4,0,1,1,Female,74,SIM-6411,synthetic_simulation,1,2,1,1,1,5,3,2,2,2,4,2,3,4,2,4,Other,Galle,Group D
19,92,0,2,0,6,70,0,1,2,2,2,0,0,3,0,1,2,Female,71,SIM-6412,synthetic_simulation,4,1,1,2,2,4,5,4,3,1,3,5,2,3,3,4,Islam,Kandy,Group A
9,98,0,2,1,9,64,2,1,1,1,2,0,0,3,0,1,2,Male,67,SIM-6413,synthetic_simulation,2,3,4,5,1,1,1,4,1,1,3,1,4,4,3,2,Other,Jaffna,Group B
22,66,2,2,1,6,97,1,1,0,0,1,1,1,3,0,1,1,Female,64,SIM-6414,synthetic_simulation,5,5,3,4,4,2,3,2,3,1,4,4,4,2,5,5,Hinduism,Jaffna,Group A
22,63,1,1,1,7,94,2,1,0,2,2,1,0,3,1,1,0,Female,61,SIM-6415,synthetic_simulation,1,3,1,4,5,3,1,4,1,1,3,5,5,3,2,5,Buddhism,Kandy,Group A
16,82,2,2,0,6,91,2,1,0,1,2,1,2,3,0,1,2,Male,66,SIM-6416,synthetic_simulation,2,5,3,3,1,1,2,2,4,4,3,2,2,1,4,1,Hinduism,Galle,Group C
12,72,2,2,0,7,67,1,1,0,1,2,1,2,2,0,1,2,Male,61,SIM-6417,synthetic_simulation,1,5,3,4,3,3,5,3,1,1,4,3,4,1,4,4,Islam,Kandy,Group B
29,93,2,0,0,7,82,2,1,5,1,2,1,0,3,0,1,1,Male,73,SIM-6418,synthetic_simulation,5,5,1,3,1,4,3,2,2,2,3,5,5,3,5,5,Hinduism,Negombo,Group C
23,87,1,2,0,8,88,0,1,2,2,0,1,1,3,0,1,2,Non-binary,70,SIM-6419,synthetic_simulation,2,4,3,5,1,2,2,1,2,1,1,1,4,2,2,4,Christianity,Galle,Group C
19,99,1,2,0,7,79,2,1,2,1,2,0,1,2,0,2,2,Female,70,SIM-6420,synthetic_simulation,5,4,4,1,5,1,4,1,2,4,4,3,5,4,3,2,Islam,Negombo,Group D
13,70,2,1,1,7,80,0,1,1,0,2,1,2,4,0,0,0,Female,63,SIM-6421,synthetic_simulation,3,5,1,2,5,4,4,2,1,2,4,3,5,2,2,3,Other,Kandy,Group D
15,79,0,2,1,6,88,2,1,3,0,2,1,1,3,0,2,1,Non-binary,69,SIM-6422,synthetic_simulation,5,1,4,5,2,1,2,4,2,3,1,2,5,3,4,4,Other,Jaffna,Group C
28,80,0,0,0,7,88,2,1,2,0,2,1,0,2,0,1,2,Non-binary,72,SIM-6423,synthetic_simulation,3,5,4,5,1,5,3,5,5,2,5,2,4,2,4,1,Hinduism,Colombo,Group D
21,70,2,0,1,5,62,2,1,2,1,0,1,1,2,0,1,2,Female,66,SIM-6424,synthetic_simulation,2,2,3,4,1,2,3,5,3,4,2,4,3,2,4,3,Islam,Colombo,Group D
17,84,0,0,0,9,70,2,1,1,0,2,1,0,4,0,1,2,Male,68,SIM-6425,synthetic_simulation,3,5,3,4,5,2,5,3,2,4,3,5,1,1,3,3,Hinduism,Negombo,Group C
23,78,2,0,0,7,89,2,1,1,2,1,1,1,3,0,1,0,Non-binary,67,SIM-6426,synthetic_simulation,2,4,1,2,3,4,2,3,1,5,3,4,5,5,4,5,Christianity,Colombo,Group A
15,78,2,0,1,9,63,2,0,2,2,2,0,2,3,0,2,0,Non-binary,65,SIM-6427,synthetic_simulation,2,4,2,1,5,4,4,5,2,3,2,4,2,4,2,3,Islam,Negombo,Group B
29,75,1,2,1,7,96,1,1,2,1,2,1,2,3,0,1,1,Male,68,SIM-6428,synthetic_simulation,4,2,1,5,3,4,2,5,1,1,3,3,1,2,3,1,Buddhism,Kandy,Group D
28,61,0,2,1,4,92,1,1,1,2,0,0,1,4,0,0,2,Male,68,SIM-6429,synthetic_simulation,2,2,4,4,5,2,1,2,3,4,3,2,3,1,2,5,Other,Galle,Group C
17,81,0,2,0,6,95,0,1,2,2,2,0,2,3,0,1,2,Female,69,SIM-6430,synthetic_simulation,3,3,3,5,4,5,3,5,1,5,1,3,1,5,1,3,Hinduism,Jaffna,Group A
16,73,0,0,1,7,65,1,1,1,2,2,0,2,4,0,0,1,Male,66,SIM-6431,synthetic_simulation,4,1,4,1,1,2,1,1,3,5,1,5,1,1,1,3,Christianity,Negombo,Group B
4,60,2,2,1,7,55,2,1,2,1,2,0,1,2,0,2,2,Non-binary,58,SIM-6432,synthetic_simulation,4,1,5,3,3,4,4,3,2,1,1,4,3,2,3,1,Other,Galle,Group B
11,72,0,1,0,8,55,0,1,0,2,1,1,1,3,1,0,2,Female,60,SIM-6433,synthetic_simulation,2,1,5,1,4,3,3,3,5,2,1,4,2,4,4,5,Islam,Galle,Group A
12,71,0,0,1,7,78,0,1,3,1,2,1,2,4,0,0,1,Female,67,SIM-6434,synthetic_simulation,5,4,4,5,3,5,4,1,2,3,4,5,5,5,4,5,Other,Negombo,Group C
21,76,2,2,1,6,65,1,1,2,1,0,1,0,2,0,1,2,Female,65,SIM-6435,synthetic_simulation,5,1,2,5,2,2,4,3,3,1,3,4,4,2,3,3,Other,Jaffna,Group A
18,65,0,2,1,6,63,0,1,1,1,2,1,0,2,0,1,0,Male,62,SIM-6436,synthetic_simulation,4,3,2,2,2,3,4,5,4,1,2,2,2,3,2,1,Buddhism,Jaffna,Group B
12,80,2,0,1,6,61,2,1,0,0,0,0,1,2,0,1,2,Male,65,SIM-6437,synthetic_simulation,2,3,1,5,1,5,5,3,4,2,3,2,2,2,1,2,Buddhism,Galle,Group D
18,88,0,0,0,8,78,2,1,0,2,2,1,1,2,0,0,1,Male,69,SIM-6438,synthetic_simulation,5,1,1,4,4,2,4,1,4,2,4,4,5,1,4,1,Christianity,Colombo,Group D
23,85,1,0,0,8,77,2,1,0,0,2,1,2,4,0,0,2,Male,70,SIM-6439,synthetic_simulation,2,2,1,2,4,4,4,3,2,4,4,5,2,2,4,3,Christianity,Galle,Group C
23,92,1,0,1,6,71,0,1,2,1,2,1,2,2,0,1,1,Non-binary,70,SIM-6440,synthetic_simulation,2,3,3,5,2,2,1,5,1,2,3,3,2,3,1,3,Hinduism,Kandy,Group B
9,78,0,2,0,9,57,1,1,1,1,0,1,2,5,0,1,1,Non-binary,63,SIM-6441,synthetic_simulation,4,2,2,1,1,5,1,2,5,2,3,4,1,3,3,2,Buddhism,Negombo,Group D
19,81,1,2,1,8,96,0,1,0,2,0,1,1,4,0,2,2,Female,69,SIM-6442,synthetic_simulation,4,4,4,5,2,4,1,5,5,3,1,1,1,2,3,2,Islam,Galle,Group C
12,92,1,2,0,6,71,1,1,0,2,0,0,0,4,0,1,2,Non-binary,64,SIM-6443,synthetic_simulation,1,3,5,1,4,1,3,3,2,3,4,2,3,3,3,5,Hinduism,Jaffna,Group C
25,77,2,0,0,7,56,2,1,1,1,2,1,2,3,0,2,2,Male,69,SIM-6444,synthetic_simulation,5,2,2,1,3,3,5,4,3,3,3,1,3,1,4,3,Islam,Kandy,Group A
25,88,0,2,1,8,52,1,1,1,2,2,1,2,2,0,1,2,Male,70,SIM-6445,synthetic_simulation,5,1,2,5,4,4,3,3,2,1,2,1,3,3,2,5,Buddhism,Galle,Group C
15,77,2,2,1,5,58,2,1,1,1,2,1,2,3,0,0,1,Non-binary,64,SIM-6446,synthetic_simulation,5,4,2,1,1,4,5,3,4,3,2,1,4,3,5,3,Islam,Negombo,Group C
15,77,0,2,1,5,65,1,0,2,1,2,1,2,4,1,2,2,Non-binary,65,SIM-6447,synthetic_simulation,3,5,1,3,4,5,5,1,3,3,1,4,5,4,3,1,Islam,Negombo,Group A
17,90,0,2,0,8,82,2,1,0,2,0,1,1,4,0,0,2,Non-binary,70,SIM-6448,synthetic_simulation,2,5,3,2,5,5,2,4,5,5,1,4,4,1,5,4,Buddhism,Negombo,Group C
6,67,2,1,1,6,99,1,1,0,2,2,0,1,2,0,0,2,Male,60,SIM-6449,synthetic_simulation,4,1,4,5,4,3,2,1,2,3,3,1,4,3,2,5,Buddhism,Jaffna,Group A
22,74,2,0,1,9,64,0,1,3,2,2,1,1,3,0,1,2,Male,68,SIM-6450,synthetic_simulation,5,4,1,3,5,5,2,1,1,1,2,4,3,2,4,5,Other,Negombo,Group B
18,69,1,1,1,10,89,1,1,2,1,0,1,1,1,1,1,1,Female,61,SIM-6451,synthetic_simulation,1,4,3,1,2,4,5,5,1,5,4,1,5,3,5,5,Islam,Kandy,Group D
26,74,2,1,1,8,96,2,1,2,2,0,0,1,3,0,1,2,Female,68,SIM-6452,synthetic_simulation,5,4,2,1,5,3,5,2,5,1,5,1,4,5,3,4,Hinduism,Colombo,Group B
13,69,2,1,0,8,70,2,1,1,0,0,0,1,3,0,1,1,Female,61,SIM-6453,synthetic_simulation,2,4,3,2,4,3,3,3,3,1,2,3,1,5,5,4,Christianity,Kandy,Group D
16,83,1,2,0,5,63,1,1,2,0,2,0,2,3,1,1,1,Non-binary,64,SIM-6454,synthetic_simulation,2,5,1,3,4,2,5,4,4,5,4,3,4,1,1,2,Other,Jaffna,Group D
11,92,2,2,0,5,75,2,1,2,2,2,1,0,3,0,1,2,Non-binary,66,SIM-6455,synthetic_simulation,4,2,2,3,4,4,4,3,1,5,2,3,1,5,2,3,Christianity,Jaffna,Group D
14,91,2,2,1,7,95,2,1,2,0,0,1,2,2,0,1,1,Male,70,SIM-6456,synthetic_simulation,3,4,1,5,1,4,4,1,1,5,3,5,4,5,1,1,Hinduism,Kandy,Group A
13,75,0,0,1,5,51,2,1,3,2,2,0,0,3,0,1,2,Non-binary,65,SIM-6457,synthetic_simulation,4,2,4,1,2,5,5,2,2,5,5,2,5,3,2,5,Hinduism,Kandy,Group D
26,100,2,0,1,7,74,0,1,1,2,2,1,1,2,0,1,2,Male,74,SIM-6458,synthetic_simulation,5,4,2,4,5,4,4,1,5,1,5,4,1,1,2,2,Buddhism,Kandy,Group C
16,84,0,0,0,6,88,1,1,1,2,2,0,0,1,1,1,2,Male,66,SIM-6459,synthetic_simulation,1,3,3,5,3,5,5,3,1,5,3,3,1,4,4,5,Islam,Jaffna,Group B
21,76,1,2,1,7,80,0,1,3,1,2,1,0,2,1,0,2,Non-binary,65,SIM-6460,synthetic_simulation,4,3,1,5,5,4,2,5,2,2,3,2,3,3,2,3,Buddhism,Negombo,Group B
18,93,1,0,0,7,75,0,1,1,0,2,0,2,1,0,0,1,Non-binary,69,SIM-6461,synthetic_simulation,3,3,5,5,4,2,5,3,3,3,1,2,1,4,2,4,Islam,Jaffna,Group C
12,89,2,0,1,8,78,1,1,4,1,2,1,1,5,0,2,2,Male,69,SIM-6462,synthetic_simulation,4,4,3,2,3,4,2,1,1,3,4,4,4,2,3,3,Other,Negombo,Group C
19,90,1,0,0,7,81,2,1,2,2,2,0,2,2,0,1,2,Male,69,SIM-6463,synthetic_simulation,2,2,3,2,3,2,1,4,5,2,4,5,4,5,1,3,Buddhism,Kandy,Group A
24,68,0,1,0,6,84,2,1,1,1,0,1,2,4,0,1,2,Male,66,SIM-6464,synthetic_simulation,5,5,2,5,5,4,4,4,2,1,1,1,3,3,5,3,Buddhism,Negombo,Group A
13,79,2,1,0,5,68,2,0,2,0,2,0,2,3,0,1,2,Non-binary,63,SIM-6465,synthetic_simulation,5,1,3,4,5,4,1,4,3,1,4,3,2,1,4,2,Hinduism,Galle,Group B
25,94,2,1,1,7,76,2,1,1,1,0,0,1,2,1,1,1,Male,69,SIM-6466,synthetic_simulation,5,5,1,3,5,1,4,4,2,3,5,5,1,5,2,3,Islam,Colombo,Group C
15,80,2,0,1,4,64,2,1,1,2,2,1,1,1,0,1,2,Female,65,SIM-6467,synthetic_simulation,5,4,5,3,5,4,1,4,4,4,2,4,1,2,3,3,Hinduism,Negombo,Group C
17,87,2,2,0,9,99,2,1,1,2,1,0,1,3,0,1,1,Male,67,SIM-6468,synthetic_simulation,5,3,4,1,2,2,5,2,5,2,5,5,1,5,2,3,Buddhism,Colombo,Group C
23,84,2,2,0,8,59,1,1,1,1,0,1,2,4,1,2,0,Non-binary,66,SIM-6469,synthetic_simulation,5,3,5,3,1,3,1,2,5,2,1,2,4,5,4,1,Islam,Kandy,Group A
16,94,1,2,1,8,58,2,1,2,1,2,1,2,3,1,0,2,Male,67,SIM-6470,synthetic_simulation,1,2,1,3,1,2,4,5,1,3,4,5,5,4,1,2,Islam,Colombo,Group A
20,71,1,0,1,6,63,0,1,1,1,2,1,2,2,0,0,1,Female,65,SIM-6471,synthetic_simulation,3,4,2,4,5,4,3,4,2,5,4,3,5,2,5,2,Other,Galle,Group A
18,83,2,0,0,8,96,1,1,0,2,0,1,2,4,1,2,2,Non-binary,69,SIM-6472,synthetic_simulation,5,5,1,3,1,5,4,1,3,4,2,5,5,1,3,1,Hinduism,Jaffna,Group B
21,65,1,0,0,6,83,2,1,3,1,0,1,1,5,0,1,2,Male,65,SIM-6473,synthetic_simulation,3,4,3,4,5,1,3,1,1,1,2,5,3,5,4,2,Other,Colombo,Group D
6,88,0,0,1,7,73,2,1,3,1,2,0,1,3,0,0,2,Male,67,SIM-6474,synthetic_simulation,5,4,2,2,5,5,5,3,5,1,2,2,3,5,4,5,Hinduism,Jaffna,Group C
9,89,2,2,1,6,96,2,1,0,0,1,1,0,4,0,1,2,Non-binary,66,SIM-6475,synthetic_simulation,4,3,4,4,5,1,4,4,2,1,5,5,4,1,2,2,Hinduism,Jaffna,Group D
24,62,1,2,0,7,95,2,1,1,0,1,1,2,3,0,0,0,Non-binary,64,SIM-6476,synthetic_simulation,5,5,4,2,2,1,1,1,3,1,1,2,5,1,3,2,Islam,Negombo,Group D
26,87,2,0,0,5,70,1,1,1,1,2,0,2,2,0,1,2,Male,70,SIM-6477,synthetic_simulation,2,1,1,4,4,5,5,5,5,2,1,3,2,3,5,3,Islam,Colombo,Group A
15,77,2,0,1,7,78,2,1,0,1,0,1,1,3,0,1,1,Male,65,SIM-6478,synthetic_simulation,1,3,3,5,1,4,4,1,3,2,1,3,1,3,4,1,Christianity,Negombo,Group C
19,65,1,2,1,5,95,2,1,2,2,0,0,1,4,0,0,2,Non-binary,65,SIM-6479,synthetic_simulation,4,5,4,2,1,2,5,5,2,5,5,1,5,5,5,4,Buddhism,Colombo,Group A
22,77,1,1,0,10,66,2,1,2,1,2,1,2,3,0,0,1,Non-binary,64,SIM-6480,synthetic_simulation,4,2,5,2,2,5,3,4,3,2,3,1,2,3,1,3,Other,Galle,Group D
24,68,2,1,1,7,70,1,1,1,1,1,1,1,3,0,0,2,Male,64,SIM-6481,synthetic_simulation,2,3,2,3,2,3,5,3,1,5,4,2,1,5,2,5,Christianity,Galle,Group C
8,77,2,1,1,7,90,1,1,1,2,2,1,1,0,0,1,1,Non-binary,61,SIM-6482,synthetic_simulation,5,2,5,2,5,1,1,3,1,5,5,1,1,1,5,2,Other,Negombo,Group B
15,75,0,2,0,8,85,2,1,1,1,0,1,1,3,0,1,2,Non-binary,65,SIM-6483,synthetic_simulation,1,3,4,4,5,2,4,2,2,1,1,1,3,3,4,3,Other,Kandy,Group B
18,90,0,2,1,5,52,1,1,5,2,2,0,2,3,1,1,1,Male,68,SIM-6484,synthetic_simulation,4,4,4,5,4,3,3,4,5,1,5,4,2,2,4,4,Buddhism,Jaffna,Group D
24,91,1,0,1,6,56,2,1,1,1,0,1,2,2,0,0,1,Male,70,SIM-6485,synthetic_simulation,1,5,1,5,1,2,5,1,4,2,5,1,5,2,4,5,Other,Jaffna,Group D
35,84,1,2,1,8,92,0,1,6,1,0,1,0,4,0,1,1,Non-binary,74,SIM-6486,synthetic_simulation,4,2,1,3,2,4,2,3,4,2,3,5,5,1,4,2,Other,Colombo,Group B
19,61,2,2,0,7,51,1,1,1,1,0,1,1,1,0,1,2,Female,60,SIM-6487,synthetic_simulation,5,3,2,4,4,3,3,5,4,5,2,3,4,5,3,2,Islam,Galle,Group A
12,97,0,1,1,6,96,2,1,2,1,0,1,2,2,0,2,2,Non-binary,71,SIM-6488,synthetic_simulation,4,2,1,4,1,5,3,5,5,3,1,1,2,2,2,4,Islam,Negombo,Group C
22,87,0,0,1,8,64,2,0,2,2,0,1,0,3,0,1,1,Non-binary,70,SIM-6489,synthetic_simulation,4,3,3,1,4,2,1,1,1,1,5,2,1,3,3,4,Islam,Kandy,Group C
28,61,1,2,1,7,80,1,1,2,2,2,1,2,4,0,2,2,Female,67,SIM-6490,synthetic_simulation,3,3,2,2,4,5,1,1,1,4,2,4,3,4,3,4,Buddhism,Colombo,Group D
21,93,2,2,1,8,78,2,0,0,1,2,0,1,3,0,1,2,Female,68,SIM-6491,synthetic_simulation,5,1,3,3,5,5,5,4,1,3,4,4,4,5,2,5,Islam,Galle,Group A
15,68,0,2,0,8,70,2,1,3,2,0,1,0,3,0,1,2,Female,64,SIM-6492,synthetic_simulation,2,1,1,5,4,2,2,1,2,1,4,3,3,3,4,5,Christianity,Kandy,Group C
26,83,0,1,0,6,52,2,1,0,1,0,1,0,3,0,1,2,Female,67,SIM-6493,synthetic_simulation,2,1,2,1,5,2,3,1,1,1,4,3,1,5,1,3,Christianity,Kandy,Group A
24,79,1,1,0,7,60,1,1,0,1,0,1,1,3,0,2,2,Non-binary,65,SIM-6494,synthetic_simulation,5,2,4,4,1,1,5,1,1,2,5,2,1,3,3,4,Christianity,Negombo,Group C
14,77,2,2,1,4,81,1,1,3,2,2,0,1,3,0,0,2,Female,66,SIM-6495,synthetic_simulation,2,4,5,2,1,1,2,3,1,4,5,2,3,1,5,2,Buddhism,Negombo,Group B
22,96,2,2,1,6,72,1,1,1,0,2,1,2,4,0,0,2,Male,72,SIM-6496,synthetic_simulation,5,3,4,5,5,3,5,4,4,4,3,2,4,1,3,1,Hinduism,Galle,Group D
26,77,1,2,1,7,71,0,1,3,0,2,1,1,3,0,1,2,Non-binary,69,SIM-6497,synthetic_simulation,2,5,3,1,3,3,3,1,3,1,1,4,1,1,2,2,Hinduism,Negombo,Group D
27,63,2,2,1,8,55,1,1,1,2,2,0,1,3,0,2,2,Male,65,SIM-6498,synthetic_simulation,3,1,4,4,4,3,5,1,1,5,2,4,5,1,3,4,Christianity,Colombo,Group C
20,98,1,0,1,8,67,2,1,0,0,2,1,2,3,0,1,2,Male,71,SIM-6499,synthetic_simulation,2,2,4,5,1,1,1,5,3,4,4,2,5,3,5,2,Hinduism,Jaffna,Group C
18,97,0,0,1,6,76,2,1,0,2,0,1,1,5,0,1,1,Non-binary,72,SIM-6500,synthetic_simulation,4,2,5,5,4,5,1,3,1,3,2,1,5,2,3,3,Other,Colombo,Group C
27,87,0,2,0,6,54,2,1,0,2,2,0,2,2,0,1,2,Non-binary,70,SIM-6501,synthetic_simulation,5,2,5,4,3,4,4,1,4,5,3,1,4,3,1,4,Buddhism,Colombo,Group A
13,79,0,2,0,9,53,2,0,1,2,2,0,2,2,0,0,1,Non-binary,63,SIM-6502,synthetic_simulation,1,5,4,4,4,4,2,3,4,2,4,2,4,3,3,5,Christianity,Kandy,Group C
23,64,2,2,0,7,75,2,1,2,2,0,1,2,2,0,1,2,Female,66,SIM-6503,synthetic_simulation,1,5,5,3,3,2,3,4,3,1,2,2,2,4,5,1,Christianity,Galle,Group A
12,92,1,1,1,7,78,0,1,3,2,0,1,0,2,0,0,2,Female,67,SIM-6504,synthetic_simulation,5,1,4,5,2,1,2,4,4,1,1,4,2,4,4,4,Christianity,Galle,Group C
26,63,2,0,0,8,63,1,1,1,0,0,1,1,3,0,2,2,Male,67,SIM-6505,synthetic_simulation,3,5,2,4,3,2,1,2,2,3,1,1,5,3,1,2,Other,Kandy,Group C
18,63,2,2,1,7,66,1,1,2,2,2,0,0,2,0,0,2,Non-binary,62,SIM-6506,synthetic_simulation,2,1,4,1,1,4,3,5,5,3,3,3,3,1,4,2,Islam,Colombo,Group D
28,81,2,0,1,7,90,0,1,3,2,2,0,0,3,0,1,1,Male,72,SIM-6507,synthetic_simulation,3,5,1,2,5,2,4,2,5,2,2,3,3,4,3,4,Christianity,Colombo,Group A
23,66,2,0,1,7,93,0,1,1,0,0,1,2,1,0,1,2,Male,69,SIM-6508,synthetic_simulation,1,5,5,3,5,1,1,3,1,2,3,5,5,4,5,5,Hinduism,Jaffna,Group B
13,60,2,2,1,6,66,2,1,1,2,0,1,2,5,1,0,1,Female,61,SIM-6509,synthetic_simulation,5,5,5,4,4,1,1,5,4,4,3,3,2,3,2,5,Islam,Jaffna,Group B
29,77,2,1,1,7,68,0,1,1,2,2,1,2,3,0,1,0,Non-binary,67,SIM-6510,synthetic_simulation,5,1,3,2,2,1,2,1,5,5,3,1,4,5,1,4,Other,Galle,Group B
29,65,1,2,1,4,92,2,0,0,2,2,0,2,4,0,1,2,Female,66,SIM-6511,synthetic_simulation,3,3,3,3,4,4,5,5,3,1,5,4,3,4,5,2,Christianity,Colombo,Group D
25,66,2,2,1,6,99,2,1,2,2,2,1,2,3,0,0,2,Female,68,SIM-6512,synthetic_simulation,3,1,1,5,3,1,2,5,3,4,1,1,4,1,2,2,Islam,Jaffna,Group A
15,63,2,0,0,8,66,0,1,1,1,2,0,0,4,0,0,2,Female,62,SIM-6513,synthetic_simulation,2,3,5,2,5,3,1,4,3,2,5,1,5,3,1,5,Christianity,Kandy,Group B
18,68,0,1,1,8,89,2,1,0,2,1,1,0,3,0,0,0,Female,63,SIM-6514,synthetic_simulation,4,2,5,3,3,3,2,2,1,3,5,3,4,5,1,2,Christianity,Colombo,Group A
21,89,2,2,1,9,74,0,1,3,1,2,0,2,4,0,1,1,Non-binary,70,SIM-6515,synthetic_simulation,4,2,3,4,5,1,5,4,5,4,1,2,3,2,3,1,Other,Negombo,Group A
16,92,1,0,1,8,63,2,1,2,1,2,1,1,4,0,0,1,Female,68,SIM-6516,synthetic_simulation,2,1,3,4,5,3,4,4,5,3,3,5,2,1,2,1,Hinduism,Jaffna,Group C
30,78,2,0,1,8,84,2,1,1,0,1,0,0,1,0,0,2,Male,71,SIM-6517,synthetic_simulation,4,3,4,3,5,1,3,2,5,5,2,3,3,1,1,1,Other,Kandy,Group D
21,80,0,1,0,7,73,2,1,0,2,1,0,1,2,0,1,1,Female,65,SIM-6518,synthetic_simulation,1,3,5,5,1,4,1,4,3,3,3,3,1,3,1,1,Other,Kandy,Group B
4,61,1,0,1,6,63,2,1,4,2,2,1,1,3,0,1,1,Female,59,SIM-6519,synthetic_simulation,4,3,5,3,3,3,2,5,3,1,3,3,4,2,3,3,Hinduism,Negombo,Group B
22,63,0,1,1,8,55,2,1,2,2,2,0,1,4,0,1,2,Female,64,SIM-6520,synthetic_simulation,2,2,4,1,4,4,1,3,1,5,5,5,4,1,3,1,Islam,Jaffna,Group D
18,70,2,0,0,7,93,2,1,0,2,0,1,2,3,0,0,2,Non-binary,67,SIM-6521,synthetic_simulation,4,1,5,3,2,3,3,1,2,3,2,4,4,1,4,3,Other,Galle,Group D
20,82,2,2,0,6,94,2,1,3,1,2,0,2,2,0,1,2,Female,68,SIM-6522,synthetic_simulation,5,4,1,3,4,5,2,1,5,4,1,3,5,3,4,2,Christianity,Kandy,Group C
18,90,0,0,1,6,54,1,1,1,2,0,1,0,3,0,1,2,Female,95,SIM-6523,synthetic_simulation,3,3,3,4,3,5,4,4,1,1,4,4,5,1,4,5,Other,Colombo,Group A
25,84,2,2,1,7,83,0,1,1,1,2,1,2,3,0,1,1,Male,70,SIM-6524,synthetic_simulation,1,3,3,5,2,4,3,2,3,1,1,4,3,5,4,1,Hinduism,Galle,Group C
27,76,2,2,0,9,58,2,1,1,2,2,1,2,3,0,0,2,Female,68,SIM-6525,synthetic_simulation,5,4,3,3,4,3,5,5,2,2,2,1,2,2,2,1,Islam,Kandy,Group C
22,65,1,2,0,7,82,2,1,2,2,0,1,2,4,1,0,2,Female,65,SIM-6526,synthetic_simulation,5,1,2,2,2,5,5,4,4,2,1,2,1,4,2,1,Hinduism,Kandy,Group B
18,91,1,2,0,7,95,2,1,2,1,0,1,2,2,0,2,2,Non-binary,70,SIM-6527,synthetic_simulation,2,3,1,4,3,1,1,5,2,4,5,5,2,4,5,3,Christianity,Negombo,Group B
20,75,2,2,0,8,63,2,1,4,2,1,1,1,3,0,2,2,Female,67,SIM-6528,synthetic_simulation,3,1,1,4,5,2,5,5,1,2,2,2,2,2,5,1,Islam,Jaffna,Group A
20,89,2,0,0,8,67,2,1,2,1,0,1,1,2,1,0,2,Female,69,SIM-6529,synthetic_simulation,3,3,4,3,3,5,2,1,2,3,4,4,1,5,4,3,Other,Jaffna,Group A
15,81,2,0,1,7,90,0,1,1,1,2,0,2,2,0,2,0,Female,68,SIM-6530,synthetic_simulation,1,5,2,2,1,5,5,3,3,2,4,4,5,3,4,1,Islam,Negombo,Group C
23,90,0,0,0,7,87,0,1,1,1,2,1,1,2,0,1,2,Male,72,SIM-6531,synthetic_simulation,2,3,5,3,2,1,4,3,2,1,2,5,4,3,2,5,Other,Negombo,Group D
23,96,2,0,0,6,70,2,1,1,2,2,1,1,2,0,1,2,Female,71,SIM-6532,synthetic_simulation,1,5,1,2,3,5,2,2,3,4,1,2,5,4,4,1,Other,Galle,Group C
29,97,2,0,1,9,92,2,1,2,1,2,1,2,4,0,1,1,Non-binary,75,SIM-6533,synthetic_simulation,4,1,2,4,5,5,1,3,2,3,4,1,4,1,4,3,Buddhism,Galle,Group D
28,81,2,0,0,6,96,2,1,0,2,2,1,1,2,0,1,2,Non-binary,70,SIM-6534,synthetic_simulation,5,3,2,2,5,5,1,4,1,1,2,2,4,2,2,5,Other,Negombo,Group A
16,80,2,2,0,9,73,2,1,2,2,2,0,0,4,0,0,2,Male,66,SIM-6535,synthetic_simulation,1,2,1,3,3,3,5,1,4,1,2,3,5,5,1,2,Other,Galle,Group A
25,71,2,0,1,7,52,0,1,3,1,2,0,1,3,0,1,2,Female,67,SIM-6536,synthetic_simulation,5,2,4,1,4,5,5,1,5,5,2,2,2,3,2,2,Other,Colombo,Group B
14,97,2,2,1,7,75,0,1,1,2,2,1,2,4,0,0,2,Male,70,SIM-6537,synthetic_simulation,2,4,2,1,3,2,1,5,2,2,3,4,4,2,4,5,Buddhism,Negombo,Group B
24,78,0,0,1,8,87,2,1,2,2,2,1,1,3,0,1,2,Female,71,SIM-6538,synthetic_simulation,4,2,3,2,5,3,2,4,4,3,1,5,5,1,2,2,Islam,Jaffna,Group C
17,65,2,2,0,6,61,2,1,5,1,2,1,2,4,0,1,2,Non-binary,64,SIM-6539,synthetic_simulation,2,5,2,3,3,3,3,4,2,4,2,3,2,4,5,5,Buddhism,Jaffna,Group A
14,77,2,2,0,8,55,0,1,2,0,0,0,1,4,0,1,2,Female,65,SIM-6540,synthetic_simulation,4,2,5,5,1,4,1,5,4,4,2,4,1,1,1,1,Hinduism,Negombo,Group B
22,65,2,2,1,7,64,0,1,1,2,0,0,0,2,0,1,1,Male,64,SIM-6541,synthetic_simulation,4,2,1,1,4,5,4,5,3,4,3,2,4,5,1,2,Other,Jaffna,Group D
4,80,1,2,1,8,51,2,1,4,2,0,1,0,5,0,1,2,Male,62,SIM-6542,synthetic_simulation,5,2,5,4,3,2,2,1,4,5,5,5,2,4,1,4,Buddhism,Kandy,Group A
9,82,0,1,1,6,86,2,1,2,1,0,0,0,2,0,0,0,Non-binary,64,SIM-6543,synthetic_simulation,2,3,4,3,5,2,3,4,5,3,3,3,4,1,2,4,Buddhism,Colombo,Group D
19,74,2,0,1,6,57,0,1,1,2,2,0,2,2,0,1,2,Male,66,SIM-6544,synthetic_simulation,2,4,3,3,3,4,3,3,4,1,2,2,2,5,5,5,Islam,Kandy,Group C
20,63,2,2,1,4,86,1,1,0,0,2,1,1,3,0,0,2,Non-binary,64,SIM-6545,synthetic_simulation,1,1,1,1,3,2,2,3,5,5,1,3,1,5,3,4,Islam,Negombo,Group C
18,98,0,2,1,6,62,1,1,3,2,0,1,2,3,0,1,0,Non-binary,71,SIM-6546,synthetic_simulation,2,4,2,5,2,3,1,1,5,2,3,1,4,5,5,5,Islam,Jaffna,Group B
11,91,0,1,1,6,100,1,1,4,1,2,1,0,2,0,2,2,Male,68,SIM-6547,synthetic_simulation,1,5,3,4,3,1,3,3,4,1,2,1,5,2,5,2,Christianity,Galle,Group A
15,94,2,2,1,6,77,1,1,3,0,0,0,1,4,0,0,2,Non-binary,70,SIM-6548,synthetic_simulation,3,3,2,5,1,3,4,3,5,4,1,5,2,5,4,5,Islam,Kandy,Group D
22,75,0,2,0,7,52,0,1,0,1,2,0,1,3,0,0,2,Male,66,SIM-6549,synthetic_simulation,3,3,4,4,5,1,2,4,5,2,3,1,1,3,5,5,Other,Kandy,Group A
23,90,2,2,0,7,89,1,1,2,0,2,1,2,4,0,0,1,Female,71,SIM-6550,synthetic_simulation,3,2,1,1,2,2,5,4,3,3,4,4,4,5,2,1,Buddhism,Jaffna,Group B
20,79,2,2,1,8,71,2,1,1,2,0,1,1,3,0,0,2,Non-binary,68,SIM-6551,synthetic_simulation,2,2,4,3,3,5,1,2,1,3,1,2,1,1,1,2,Hinduism,Galle,Group D
27,68,1,1,1,8,80,0,1,3,2,2,1,2,4,1,1,2,Female,66,SIM-6552,synthetic_simulation,2,5,4,4,4,1,2,4,3,5,2,3,1,3,5,5,Hinduism,Negombo,Group B
22,65,1,2,0,8,98,0,1,4,2,2,0,1,3,0,1,2,Female,66,SIM-6553,synthetic_simulation,1,3,4,3,1,3,4,2,1,3,1,3,4,4,5,2,Hinduism,Jaffna,Group D
16,74,1,0,0,8,76,2,1,5,1,2,1,0,3,0,0,1,Non-binary,65,SIM-6554,synthetic_simulation,4,1,4,2,1,3,3,4,1,4,1,1,4,3,3,4,Other,Colombo,Group D
18,66,2,2,1,7,90,2,1,0,2,2,1,0,4,0,2,2,Male,64,SIM-6555,synthetic_simulation,1,4,2,2,1,3,1,5,3,5,2,3,2,1,3,5,Buddhism,Colombo,Group C
12,100,1,2,1,7,65,2,1,1,1,2,0,2,2,0,1,2,Male,67,SIM-6556,synthetic_simulation,3,3,5,1,2,3,1,4,5,5,4,3,5,4,4,4,Christianity,Negombo,Group C
19,62,2,2,1,8,86,1,1,1,0,2,1,2,3,0,0,2,Female,65,SIM-6557,synthetic_simulation,1,1,2,1,3,4,2,2,3,4,1,2,1,1,3,1,Christianity,Negombo,Group A
27,78,2,2,1,8,55,1,1,3,0,2,1,1,2,0,2,1,Male,69,SIM-6558,synthetic_simulation,4,1,3,1,1,2,2,3,5,3,2,5,4,1,4,1,Islam,Colombo,Group A
24,78,0,2,1,5,95,1,1,1,1,2,0,2,2,0,0,2,Non-binary,69,SIM-6559,synthetic_simulation,2,4,4,2,3,5,4,4,3,2,1,3,1,2,2,2,Christianity,Galle,Group B
28,72,1,2,1,7,60,2,1,4,0,2,1,1,3,0,2,2,Female,69,SIM-6560,synthetic_simulation,1,1,3,4,4,4,5,3,3,5,5,1,2,2,1,1,Buddhism,Negombo,Group C
18,83,2,0,0,4,65,1,1,3,1,2,1,2,4,0,0,1,Male,68,SIM-6561,synthetic_simulation,3,5,2,5,3,2,2,3,2,2,4,1,2,1,3,5,Islam,Colombo,Group C
28,66,2,1,1,4,98,2,1,0,2,0,1,2,3,0,1,2,Male,67,SIM-6562,synthetic_simulation,3,1,4,1,3,1,2,4,4,2,5,5,2,5,2,2,Other,Galle,Group B
19,91,2,1,0,6,58,0,1,2,1,0,1,2,3,0,0,1,Female,68,SIM-6563,synthetic_simulation,2,5,2,5,3,4,2,4,3,2,1,3,5,2,1,4,Hinduism,Galle,Group D
29,73,1,1,1,7,63,2,1,1,1,2,1,0,4,0,2,0,Male,65,SIM-6564,synthetic_simulation,1,1,4,5,5,4,4,5,4,2,4,3,3,1,2,3,Hinduism,Negombo,Group D
20,84,0,2,1,6,79,2,1,3,2,2,1,0,3,0,0,1,Male,69,SIM-6565,synthetic_simulation,4,2,2,2,2,4,3,2,5,4,2,3,3,3,2,1,Islam,Kandy,Group C
24,89,2,1,0,4,99,0,1,1,0,0,0,2,3,0,2,2,Female,73,SIM-6566,synthetic_simulation,2,1,1,4,3,4,5,4,2,1,5,5,3,1,2,5,Islam,Galle,Group A
29,96,0,2,0,8,85,1,1,3,0,2,1,1,3,0,2,2,Female,76,SIM-6567,synthetic_simulation,1,5,5,2,1,1,4,3,2,3,4,1,5,1,2,4,Islam,Negombo,Group C
19,93,2,0,1,6,56,2,1,0,1,0,0,0,3,0,0,2,Non-binary,69,SIM-6568,synthetic_simulation,5,1,5,1,5,3,2,3,1,1,4,3,5,4,3,3,Buddhism,Galle,Group A
21,84,0,1,1,8,87,1,1,2,0,2,1,2,1,0,2,0,Female,69,SIM-6569,synthetic_simulation,3,1,4,2,3,4,3,4,4,1,1,3,1,2,5,2,Islam,Jaffna,Group A
28,76,2,2,1,6,71,2,1,3,1,2,0,2,2,0,1,0,Female,68,SIM-6570,synthetic_simulation,4,1,1,2,5,2,2,2,2,5,5,4,1,4,2,5,Buddhism,Galle,Group C
19,80,0,0,1,6,100,2,1,1,2,2,1,2,3,0,1,2,Female,70,SIM-6571,synthetic_simulation,4,5,3,2,2,3,4,3,5,1,2,2,2,5,1,3,Islam,Kandy,Group B
12,91,2,1,1,8,81,1,1,0,1,1,1,2,4,0,1,1,Non-binary,64,SIM-6572,synthetic_simulation,4,1,1,1,5,1,1,5,1,1,3,5,5,1,3,5,Buddhism,Galle,Group A
33,95,1,1,1,6,77,1,1,2,0,0,0,2,3,0,1,1,Female,73,SIM-6573,synthetic_simulation,3,4,4,1,1,5,2,3,2,4,1,2,3,2,3,4,Buddhism,Kandy,Group A
17,64,2,2,1,7,78,0,1,1,2,2,1,2,3,0,1,2,Female,64,SIM-6574,synthetic_simulation,1,4,1,2,3,1,3,2,5,2,4,5,3,2,2,4,Christianity,Colombo,Group A
21,75,2,1,1,7,82,2,1,1,2,2,1,0,4,0,1,2,Female,65,SIM-6575,synthetic_simulation,2,5,3,2,1,5,5,1,4,1,5,2,1,2,2,1,Christianity,Kandy,Group A
27,91,1,0,0,5,87,2,0,0,2,2,1,0,3,0,1,2,Female,69,SIM-6576,synthetic_simulation,1,2,4,5,4,2,1,5,5,1,3,4,2,1,1,4,Islam,Galle,Group D
16,77,2,1,1,8,54,2,0,0,2,2,1,0,3,0,2,2,Non-binary,62,SIM-6577,synthetic_simulation,2,4,5,4,5,5,2,5,5,5,4,2,2,1,5,2,Islam,Colombo,Group B
14,73,0,2,1,6,57,0,1,2,2,2,1,1,4,0,1,1,Male,64,SIM-6578,synthetic_simulation,4,3,1,5,5,4,2,1,5,3,5,3,4,3,3,2,Buddhism,Colombo,Group B
22,76,1,0,0,5,65,1,1,0,2,0,1,1,3,0,1,0,Non-binary,64,SIM-6579,synthetic_simulation,1,4,5,4,5,3,3,5,3,5,5,2,5,4,2,5,Buddhism,Colombo,Group C
9,84,2,2,0,6,74,2,1,5,0,2,1,1,2,0,1,2,Male,67,SIM-6580,synthetic_simulation,4,3,5,4,2,3,1,5,2,3,3,2,3,4,4,2,Christianity,Colombo,Group D
18,100,2,1,1,8,66,0,0,3,1,2,1,0,3,0,0,2,Male,69,SIM-6581,synthetic_simulation,5,5,2,2,1,4,1,5,5,3,4,1,3,1,4,4,Other,Galle,Group A
21,80,2,1,1,5,61,2,1,2,0,2,1,2,3,0,1,2,Non-binary,67,SIM-6582,synthetic_simulation,4,2,3,5,4,3,1,3,1,3,3,5,1,5,2,3,Hinduism,Negombo,Group A
18,68,1,0,0,8,96,2,1,1,0,2,1,1,3,0,1,1,Male,65,SIM-6583,synthetic_simulation,4,3,1,4,2,1,2,3,3,4,2,2,1,2,4,2,Hinduism,Kandy,Group A
11,67,2,0,0,8,52,0,1,3,0,0,1,0,3,0,0,1,Female,63,SIM-6584,synthetic_simulation,2,3,5,4,2,4,1,4,5,4,1,3,5,1,1,4,Other,Negombo,Group A
30,62,1,1,1,7,97,2,1,0,0,2,0,1,5,0,0,2,Female,66,SIM-6585,synthetic_simulation,5,4,5,1,3,4,2,4,5,2,1,3,1,1,5,4,Other,Negombo,Group D
21,82,2,0,0,7,95,0,1,1,0,2,1,0,3,0,1,2,Non-binary,70,SIM-6586,synthetic_simulation,4,3,3,4,4,3,2,3,2,3,2,5,1,1,4,5,Hinduism,Kandy,Group B
29,82,2,0,0,7,84,1,1,1,1,2,0,2,2,0,1,2,Male,70,SIM-6587,synthetic_simulation,4,5,5,2,5,5,1,5,3,4,4,4,3,2,1,5,Christianity,Jaffna,Group A
18,68,0,0,1,8,52,0,1,0,0,0,1,2,3,0,0,2,Female,67,SIM-6588,synthetic_simulation,5,5,5,3,5,2,4,2,5,4,3,5,5,2,4,2,Hinduism,Kandy,Group A
15,88,1,2,1,6,61,2,1,0,0,2,1,1,4,1,2,0,Non-binary,65,SIM-6589,synthetic_simulation,5,5,5,1,3,5,5,1,5,1,1,3,3,1,1,2,Other,Jaffna,Group C
22,90,1,0,0,5,99,2,1,1,1,1,0,2,2,0,0,2,Non-binary,70,SIM-6590,synthetic_simulation,1,4,5,3,5,1,5,4,4,3,2,4,3,3,1,4,Hinduism,Kandy,Group D
19,70,2,2,1,7,95,0,0,0,2,0,0,2,3,0,0,2,Male,66,SIM-6591,synthetic_simulation,2,2,2,2,1,4,4,5,1,5,5,4,1,4,2,2,Hinduism,Negombo,Group B
13,74,2,0,1,8,98,0,1,1,0,0,1,0,2,0,1,2,Male,66,SIM-6592,synthetic_simulation,5,4,2,3,5,4,1,4,1,1,1,1,3,3,3,3,Other,Negombo,Group C
29,100,2,1,1,8,100,1,1,0,1,2,0,1,5,1,1,2,Non-binary,72,SIM-6593,synthetic_simulation,5,5,4,4,1,1,2,2,2,4,1,2,5,3,1,1,Christianity,Kandy,Group B
16,75,0,1,1,10,53,0,1,0,1,1,1,2,4,0,0,2,Male,64,SIM-6594,synthetic_simulation,3,4,1,3,3,2,3,5,3,4,2,1,1,1,4,1,Hinduism,Colombo,Group C
9,90,0,0,1,7,79,1,1,4,0,0,1,2,4,0,1,2,Female,70,SIM-6595,synthetic_simulation,5,5,3,5,3,4,4,3,5,4,3,2,5,2,2,4,Islam,Jaffna,Group A
28,78,2,0,0,7,92,1,1,1,2,0,1,2,3,0,2,1,Non-binary,71,SIM-6596,synthetic_simulation,2,1,4,2,1,5,5,2,3,4,1,1,2,4,3,1,Islam,Colombo,Group B
17,92,2,2,0,7,66,1,1,2,1,2,1,0,3,0,1,2,Non-binary,66,SIM-6597,synthetic_simulation,4,1,2,5,5,1,5,4,2,5,3,4,5,3,5,4,Hinduism,Jaffna,Group B
16,91,0,2,1,6,72,0,1,0,0,0,1,0,2,0,2,2,Non-binary,70,SIM-6598,synthetic_simulation,4,3,2,3,3,4,2,5,4,2,2,2,5,5,1,4,Other,Negombo,Group B
9,87,1,2,1,6,64,2,1,1,0,2,1,1,2,0,1,2,Non-binary,64,SIM-6599,synthetic_simulation,4,2,2,5,3,5,5,5,2,2,5,3,4,2,1,3,Islam,Jaffna,Group D
30,94,2,1,0,5,52,1,0,3,0,2,0,1,2,0,2,1,Female,70,SIM-6600,synthetic_simulation,4,1,4,1,1,1,5,1,1,3,1,4,5,2,3,5,Hinduism,Negombo,Group B
12,98,2,1,1,4,54,2,1,2,2,0,0,1,3,0,1,2,Male,67,SIM-6601,synthetic_simulation,3,5,2,3,3,1,2,1,4,4,3,5,3,4,2,2,Other,Kandy,Group A
20,83,2,1,0,6,51,1,1,2,2,2,1,1,4,0,1,1,Male,65,SIM-6602,synthetic_simulation,5,4,4,5,5,1,1,1,5,3,3,4,3,4,5,3,Islam,Kandy,Group A
25,69,0,2,0,7,76,2,1,1,0,2,1,2,2,0,1,2,Male,68,SIM-6603,synthetic_simulation,4,4,2,4,3,2,5,3,2,5,4,3,1,4,3,5,Christianity,Galle,Group A
23,76,0,2,0,8,81,2,1,3,1,0,1,2,2,0,1,2,Male,69,SIM-6604,synthetic_simulation,1,3,5,3,1,1,1,5,3,3,3,1,2,1,5,4,Other,Galle,Group C
20,90,2,1,1,6,65,1,1,3,1,2,1,0,2,0,2,2,Male,68,SIM-6605,synthetic_simulation,4,4,5,1,5,3,3,5,3,2,3,2,1,2,3,3,Islam,Kandy,Group A
10,86,0,0,1,6,91,0,1,2,1,2,0,2,3,0,1,0,Non-binary,68,SIM-6606,synthetic_simulation,5,1,1,4,4,3,1,4,1,2,2,1,5,1,2,4,Buddhism,Galle,Group B
15,67,2,1,1,9,94,2,1,0,2,2,1,2,4,0,2,2,Male,64,SIM-6607,synthetic_simulation,4,4,2,3,1,1,2,3,1,2,3,1,5,1,4,1,Buddhism,Kandy,Group A
